LGA_CODE_2016,M_AgriForestFish_PD,M_AgriForestFish_GD_GC,M_AgriForestFish_BD,M_AgriForestFish_AdD_D,M_AgriForestFish_Cert,M_AgriForestFish_ID_NS,M_AgriForestFish_ToT,M_Min_PD,M_Min_GD_GC,M_Min_BD,M_Min_AdD_D,M_Min_Cert,M_Min_ID_NS,M_Min_ToT,M_Mnfg_PD,M_Mnfg_GD_GC,M_Mnfg_BD,M_Mnfg_AdD_D,M_Mnfg_Cert,M_Mnfg_ID_NS,M_Mnfg_ToT,M_EGW_WS_PD,M_EGW_WS_GD_GC,M_EGW_WS_BD,M_EGW_WS_AdD_D,M_EGW_WS_Cert,M_EGW_WS_ID_NS,M_EGW_WS_ToT,M_Cnstn_PD,M_Cnstn_GD_GC,M_Cnstn_BD,M_Cnstn_AdD_D,M_Cnstn_Cert,M_Cnstn_ID_NS,M_Cnstn_ToT,M_WTrade_PD,M_WTrade_GD_GC,M_WTrade_BD,M_WTrade_AdD_D,M_WTrade_Cert,M_WTrade_ID_NS,M_WTrade_ToT,M_RTrade_PD,M_RTrade_GD_GC,M_RTrade_BD,M_RTrade_AdD_D,M_RTrade_Cert,M_RTrade_ID_NS,M_RTrade_ToT,M_AccomFoodS_PD,M_AccomFoodS_GD_GC,M_AccomFoodS_BD,M_AccomFoodS_AdD_D,M_AccomFoodS_Cert,M_AccomFoodS_ID_NS,M_AccomFoodS_ToT,M_TransPostWhse_PD,M_TransPostWhse_GD_GC,M_TransPostWhse_BD,M_TransPostWhse_AdD_D,M_TransPostWhse_Cert,M_TransPostWhse_ID_NS,M_TransPostWhse_ToT,M_InfoMedTelecom_PD,M_InfoMedTelecom_GD_GC,M_InfoMedTelecom_BD,M_InfoMedTelecom_AdD_D,M_InfoMedTelecom_Cert,M_InfoMedTelecom_ID_NS,M_InfoMedTelecom_ToT,M_FinInsurS_PD,M_FinInsurS_GD_GC,M_FinInsurS_BD,M_FinInsurS_AdD_D,M_FinInsurS_Cert,M_FinInsurS_ID_NS,M_FinInsurS_ToT,M_RentHirREserv_PD,M_RentHirREserv_GD_GC,M_RentHirREserv_BD,M_RentHirREserv_AdD_D,M_RentHirREserv_Cert,M_RentHirREserv_ID_NS,M_RentHirREserv_ToT,M_ProScieTechServ_PD,M_ProScieTechServ_GD_GC,M_ProScieTechServ_BD,M_ProScieTechServ_AdD_D,M_ProScieTechServ_Cert,M_ProScieTechServ_ID_NS,M_ProScieTechServ_ToT,M_AdminSupServ_PD,M_AdminSupServ_GD_GC,M_AdminSupServ_BD,M_AdminSupServ_AdD_D,M_AdminSupServ_Cert,M_AdminSupServ_ID_NS,M_AdminSupServ_ToT,M_PubAdmiSafety_PD,M_PubAdmiSafety_GD_GC,M_PubAdmiSafety_BD,M_PubAdmiSafety_AdD_D,M_PubAdmiSafety_Cert,M_PubAdmiSafety_ID_NS,M_PubAdmiSafety_ToT,M_EducTrain_PD,M_EducTrain_GD_GC,M_EducTrain_BD,M_EducTrain_AdD_D,M_EducTrain_Cert,M_EducTrain_ID_NS,M_EducTrain_ToT,M_HealthCareSocA_PD,M_HealthCareSocA_GD_GC,M_HealthCareSocA_BD,M_HealthCareSocA_AdD_D,M_HealthCareSocA_Cert,M_HealthCareSocA_ID_NS,M_HealthCareSocA_ToT,M_ArtRecServ_PD,M_ArtRecServ_GD_GC,M_ArtRecServ_BD,M_ArtRecServ_AdD_D,M_ArtRecServ_Cert,M_ArtRecServ_ID_NS,M_ArtRecServ_ToT,M_OthServ_PD,M_OthServ_GD_GC,M_OthServ_BD,M_OthServ_AdD_D,M_OthServ_Cert,M_OthServ_ID_NS,M_OthServ_ToT,M_ID_NS_PD,M_ID_NS_GD_GC,M_ID_NS_BD,M_ID_NS_AdD_D,M_ID_NS_Cert,M_ID_NS_ID_NS,M_ID_NS_ToT,M_ToT_PD,M_ToT_GD_GC,M_ToT_BD,M_ToT_AdD_D,M_ToT_Cert,M_ToT_ID_NS,M_ToT_ToT,F_AgriForestFish_PD,F_AgriForestFish_GD_GC,F_AgriForestFish_BD,F_AgriForestFish_AdD_D,F_AgriForestFish_Cert,F_AgriForestFish_ID_NS,F_AgriForestFish_ToT,F_Min_PD,F_Min_GD_GC,F_Min_BD,F_Min_AdD_D,F_Min_Cert,F_Min_ID_NS,F_Min_ToT,F_Mnfg_PD,F_Mnfg_GD_GC,F_Mnfg_BD,F_Mnfg_AdD_D,F_Mnfg_Cert,F_Mnfg_ID_NS,F_Mnfg_ToT,F_EGW_WS_PD,F_EGW_WS_GD_GC,F_EGW_WS_BD,F_EGW_WS_AdD_D,F_EGW_WS_Cert,F_EGW_WS_ID_NS,F_EGW_WS_ToT,F_Cnstn_PD,F_Cnstn_GD_GC,F_Cnstn_BD,F_Cnstn_AdD_D,F_Cnstn_Cert,F_Cnstn_ID_NS,F_Cnstn_ToT,F_WTrade_PD,F_WTrade_GD_GC,F_WTrade_BD,F_WTrade_AdD_D,F_WTrade_Cert,F_WTrade_ID_NS,F_WTrade_ToT,F_RTrade_PD,F_RTrade_GD_GC,F_RTrade_BD,F_RTrade_AdD_D,F_RTrade_Cert,F_RTrade_ID_NS,F_RTrade_ToT,F_AccomFoodS_PD,F_AccomFoodS_GD_GC,F_AccomFoodS_BD,F_AccomFoodS_AdD_D
LGA10050,5,5,32,20,63,3,136,0,0,6,4,25,0,28,28,17,137,121,745,33,1070,3,0,4,23,83,4,115,3,3,55,72,1178,21,1333,6,5,30,30,151,7,232,19,3,77,81,316,18,509,6,4,52,71,218,18,363,9,3,47,86,260,33,431,0,10,26,19,36,5,101,8,8,37,45,15,3,126,3,0,16,24,46,3,87,44,37,188,57,90,13,431,5,3,22,32,121,6,187,42,30,162,134,235,17,626,84,60,250,58,71,14,534,90,35,233,82,126,21,587,0,3,18,10,37,0,61,11,3,31,33,298,12,385,7,3,35,31,203,45,324,380,233,1452,1019,4323,268,7674,0,3,24,9,20,3,60,0,0,0,0,3,0,3,14,3,76,58,103,10,254,0,0,7,3,7,0,19,5,0,27,33,86,16,172,3,3,11,9,36,3,71,9,7,92,125,351,36,625,8,4,64,89
LGA10130,54,3,112,76,235,29,510,3,0,0,0,18,0,30,8,0,14,7,110,4,140,7,0,3,4,39,3,55,5,0,11,17,403,14,452,3,3,13,12,40,3,75,15,0,40,13,165,11,254,7,0,28,25,111,10,177,4,0,11,15,63,7,108,3,0,9,13,19,0,47,10,3,39,20,18,3,92,0,0,6,6,21,4,43,64,25,116,25,39,8,281,7,0,19,10,53,5,98,37,14,74,54,111,18,310,325,57,217,55,94,11,754,58,14,121,48,83,16,325,0,0,11,5,13,3,41,3,3,23,11,111,8,158,8,3,17,12,62,20,126,627,125,902,437,1813,173,4076,23,16,80,44,65,27,250,0,0,0,3,0,0,7,0,0,7,7,12,8,38,0,0,3,0,0,0,5,0,0,10,9,21,6,42,0,3,8,6,10,0,32,5,7,58,52,129,22,272,7,6,39,32
LGA10250,19,3,82,30,147,15,291,0,0,9,12,48,3,70,6,0,44,33,275,13,377,4,0,9,13,58,3,89,7,3,67,69,866,37,1049,5,0,16,18,73,3,116,8,4,62,45,246,19,396,15,4,46,55,191,13,315,3,0,22,28,135,20,213,3,0,8,17,36,3,67,14,7,42,42,25,3,127,0,6,27,23,58,11,122,45,24,200,56,66,10,410,3,0,12,30,86,10,148,40,27,134,99,179,15,494,97,63,254,57,63,6,544,91,35,242,79,154,27,629,3,0,23,12,45,0,83,3,0,27,15,197,7,256,8,6,24,29,118,30,210,370,193,1367,770,3066,251,6012,9,8,34,24,45,12,134,0,0,0,0,0,0,4,0,0,39,33,50,8,129,0,0,9,3,0,0,16,0,0,7,20,48,10,93,0,0,14,5,23,4,50,11,6,74,116,230,33,476,0,11,78,66
LGA10300,3,0,9,6,46,12,77,0,0,0,0,0,0,0,0,0,0,0,8,0,8,0,0,0,0,6,0,9,0,0,0,0,17,3,20,0,0,0,0,0,0,0,0,0,0,0,13,0,12,0,0,3,0,4,0,10,0,0,0,0,7,0,8,0,0,0,0,0,0,0,0,0,0,0,0,0,0,0,0,0,0,0,0,0,3,0,0,0,0,0,4,0,0,0,0,0,0,0,0,0,0,8,8,0,19,0,0,10,0,3,0,10,0,0,4,0,0,0,6,0,0,0,0,3,0,3,0,0,0,0,13,0,13,0,0,0,0,8,3,9,9,0,31,18,147,19,220,0,0,5,7,12,7,30,0,0,0,0,0,0,0,0,0,0,0,0,0,3,0,0,0,0,0,0,0,0,0,0,0,3,0,6,0,0,0,0,0,0,0,0,0,0,7,6,0,11,0,0,0,3
LGA10470,13,7,55,40,147,21,279,4,0,21,15,132,9,184,16,9,84,71,558,28,759,8,0,16,31,79,3,144,4,0,44,50,800,33,939,0,3,9,15,81,13,119,6,0,56,46,242,13,372,3,3,35,34,146,9,230,3,0,9,28,212,13,264,8,4,16,15,50,4,96,3,3,21,16,19,4,75,0,0,20,8,43,4,76,30,16,125,51,72,3,304,3,4,7,16,83,3,118,29,34,151,143,316,25,699,108,56,238,43,88,8,540,58,14,127,66,118,13,393,5,0,7,19,29,3,65,10,0,23,19,237,8,300,8,0,16,19,147,34,225,321,170,1080,745,3602,244,6171,5,10,38,22,43,8,121,0,0,0,0,3,0,10,7,0,51,44,86,16,194,0,0,17,10,11,0,46,7,0,25,32,71,7,144,0,0,8,3,20,3,41,4,3,82,73,254,38,451,9,3,61,58
LGA10550,7,8,50,43,234,29,369,0,0,3,3,15,3,23,3,8,31,43,347,15,442,0,0,3,5,65,3,85,0,0,28,38,704,23,794,0,3,13,13,71,5,95,9,3,32,28,192,16,278,4,0,28,40,195,29,300,0,0,6,19,109,11,143,0,4,4,4,18,0,36,0,3,10,19,10,0,37,0,0,9,16,21,4,50,21,5,95,30,49,12,222,0,0,10,17,73,11,111,24,9,68,72,105,20,298,32,38,98,24,35,0,227,43,16,123,64,98,6,353,6,5,19,6,37,3,67,3,0,9,6,174,4,205,7,0,6,12,106,30,167,169,106,643,493,2662,232,4309,5,6,37,21,62,10,149,0,0,0,0,0,0,0,3,4,32,27,86,17,167,0,0,0,0,7,0,9,0,0,10,20,28,9,74,0,0,9,6,22,8,41,9,7,54,66,201,33,367,4,3,50,55
LGA10600,3,0,24,19,70,12,129,0,0,0,3,12,0,19,0,0,11,23,89,6,128,0,0,0,3,13,0,14,0,0,20,15,230,10,279,0,0,4,4,19,0,36,3,0,18,10,55,4,91,0,0,9,15,54,9,86,0,0,3,4,50,7,67,3,0,6,6,6,3,22,0,0,10,3,5,0,23,0,0,6,6,16,0,27,11,3,46,19,12,4,98,3,0,3,7,37,9,63,5,3,31,18,36,0,97,18,19,74,21,12,0,139,12,4,53,22,52,5,154,0,0,13,7,9,3,31,3,0,9,0,73,0,80,0,0,10,4,29,11,56,74,41,347,214,876,84,1634,3,0,12,14,25,0,59,0,0,0,0,0,0,3,0,0,7,8,6,5,22,0,0,0,0,0,0,0,0,0,11,3,17,4,30,0,0,3,7,3,0,11,4,3,21,24,60,6,126,3,4,23,19
LGA10650,0,0,34,45,134,20,238,0,0,0,0,0,0,0,0,0,8,9,85,4,112,0,0,0,0,14,0,24,0,0,8,4,106,4,122,0,0,0,4,34,0,38,0,0,8,0,34,0,43,0,0,5,13,29,10,58,0,0,0,10,35,3,56,0,0,0,0,0,0,3,0,0,0,3,0,0,4,0,0,0,0,0,0,3,3,0,11,6,4,0,22,0,0,0,0,11,0,10,4,0,7,13,25,3,61,0,4,27,6,5,3,42,7,0,13,7,13,3,42,0,0,0,0,5,3,10,0,0,5,5,55,4,69,0,0,0,3,25,5,37,20,9,133,129,621,76,989,3,3,25,14,24,8,73,0,0,0,0,0,0,0,0,0,3,5,26,3,35,0,0,5,0,0,0,8,0,0,6,5,6,0,17,0,0,0,0,6,6,14,0,0,5,8,46,10,72,0,0,3,18
LGA10750,13,0,43,31,72,10,159,11,0,24,22,47,4,121,444,62,1272,888,2604,218,5491,122,15,177,132,346,15,811,238,27,771,662,4679,267,6648,347,41,788,469,1019,99,2768,421,65,1036,717,1456,178,3867,130,11,484,495,695,111,1930,488,82,1155,942,1804,304,4773,301,49,667,289,297,62,1664,675,113,1275,525,459,114,3167,66,18,151,140,262,27,673,967,149,1969,633,520,142,4391,141,14,393,316,624,82,1577,511,121,1160,814,1126,132,3878,594,131,906,199,288,61,2184,543,82,1401,537,695,129,3386,44,5,117,101,201,21,498,133,36,343,268,1631,83,2496,221,30,570,439,1290,488,3034,6420,1065,14720,8622,20133,2555,53500,13,4,38,20,37,9,118,5,0,17,3,6,4,40,175,27,777,406,554,139,2078,32,6,89,42,50,14,228,78,8,292,259,346,49,1032,163,29,550,275,429,76,1516,291,60,1179,781,1290,217,3807,88,21,420,366
LGA10800,0,0,26,30,158,33,244,4,4,19,12,72,8,113,0,0,3,0,32,0,35,0,0,0,0,9,0,7,0,0,0,0,63,4,71,0,0,3,4,13,0,16,0,0,0,0,31,8,37,0,0,0,4,12,0,11,0,0,0,0,30,0,30,0,0,0,0,0,0,0,0,0,0,0,0,0,3,0,0,0,0,3,0,3,0,0,11,5,5,0,20,0,0,0,0,0,5,3,0,0,0,12,30,0,50,0,4,15,0,3,0,22,0,0,4,4,4,0,17,0,0,0,0,0,0,0,0,0,3,0,38,0,46,0,0,3,0,23,10,32,9,10,95,72,521,63,763,3,0,25,14,48,11,101,0,0,4,3,9,0,21,0,0,4,3,0,0,8,0,0,0,0,0,0,0,0,0,0,3,4,0,6,0,0,0,0,3,0,10,0,0,3,6,36,10,55,0,0,8,4
LGA10850,4,0,27,26,97,3,157,0,3,6,9,107,5,131,0,0,7,10,74,3,90,0,0,0,0,24,0,32,0,0,3,11,110,3,129,0,0,4,0,23,0,26,0,0,3,0,38,3,46,0,0,3,3,20,0,26,0,0,0,3,34,3,41,0,0,0,0,5,0,10,0,0,0,0,0,0,3,0,0,0,0,7,0,11,6,6,17,9,7,0,42,0,0,0,3,13,3,16,7,4,16,17,31,3,74,9,7,25,3,4,0,42,3,8,25,8,14,3,62,0,0,0,0,3,0,5,0,0,4,6,41,0,52,0,0,0,5,16,7,36,39,26,146,113,667,51,1037,7,0,19,20,20,8,75,0,0,0,3,7,3,19,0,0,5,3,8,3,26,0,0,0,0,4,0,9,0,0,7,3,16,0,27,0,0,3,4,4,0,16,3,0,8,13,43,3,67,0,0,6,13
LGA10900,7,0,24,14,66,5,121,9,4,12,16,54,0,90,47,18,130,135,611,25,964,31,5,51,53,145,6,297,41,9,151,183,1457,58,1896,32,3,66,67,204,12,385,38,11,149,124,334,21,678,24,7,105,101,293,21,556,21,12,82,89,383,36,628,24,8,101,58,80,12,281,49,13,144,120,88,13,421,14,3,46,47,88,12,214,138,51,490,169,182,31,1058,19,8,80,65,200,13,386,136,94,358,366,434,32,1425,466,151,637,160,165,19,1591,160,54,386,177,211,22,1022,35,11,70,56,117,10,310,34,4,76,46,366,9,543,42,3,105,65,246,62,524,1358,485,3266,2130,5728,423,13392,6,3,25,18,26,3,84,0,0,0,3,0,0,5,17,6,55,79,86,12,261,12,3,20,14,10,0,55,11,3,39,64,94,6,208,11,6,43,39,43,10,149,20,18,210,176,318,37,777,23,10,161,191
LGA10950,0,0,8,12,51,8,80,0,0,11,6,59,3,84,0,0,0,0,7,0,11,0,0,0,0,7,0,7,0,0,3,0,27,0,31,0,0,0,3,3,0,4,0,0,0,0,14,3,21,0,0,0,0,4,0,6,0,0,0,0,8,3,11,0,0,0,0,0,0,0,0,0,0,0,0,0,0,0,0,0,0,0,0,0,0,0,3,0,0,0,7,0,0,0,0,3,0,3,0,0,7,9,24,0,38,3,0,9,0,0,0,12,0,0,4,0,0,0,9,0,0,0,0,0,0,0,0,0,0,0,11,0,11,0,0,0,0,10,4,16,4,6,50,35,231,26,350,0,0,7,7,11,4,33,0,0,3,0,8,3,14,0,0,0,0,0,0,3,0,0,0,0,0,0,0,0,0,0,0,0,0,3,0,0,0,0,0,0,3,0,0,3,0,12,3,16,0,0,3,0
LGA11100,0,0,5,3,5,0,11,0,0,9,7,5,0,17,55,3,135,55,184,13,458,16,0,29,12,27,3,80,44,4,146,100,702,37,1032,45,3,81,38,63,3,245,64,3,182,95,152,22,519,42,9,170,167,162,28,572,86,10,248,134,313,38,833,41,3,102,45,32,11,234,121,24,268,78,45,7,534,30,3,63,40,45,9,190,228,27,458,109,79,20,931,36,4,106,45,91,17,303,69,23,158,143,258,26,670,156,15,141,28,39,14,398,93,11,176,58,67,19,431,12,3,52,24,50,3,153,21,3,73,37,219,16,375,45,5,102,49,138,50,390,1228,163,2691,1273,2667,346,8370,0,0,3,0,4,0,6,0,0,0,0,0,0,0,35,4,77,49,29,6,199,3,0,11,5,3,0,19,13,3,53,38,36,3,150,27,0,81,44,38,9,206,82,15,227,156,138,30,656,40,3,186,122
LGA11150,0,0,3,9,30,3,47,0,0,0,0,3,0,3,0,0,0,0,4,0,4,0,0,0,0,9,0,12,0,0,0,3,19,0,21,0,0,0,0,3,0,6,0,0,3,3,10,0,16,0,0,0,3,7,0,13,0,0,0,3,0,0,4,0,0,0,0,4,0,6,0,0,0,0,0,0,0,0,0,0,0,0,0,0,0,0,3,0,0,0,3,0,0,0,0,3,0,5,3,0,12,20,18,4,58,4,0,12,3,9,0,27,0,0,10,8,11,4,24,0,0,0,0,0,0,6,0,0,0,0,12,0,12,0,0,0,0,8,0,13,7,3,42,47,154,19,278,0,0,3,11,3,7,20,0,0,0,0,0,0,0,0,0,0,0,0,0,0,0,0,0,0,0,0,0,0,0,0,3,3,0,3,0,0,0,0,0,0,3,0,0,3,3,7,3,17,0,0,3,3
LGA11200,0,0,5,3,27,3,37,0,0,0,0,3,0,3,0,0,0,0,0,0,0,0,0,0,0,0,0,4,0,0,0,0,11,0,12,0,0,0,0,0,0,0,0,0,0,0,0,0,0,0,0,0,0,5,0,7,0,0,0,0,3,0,3,0,0,0,0,0,0,0,0,0,0,0,0,0,5,0,0,0,0,3,0,3,0,0,0,0,0,0,0,0,0,0,0,0,0,0,0,0,4,13,6,0,27,0,0,8,0,3,0,14,0,0,0,0,8,3,9,0,0,0,0,0,0,3,0,0,0,0,9,0,7,0,0,0,0,4,0,4,0,5,16,19,80,14,135,0,0,5,5,3,0,12,0,0,0,0,0,0,0,0,0,0,0,0,0,0,0,0,0,0,0,0,0,0,0,0,0,0,0,0,0,0,0,0,0,0,0,0,0,0,0,3,0,6,0,0,0,0
LGA11250,0,0,0,3,21,3,32,5,4,35,33,328,20,417,0,0,4,4,71,7,85,3,5,0,13,75,0,91,0,0,3,8,180,10,194,0,0,0,3,60,3,64,3,3,16,11,94,12,132,0,0,5,13,70,7,95,0,0,0,11,60,12,82,0,0,4,4,20,0,31,0,3,3,7,8,0,18,0,0,0,6,11,0,20,3,0,10,10,20,3,49,0,0,0,3,28,9,35,6,8,21,40,108,5,199,10,12,67,15,26,0,133,17,16,62,28,82,4,200,0,0,0,0,16,0,20,0,0,4,3,101,0,107,0,0,0,0,53,13,73,51,57,241,216,1409,107,2083,3,0,3,0,0,0,11,3,0,13,8,22,3,45,0,0,0,6,9,0,15,0,0,0,0,14,0,18,0,0,0,3,11,0,15,0,0,0,0,8,0,10,6,0,11,23,90,14,141,3,0,10,19
LGA11300,3,0,3,0,8,0,18,3,0,11,0,3,0,14,33,4,93,54,84,9,281,15,0,13,8,8,3,52,49,4,147,98,354,28,681,46,7,108,28,32,3,221,84,13,199,67,80,30,479,53,4,198,156,130,35,580,65,3,96,49,66,11,289,43,11,107,39,26,3,224,134,15,277,38,30,13,510,35,8,43,34,31,9,156,224,21,448,70,38,26,831,35,3,115,43,41,12,244,58,8,130,49,52,5,310,141,18,135,12,21,10,349,119,16,208,47,47,12,438,19,0,33,18,22,0,92,23,6,78,19,85,4,213,67,9,134,42,66,45,367,1249,157,2568,876,1232,265,6343,0,0,5,0,0,4,5,3,0,0,0,0,0,8,41,6,71,41,18,7,179,10,0,11,4,4,0,26,27,0,42,25,10,8,114,41,4,70,23,14,3,153,89,8,210,85,80,27,511,33,7,143,102
LGA11350,7,0,50,32,103,14,211,3,0,3,8,26,0,33,3,3,35,26,139,17,225,0,0,6,4,25,0,43,5,3,62,57,653,27,806,8,0,29,10,51,3,107,8,3,61,38,134,22,264,12,0,99,66,218,26,426,0,3,29,24,87,17,154,3,4,31,15,25,0,84,7,3,37,20,8,3,84,4,4,27,18,35,12,91,47,22,205,63,58,12,411,6,3,49,18,105,11,192,18,0,62,24,59,7,178,73,48,181,27,43,9,387,73,29,214,86,77,8,485,12,9,55,19,29,0,123,4,0,20,13,142,0,178,12,11,76,37,101,31,275,318,150,1344,612,2114,225,4757,0,4,30,26,29,0,94,0,0,0,0,0,0,3,14,8,47,27,44,3,136,0,0,5,0,3,0,10,3,0,16,12,31,8,70,3,3,24,25,24,0,85,10,10,119,91,154,45,427,14,14,153,121
LGA11400,20,7,90,83,229,36,464,3,0,16,11,93,5,130,3,3,17,21,131,14,187,0,4,4,11,25,0,36,3,0,11,18,263,10,302,0,0,0,4,38,0,48,0,0,5,9,68,7,84,0,0,3,3,27,6,39,0,0,3,9,44,3,59,0,0,0,0,5,4,13,0,0,15,3,3,0,21,0,0,7,0,14,0,21,7,6,37,10,20,0,86,0,0,4,4,25,0,38,14,0,36,35,66,4,160,15,5,44,16,15,0,98,20,4,35,25,18,0,109,0,0,4,3,8,0,14,3,0,8,7,93,0,111,3,0,7,5,47,17,83,96,31,341,283,1235,114,2095,6,0,42,45,60,15,166,0,0,4,0,6,3,14,3,0,8,10,19,0,47,0,0,0,4,3,0,5,0,0,8,5,9,0,31,0,0,3,5,14,0,18,0,0,24,17,64,8,117,0,0,14,9
LGA11450,4,0,14,8,58,6,85,4,0,16,13,93,3,126,47,19,179,200,1005,37,1494,12,0,25,51,150,3,242,28,11,170,230,2328,76,2833,20,4,96,99,333,12,565,26,3,132,146,515,36,866,7,0,43,71,154,14,300,19,3,98,150,689,51,1012,13,3,62,59,88,10,233,43,13,129,137,144,13,478,10,3,27,58,142,6,245,69,33,300,161,183,29,785,14,8,53,57,180,7,306,63,42,267,375,399,29,1178,198,50,355,63,105,5,779,80,30,204,109,97,18,538,3,0,30,34,80,3,150,10,5,48,65,559,24,704,32,9,89,72,394,83,670,709,234,2340,2151,7695,469,13597,3,0,14,9,15,3,54,0,0,3,4,3,0,15,13,9,98,124,194,27,466,4,3,13,13,16,0,46,6,7,68,110,176,26,399,8,4,69,73,101,14,264,22,5,141,235,468,47,927,6,3,65,103
LGA11500,4,0,12,6,32,3,58,4,0,7,12,30,4,60,128,11,391,411,1701,128,2771,29,0,40,56,220,11,362,53,15,219,243,2437,150,3115,54,11,169,158,505,47,938,152,21,341,231,803,92,1639,58,3,174,178,383,48,844,187,27,357,336,1138,138,2185,69,16,134,104,136,12,474,187,24,342,199,238,37,1032,13,0,59,55,161,13,309,262,64,553,223,273,44,1412,29,9,119,114,342,31,642,200,49,378,416,592,69,1711,299,72,416,120,183,30,1115,179,43,497,208,334,55,1307,15,0,51,42,113,15,238,34,7,100,100,822,29,1088,58,12,148,165,708,224,1319,2024,379,4502,3393,11160,1164,22626,6,0,9,7,14,0,38,0,0,3,0,5,0,7,49,3,205,165,352,50,834,4,0,22,16,27,3,80,11,0,77,82,173,27,375,29,0,97,84,163,20,403,103,16,314,346,702,133,1618,34,5,147,201
LGA11520,4,3,13,3,15,4,43,20,0,11,3,13,0,48,134,23,352,119,297,25,945,31,9,56,18,41,6,152,124,19,452,249,1085,58,1978,156,17,325,123,145,36,803,130,18,408,143,255,40,994,103,15,268,225,220,28,861,78,12,215,128,235,38,708,153,20,275,103,86,29,666,417,74,911,243,100,46,1773,122,9,208,122,144,30,635,679,119,1508,278,188,67,2830,88,6,194,82,110,21,507,166,57,326,169,224,22,970,292,81,376,68,82,16,914,302,51,609,80,87,30,1162,33,5,96,58,70,8,265,65,3,101,55,298,12,539,127,17,244,112,184,89,771,3226,552,6942,2369,3876,601,17566,9,0,5,4,0,4,18,6,0,9,0,0,0,22,87,18,275,80,80,25,570,16,3,34,11,9,0,71,66,7,139,80,75,19,386,120,24,258,71,73,19,562,148,25,499,275,229,49,1229,70,4,274,169
LGA11570,6,0,24,15,36,0,85,9,5,12,6,21,5,54,277,44,837,587,1650,162,3552,49,9,101,69,227,21,476,182,28,974,912,4656,327,7072,198,14,568,312,545,82,1724,470,45,1263,628,1017,183,3604,258,46,805,639,770,134,2646,497,66,1167,902,1599,259,4492,214,34,533,284,257,65,1382,412,77,1221,413,343,91,2562,67,13,226,225,298,37,861,798,147,2070,607,416,134,4175,155,20,466,282,495,98,1517,401,111,860,601,890,100,2962,750,152,986,225,267,73,2446,468,85,1214,433,470,103,2773,65,10,198,115,206,35,634,144,29,348,277,1501,81,2382,234,25,660,441,1126,509,2991,5651,965,14521,7962,16788,2490,48380,7,0,11,15,9,6,49,3,5,10,9,0,0,28,96,27,462,320,371,90,1365,8,5,48,26,28,7,125,60,10,244,230,215,44,812,116,10,380,250,248,57,1061,281,40,1268,805,932,223,3552,131,15,532,488
LGA11600,3,0,33,41,130,17,225,0,0,0,0,3,0,3,0,0,6,0,8,3,13,0,0,0,0,9,0,9,0,0,0,0,23,0,25,0,0,0,0,4,0,3,0,0,0,0,4,0,4,0,0,3,0,7,3,12,0,0,0,0,5,3,12,0,0,0,0,0,0,0,0,0,0,0,0,0,0,0,0,0,0,0,0,0,0,0,3,0,0,0,3,0,0,0,0,0,12,11,0,0,8,5,15,0,32,0,0,4,0,0,0,10,0,0,4,0,0,0,4,0,0,0,0,0,0,0,0,0,0,0,11,0,14,0,0,0,0,4,7,14,8,0,63,48,224,51,391,0,3,29,17,45,6,103,0,0,0,0,0,0,0,0,0,0,3,3,0,4,0,0,0,0,0,0,0,0,0,0,3,0,0,3,0,0,0,0,4,0,5,0,0,0,3,13,4,16,0,0,3,3
LGA11650,9,3,51,55,217,27,362,13,5,55,66,352,11,502,104,27,413,485,2781,160,3971,30,7,98,180,653,22,990,63,24,401,645,8040,349,9513,55,12,203,210,673,55,1204,80,23,429,416,1867,150,2964,39,0,231,300,1113,99,1786,37,20,186,329,1423,132,2130,53,27,265,272,515,52,1182,114,51,436,446,475,43,1556,26,8,99,185,442,37,798,380,98,1318,658,762,107,3321,33,11,161,222,805,80,1316,176,133,771,956,1594,120,3755,463,215,1232,269,387,58,2618,452,145,1283,569,1057,118,3625,31,13,144,115,318,28,645,64,22,161,181,1873,51,2358,67,15,246,224,1259,307,2115,2295,857,8167,6794,26587,2007,46710,3,3,51,39,82,18,196,4,3,11,12,21,0,52,47,20,283,301,520,69,1238,8,0,23,36,57,8,135,11,11,144,261,489,66,986,35,11,140,190,283,32,686,67,22,561,727,1935,269,3582,31,16,329,511
LGA11700,0,0,0,4,36,3,47,0,0,0,0,0,0,0,0,0,0,0,0,0,0,0,0,0,0,3,0,9,0,0,0,0,6,0,6,0,0,0,0,3,0,3,0,0,0,0,0,0,0,0,0,0,0,3,0,3,0,0,0,0,0,0,4,0,0,0,0,0,0,0,0,0,0,0,0,0,0,0,0,0,0,0,0,0,0,0,0,0,3,0,3,0,0,0,0,3,0,7,0,0,0,5,14,7,31,6,0,3,4,0,0,13,0,0,0,0,3,3,6,0,0,0,0,0,0,0,0,0,0,0,3,0,3,0,0,0,3,0,3,8,6,0,12,21,81,25,139,0,0,5,6,21,3,33,0,0,0,0,0,0,0,0,0,0,0,0,0,0,0,0,0,0,0,0,0,0,0,0,0,0,0,3,0,0,0,3,0,0,3,0,0,0,0,3,0,3,0,0,0,3
LGA11720,3,3,16,21,67,9,115,10,10,55,107,1140,32,1351,15,0,64,78,558,30,746,3,0,11,33,121,5,175,0,3,25,46,821,41,936,0,0,10,23,151,4,182,6,0,45,45,253,15,367,9,3,32,43,244,22,351,3,0,12,26,245,19,303,0,0,8,3,25,0,38,7,0,15,8,22,6,63,0,3,9,16,63,5,96,21,7,90,39,87,9,268,3,0,8,23,164,9,209,14,9,33,82,215,18,377,28,12,94,27,57,8,226,17,11,87,67,114,18,318,3,0,6,8,43,4,72,8,0,12,21,435,11,486,4,0,16,18,238,38,324,158,76,639,737,5078,319,7001,3,3,15,10,26,7,67,3,3,14,20,89,7,134,3,4,43,48,128,16,243,0,0,8,8,19,0,33,0,0,23,33,76,3,135,0,0,11,9,35,4,56,7,0,47,96,344,46,534,6,0,61,93
LGA11730,15,9,55,46,240,43,403,0,0,3,3,39,5,57,11,3,19,25,359,21,445,0,0,3,25,84,9,129,7,5,66,38,809,36,961,3,0,7,7,68,9,99,3,3,25,36,293,35,394,4,0,19,37,218,19,289,0,3,16,38,194,32,280,0,0,11,6,25,0,51,0,0,16,16,11,3,52,0,3,5,16,49,4,77,24,10,95,28,45,6,210,4,0,15,12,101,13,144,35,22,110,139,300,23,638,32,21,147,48,56,6,309,32,26,120,84,202,15,483,4,0,14,11,40,6,69,8,4,19,14,265,3,314,3,3,6,26,151,35,226,192,107,784,666,3559,324,5632,4,7,31,20,77,27,163,0,0,0,0,0,0,0,0,0,28,10,57,6,106,0,0,3,4,12,0,19,0,3,31,20,56,10,115,0,0,3,10,33,8,52,8,3,48,64,307,59,482,8,7,35,59
LGA11750,0,0,5,3,51,6,64,16,8,52,18,253,15,358,0,0,0,0,15,0,15,0,0,0,0,6,0,10,0,0,0,0,30,6,36,0,0,0,3,3,0,10,0,0,0,0,6,3,12,0,0,0,0,8,0,8,0,0,0,3,14,0,17,0,0,0,0,3,0,3,0,0,0,0,0,0,0,0,0,0,0,7,0,6,0,0,3,0,3,0,7,0,0,0,0,8,0,7,3,0,11,8,29,3,49,0,3,14,0,0,0,21,0,0,6,4,0,0,14,0,0,0,0,0,0,3,0,0,0,0,32,0,30,0,0,0,0,19,5,20,18,13,96,48,481,38,686,0,0,4,5,20,5,34,6,3,17,16,28,5,69,0,0,0,0,6,0,3,0,0,0,0,0,0,0,0,0,0,0,8,0,9,0,0,0,0,4,0,3,0,0,11,0,13,5,33,0,0,3,5
LGA11800,23,11,109,69,201,44,454,4,0,5,5,50,9,65,4,3,43,37,388,13,498,3,0,7,23,93,0,127,17,3,123,108,1547,43,1847,0,0,27,21,154,11,216,13,6,99,97,533,29,774,4,0,64,75,372,31,551,3,8,42,62,279,21,417,3,3,24,25,64,10,124,6,5,57,43,38,3,157,3,4,29,38,85,12,167,57,32,237,82,119,19,544,3,0,32,42,193,13,289,44,42,185,176,260,12,710,81,59,342,74,100,15,673,127,34,363,169,258,24,985,5,0,22,15,72,4,122,8,4,46,26,397,23,503,12,3,45,37,267,55,423,421,216,1904,1240,5463,400,9642,20,3,76,58,64,32,251,0,0,0,4,3,0,4,0,0,18,34,52,4,113,0,0,4,7,11,0,17,6,3,28,64,106,17,220,3,0,17,24,44,4,88,10,4,115,167,479,53,829,0,11,94,156
LGA12000,0,3,10,17,77,11,119,0,0,0,0,9,0,8,0,0,3,5,41,3,52,0,0,0,3,7,0,12,0,0,0,4,57,5,70,0,0,0,0,29,0,30,0,0,4,0,23,3,29,0,0,0,0,6,0,12,0,0,3,4,19,0,29,0,0,0,0,0,0,0,0,0,0,0,3,0,4,0,0,0,0,0,0,5,0,0,3,4,3,0,11,0,0,0,0,3,0,8,3,0,8,15,23,6,58,10,3,12,4,3,0,34,0,0,8,3,3,0,17,0,0,0,0,3,0,3,0,0,0,0,27,0,30,0,0,3,4,16,4,27,19,10,61,64,357,36,544,0,3,10,18,24,12,63,0,0,0,0,0,0,0,0,0,0,0,7,0,8,0,0,0,0,0,0,0,0,0,0,0,3,0,3,0,0,3,0,4,0,10,0,0,5,9,13,3,28,0,0,0,4
LGA12150,0,0,24,21,76,14,135,0,0,0,0,3,0,3,0,0,0,0,3,0,3,0,0,0,0,7,0,5,0,0,0,3,46,0,52,0,0,5,0,7,3,17,0,0,0,0,10,0,16,0,0,0,0,4,0,6,0,0,0,0,11,0,13,0,0,0,0,0,0,3,0,0,0,0,0,0,3,0,0,0,0,4,0,3,0,0,8,0,0,0,8,0,0,0,0,5,0,8,0,0,4,10,19,3,26,0,0,11,0,0,0,12,4,0,6,0,5,0,22,0,0,0,0,0,0,0,0,0,0,0,21,0,21,0,0,0,0,18,11,26,8,0,55,43,232,36,373,3,3,18,11,29,6,72,0,0,0,0,0,0,0,0,0,0,0,0,0,0,0,0,0,0,0,0,0,0,0,0,0,0,0,0,0,0,3,3,4,0,18,0,0,0,0,14,3,23,0,0,0,7
LGA12350,3,0,43,43,190,26,307,0,0,0,0,18,0,18,3,0,9,13,108,9,141,0,0,0,5,30,0,41,0,0,3,3,161,4,173,0,0,7,4,47,4,67,0,0,4,5,69,11,91,0,0,5,4,40,0,51,0,0,0,7,46,8,55,0,0,3,0,3,0,8,0,0,6,3,3,0,9,0,0,0,4,8,0,14,6,0,16,8,11,0,47,0,0,3,0,11,3,22,0,6,20,16,69,3,115,11,9,40,6,13,3,87,4,3,19,15,32,4,83,0,0,5,0,15,0,21,0,0,4,4,70,0,78,0,0,3,3,40,15,62,32,25,199,149,983,94,1477,0,4,24,36,44,13,119,0,0,0,0,0,0,0,0,0,3,7,12,4,27,0,0,0,0,3,0,8,0,0,0,5,4,0,14,0,0,3,0,11,0,11,0,0,12,15,61,12,109,0,0,6,7
LGA12380,8,0,21,14,19,3,71,14,0,23,3,16,5,55,298,39,640,433,972,122,2501,56,3,108,43,107,10,331,157,24,741,581,2634,312,4448,192,31,446,223,319,63,1272,442,25,879,424,535,122,2422,206,22,615,497,432,112,1885,260,42,684,496,699,161,2347,210,18,355,154,118,36,890,425,65,843,256,203,58,1851,56,6,137,128,119,23,463,788,75,1448,339,203,98,2949,136,19,362,236,264,79,1097,329,67,563,282,393,56,1690,392,60,493,99,137,24,1209,367,75,926,283,295,71,2017,28,7,114,72,92,19,326,119,19,242,181,728,36,1319,223,23,518,329,676,389,2150,4700,605,10164,5070,8958,1796,31291,5,0,13,5,7,6,31,3,0,11,0,0,0,16,110,14,403,214,222,65,1018,6,0,35,10,12,3,68,45,3,186,131,162,36,570,117,10,257,146,132,32,699,246,30,809,431,444,104,2069,115,7,374,335
LGA12700,4,0,20,22,82,4,133,3,0,5,13,78,4,103,6,0,10,19,95,3,136,0,0,0,13,40,0,52,3,0,12,10,206,14,250,0,0,0,3,26,0,30,0,0,7,6,40,3,56,0,0,3,3,9,5,21,0,0,5,6,60,4,77,0,0,0,4,3,0,6,0,0,4,6,7,0,11,0,0,0,3,8,0,15,13,3,37,19,13,3,82,0,0,0,6,28,4,35,3,0,13,13,41,0,81,9,8,28,7,13,3,72,7,4,14,4,14,3,44,0,0,0,3,0,0,4,0,0,0,9,82,3,92,0,0,4,4,39,11,57,53,26,162,168,898,63,1366,4,0,18,18,32,10,75,0,0,0,3,5,3,12,0,3,4,5,13,3,30,0,0,3,0,3,0,4,0,0,4,9,12,0,29,0,0,0,0,5,3,14,0,0,8,21,49,4,81,0,3,6,12
LGA12730,3,3,38,47,125,17,237,0,0,0,0,3,0,3,0,0,14,0,89,8,120,3,3,7,10,36,5,58,3,0,6,7,149,10,176,0,0,4,3,27,0,40,0,0,4,6,35,3,56,3,0,0,4,30,9,43,0,0,0,10,52,8,69,0,0,0,0,3,0,3,0,0,7,6,0,0,16,0,0,3,0,5,3,12,4,3,26,10,8,3,49,0,0,0,0,10,4,17,3,0,13,24,30,5,82,3,0,22,3,3,3,38,10,0,17,7,11,0,50,0,0,0,0,5,0,10,0,0,9,3,53,3,69,0,0,0,0,22,13,38,33,16,173,144,721,92,1177,3,5,28,21,47,3,108,0,0,0,0,0,0,0,0,0,8,3,19,5,34,3,0,5,3,3,0,14,0,0,3,6,4,0,11,0,0,4,0,7,0,9,0,0,10,3,37,8,67,0,0,0,11
LGA12750,3,0,29,29,94,10,152,0,0,3,0,13,0,18,6,0,7,19,171,7,205,0,0,8,10,78,6,99,0,3,12,43,833,33,927,0,0,6,8,55,0,78,4,0,42,29,250,27,351,7,3,32,43,209,26,318,0,0,6,20,133,9,168,0,3,5,3,22,3,39,3,0,9,13,12,4,33,0,3,13,9,30,3,65,21,10,91,44,43,10,218,0,0,16,21,99,8,141,29,18,79,103,197,13,438,36,40,127,28,39,3,263,36,11,97,55,119,6,322,0,0,11,8,50,7,85,10,0,4,10,181,3,210,10,0,16,18,101,33,178,159,110,616,516,2710,208,4318,5,4,14,21,18,9,66,0,0,0,0,0,0,0,0,4,13,14,32,3,59,0,0,3,0,6,0,5,0,0,10,17,40,3,74,0,0,9,3,16,0,29,3,10,53,73,226,43,407,6,7,40,70
LGA12850,0,0,21,11,34,3,68,0,0,12,4,15,3,35,61,6,409,393,1308,157,2332,15,5,51,55,111,11,242,45,10,443,447,2442,191,3567,42,4,231,145,356,47,820,51,11,446,279,588,88,1462,26,3,195,204,334,56,817,33,11,250,304,715,129,1441,24,8,186,124,120,17,491,51,21,494,185,168,47,964,9,8,85,99,146,22,358,147,27,771,268,169,41,1426,16,3,139,106,255,41,556,70,25,336,198,299,40,964,175,33,340,83,115,40,790,125,19,454,188,230,49,1063,7,0,72,43,87,12,224,30,0,115,150,879,55,1239,50,8,248,202,727,280,1512,968,194,5314,3491,9105,1327,20392,3,0,10,13,8,6,43,0,0,3,0,0,0,5,24,14,247,225,314,73,901,0,0,16,12,20,3,57,13,6,107,115,144,27,412,28,5,156,134,149,22,490,67,11,540,378,512,118,1638,27,5,205,224
LGA12870,9,3,34,40,198,15,299,0,0,0,0,5,0,5,6,0,18,18,155,24,228,0,0,3,3,15,0,25,0,4,4,9,237,9,267,0,0,3,0,41,3,53,0,0,4,3,56,0,74,3,0,0,11,39,7,56,0,0,4,6,70,12,96,0,0,0,0,3,0,3,0,0,0,0,0,0,3,0,0,0,5,5,0,14,0,0,17,7,10,0,38,0,0,0,3,24,0,27,6,3,19,28,52,7,107,3,5,25,10,8,0,58,3,0,14,9,14,0,31,0,0,0,6,13,6,21,0,0,6,4,82,4,97,3,0,0,7,42,12,63,28,25,164,168,1078,103,1561,7,0,36,30,46,4,126,0,0,0,0,0,0,0,0,3,9,17,28,5,64,0,0,0,0,0,0,3,0,0,5,3,19,8,26,3,0,3,3,8,0,23,0,0,12,13,53,13,87,0,0,13,18
LGA12900,4,4,43,44,160,25,282,0,0,4,3,51,3,61,0,0,5,4,63,6,82,3,0,4,3,22,0,27,0,0,0,12,138,10,157,0,0,7,7,38,0,54,0,0,3,6,60,14,81,0,0,3,6,20,0,33,0,0,3,3,35,4,43,0,0,0,0,3,0,3,0,0,5,3,4,0,13,0,0,0,0,6,0,8,0,3,13,3,6,3,30,0,0,0,0,8,0,13,3,5,22,21,31,3,76,7,3,36,9,20,5,77,0,4,13,8,16,0,41,0,0,0,0,7,0,11,0,0,3,3,62,3,71,0,0,4,0,34,12,49,26,17,166,138,774,93,1214,3,5,27,24,32,13,112,0,0,3,0,4,0,7,0,0,5,3,12,3,21,0,0,3,0,0,0,4,0,0,0,0,9,0,6,0,0,3,0,9,0,16,4,0,12,20,63,6,107,0,0,3,12
LGA12930,7,0,23,10,18,3,65,7,4,14,11,8,0,46,180,20,488,296,564,64,1618,52,0,74,39,91,8,266,137,14,542,396,1742,106,2939,156,13,377,125,212,35,914,334,27,647,329,466,64,1865,179,23,627,448,425,92,1791,186,32,508,382,661,88,1855,158,19,325,120,122,19,761,452,75,960,255,170,57,1964,89,7,194,146,175,32,644,799,111,1641,318,237,82,3187,132,16,282,145,195,40,817,213,70,451,275,342,43,1394,399,70,511,97,115,19,1211,375,60,875,212,213,47,1785,37,5,114,68,103,7,334,103,11,184,106,597,19,1025,171,14,407,170,350,185,1295,4163,605,9237,3970,6799,1022,25787,10,3,11,5,8,0,38,3,6,4,4,4,0,19,98,11,260,153,134,40,702,13,0,34,17,15,3,78,53,7,177,114,103,27,479,136,17,290,155,91,22,715,246,29,755,438,418,120,1994,121,13,417,262
LGA12950,0,0,15,18,106,16,154,0,0,0,0,3,0,4,0,0,0,0,11,4,19,0,0,0,4,9,0,16,0,0,0,0,41,8,44,3,0,0,0,9,0,16,0,0,0,0,18,3,29,0,0,3,0,11,5,22,0,0,0,0,18,3,21,0,0,0,0,3,0,3,0,0,0,0,3,0,3,0,0,0,0,0,0,0,0,0,4,0,3,0,7,0,0,0,0,6,0,6,0,0,8,6,22,7,45,3,0,11,3,3,0,21,3,0,3,5,17,0,36,0,0,0,0,0,0,0,0,0,3,0,28,0,34,0,0,0,0,10,0,11,14,0,54,49,330,47,491,0,0,14,24,20,7,65,0,0,0,0,0,0,0,0,0,0,0,0,0,3,0,0,0,0,3,0,3,0,0,0,0,0,0,4,0,0,0,0,3,0,5,0,0,4,5,13,0,26,0,0,6,3
LGA13010,3,3,30,29,118,17,205,0,0,0,0,4,0,4,0,0,3,0,35,3,39,0,0,0,3,8,0,18,0,0,3,6,106,5,123,0,0,4,6,22,3,35,3,0,5,9,45,3,65,0,0,3,10,30,0,43,0,0,0,0,33,3,44,0,0,0,0,0,0,3,0,0,0,0,0,0,6,0,0,0,8,4,0,11,3,0,5,3,9,0,19,0,0,0,0,12,3,15,6,3,9,24,62,3,98,6,9,25,5,8,0,46,3,0,18,8,20,0,51,0,0,4,0,8,0,14,0,0,3,5,55,0,63,0,0,3,3,27,17,43,26,15,118,125,606,62,951,7,3,24,17,33,17,102,0,0,0,0,0,0,0,0,0,4,3,14,3,22,0,0,0,0,0,0,3,0,0,3,3,4,0,12,0,0,3,4,6,0,18,0,0,7,10,40,11,73,0,0,3,7
LGA13310,7,3,28,40,116,16,214,0,0,4,22,98,3,129,3,0,26,24,239,14,301,4,3,9,9,68,3,94,0,3,18,39,621,29,712,0,0,12,11,63,10,96,7,0,34,29,169,10,253,6,3,22,16,85,8,144,7,0,20,29,187,24,263,0,0,6,7,22,0,37,0,3,8,21,6,3,44,3,0,3,11,32,3,54,11,12,70,25,29,4,159,3,0,14,9,59,8,94,31,30,91,148,298,19,616,32,15,100,30,43,4,221,34,8,78,68,92,5,290,0,3,11,6,13,0,33,3,4,14,14,194,6,234,5,0,16,15,119,15,165,172,92,561,579,2555,193,4151,3,3,25,21,32,7,88,0,0,5,0,8,0,10,3,0,13,16,34,5,75,0,0,0,3,3,0,8,0,0,9,17,27,0,60,0,0,3,3,16,0,34,0,3,36,57,155,20,274,3,3,20,39
LGA13340,7,0,63,75,221,37,400,0,0,0,0,9,3,18,0,0,7,16,124,3,154,0,0,0,0,11,0,20,0,0,6,11,194,15,225,3,0,4,12,24,0,39,0,0,8,5,51,9,74,0,0,0,3,16,3,19,0,0,0,6,57,10,78,0,0,0,0,3,0,9,0,0,0,7,3,3,9,0,0,0,3,6,0,13,7,3,30,11,15,0,55,0,0,0,0,11,5,18,0,3,17,30,46,3,103,15,5,34,7,7,5,77,4,5,15,8,7,0,41,0,0,0,0,8,0,9,0,0,3,3,69,3,82,0,0,7,8,41,6,59,35,22,198,207,928,102,1489,7,6,60,47,54,22,199,0,0,0,0,0,0,0,0,0,9,4,14,3,33,0,0,0,0,0,0,0,0,0,10,4,10,3,23,0,0,9,0,10,3,17,0,0,9,17,50,10,87,0,0,4,9
LGA13450,13,3,81,48,232,45,424,0,0,0,0,9,0,10,29,8,106,78,498,63,780,3,0,7,8,87,3,112,3,0,13,18,445,16,495,0,0,14,9,90,6,118,3,0,36,24,167,14,235,4,3,17,9,51,9,95,0,0,7,10,77,12,107,0,0,3,7,15,0,25,3,0,11,16,5,0,31,0,0,5,5,21,3,31,7,9,76,16,23,3,137,0,0,8,8,37,4,55,12,3,45,57,82,3,197,17,13,67,15,22,3,132,18,11,59,32,39,0,159,0,0,7,4,8,0,22,3,0,3,8,185,8,209,7,0,7,16,102,43,172,122,53,563,380,2203,234,3547,7,3,41,40,42,20,150,0,0,0,0,0,0,0,17,10,77,52,115,41,316,4,0,11,4,6,0,23,0,0,3,4,21,3,35,0,0,3,10,18,7,41,3,3,31,36,178,23,278,0,0,12,18
LGA13510,3,6,50,47,138,21,262,0,0,0,0,12,0,12,0,0,4,14,152,14,190,0,0,0,4,26,0,33,0,0,6,3,149,4,158,0,0,3,4,17,3,28,3,0,5,7,51,10,75,0,3,6,0,22,3,37,0,0,3,5,85,7,100,0,0,0,0,3,0,3,0,0,0,3,4,0,7,0,0,0,3,4,3,6,3,0,17,5,18,5,51,0,0,0,3,12,0,21,0,0,9,32,38,3,96,8,8,35,12,5,7,70,7,0,17,9,12,0,39,0,0,4,0,12,0,14,0,0,0,5,47,0,54,0,0,0,6,32,23,61,27,20,165,170,841,102,1321,8,0,28,23,27,7,94,0,0,0,0,0,0,3,0,0,11,3,31,3,51,0,0,0,0,0,0,0,0,0,0,0,12,0,11,3,0,4,3,10,4,22,0,0,16,18,50,11,94,0,0,5,9
LGA13550,0,4,47,53,137,21,259,17,3,50,38,295,14,423,0,0,7,3,76,12,109,0,0,0,4,26,0,30,0,0,8,8,136,15,167,0,0,12,3,54,3,72,0,0,3,3,57,10,70,0,0,4,5,23,13,39,0,0,7,4,58,6,76,0,0,3,0,3,0,5,0,0,5,0,3,0,8,0,0,3,0,12,3,15,5,3,30,3,20,3,63,0,0,0,0,21,3,27,0,3,14,18,50,8,89,5,0,21,3,11,3,48,3,0,20,13,10,0,42,0,0,0,3,7,0,8,3,0,4,4,87,3,99,0,0,12,3,38,9,62,45,18,242,166,1115,121,1710,0,8,43,23,40,10,122,3,0,17,13,23,3,63,0,0,0,4,16,3,34,0,3,0,5,0,0,6,0,0,0,8,8,0,19,0,0,3,4,13,3,25,3,0,9,18,63,9,95,3,0,5,11
LGA13660,5,4,35,51,151,16,267,0,0,0,0,7,0,7,0,0,0,3,17,0,17,0,0,0,0,12,0,12,0,0,0,0,40,0,46,0,0,3,0,0,0,6,0,0,3,0,10,7,22,0,0,0,0,5,0,10,0,0,0,4,10,7,18,0,0,0,0,0,0,3,0,0,3,0,0,0,3,0,0,0,0,3,0,3,0,0,0,0,0,0,6,0,0,3,0,3,0,4,0,5,6,7,40,3,60,3,3,14,0,0,0,22,0,0,4,5,8,3,14,0,0,0,0,6,0,6,0,0,6,0,18,0,25,0,0,0,0,6,7,15,14,9,85,78,331,53,563,3,6,46,36,43,17,143,0,0,0,0,0,0,0,0,0,0,3,3,0,6,0,0,0,3,0,0,3,0,0,0,0,0,3,3,0,0,3,5,0,0,9,0,0,6,6,19,4,34,0,0,3,3
LGA13800,7,3,29,37,159,15,249,3,0,7,4,49,0,73,31,7,70,143,818,32,1105,6,3,28,44,144,5,225,12,3,80,186,2438,78,2796,9,3,53,50,251,14,388,12,3,82,92,415,34,634,0,0,28,53,137,8,233,9,4,33,76,428,30,578,5,4,32,37,109,5,191,17,7,45,53,57,3,193,3,0,22,27,85,3,139,44,14,199,132,147,24,558,4,4,20,28,192,9,250,52,24,159,274,489,20,1020,133,45,200,64,128,13,583,43,8,137,79,127,8,403,4,0,15,17,100,13,151,13,3,33,52,605,9,714,9,3,32,48,424,78,597,422,150,1304,1490,7314,404,11086,0,0,28,27,66,12,135,0,0,3,3,0,0,10,15,9,80,98,165,12,380,0,0,14,9,13,0,42,3,8,50,113,232,28,432,9,4,45,64,103,6,234,12,8,118,173,381,36,736,7,4,62,86
LGA13850,0,0,14,21,47,9,90,0,0,0,0,0,0,0,0,0,0,3,12,0,16,0,0,0,0,4,0,6,0,0,3,3,66,3,75,0,0,3,4,3,0,11,3,0,0,3,19,0,26,0,0,3,0,9,0,12,0,0,0,0,5,0,5,0,0,0,0,0,0,0,0,0,0,0,0,0,0,0,0,0,0,0,0,0,0,0,3,0,3,0,7,0,0,0,0,0,0,4,0,0,4,5,24,0,44,0,0,10,3,0,0,9,0,0,7,3,3,0,12,0,0,0,3,3,0,8,0,0,0,0,14,0,11,0,0,3,3,16,0,19,11,6,45,54,226,31,361,0,0,17,16,19,4,53,0,0,0,0,0,0,0,0,0,0,4,5,0,4,0,0,0,0,0,0,0,0,0,0,3,3,0,7,0,0,0,0,0,0,0,0,0,4,4,15,0,21,0,0,0,3
LGA13910,12,7,105,88,325,56,582,0,0,0,3,23,6,31,5,0,4,7,125,13,147,0,0,3,6,34,5,49,0,0,6,17,307,12,339,0,0,7,9,55,4,83,3,0,9,15,116,3,145,0,0,6,8,37,9,60,0,0,7,7,87,7,116,0,0,3,0,5,0,10,0,0,8,3,4,0,17,0,0,3,4,12,0,24,3,3,38,9,12,7,70,0,0,0,3,20,0,25,9,9,27,30,93,12,168,8,13,55,7,17,4,102,4,0,26,19,37,3,87,0,0,0,3,16,0,22,0,0,9,13,96,3,119,3,0,4,9,68,22,107,54,35,316,250,1488,168,2306,9,11,75,68,80,23,258,0,0,0,4,4,0,9,0,0,5,4,21,0,35,0,0,3,0,3,0,5,0,0,6,7,13,3,36,0,0,8,5,17,4,28,6,0,27,25,113,15,181,0,0,12,22
LGA14000,21,10,41,24,66,3,162,17,7,29,8,13,0,76,291,42,554,212,545,33,1681,77,9,125,62,89,7,363,172,30,561,349,1906,69,3088,264,33,599,206,289,37,1428,201,35,542,255,478,57,1561,62,9,246,198,271,37,825,152,35,312,163,316,31,1010,356,48,598,178,175,30,1376,593,142,1195,363,171,68,2526,82,15,191,109,130,15,535,1272,209,2446,537,337,118,4924,79,25,274,139,274,35,826,380,130,591,323,281,34,1741,685,124,722,149,156,42,1884,459,86,779,231,274,51,1881,51,8,115,61,80,8,336,92,21,226,91,520,25,985,187,37,380,141,297,110,1153,5500,1054,10524,3807,6663,800,28346,6,0,29,20,29,9,97,6,0,11,0,0,3,25,126,24,371,124,130,32,807,23,8,30,18,8,0,97,61,23,182,130,134,20,556,192,39,396,152,124,31,925,156,37,702,364,379,84,1724,54,12,226,175
LGA14100,0,0,4,0,0,3,9,6,0,3,0,3,0,14,15,0,47,18,34,9,124,4,0,12,6,0,0,20,19,4,71,24,95,5,224,16,0,56,19,23,3,123,17,5,57,19,26,3,123,10,3,29,8,22,3,79,10,0,23,14,31,4,83,9,4,30,9,10,0,69,66,12,144,35,11,11,280,13,0,51,18,26,3,113,106,31,244,41,15,5,445,6,0,19,6,10,4,56,28,10,34,17,16,0,110,55,3,67,12,13,0,152,95,9,129,8,9,19,265,3,0,19,6,13,0,38,11,3,16,7,28,3,64,15,0,45,13,25,8,102,511,95,1098,291,414,88,2494,3,0,0,3,4,0,13,0,0,4,0,0,0,5,12,4,29,11,11,0,68,0,0,7,3,0,0,8,6,3,24,6,9,3,50,15,6,43,12,14,7,92,8,7,59,39,26,11,148,3,0,24,14
LGA14170,6,3,34,9,17,4,79,19,0,36,0,12,3,72,199,38,621,221,505,49,1642,66,9,152,38,82,4,350,170,40,770,368,1759,116,3217,171,30,446,177,225,36,1087,243,46,828,358,496,66,2032,146,29,712,523,644,96,2154,172,45,452,289,449,67,1481,318,121,1166,340,236,47,2235,738,204,1723,369,206,68,3300,104,23,309,141,147,23,742,1457,326,3598,659,410,115,6565,158,33,491,197,251,28,1166,550,165,950,304,381,51,2394,1361,234,1233,211,176,49,3262,691,121,1192,276,252,69,2602,143,41,485,169,195,28,1059,111,33,319,120,474,24,1086,195,28,561,206,331,195,1518,7023,1564,16088,4977,7251,1152,38045,6,0,23,11,11,0,50,10,3,12,0,0,0,24,158,36,397,176,120,26,911,31,11,62,23,18,4,139,79,24,255,113,82,17,567,149,37,403,153,98,25,858,203,52,1072,528,432,78,2365,146,35,724,416
LGA14200,3,4,29,49,189,22,288,0,0,0,0,20,0,26,3,0,21,14,215,33,281,0,0,0,16,41,0,63,0,0,3,15,251,7,273,0,0,4,5,62,8,70,0,0,10,13,114,9,141,0,0,5,7,27,4,45,0,0,0,8,44,9,56,0,0,0,0,10,0,14,0,0,6,6,0,0,17,0,0,0,0,15,0,16,3,5,28,9,10,4,56,0,0,3,10,18,6,39,7,4,25,31,66,15,147,5,13,55,7,21,5,110,4,0,26,21,43,0,106,0,0,0,0,4,0,7,0,0,5,4,104,3,118,0,0,4,4,42,31,81,25,34,229,215,1290,154,1950,0,5,35,28,39,11,125,0,0,3,0,0,0,3,0,0,24,5,35,13,77,0,0,0,0,0,0,3,0,0,4,5,12,5,28,0,0,3,4,16,3,25,3,0,20,32,111,22,186,0,0,3,19
LGA14300,0,4,28,24,85,9,154,0,0,0,0,5,0,3,0,0,10,3,62,10,88,0,0,0,0,7,0,9,0,0,4,3,79,0,88,0,0,3,0,15,0,22,0,0,0,3,9,3,20,0,0,0,3,13,3,19,0,0,4,10,56,10,78,0,0,0,0,4,0,4,0,0,3,4,0,0,4,0,0,0,0,5,0,6,0,3,17,0,11,0,28,0,0,0,0,9,0,7,0,0,18,15,58,5,99,4,3,8,0,4,3,23,0,0,4,3,7,0,19,0,0,0,0,4,0,4,0,0,0,3,31,0,41,0,0,3,3,11,3,18,7,11,103,69,482,49,729,3,0,21,12,23,5,69,0,0,0,0,0,0,0,0,0,3,3,15,6,28,0,0,0,0,0,0,0,0,0,0,3,11,0,14,0,0,0,0,4,0,7,0,0,9,3,30,4,48,0,0,3,3
LGA14350,9,0,14,26,132,14,189,0,0,3,3,12,0,22,0,0,14,23,196,12,240,0,0,0,4,49,3,59,0,3,18,28,508,23,576,0,0,5,0,38,4,53,0,0,14,18,183,13,234,3,0,6,13,115,16,155,0,0,3,6,129,15,155,0,0,4,0,8,0,15,0,0,8,3,16,0,20,0,0,0,3,26,3,27,5,3,52,20,33,6,115,0,0,3,15,66,3,86,7,10,26,46,164,15,267,9,17,87,22,42,12,194,23,3,70,36,83,10,236,0,0,3,8,16,3,29,0,0,6,3,112,12,135,3,0,6,7,94,32,138,57,42,343,280,2019,195,2943,0,0,10,21,30,11,73,0,0,3,0,0,0,3,0,0,8,13,33,5,67,3,0,0,3,10,0,15,0,3,9,14,46,8,80,0,0,0,0,9,0,16,0,3,20,45,164,20,250,0,3,11,27
LGA14400,9,0,16,9,34,4,66,6,0,11,24,75,0,122,14,10,41,39,154,5,268,3,0,7,11,42,0,67,8,0,48,68,582,18,718,0,0,14,10,37,0,65,3,3,36,25,82,10,159,3,0,24,31,63,5,123,3,3,21,25,95,4,161,0,0,10,7,21,0,38,9,4,28,21,20,3,82,7,0,8,14,20,0,47,41,10,128,48,39,10,271,3,3,12,29,48,3,96,44,24,123,105,136,5,436,58,34,174,36,35,8,347,52,17,107,55,54,4,289,0,0,14,18,16,0,55,7,0,14,16,85,0,126,5,0,25,11,81,12,131,275,108,874,590,1721,91,3656,0,0,12,8,9,3,34,0,0,3,0,0,0,8,4,0,9,18,30,10,71,0,0,8,0,0,3,15,0,0,12,23,36,6,83,0,0,10,0,12,0,30,4,0,39,68,95,20,220,4,6,36,44
LGA14500,14,3,40,16,17,0,85,58,5,47,0,5,0,122,295,40,437,106,159,22,1066,74,9,73,21,17,3,194,159,25,505,198,622,39,1556,285,28,538,168,136,34,1183,169,28,530,167,190,35,1111,58,12,251,117,160,31,623,132,19,266,129,108,25,679,243,53,534,130,87,33,1081,931,188,1674,276,87,58,3211,141,20,287,95,99,16,661,1437,173,2728,372,204,112,5034,70,23,219,88,87,20,508,319,64,386,107,74,10,960,493,77,446,84,72,23,1185,645,76,912,109,83,58,1889,33,12,122,39,42,14,270,111,11,190,48,179,23,565,235,15,424,113,141,73,996,5904,881,10612,2392,2563,632,22986,9,7,17,8,7,3,53,11,4,17,3,3,0,42,119,23,274,98,59,18,589,11,4,33,4,0,3,57,69,14,167,75,40,19,387,193,35,343,115,52,23,752,147,37,592,220,195,60,1259,50,14,250,98
LGA14550,5,4,40,28,105,22,201,0,0,0,0,8,0,10,0,0,9,9,82,3,94,0,0,3,0,18,0,24,0,0,9,8,106,5,123,0,0,4,0,18,0,26,0,0,6,8,50,3,64,0,0,3,3,10,0,24,0,0,0,4,30,0,32,0,0,0,3,0,0,10,0,0,3,3,0,0,8,0,0,0,0,5,0,4,5,0,12,11,10,0,39,0,0,4,0,3,0,10,4,0,8,8,28,8,53,9,12,24,9,10,0,61,6,5,22,20,25,3,72,0,0,0,3,4,4,8,0,0,0,0,32,0,37,0,0,5,10,22,7,51,25,25,140,115,578,67,951,4,3,17,21,31,11,92,0,0,0,0,0,0,0,0,0,0,6,18,3,31,0,0,0,0,0,0,0,0,0,4,6,16,0,27,0,0,0,0,4,0,7,0,0,10,18,30,6,64,0,0,5,4
LGA14600,3,0,22,20,149,32,226,0,0,0,3,24,0,32,0,0,0,3,47,3,55,0,0,0,0,22,3,21,0,0,0,4,45,4,54,0,0,3,0,12,3,15,0,0,3,5,11,0,23,0,0,0,0,10,0,17,0,0,3,3,19,3,21,0,0,0,0,0,0,0,0,0,0,0,0,0,0,0,0,0,0,3,0,3,3,0,5,0,3,0,13,0,0,0,0,3,0,3,3,3,6,15,29,3,57,5,3,17,0,4,0,27,0,0,9,12,12,0,31,0,0,0,0,6,0,6,0,0,0,0,31,0,39,0,0,3,7,16,4,28,14,7,71,77,442,66,679,0,3,19,21,26,10,86,0,0,0,0,3,0,7,0,0,3,0,9,0,14,0,0,0,3,0,0,4,0,0,0,0,3,0,6,0,0,3,0,5,0,7,0,3,5,9,20,5,44,0,0,0,8
LGA14650,0,5,17,20,71,5,117,44,18,160,212,1179,34,1652,93,32,335,369,2076,76,2986,46,23,126,194,486,14,886,56,19,341,360,4539,139,5452,22,4,110,125,511,23,794,48,9,207,209,1084,70,1629,19,8,114,133,562,62,893,35,20,165,263,1072,70,1619,11,8,81,64,162,3,331,44,27,234,227,197,13,746,16,4,56,80,230,20,406,240,71,920,383,411,45,2076,5,9,81,108,538,38,784,141,96,483,561,837,49,2166,372,122,889,195,279,44,1900,327,100,835,385,628,60,2333,9,6,54,54,150,8,281,45,15,118,116,1197,28,1518,45,10,125,115,764,146,1209,1629,602,5444,4172,16964,945,29763,0,0,17,18,34,8,71,11,13,36,29,54,8,147,24,17,166,146,265,35,661,13,4,56,29,80,9,195,10,7,121,139,325,28,626,18,10,71,69,116,8,292,60,24,301,394,1046,136,1968,18,4,165,209
LGA14700,4,0,15,4,0,4,22,9,0,15,0,0,3,30,83,14,137,38,63,9,344,16,4,22,3,10,0,59,54,3,177,70,229,13,543,67,12,142,30,43,4,295,70,23,188,63,78,6,436,13,5,109,83,69,15,289,38,9,84,48,45,4,229,107,20,226,37,43,15,449,301,52,557,109,29,24,1072,49,4,105,48,41,4,252,497,65,952,129,82,42,1774,40,7,90,40,30,8,211,81,19,133,42,51,11,339,179,39,173,33,43,8,466,181,25,313,39,34,12,602,14,3,50,20,22,4,119,32,6,56,16,71,3,189,64,7,142,46,50,20,328,1886,318,3704,906,1045,205,8056,3,0,10,0,0,0,12,0,0,5,0,0,0,11,47,3,116,28,23,6,223,11,0,11,5,0,0,28,32,4,65,20,19,8,143,51,7,124,31,24,9,244,54,12,203,80,58,12,421,20,3,111,49
LGA14750,4,3,28,25,102,20,183,0,0,0,0,19,0,27,3,7,39,13,206,24,300,4,0,4,11,66,0,82,0,0,3,3,161,11,174,0,0,3,8,30,7,48,0,0,3,3,40,0,50,0,0,0,4,28,4,44,0,0,0,0,48,7,62,0,0,3,0,8,0,11,0,0,0,6,4,0,11,0,0,0,3,7,0,13,3,0,15,8,17,0,46,0,0,0,0,22,4,29,8,0,21,20,45,7,92,6,5,57,9,29,9,109,7,3,20,9,16,0,47,0,0,0,0,5,0,9,0,0,7,5,61,4,76,3,0,3,7,46,9,62,37,28,211,132,949,107,1467,0,3,15,15,23,3,66,0,0,0,0,3,3,9,3,3,29,17,60,8,119,0,0,6,3,13,0,21,0,0,0,6,8,0,15,0,0,4,3,18,4,22,0,0,10,16,50,15,87,0,0,4,0
LGA14850,22,13,83,62,219,27,429,0,0,8,6,33,3,54,0,0,36,38,319,19,416,0,0,5,14,79,3,103,9,3,42,30,724,26,833,3,0,10,13,102,6,136,5,4,51,55,332,24,475,3,3,36,30,171,4,238,3,0,17,14,173,15,218,0,0,10,14,31,5,59,7,4,22,37,25,0,91,0,0,16,8,40,3,74,28,14,157,43,51,8,310,6,0,33,21,79,5,143,11,15,105,84,190,8,417,104,54,269,56,72,10,568,85,33,261,115,190,17,699,3,0,22,11,31,3,71,4,3,34,15,270,7,332,9,10,23,19,151,35,246,301,158,1238,689,3265,240,5896,6,7,55,37,71,20,192,0,0,0,0,0,0,3,0,3,36,37,84,15,175,0,0,8,0,8,3,22,0,0,15,13,39,7,75,3,0,12,8,24,3,46,9,10,77,88,290,28,500,3,3,55,44
LGA14870,3,0,11,18,46,3,85,3,4,14,52,421,7,511,0,0,8,20,164,4,199,0,0,12,40,134,9,195,3,0,8,9,239,19,283,3,0,3,7,34,0,55,3,3,13,11,97,19,149,0,3,13,21,64,4,108,0,0,8,11,102,7,127,0,0,3,3,14,0,23,3,0,10,8,6,0,30,0,0,0,3,26,5,38,3,4,31,15,25,0,80,0,0,4,0,43,3,56,9,5,30,48,170,4,268,17,7,35,12,16,0,80,12,8,34,16,33,3,101,3,0,6,3,20,0,33,0,3,6,10,104,0,124,3,0,5,7,93,27,126,73,41,266,305,1855,127,2667,0,0,6,9,12,8,38,3,0,6,7,10,0,22,0,0,7,3,24,3,42,0,0,3,0,5,3,16,0,0,5,12,26,3,48,3,0,6,8,10,3,32,4,0,19,30,91,20,164,6,0,21,26
LGA14900,6,0,25,14,58,12,118,7,0,14,4,39,7,67,126,21,568,508,1797,125,3148,33,5,66,60,154,11,333,73,12,446,501,3184,221,4435,76,18,279,233,502,65,1169,93,26,495,343,793,89,1834,38,5,186,213,423,45,906,136,22,477,485,1181,164,2468,81,9,200,142,171,29,632,166,39,505,293,222,35,1259,13,3,67,100,183,19,394,262,54,864,360,255,56,1853,37,10,152,143,322,44,704,161,56,548,523,932,63,2279,327,56,472,124,164,43,1179,279,50,649,253,302,68,1602,8,4,71,57,116,15,274,31,8,140,155,1088,44,1465,88,9,292,250,865,286,1792,2032,411,6522,4747,12756,1444,27909,3,0,24,15,25,11,80,0,0,7,3,9,0,13,42,7,286,268,363,86,1062,10,7,32,39,48,4,134,18,5,138,145,207,45,561,48,4,226,162,235,37,710,105,16,559,477,686,131,1981,27,16,213,238
LGA14920,0,3,36,51,141,12,253,0,0,0,0,44,0,46,0,0,0,3,42,3,46,0,0,0,0,10,0,15,0,0,0,9,96,9,113,0,0,4,5,13,0,24,0,0,4,0,22,0,30,0,0,0,3,15,3,23,0,0,0,3,79,11,91,0,0,0,0,0,0,0,0,0,0,0,4,0,4,0,0,0,4,0,3,7,0,0,12,4,3,0,19,0,0,0,5,7,3,11,3,0,8,11,26,10,61,0,3,18,3,7,0,32,4,0,3,5,16,7,35,0,0,0,0,7,0,8,0,0,3,0,33,3,42,0,0,3,8,27,12,41,18,6,102,108,584,69,889,0,5,41,32,31,14,117,0,0,0,0,0,0,3,0,0,0,0,13,0,11,0,0,0,0,0,0,0,0,0,0,3,12,0,17,0,0,3,3,12,0,12,0,0,3,9,33,7,55,0,0,0,4
LGA14950,0,0,19,27,95,8,156,0,0,0,0,0,0,0,0,0,0,0,20,5,26,0,0,0,3,12,0,17,0,0,0,0,32,3,34,0,0,0,0,4,0,5,0,0,0,0,24,0,25,0,0,0,0,8,0,8,0,0,0,4,22,0,28,0,0,0,0,0,0,0,0,0,0,0,0,0,0,0,0,0,0,3,0,3,0,0,0,0,0,0,3,0,0,0,0,3,0,3,3,0,8,4,23,0,30,0,0,3,0,0,0,10,0,0,5,4,10,0,21,0,0,0,0,0,0,0,0,0,3,0,10,0,20,0,0,0,3,8,0,13,7,4,44,55,279,16,400,4,3,16,13,25,4,60,0,0,0,0,0,0,0,0,0,0,0,0,0,3,0,0,0,0,0,0,0,0,0,0,0,0,0,4,0,0,0,0,3,0,6,0,0,5,10,11,3,29,0,0,3,3
LGA15050,4,0,15,12,85,11,131,47,16,151,182,1275,28,1703,26,4,103,152,919,25,1232,14,0,37,73,185,7,320,9,9,82,140,1374,44,1664,5,3,28,37,252,4,333,15,0,81,98,440,22,666,12,0,39,52,224,22,347,11,3,43,66,416,20,558,6,0,15,10,68,5,104,19,3,53,64,64,3,207,3,0,18,24,107,4,170,55,23,283,112,179,18,672,11,3,20,42,207,14,287,59,38,173,235,408,16,922,96,47,245,61,80,11,541,72,20,210,120,190,17,630,0,0,5,15,37,3,69,10,6,36,61,567,19,699,5,5,30,57,316,64,476,481,193,1672,1621,7400,364,11727,0,3,13,12,28,8,62,5,0,34,30,90,12,166,17,5,68,70,136,22,315,0,0,14,14,30,3,65,3,7,47,67,149,15,287,3,3,5,21,45,5,80,17,3,106,150,548,54,879,3,4,51,112
LGA15240,17,9,62,59,371,47,566,0,0,10,14,175,8,204,3,0,29,48,609,57,748,9,6,29,39,200,4,284,6,0,49,86,1562,79,1781,0,3,13,23,154,7,197,13,5,60,71,571,52,773,6,3,45,75,370,41,548,4,0,16,47,301,53,420,3,0,19,17,49,9,95,12,0,25,41,36,6,120,0,3,23,21,91,8,148,35,25,162,71,111,14,409,4,0,16,51,208,24,301,27,16,121,143,236,29,567,51,37,298,69,102,16,572,100,27,258,179,294,39,898,3,0,23,18,72,4,121,11,4,29,35,437,6,524,3,0,23,26,261,67,383,300,152,1296,1129,6198,570,9653,4,10,49,61,88,26,245,0,0,7,5,0,0,15,4,0,23,37,87,15,166,7,0,15,18,35,4,73,0,3,23,39,88,6,165,0,0,7,15,36,3,60,9,12,86,152,527,89,881,8,3,69,128
LGA15270,7,4,40,40,197,44,332,8,12,93,96,724,37,975,6,0,28,19,114,10,167,0,0,3,8,48,0,61,3,0,14,21,399,17,455,3,0,8,8,52,9,76,3,0,17,15,131,13,170,4,0,17,15,62,7,112,0,0,7,6,64,17,95,0,0,3,8,9,5,20,0,0,5,4,7,0,20,0,0,3,7,21,4,36,11,5,53,16,26,0,109,0,0,0,3,27,7,41,0,9,26,48,81,0,174,11,14,75,10,31,6,139,11,4,45,15,43,4,120,3,0,4,4,18,0,29,0,4,13,12,190,8,222,0,0,12,7,69,16,98,76,53,454,354,2311,195,3440,6,3,38,34,42,11,135,7,0,26,16,32,3,92,0,3,16,14,38,8,81,0,0,3,0,4,0,9,0,0,7,14,35,3,60,0,0,4,4,18,0,33,5,8,33,38,149,29,256,4,4,29,41
LGA15300,3,9,100,96,247,32,491,0,0,0,0,12,0,13,3,0,0,6,58,9,78,0,0,0,4,27,0,31,0,0,5,10,176,17,203,0,0,3,10,54,8,74,3,0,8,4,60,6,79,0,0,3,7,19,4,35,0,0,0,0,41,6,49,0,0,0,0,6,3,10,0,0,17,7,4,0,33,0,0,3,6,4,3,15,11,3,33,4,11,0,65,0,0,0,0,20,6,24,3,3,18,35,59,6,124,5,0,39,3,13,3,66,5,3,29,7,23,0,65,0,0,0,0,3,0,8,3,0,4,4,83,7,103,0,0,3,0,52,22,77,41,19,270,196,976,120,1633,0,10,80,46,48,11,198,0,0,0,0,0,0,0,0,0,3,4,10,3,19,0,0,0,0,0,0,3,0,0,0,5,14,3,25,0,0,4,8,6,0,19,0,0,14,18,51,13,100,3,0,9,8
LGA15350,6,0,13,4,0,0,22,5,3,25,0,5,4,38,46,8,86,17,27,3,189,4,0,15,6,8,0,39,41,8,135,33,135,14,362,45,6,91,25,17,4,191,32,9,103,32,39,10,221,17,0,68,54,49,15,201,30,3,45,31,36,6,151,42,3,129,31,16,4,228,339,59,575,82,19,22,1088,40,5,103,45,42,7,250,372,59,789,121,37,36,1413,12,3,59,16,17,5,119,57,12,83,39,31,3,227,92,15,92,14,15,10,244,131,11,175,22,13,15,375,14,4,50,11,16,0,99,14,5,32,15,47,3,109,42,0,124,27,41,16,252,1395,206,2812,629,610,167,5824,3,0,6,0,3,0,14,4,3,4,0,0,0,11,24,10,58,19,10,0,128,3,0,10,3,0,4,22,10,4,41,12,11,8,89,40,11,84,18,14,8,175,40,16,166,64,32,3,324,17,4,76,36
LGA15520,9,0,50,60,184,29,328,0,0,0,0,6,0,7,3,0,19,15,104,3,142,3,0,4,6,25,0,40,0,0,3,11,213,11,237,0,0,3,6,29,4,41,0,0,3,6,58,5,77,4,0,13,21,82,11,131,0,0,3,8,38,9,57,0,0,0,0,0,0,4,0,0,4,3,5,0,15,0,0,7,3,8,0,20,3,0,24,14,10,0,56,0,0,0,0,14,0,20,6,0,19,31,43,4,104,5,4,31,8,10,0,54,9,0,22,11,15,3,59,0,0,3,10,15,0,29,0,0,4,3,35,0,50,0,0,0,0,41,13,60,34,14,222,205,937,101,1517,4,4,34,39,45,11,138,0,0,0,0,0,0,0,6,3,10,9,13,0,35,0,0,0,0,3,0,10,0,0,5,6,5,0,17,0,0,4,4,7,0,12,0,0,10,22,47,10,98,3,0,17,28
LGA15560,0,0,38,31,118,8,194,0,0,0,0,0,0,3,0,0,5,0,24,4,34,0,0,0,0,7,0,16,0,0,0,0,61,3,62,0,0,0,0,5,0,10,0,0,0,0,15,0,15,0,0,3,3,8,0,10,0,0,0,0,18,0,17,0,0,0,0,0,0,3,0,0,0,3,0,0,3,0,0,0,0,0,0,0,0,0,7,3,0,0,11,0,0,0,0,3,0,5,0,0,0,6,13,3,19,0,0,7,0,8,0,14,0,0,8,3,7,0,19,0,0,0,0,3,0,3,0,0,0,0,21,3,24,0,0,0,3,5,8,20,7,5,77,57,321,31,497,0,0,26,28,29,10,95,0,0,0,0,0,0,0,3,0,4,0,11,0,19,0,0,0,0,0,0,0,0,0,0,0,5,0,12,0,0,0,3,3,0,7,0,3,3,4,14,4,29,0,0,0,4
LGA15650,0,0,20,19,93,11,145,15,7,60,80,639,24,822,0,0,8,11,103,0,121,7,0,13,44,127,5,202,0,0,7,5,144,11,170,0,0,5,6,75,0,87,7,0,7,8,48,3,75,0,0,0,10,36,3,46,0,0,3,12,47,3,65,0,0,0,0,9,0,11,0,0,0,3,3,0,6,0,0,3,3,20,0,25,0,0,9,6,30,0,56,0,0,0,7,50,0,57,12,3,19,15,38,8,91,10,3,25,3,7,0,50,12,0,13,9,12,0,44,0,0,0,0,11,0,14,0,0,3,7,98,4,111,0,0,10,3,47,19,76,70,24,213,248,1643,93,2289,0,0,17,25,63,7,114,7,5,26,15,72,0,123,0,0,9,13,26,0,52,0,0,4,18,10,3,35,0,0,3,8,16,3,25,0,0,0,6,15,0,26,3,0,12,24,88,17,139,0,3,7,15
LGA15700,0,0,28,11,77,12,123,0,0,0,0,13,0,16,0,0,4,8,130,7,151,0,0,0,4,16,7,25,3,0,27,29,384,20,470,0,0,0,0,32,0,36,0,0,9,14,98,8,131,0,0,4,9,69,16,92,0,0,0,4,75,3,84,0,0,0,0,11,3,12,0,0,4,8,6,0,16,0,0,0,3,16,3,22,7,0,37,10,33,3,89,0,0,6,4,47,4,70,0,10,26,47,55,9,140,14,14,79,13,22,8,150,15,3,62,37,60,7,189,0,0,0,0,13,0,17,5,0,4,3,92,0,109,3,0,4,7,50,13,81,57,38,304,211,1277,125,2013,0,4,14,13,27,10,67,0,0,0,0,0,0,0,0,0,4,5,17,0,33,0,0,0,0,0,0,3,0,0,16,15,23,3,57,0,0,3,3,12,0,20,0,0,17,31,86,9,144,3,0,12,31
LGA15750,6,4,63,52,205,31,368,4,3,22,8,141,7,188,5,0,5,0,62,3,71,0,0,0,4,29,3,40,0,0,5,12,140,12,173,0,0,8,4,19,7,38,0,0,7,4,52,7,76,0,3,4,6,33,4,48,0,0,3,3,40,11,62,0,0,0,0,5,0,9,0,0,3,4,5,0,15,0,0,3,4,4,0,13,16,4,40,7,21,0,90,0,0,0,6,25,3,31,6,3,24,25,51,3,119,9,6,35,3,15,0,71,7,0,19,8,16,6,59,4,0,3,0,10,0,20,5,0,4,0,96,3,108,0,0,7,7,59,22,95,55,29,258,166,1041,129,1681,3,7,44,47,39,5,150,0,0,3,3,12,3,19,3,0,7,3,17,0,27,0,0,0,0,3,0,3,0,0,0,7,13,4,25,0,0,5,5,10,0,21,0,0,17,14,55,21,102,0,0,3,16
LGA15800,0,0,18,13,114,15,160,0,0,0,0,3,0,3,0,3,4,6,70,5,89,0,0,0,0,14,0,19,0,0,3,3,80,9,94,0,0,0,3,20,3,27,0,0,0,3,16,5,23,0,0,4,0,15,0,19,0,0,0,0,18,0,18,0,0,0,0,0,0,0,0,0,0,0,0,0,0,0,0,0,0,0,0,3,3,0,3,5,5,0,18,0,0,0,0,7,0,10,3,7,10,15,29,0,66,0,3,12,3,3,0,26,0,0,8,8,12,0,25,0,0,0,0,3,0,9,0,0,0,3,26,0,31,0,0,0,3,17,12,33,10,14,75,73,447,55,671,4,0,17,12,26,13,64,0,0,0,0,0,0,0,0,0,10,9,20,0,30,0,0,0,0,0,0,0,0,0,0,0,3,0,4,0,0,0,0,4,0,5,0,0,3,7,31,3,45,0,0,3,3
LGA15850,4,0,40,36,151,14,246,0,0,0,0,20,0,15,0,0,3,0,32,3,36,0,0,0,0,11,0,17,0,0,3,4,83,0,91,0,0,0,3,17,4,23,0,0,0,0,30,3,40,0,0,0,5,6,0,10,0,0,6,3,33,0,42,0,0,0,0,0,0,0,0,0,3,0,0,0,3,0,0,0,0,3,0,3,0,0,6,3,9,0,24,0,0,0,0,6,0,5,3,3,7,15,29,3,53,3,8,13,5,7,0,35,0,0,0,8,4,0,22,0,0,0,0,8,0,8,0,0,3,0,40,6,48,0,0,3,0,27,4,42,12,12,85,87,522,43,766,3,0,38,18,28,6,92,0,0,0,0,5,0,5,0,0,0,0,6,0,6,0,0,0,0,0,0,3,0,0,3,3,3,0,10,0,0,0,3,7,0,11,0,3,3,7,22,3,33,0,0,3,3
LGA15900,3,0,22,21,58,3,108,61,16,168,126,622,15,1006,105,28,396,293,1281,51,2157,63,12,146,115,252,7,592,62,14,424,276,2589,84,3448,31,10,114,103,331,15,597,94,14,294,170,726,44,1338,36,11,215,162,655,47,1132,44,27,185,217,711,71,1250,29,5,138,73,122,6,373,74,27,303,182,143,16,743,25,4,92,91,174,18,397,387,117,1362,317,374,46,2602,29,10,125,88,322,14,589,231,96,668,457,768,39,2254,665,130,907,165,200,31,2093,498,125,1285,332,558,75,2869,20,6,96,47,112,12,299,52,12,148,105,737,36,1085,46,8,169,90,428,122,862,2546,663,7251,3423,11162,740,25795,7,0,19,8,16,3,48,11,9,45,25,30,3,118,38,20,159,115,176,19,527,24,9,43,28,54,3,157,23,11,101,107,172,18,425,11,6,77,51,94,5,247,81,19,386,324,705,68,1586,37,8,307,280
LGA15950,12,3,21,7,7,0,55,20,8,40,3,6,0,74,107,18,273,69,97,21,577,30,5,62,6,13,0,130,125,23,350,117,373,25,1012,144,18,325,75,65,19,646,101,19,324,108,95,16,663,58,9,235,158,151,31,638,75,11,197,86,107,19,491,163,24,531,122,82,27,952,643,141,1323,216,75,51,2446,81,15,200,95,80,14,486,1110,179,2368,345,160,91,4256,68,18,210,71,73,14,454,188,48,305,92,129,20,791,336,58,338,51,38,14,833,281,37,476,69,49,23,938,45,5,168,48,49,8,323,42,10,110,42,111,4,318,131,21,303,70,68,56,649,3772,659,8177,1851,1828,452,16742,9,5,15,4,3,4,39,12,0,15,3,0,0,37,105,19,215,40,40,11,428,14,8,31,5,8,3,66,64,14,150,49,27,15,324,113,25,295,63,46,10,552,116,20,450,187,117,28,915,72,7,276,133
LGA15990,21,0,69,30,60,10,188,32,7,68,8,25,8,141,254,45,748,421,1205,88,2762,70,8,105,70,187,12,446,222,47,1074,816,5559,167,7887,269,55,774,369,530,72,2073,222,46,884,525,1005,105,2784,105,26,589,496,699,86,1994,138,38,456,373,638,77,1721,257,52,937,376,349,57,2023,917,239,2319,691,271,111,4546,131,46,474,247,365,40,1299,1617,292,4283,1081,747,230,8250,112,28,556,231,534,70,1533,359,121,741,528,707,58,2517,614,191,1088,256,279,60,2486,515,113,988,311,364,68,2362,68,24,313,152,262,26,850,97,18,297,175,1167,38,1793,249,53,721,348,826,236,2441,6280,1434,17478,7502,15783,1618,50093,6,3,46,32,19,9,114,5,5,21,8,11,5,49,143,44,612,309,252,51,1421,27,11,58,20,19,3,141,77,33,368,313,297,43,1139,199,50,670,398,307,76,1697,197,70,1182,873,918,214,3438,95,28,627,481
LGA16100,3,3,17,20,87,17,138,0,0,0,0,12,0,11,0,0,8,14,117,0,144,0,0,0,3,8,0,14,0,3,3,6,81,3,96,0,0,0,5,4,0,8,0,0,3,0,13,0,16,0,0,0,4,10,0,19,0,0,0,3,26,3,32,0,0,0,0,3,0,3,0,0,0,3,3,0,7,0,0,0,0,3,3,5,3,0,9,6,16,0,36,0,0,0,0,5,0,12,3,3,9,3,31,0,51,7,0,14,0,8,0,23,0,0,9,3,6,3,21,0,0,0,0,3,0,5,0,0,3,0,24,0,29,0,0,0,6,48,3,54,22,14,74,75,506,35,721,0,3,11,8,17,7,44,0,0,0,0,0,0,0,0,0,0,4,20,7,34,0,0,3,0,0,0,5,0,0,3,0,0,0,5,0,0,0,3,7,0,5,0,0,5,4,21,3,34,0,0,4,6
LGA16150,10,0,26,24,74,20,156,32,10,94,57,377,15,580,16,3,66,66,342,20,498,0,0,11,20,58,3,91,7,0,37,53,739,30,870,3,0,23,12,106,4,149,10,6,53,41,248,23,384,19,0,32,36,137,14,233,4,3,15,22,185,20,246,3,0,24,13,33,4,72,6,5,34,29,17,0,96,0,3,12,15,28,3,67,38,13,143,39,57,7,302,7,0,25,14,78,9,134,62,28,133,106,144,12,482,79,30,180,47,71,4,420,88,31,243,96,160,24,659,0,0,10,8,17,3,46,8,3,25,15,241,3,298,8,0,25,12,112,23,180,399,143,1215,721,3225,236,5945,3,6,23,14,22,4,74,7,3,36,14,26,0,89,4,3,31,25,58,9,132,0,0,3,6,8,0,15,3,3,19,27,39,4,89,0,5,4,4,26,4,41,5,7,70,69,286,33,467,5,0,48,51
LGA16200,4,0,40,21,160,36,262,9,6,48,30,187,3,289,0,0,3,8,100,0,114,3,0,3,0,36,0,43,0,0,8,9,151,10,181,0,0,5,3,40,0,53,0,0,7,10,83,14,114,0,0,4,3,44,5,60,0,0,5,9,118,6,143,0,0,0,0,9,0,9,0,0,0,12,5,0,14,0,0,0,0,9,0,15,0,0,20,12,14,4,46,0,0,3,3,23,0,29,8,4,37,43,65,5,162,11,13,43,12,17,0,90,7,3,21,11,37,0,87,0,0,0,0,7,0,7,0,0,3,6,95,0,109,0,0,4,7,48,13,71,55,34,253,194,1261,97,1903,0,3,21,33,49,9,114,4,0,17,9,20,0,54,0,0,3,3,13,3,18,0,0,0,0,0,0,3,0,0,3,0,14,0,17,0,0,3,0,11,0,15,3,0,10,17,87,19,131,0,0,16,17
LGA16260,8,9,27,15,26,6,87,12,0,25,13,16,7,71,506,60,1056,443,776,96,2938,127,21,191,58,129,15,542,347,35,936,598,2398,175,4485,485,52,823,307,410,59,2131,636,54,1187,412,644,120,3065,232,25,684,491,414,77,1916,370,46,796,481,588,97,2371,491,63,759,210,179,64,1773,1095,127,1652,402,238,89,3610,161,18,305,168,193,30,874,1978,250,3687,533,347,168,6966,217,27,533,224,313,46,1364,587,119,872,491,558,62,2686,861,105,929,156,211,42,2302,729,132,1458,333,332,82,3065,73,11,191,91,129,21,509,213,32,355,172,707,48,1525,399,40,736,297,518,242,2234,9544,1225,17205,5893,9114,1539,44517,5,3,15,3,11,3,37,9,0,9,0,0,0,26,301,28,665,236,234,70,1537,54,5,91,14,24,3,192,142,20,321,168,173,38,863,347,41,594,259,169,44,1449,410,35,1156,519,498,117,2736,181,18,537,302
LGA16350,4,0,32,27,116,10,189,0,0,9,17,69,3,93,102,18,396,418,2293,104,3331,46,13,69,97,398,26,654,58,12,257,388,4839,234,5791,68,12,181,162,769,44,1239,78,18,310,282,1141,98,1925,32,9,138,169,470,33,854,91,22,265,331,1515,139,2363,45,12,127,118,223,25,549,126,23,353,290,325,34,1145,12,6,57,74,262,19,429,205,59,633,307,386,54,1650,31,3,91,128,446,50,758,167,81,524,668,1058,86,2573,371,87,558,172,248,28,1458,186,42,518,264,393,53,1451,10,3,83,60,172,20,342,50,9,98,131,1341,22,1657,39,16,164,173,1071,245,1702,1722,437,4875,4278,17528,1334,30168,3,3,28,17,58,12,114,0,0,7,6,5,0,19,55,7,228,230,418,60,996,6,8,41,37,89,5,190,25,4,129,224,418,48,855,38,4,124,156,272,44,638,76,29,404,450,1010,125,2098,27,3,175,249
LGA16380,13,8,43,37,177,29,302,3,0,6,4,61,3,80,11,0,45,50,400,14,514,41,11,96,132,195,16,487,5,4,127,113,1680,73,2009,3,0,11,27,181,7,235,12,3,76,80,516,35,732,9,4,41,71,361,32,514,3,9,27,50,313,29,440,7,0,14,19,41,6,87,8,9,56,78,28,7,180,4,0,20,40,111,12,184,53,23,220,87,99,20,504,5,3,20,44,214,14,301,31,21,153,151,304,21,681,98,69,374,80,121,12,756,134,43,364,164,324,41,1072,3,0,14,24,70,5,114,8,0,28,36,413,15,506,5,4,32,23,219,53,337,468,216,1779,1311,5812,448,10031,3,7,28,16,35,14,104,0,0,0,0,0,0,7,4,3,18,33,69,7,141,14,9,58,52,95,7,232,4,4,32,48,91,12,191,0,0,16,24,48,4,94,7,8,95,166,507,59,846,8,3,60,133
LGA16400,0,0,18,15,100,8,141,8,4,27,29,260,11,334,18,6,91,142,808,29,1097,3,3,20,29,89,4,143,15,6,50,87,1424,58,1642,4,0,21,41,151,4,213,7,3,51,47,373,27,510,4,7,37,59,261,30,394,9,3,39,85,456,30,634,0,0,8,9,43,0,67,7,4,28,47,34,3,132,0,3,20,21,96,4,146,62,15,208,112,181,11,587,3,3,21,27,194,15,260,80,27,210,357,707,37,1417,70,30,163,63,88,8,419,45,15,126,73,152,15,429,0,0,11,19,64,13,106,6,4,28,33,446,10,529,8,3,26,39,282,64,433,363,141,1208,1339,6201,380,9634,3,0,16,14,20,4,63,0,0,5,8,14,4,38,8,6,38,32,96,18,193,3,0,9,7,17,0,39,4,4,33,53,103,9,214,3,0,14,16,50,0,83,20,5,96,124,419,55,707,3,3,62,100
LGA16490,8,7,39,32,92,13,193,3,0,0,7,18,0,27,21,3,51,63,342,16,505,9,0,18,18,113,3,162,11,10,75,138,1416,63,1710,12,4,28,24,114,4,187,40,4,107,83,241,16,493,13,4,63,76,181,12,341,29,3,57,46,217,22,377,15,7,40,52,69,7,198,11,8,31,32,19,3,101,5,4,22,33,67,4,135,179,51,339,161,117,22,862,9,4,23,44,115,11,200,663,194,808,567,608,49,2890,112,44,171,69,95,15,500,60,20,148,69,99,15,406,6,5,35,22,46,3,114,12,5,50,41,327,10,450,30,9,40,40,252,53,417,1254,374,2148,1609,4536,340,10261,7,8,34,15,23,7,103,0,0,0,0,4,0,7,4,7,28,28,45,8,118,0,0,13,12,30,4,49,3,3,30,44,69,12,164,3,3,11,15,31,0,70,29,7,113,101,248,26,515,12,3,63,68
LGA16550,9,4,28,13,18,3,69,19,3,24,7,14,0,64,151,13,319,113,337,30,958,39,5,81,31,82,7,248,126,22,666,325,2181,108,3436,123,18,276,101,129,32,685,153,24,497,192,300,52,1220,103,17,424,288,375,57,1266,160,32,372,255,420,57,1291,169,39,527,129,120,23,1005,553,120,1238,222,105,55,2301,92,22,244,134,149,24,668,939,152,2169,320,233,72,3888,96,8,344,117,204,31,798,291,90,538,313,421,48,1696,1136,104,737,110,139,41,2278,512,61,955,152,146,51,1871,59,10,251,99,167,27,610,72,10,171,93,376,24,743,189,20,341,115,256,113,1041,4976,769,10215,3131,6184,851,26131,3,0,11,3,3,0,21,6,0,16,0,3,3,31,89,14,229,78,60,19,487,21,5,33,7,6,8,71,51,16,205,116,80,16,483,103,21,274,105,76,12,594,169,37,708,329,277,85,1602,113,11,528,249
LGA16610,7,5,25,27,146,22,225,0,0,3,0,35,0,39,0,3,20,22,353,37,430,0,0,4,7,43,0,56,0,0,4,7,291,14,315,0,0,4,3,45,0,53,0,0,11,7,126,9,161,0,0,6,8,76,9,107,0,0,3,12,109,10,131,0,0,3,0,15,0,19,0,0,0,5,4,0,8,0,0,3,4,13,0,23,3,0,33,12,20,5,78,0,0,5,6,33,0,40,5,4,27,38,102,8,183,17,10,52,21,31,4,128,16,4,37,27,65,4,146,0,0,0,6,16,3,32,4,0,6,4,114,3,127,0,0,4,4,76,27,111,51,33,256,211,1703,146,2394,0,3,15,23,33,5,79,0,0,0,0,0,0,0,0,3,12,16,75,9,114,0,0,0,0,3,0,3,0,0,3,0,25,3,30,0,0,3,11,15,0,26,0,3,22,22,121,18,180,0,0,12,16
LGA16650,3,0,3,3,10,0,20,3,0,11,3,5,0,19,114,15,300,133,386,47,995,14,3,36,36,51,9,145,98,9,469,320,1272,126,2295,111,4,223,108,149,22,616,201,13,501,262,345,63,1386,205,21,549,466,368,73,1678,137,30,468,361,591,112,1691,78,16,216,89,99,18,505,305,54,620,204,114,30,1333,44,7,121,92,103,21,385,539,67,1136,284,162,62,2244,107,19,256,125,168,44,720,140,38,360,194,326,34,1090,294,61,347,87,89,22,899,241,47,531,170,183,45,1219,34,10,94,67,86,10,303,42,9,133,110,465,27,785,103,16,290,136,314,153,1003,2805,429,6664,3229,5271,927,19324,3,0,5,0,4,0,12,0,0,8,6,6,3,22,65,13,174,104,88,28,473,17,4,25,5,7,3,55,46,3,132,85,73,18,353,79,9,183,93,80,15,462,196,15,570,352,343,82,1561,123,7,459,260
LGA16700,7,0,20,9,15,0,48,11,0,7,8,12,0,44,245,20,514,189,328,34,1329,54,6,72,19,50,0,209,170,14,477,284,1244,61,2257,267,25,530,146,193,31,1192,227,30,615,230,334,49,1490,121,8,405,273,295,47,1143,138,13,300,172,247,43,915,280,34,578,139,109,35,1177,542,66,959,238,116,45,1974,113,14,202,107,97,19,552,988,127,1900,329,193,87,3619,104,11,249,105,169,20,648,257,54,402,183,261,33,1198,538,68,514,95,114,33,1358,334,63,682,169,180,61,1487,47,5,126,47,83,10,317,105,16,196,93,398,20,817,202,16,396,126,225,125,1086,4751,600,9131,2964,4670,754,22873,7,0,17,6,5,0,42,4,0,13,0,3,0,25,166,25,374,131,91,22,817,31,3,55,3,10,0,101,74,18,155,98,93,18,457,240,31,397,123,111,41,944,222,22,634,276,277,60,1503,124,12,366,234
LGA16900,0,0,5,6,31,0,46,4,0,32,72,369,9,494,30,12,104,192,868,31,1236,0,6,11,34,163,9,219,7,5,74,133,1759,74,2042,10,0,31,42,178,8,266,10,3,73,85,423,33,625,5,0,18,45,221,16,308,4,0,42,84,481,32,646,7,0,35,15,47,5,109,15,8,50,61,51,13,194,0,3,12,20,95,8,132,37,12,161,123,126,17,474,4,6,19,40,171,17,252,44,15,156,234,356,33,838,76,54,194,46,82,8,458,66,21,154,116,234,21,614,3,0,10,13,43,4,85,10,6,26,40,487,15,579,5,3,24,53,303,75,458,338,143,1223,1453,6480,423,10061,3,0,4,0,18,3,28,0,0,4,4,12,0,31,10,3,35,29,68,5,142,0,0,5,3,4,5,16,4,3,33,43,101,11,200,0,3,18,16,54,6,88,11,3,89,158,528,70,852,5,3,74,96
LGA16950,16,3,38,35,181,12,286,0,0,11,13,86,3,105,16,5,70,95,724,29,944,4,0,11,37,196,6,256,19,4,108,142,2269,63,2610,11,3,20,24,136,10,199,13,4,76,87,579,43,806,17,4,70,108,444,51,697,7,4,39,68,336,43,498,5,0,27,24,53,0,113,12,8,44,35,31,3,137,6,3,24,32,105,4,170,70,36,253,130,141,25,649,3,4,25,43,325,24,430,112,49,306,547,941,48,1997,101,73,292,49,137,8,661,102,31,278,148,283,30,865,4,3,25,16,101,12,168,15,3,36,42,485,25,600,16,7,44,37,340,98,543,537,256,1789,1718,7906,541,12744,9,8,25,29,60,10,138,0,0,0,4,0,0,4,7,0,48,54,124,9,246,0,0,3,8,19,0,36,0,4,41,47,115,18,231,0,0,7,23,33,0,68,21,20,138,207,544,84,1016,20,12,117,184
LGA17000,9,0,9,18,72,9,116,46,17,172,142,1110,31,1516,3,0,20,29,176,7,239,9,4,23,47,116,5,199,3,0,13,29,292,10,350,0,0,6,11,87,4,114,3,0,4,9,79,9,100,0,0,14,9,54,5,85,0,0,8,10,82,10,116,0,0,6,0,8,0,14,0,0,5,3,3,0,19,0,0,3,6,23,3,33,5,3,30,28,33,3,105,6,0,3,11,73,9,96,11,5,38,46,154,4,260,15,3,42,8,29,0,102,8,4,20,15,21,0,69,3,0,0,0,7,0,8,0,0,9,10,211,9,237,0,0,12,9,89,15,131,111,44,450,446,2715,143,3915,0,0,6,12,23,14,60,17,4,83,51,128,7,292,0,3,13,10,36,3,69,3,0,4,5,18,0,38,0,0,14,13,43,3,77,0,0,0,5,32,0,41,3,7,28,31,138,22,223,0,0,31,29
LGA17040,17,6,55,45,243,28,393,0,0,3,4,16,0,23,0,0,11,5,109,7,148,25,0,67,39,88,4,214,3,0,14,25,431,25,497,0,0,5,9,40,3,55,3,0,19,15,129,11,178,8,8,34,45,215,28,340,0,0,8,12,105,11,133,3,0,5,9,19,0,33,0,0,9,3,5,0,23,0,0,18,12,26,3,61,18,7,64,20,33,5,143,3,0,7,10,54,10,81,14,16,82,63,147,18,344,19,10,64,18,41,0,150,13,3,36,15,31,10,101,8,13,34,24,137,13,236,5,0,13,3,132,6,157,3,3,4,8,72,25,122,153,68,543,387,2058,207,3413,3,0,46,42,49,18,163,0,0,0,0,0,0,4,0,3,8,11,31,6,59,3,0,16,9,20,0,45,0,0,3,19,22,3,48,3,0,10,6,21,0,42,7,3,53,45,119,22,248,5,3,63,76
LGA17080,6,8,76,47,214,29,370,0,0,0,0,11,3,13,5,3,37,33,294,19,402,0,0,14,23,78,3,114,0,0,4,16,187,9,215,0,0,3,0,13,3,14,0,0,7,3,46,3,71,0,0,8,10,29,6,53,0,0,3,0,78,6,90,0,0,0,0,4,3,7,0,0,0,3,3,0,3,0,0,0,3,4,0,4,0,0,19,3,9,0,33,0,3,3,7,35,3,44,3,3,27,24,57,10,129,12,3,41,5,8,0,72,3,3,16,16,16,0,55,0,0,9,0,15,0,24,0,0,3,0,67,7,79,0,0,4,6,67,21,104,42,32,269,199,1226,129,1888,5,7,59,40,57,14,185,0,0,0,0,0,0,0,0,0,10,20,38,3,70,0,0,3,3,3,0,10,0,0,3,4,22,0,31,0,0,0,4,10,3,11,0,0,16,15,77,23,126,0,3,4,23
LGA17100,3,0,7,4,0,3,15,3,0,9,0,0,0,10,61,6,135,62,64,10,338,17,0,18,5,6,0,51,44,9,202,102,318,24,700,62,11,144,56,45,15,329,152,4,295,103,86,21,665,50,10,207,134,107,26,537,64,8,165,72,87,23,412,72,6,124,32,12,4,256,209,30,398,55,37,20,754,20,7,57,23,40,9,146,386,43,773,73,36,32,1335,43,3,124,54,33,10,274,84,17,131,55,99,12,393,127,19,124,10,22,7,306,228,15,452,54,42,29,827,5,3,33,11,10,4,67,37,3,77,29,78,10,235,80,5,159,46,71,67,416,1756,198,3616,984,1199,319,8074,0,0,0,0,0,0,4,0,0,3,0,0,0,7,30,8,81,30,27,8,176,3,0,11,0,3,0,22,26,0,73,33,15,10,151,42,3,93,24,25,5,197,89,7,251,91,71,35,555,42,7,143,99
LGA17150,7,5,19,18,40,3,94,16,7,34,29,65,0,144,181,42,586,438,1843,82,3169,71,8,138,148,346,7,720,125,28,735,724,6074,162,7855,101,21,402,281,636,45,1481,114,25,549,415,1079,93,2284,54,7,251,259,615,38,1222,149,48,501,677,1790,115,3281,102,28,369,196,277,31,998,361,124,1108,573,347,59,2566,55,22,184,254,334,38,880,701,153,2019,689,697,126,4382,47,13,233,164,523,35,1015,295,153,871,924,1160,74,3468,550,171,1004,224,279,38,2259,377,90,818,315,348,62,2013,37,15,205,132,280,28,696,73,18,200,160,1380,34,1865,108,22,339,258,932,201,1874,3540,999,10545,6879,19031,1281,42275,3,0,8,10,18,0,41,4,0,11,4,3,0,28,61,33,336,268,322,66,1081,14,3,45,37,37,5,140,60,19,236,245,313,46,910,62,10,282,249,230,48,884,115,34,736,693,962,161,2701,48,17,296,330
LGA17200,19,3,41,13,22,10,98,28,0,62,10,16,0,118,234,22,592,207,278,34,1365,81,7,129,30,28,11,286,241,47,845,348,1213,87,2773,241,41,570,151,176,32,1207,347,45,1083,512,417,94,2501,363,50,1888,1364,987,229,4883,267,50,668,281,344,60,1664,471,127,1477,301,213,66,2654,1311,270,2892,454,238,87,5257,209,40,472,165,198,56,1143,2549,379,5527,749,416,194,9816,200,33,880,290,245,66,1721,675,167,1173,440,631,51,3133,1552,186,1225,209,137,42,3341,818,148,1442,252,201,68,2928,194,60,638,213,210,35,1345,138,27,381,181,469,43,1244,332,37,927,279,279,274,2132,10264,1736,22922,6450,6693,1542,49610,9,0,21,10,7,3,56,16,5,25,3,4,0,64,191,24,429,132,93,29,898,45,3,75,8,4,0,142,138,22,332,82,60,21,653,227,26,514,126,68,18,992,382,54,1536,650,388,102,3111,403,43,2074,1030
LGA17310,17,6,84,93,348,48,595,3,0,8,16,148,3,180,17,3,64,76,595,60,816,4,0,13,31,116,6,163,3,3,32,57,1104,47,1253,3,0,34,35,191,30,288,17,0,49,57,363,28,514,8,0,33,55,149,26,267,0,3,32,68,374,36,515,0,0,22,13,49,5,84,8,6,37,45,47,0,147,0,0,15,24,67,12,126,19,22,148,51,85,9,330,4,3,24,31,115,12,187,48,16,182,170,283,21,720,57,49,253,64,100,13,536,87,26,207,113,166,21,615,0,0,4,9,43,4,66,7,0,29,27,391,10,467,6,3,26,34,260,69,387,310,151,1285,1068,4976,472,8259,6,3,70,59,91,24,254,0,0,0,0,10,0,13,0,5,45,38,101,32,219,0,0,5,3,7,0,16,0,0,14,31,71,19,128,0,0,27,26,51,13,113,13,3,77,104,406,43,641,5,3,38,64
LGA17350,0,3,19,6,145,12,187,0,0,0,0,7,0,10,0,0,10,0,26,3,35,0,0,5,5,27,0,40,0,0,0,3,81,3,87,0,0,7,4,23,0,34,0,0,4,0,31,0,40,0,0,0,6,13,3,23,0,0,0,4,30,3,32,0,0,3,0,0,0,3,0,0,0,6,0,0,4,0,0,0,0,3,0,3,0,3,15,11,3,4,37,0,0,0,0,4,0,4,0,3,7,12,31,0,51,3,4,22,3,8,0,41,0,0,9,6,6,0,26,0,0,0,0,6,0,10,0,0,5,0,38,0,50,0,0,0,0,27,4,38,11,14,113,73,520,42,763,0,3,19,12,28,8,70,0,0,0,0,0,0,0,0,0,3,0,0,4,11,0,0,0,0,3,0,0,0,0,0,3,0,0,4,0,0,3,3,7,0,15,3,0,6,3,35,3,57,0,0,0,5
LGA17400,3,0,19,20,89,18,157,0,0,3,0,16,0,18,0,0,0,4,23,0,30,0,0,0,0,10,0,17,0,0,0,3,104,14,118,0,0,3,0,13,0,12,0,0,5,4,29,0,36,0,0,3,7,16,3,29,0,0,5,6,23,3,31,0,0,0,0,4,0,4,0,0,0,0,0,0,0,0,0,0,0,8,0,10,3,3,7,3,10,0,20,0,0,0,0,4,0,4,0,0,9,14,29,6,59,6,7,21,3,11,3,45,0,0,7,14,18,5,42,0,0,0,0,5,0,8,0,0,0,3,24,0,25,0,0,0,0,25,3,31,15,7,90,81,439,59,694,3,0,25,28,28,7,99,0,0,0,0,0,0,0,0,0,0,3,7,0,14,0,0,0,0,0,0,0,0,0,3,0,8,0,8,0,0,0,0,0,0,0,0,0,10,5,33,5,55,0,0,5,3
LGA17420,13,0,39,26,66,8,151,17,0,37,10,39,0,103,363,49,798,385,871,69,2538,123,15,139,60,149,6,490,203,31,689,511,2893,144,4471,324,45,644,294,432,55,1804,229,51,704,347,657,81,2065,74,13,232,202,238,21,790,166,29,383,234,440,52,1301,214,30,473,177,185,28,1111,519,116,1135,414,185,58,2426,102,13,226,133,230,39,736,940,136,2050,521,415,102,4168,72,20,197,138,259,27,715,366,81,580,390,428,38,1881,461,95,709,141,145,30,1578,544,84,864,236,205,61,1993,36,3,116,53,101,12,317,120,18,204,114,745,42,1241,179,25,443,226,452,128,1449,5060,845,10689,4619,9126,1001,31333,6,0,20,16,33,9,88,3,0,20,9,3,3,37,135,27,491,260,196,63,1166,32,4,56,24,23,8,147,71,29,272,270,265,40,936,166,33,424,226,153,43,1047,166,38,787,459,586,121,2157,52,13,241,238
LGA17550,15,6,47,37,188,15,306,8,0,24,27,121,5,187,8,7,66,55,512,39,688,3,0,13,38,143,12,214,11,11,105,184,2102,91,2506,8,3,32,33,139,13,232,17,8,120,94,485,38,766,13,9,99,125,454,28,732,7,7,53,73,386,35,565,3,3,28,21,60,10,124,13,11,40,64,35,0,174,11,7,50,42,107,13,218,59,27,303,118,125,20,648,13,0,41,45,231,25,361,48,31,150,196,356,21,801,108,77,372,87,130,20,796,114,41,321,180,297,24,980,5,4,42,41,111,6,215,4,6,40,43,437,19,547,13,6,64,60,348,86,574,477,262,2021,1571,6772,529,11628,3,9,37,28,51,6,135,0,0,3,3,9,0,14,6,7,36,51,75,12,181,3,0,13,4,11,3,37,4,3,45,73,108,7,241,3,4,18,31,49,4,102,25,18,137,193,457,54,886,16,5,139,211
LGA17620,7,3,54,60,212,33,373,7,7,12,34,359,23,454,0,0,25,14,88,7,127,0,0,0,12,60,3,78,0,0,3,13,222,12,246,0,0,4,5,40,0,59,4,0,13,3,45,4,66,3,0,5,9,26,5,49,0,0,3,4,49,6,59,0,0,3,0,5,0,9,3,3,0,8,5,0,13,0,0,3,3,13,3,19,3,3,30,5,13,3,58,0,0,0,0,26,3,26,4,4,18,14,52,3,93,14,5,43,12,12,4,85,3,0,15,13,12,4,41,0,0,6,5,17,0,36,0,0,3,3,84,0,95,0,0,3,7,46,12,74,48,32,251,224,1378,136,2067,6,9,64,55,103,17,252,3,0,11,10,33,0,55,0,0,9,5,19,7,46,0,0,0,7,5,0,14,0,0,4,7,7,0,18,0,0,5,0,11,4,27,0,0,14,15,72,14,108,0,0,8,18
LGA17640,13,3,36,45,199,28,324,0,0,0,0,3,3,9,0,0,0,7,32,3,45,0,0,3,0,23,0,25,0,0,5,10,127,12,160,0,0,0,3,19,0,26,0,0,3,3,29,3,37,0,0,3,7,10,3,22,0,0,0,6,41,3,54,3,0,4,3,6,0,13,0,0,4,7,0,0,9,0,0,3,3,5,0,11,6,0,30,6,11,3,56,0,0,3,3,7,0,13,8,6,21,35,64,3,148,11,5,19,8,7,0,52,0,0,9,3,9,0,33,0,0,0,3,11,0,14,0,0,0,3,48,0,58,3,0,3,0,22,9,37,54,25,153,154,689,76,1151,0,9,30,35,46,6,134,0,0,0,0,0,0,0,0,0,3,0,10,0,10,0,0,0,0,3,0,6,0,0,3,10,5,0,13,0,0,0,3,3,0,11,0,0,7,17,25,7,59,0,0,7,8
LGA17650,5,3,14,25,104,19,171,0,0,0,0,3,0,3,0,0,3,4,30,3,41,0,0,0,0,6,0,9,0,0,8,5,131,0,149,0,0,3,7,11,0,23,0,0,3,0,33,6,40,0,0,0,3,21,5,36,0,0,4,3,20,3,28,0,0,0,0,5,0,11,0,0,6,3,0,0,6,0,0,6,0,4,3,10,9,0,18,3,7,0,36,0,0,3,0,9,0,14,0,6,20,16,34,4,78,22,10,38,8,18,0,92,6,0,16,8,12,0,47,0,0,3,4,3,0,9,3,0,0,0,30,0,32,0,3,0,0,23,12,42,48,32,134,105,514,47,880,0,7,10,12,28,7,61,0,0,0,0,0,0,3,0,0,3,6,7,0,12,0,0,0,0,0,0,0,0,0,0,3,3,0,8,0,0,0,4,7,0,16,0,0,10,17,33,3,60,0,0,4,6
LGA17750,14,8,91,80,273,26,496,0,0,3,3,33,0,45,16,3,147,87,614,50,915,7,0,6,39,147,7,206,4,3,52,44,1363,25,1493,0,4,33,32,247,22,341,11,0,100,62,426,28,625,11,0,50,51,226,18,362,16,3,40,55,372,33,528,3,3,28,13,70,3,121,6,7,49,51,34,3,153,0,0,29,19,42,7,101,36,39,238,60,94,10,473,6,5,26,22,124,12,185,91,53,263,278,618,35,1334,211,69,326,85,157,14,860,118,35,301,104,164,19,746,6,0,15,11,44,0,89,13,0,32,23,450,13,529,7,3,38,23,255,51,370,587,239,1863,1151,5771,367,9970,8,11,54,47,72,15,207,0,0,0,0,0,0,3,4,3,60,34,93,18,211,0,0,3,7,20,0,25,0,9,32,31,90,10,167,0,3,28,22,49,3,101,3,13,133,101,421,54,720,13,6,74,81
LGA17850,4,3,35,39,122,13,220,0,0,0,0,3,0,3,0,0,0,3,6,0,6,0,0,0,0,7,0,7,0,0,0,0,37,0,39,0,0,6,0,7,0,8,0,0,4,0,10,3,16,0,0,3,0,3,0,7,0,0,0,0,3,0,8,0,0,0,0,0,0,0,0,0,6,0,0,0,6,0,0,0,0,0,0,0,0,0,12,0,3,0,11,0,0,0,0,0,0,4,3,0,0,0,23,0,29,5,3,6,0,7,0,22,0,0,0,4,9,0,18,0,0,0,0,0,0,3,0,0,0,3,16,0,22,0,0,0,0,7,3,11,13,4,64,64,260,28,430,0,10,23,23,24,12,90,0,0,0,0,0,0,0,0,0,0,0,0,0,3,0,0,0,0,0,0,0,0,0,0,0,3,0,3,0,0,0,0,0,0,3,0,0,0,9,10,3,17,0,0,3,8
LGA17900,0,0,25,36,97,14,167,0,0,0,0,14,0,16,0,0,0,3,4,3,14,0,0,0,0,4,0,8,0,0,0,3,33,0,40,0,0,0,0,4,0,3,0,0,3,3,9,0,20,0,0,0,3,24,5,30,0,0,0,0,11,0,9,0,0,0,0,3,0,5,0,0,0,0,0,0,0,0,0,0,0,0,0,3,0,0,3,3,7,0,10,0,0,0,0,3,0,9,3,0,17,23,23,4,68,3,3,19,3,3,0,35,3,3,13,7,9,3,43,0,0,0,3,3,0,14,0,0,0,0,19,5,23,0,0,0,0,9,8,22,14,11,90,94,285,46,541,3,5,24,30,24,3,82,0,0,3,0,4,0,6,0,0,0,3,0,3,6,0,0,0,0,0,0,0,0,0,3,0,0,0,6,0,0,0,0,0,0,3,0,0,9,8,7,3,31,0,0,4,4
LGA17950,4,0,33,24,81,15,156,0,0,0,0,5,0,3,0,0,0,0,6,0,8,0,0,0,0,16,0,16,0,0,0,3,21,0,24,0,0,0,0,10,3,16,0,0,0,0,14,0,18,0,0,0,0,3,3,3,0,0,0,0,5,0,6,0,0,0,0,0,0,0,0,0,0,0,0,0,0,0,0,0,0,0,0,0,0,0,0,0,0,0,8,0,0,0,0,3,0,3,4,0,3,3,17,0,25,0,0,8,0,3,0,14,0,0,3,0,0,0,7,0,0,0,0,0,0,0,0,0,0,0,12,0,17,0,0,0,0,4,0,4,7,4,55,35,206,23,336,0,3,26,22,24,11,84,0,0,0,0,0,0,0,0,0,0,0,0,0,0,0,0,0,0,0,0,0,0,0,5,0,0,0,4,0,0,0,3,5,0,9,0,0,6,0,5,3,19,0,0,0,0
LGA18020,7,0,49,54,187,44,340,0,0,0,0,15,0,19,0,0,0,0,28,0,34,0,0,0,0,19,3,19,0,0,0,7,76,6,91,0,0,3,0,11,0,20,0,0,7,4,37,0,58,0,0,3,0,9,0,15,0,0,0,6,41,5,47,0,0,0,0,3,0,5,0,0,0,0,5,0,4,0,0,0,0,3,0,9,0,0,12,8,15,0,37,0,0,0,0,3,0,3,4,3,14,28,61,5,118,7,10,28,0,9,0,58,4,0,16,4,23,3,45,0,0,3,0,4,0,6,0,0,0,3,47,0,61,0,3,0,0,34,11,51,28,15,139,116,645,93,1037,3,4,35,34,38,18,134,0,0,0,0,0,0,0,0,0,0,0,7,0,13,0,0,0,0,0,0,3,0,0,0,0,5,0,8,0,0,4,0,3,0,6,3,0,7,10,31,12,62,0,0,5,5
LGA18050,6,0,15,5,6,0,41,10,0,24,3,0,0,40,67,11,194,64,103,23,452,18,3,31,8,15,0,82,74,21,430,190,797,70,1585,91,9,206,55,45,17,429,67,14,285,115,104,20,616,61,12,304,212,223,49,853,57,13,202,84,137,17,508,143,27,433,95,55,18,778,437,98,1034,116,42,46,1779,65,22,216,74,76,17,467,667,128,1811,244,108,73,3041,52,19,282,78,92,21,547,116,32,194,92,107,15,546,274,62,284,51,44,21,739,266,35,457,57,54,33,899,36,10,190,60,67,16,381,29,3,101,45,153,19,357,108,11,337,91,108,90,749,2633,521,7033,1742,2353,580,14864,0,0,13,3,3,0,18,0,0,7,0,0,0,6,47,7,157,58,29,10,300,11,0,30,5,4,0,52,38,0,132,53,23,11,263,63,12,193,63,29,13,367,92,24,497,208,131,47,991,83,14,387,167
LGA18100,0,0,28,22,110,18,186,0,0,0,0,5,0,5,0,0,0,4,17,0,14,0,0,0,0,5,0,5,0,0,0,3,40,0,45,0,0,0,0,7,0,14,0,0,0,0,10,0,9,0,0,0,0,3,0,4,0,0,0,0,14,0,15,0,0,0,0,3,0,4,0,0,0,0,0,0,0,0,0,0,0,0,0,0,0,0,4,0,3,0,6,0,0,0,0,0,0,3,3,0,6,5,16,3,35,0,3,9,0,0,0,19,0,0,0,0,6,0,3,0,0,0,0,0,0,3,0,0,0,0,21,0,20,0,0,0,0,7,4,14,9,3,65,44,263,33,414,3,5,24,28,24,11,87,0,0,0,0,0,0,0,0,0,0,0,3,0,5,0,0,0,0,0,0,0,0,0,0,3,0,0,3,0,0,0,0,3,0,6,0,0,0,4,16,3,22,0,0,3,0
LGA18200,0,0,26,17,114,17,168,0,0,3,0,23,0,31,0,0,3,7,37,3,56,3,0,0,3,37,0,39,0,0,0,8,102,0,111,0,0,3,3,19,3,27,0,0,0,5,32,11,43,0,0,4,0,28,3,37,0,0,0,3,34,0,36,0,0,0,0,7,0,6,0,0,3,0,0,0,6,0,0,3,0,4,0,8,0,0,17,4,9,0,25,0,0,0,8,12,0,21,0,0,6,20,26,0,60,0,6,16,8,8,0,39,4,0,11,15,9,0,38,0,0,0,0,3,0,7,0,0,0,3,39,3,38,0,0,8,3,26,11,42,7,8,102,99,569,53,843,0,3,18,16,24,8,69,0,0,0,0,0,0,3,0,0,3,4,9,0,18,0,0,0,0,0,0,3,0,0,3,5,6,0,15,0,0,0,3,6,0,14,0,0,10,8,28,4,41,0,0,3,9
LGA18230,7,4,78,75,266,39,478,3,0,12,13,131,3,164,27,4,72,53,387,29,569,3,0,19,27,112,0,165,3,0,31,45,1008,37,1123,4,3,38,30,183,23,279,26,3,60,47,349,32,517,10,0,55,47,145,14,265,4,3,27,27,226,27,313,3,5,9,9,30,3,62,6,9,41,33,26,4,121,0,0,17,18,50,4,86,34,27,140,44,96,19,357,0,3,16,18,100,11,134,38,26,151,142,299,19,682,52,40,191,40,80,6,412,67,26,177,93,166,17,543,3,3,14,9,81,5,115,7,3,20,17,363,16,430,6,0,15,16,176,46,261,312,157,1187,801,4278,344,7084,5,6,52,50,66,15,196,0,0,4,3,11,0,16,8,3,49,31,57,10,156,3,0,15,4,32,0,55,3,4,22,26,68,8,131,3,0,15,16,54,9,92,16,3,76,80,305,42,530,15,3,39,69
LGA18250,6,0,14,0,16,0,37,27,3,27,0,0,0,63,112,17,259,64,73,20,545,37,4,48,6,11,0,105,91,19,342,108,351,21,930,176,21,323,67,61,14,668,108,7,352,104,118,19,717,49,4,249,196,159,31,690,72,8,192,93,97,22,482,193,27,415,94,58,19,811,641,124,1193,150,36,34,2181,80,13,210,88,65,11,470,967,132,1936,254,143,71,3503,54,13,206,76,72,16,433,140,27,236,71,80,7,563,277,52,288,40,35,16,709,287,36,500,80,59,27,982,28,4,90,32,37,4,199,55,6,112,46,154,15,386,111,14,259,94,85,54,612,3518,553,7238,1665,1705,395,15072,8,0,13,6,3,0,29,13,0,17,5,3,0,31,85,13,184,53,32,7,373,15,3,28,7,0,0,47,51,8,107,37,36,5,249,130,14,255,59,39,16,511,111,25,448,171,127,32,911,53,9,275,168
LGA18350,23,3,44,37,146,21,276,9,0,14,22,111,4,163,38,4,116,69,469,29,728,3,0,12,13,88,0,115,20,3,73,87,1072,39,1296,11,0,31,40,95,8,189,20,4,73,43,241,16,391,17,3,74,59,182,15,344,12,5,51,67,253,13,406,12,3,34,13,13,11,84,27,10,70,48,34,0,190,3,5,33,30,64,6,143,96,29,285,88,94,21,604,9,3,29,38,144,17,239,42,24,98,101,152,10,433,130,60,175,46,75,13,499,86,26,174,70,79,18,444,9,9,27,12,35,0,99,11,4,27,29,271,7,351,23,8,54,42,211,42,374,596,202,1499,955,3840,281,7372,15,4,34,32,38,16,132,0,0,5,3,6,0,21,14,5,48,59,85,13,218,0,0,5,5,3,0,19,8,9,36,40,85,9,190,8,0,24,28,62,11,131,13,7,97,103,257,30,506,12,9,86,93
LGA18400,5,3,18,17,110,14,164,3,0,9,44,227,4,289,21,12,75,100,723,32,955,5,0,11,29,151,9,208,7,3,66,110,1789,88,2065,4,0,37,33,204,10,287,7,6,37,57,290,25,424,0,4,18,17,81,5,137,7,3,34,55,470,36,605,7,0,17,15,41,0,76,21,5,44,33,57,7,173,3,3,16,22,85,5,128,44,6,135,76,123,19,397,3,0,20,26,136,14,197,21,18,130,201,235,10,623,86,23,185,51,81,6,436,34,12,90,52,70,7,263,3,0,18,14,46,3,84,3,4,21,18,442,8,499,8,4,31,44,303,48,441,293,109,1006,1023,5666,359,8456,3,3,21,21,33,8,88,0,0,4,4,14,0,20,6,3,52,61,131,22,283,4,0,5,15,13,3,44,9,0,36,85,150,21,302,5,3,16,28,57,10,127,7,5,72,112,290,46,524,4,4,25,60
LGA18450,3,0,25,18,64,7,116,69,15,188,200,861,27,1356,192,22,545,443,1721,72,3005,33,5,73,97,347,7,564,50,14,310,422,4068,164,5032,65,16,172,132,408,24,823,115,12,376,233,979,64,1785,52,9,288,194,615,54,1214,72,17,186,266,1178,106,1819,57,9,190,103,138,12,505,118,29,422,245,260,18,1092,23,3,75,92,225,24,440,388,134,1160,407,416,61,2563,33,15,115,95,471,40,765,233,128,721,692,905,67,2751,939,255,1112,227,318,43,2891,410,101,883,349,516,82,2341,40,9,123,64,163,15,415,68,14,161,123,1054,38,1458,65,10,203,137,717,168,1303,3031,833,7305,4549,15422,1106,32244,3,4,11,13,31,0,63,11,0,35,13,30,0,86,58,6,183,121,157,31,558,15,3,24,15,36,4,98,13,7,86,110,212,20,446,16,9,87,73,109,9,293,63,19,399,406,949,141,1988,51,27,325,287
LGA18500,11,4,25,3,8,0,48,11,0,20,5,0,0,39,54,6,124,49,65,14,311,22,3,23,5,3,0,52,66,13,256,79,273,32,703,57,6,196,50,41,11,359,40,7,237,77,70,22,463,41,12,179,111,115,21,477,52,5,114,39,48,11,276,98,21,254,38,36,12,462,481,76,1172,118,55,44,1949,88,21,273,76,94,18,574,690,96,1483,149,79,50,2537,46,9,159,45,45,12,311,108,21,204,38,47,7,422,207,29,240,27,22,13,545,363,42,449,36,20,43,955,31,8,155,38,43,12,288,22,0,69,23,94,3,218,91,11,247,56,71,49,532,2573,384,5884,1066,1229,381,11516,3,0,12,3,4,3,34,3,0,3,3,0,0,10,40,7,114,31,17,4,212,5,0,18,3,0,0,27,37,0,91,26,15,7,185,39,7,178,44,16,12,299,73,20,391,157,91,37,772,37,8,206,78
LGA18710,18,3,56,49,122,18,270,0,0,0,0,5,0,8,9,0,17,7,43,3,79,4,0,8,11,72,5,95,3,0,28,36,397,15,480,3,0,8,12,24,9,59,6,3,12,13,65,5,105,3,0,13,14,50,3,85,7,0,14,3,54,8,80,3,3,8,13,21,0,50,6,6,8,11,4,0,36,3,0,8,11,16,0,39,51,11,114,41,43,0,252,3,3,7,5,26,0,48,94,44,172,128,149,12,595,34,7,52,18,27,3,142,15,4,44,23,17,4,101,3,0,6,8,18,0,35,9,0,13,4,89,5,125,12,6,12,12,61,17,112,272,93,598,421,1298,114,2800,11,8,49,20,25,11,122,0,0,0,0,0,0,0,0,0,15,13,11,4,43,0,0,0,0,5,0,7,5,0,16,15,23,0,60,0,0,7,3,8,0,16,6,3,30,27,39,10,101,3,3,30,23
LGA19399,0,0,3,10,42,0,53,0,0,0,0,3,0,3,0,0,0,0,0,0,3,0,0,0,0,0,0,0,0,0,0,0,11,0,12,0,0,5,0,0,0,5,0,0,0,0,0,0,0,3,0,4,0,27,0,32,0,0,3,3,0,0,8,0,0,0,0,0,0,0,0,0,0,0,0,0,0,0,0,0,0,0,0,0,0,0,0,0,0,0,0,0,0,0,0,4,0,8,0,0,0,5,24,0,29,0,0,0,0,0,0,0,0,0,0,0,0,0,3,0,0,0,0,3,0,5,0,0,0,0,4,0,6,0,0,0,4,5,0,11,6,0,25,23,122,3,182,0,0,12,13,17,3,47,0,0,0,0,0,0,0,0,0,0,0,0,0,0,0,0,0,0,0,0,0,0,0,0,0,3,0,3,0,0,0,0,0,0,0,0,0,0,3,6,0,8,0,0,5,5
LGA19499,0,0,12,0,22,3,46,0,0,3,0,18,3,18,0,0,6,7,44,9,63,0,0,3,4,10,0,15,6,0,20,21,151,9,219,3,0,8,0,3,0,19,5,3,16,10,30,3,71,4,0,42,22,42,5,112,3,0,7,10,43,3,69,3,0,6,3,0,4,20,5,0,19,5,0,3,31,0,0,0,0,12,0,19,30,5,45,12,13,3,112,4,0,12,3,23,0,47,4,3,22,12,37,0,84,10,5,18,7,10,0,53,9,0,30,6,12,3,72,5,0,11,7,18,0,38,3,0,7,3,29,4,48,3,0,20,3,46,28,100,116,24,316,132,567,90,1251,3,0,20,4,7,0,40,0,0,0,0,0,0,5,3,0,14,3,4,0,33,0,0,0,0,0,0,3,5,0,7,3,4,0,16,0,0,0,0,3,0,13,7,0,16,13,11,0,51,4,3,43,21
LGA19799,0,0,0,0,0,0,0,0,0,0,0,0,0,0,0,0,0,0,3,0,3,0,0,0,0,0,0,0,0,0,0,0,0,0,3,0,0,0,0,0,0,0,0,0,0,0,0,0,0,0,0,0,0,0,0,3,0,0,0,0,3,0,3,0,0,0,0,0,0,0,0,0,0,0,0,0,0,0,0,0,0,0,0,0,0,0,0,0,0,0,0,0,0,0,0,3,0,3,0,0,0,0,0,0,0,3,0,0,0,0,0,3,0,0,0,0,0,0,3,0,0,0,0,0,0,0,0,0,0,0,0,0,0,0,0,0,0,6,0,3,3,0,6,3,19,4,33,0,0,0,0,0,0,0,0,0,0,0,0,0,0,0,0,0,0,0,0,3,0,0,0,0,0,0,0,0,0,0,0,0,0,0,0,0,0,0,0,0,0,0,0,0,0,0,0,0,0,0,0,0
