LGA_CODE_2016,C15_17F_EO_M_O_E_T,C15_17F_EO_M_LPENS,C15_17F_EO_M_T,C15_17F_O_EVWW_M_EO,C15_17F_O_EVWW_M_O_EVWW,C15_17F_O_EVWW_M_O_ENWNA,C15_17F_O_EVWW_M_O_PENS,C15_17F_O_EVWW_M_O_E_T,C15_17F_O_EVWW_M_LPENS,C15_17F_O_EVWW_M_T,C15_17F_O_ENWNA_M_EO,C15_17F_O_ENWNA_M_O_EVWW,C15_17F_O_ENWNA_M_O_ENWNA,C15_17F_O_ENWNA_M_O_PENS,C15_17F_O_ENWNA_M_O_E_T,C15_17F_O_ENWNA_M_LPENS,C15_17F_O_ENWNA_M_T,C15_17F_O_PENS_M_EO,C15_17F_O_PENS_M_O_EVWW,C15_17F_O_PENS_M_O_ENWNA,C15_17F_O_PENS_M_O_PENS,C15_17F_O_PENS_M_O_E_T,C15_17F_O_PENS_M_LPENS,C15_17F_O_PENS_M_T,C15_17F_O_E_T_M_EO,C15_17F_O_E_T_M_O_EVWW,C15_17F_O_E_T_M_O_ENWNA,C15_17F_O_E_T_M_O_PENS,C15_17F_O_E_T_M_O_E_T,C15_17F_O_E_T_M_LPENS,C15_17F_O_E_T_M_T,C15_17F_LPENS_M_EO,C15_17F_LPENS_M_O_EVWW,C15_17F_LPENS_M_O_ENWNA,C15_17F_LPENS_M_O_PENS,C15_17F_LPENS_M_O_E_T,C15_17F_LPENS_M_LPENS,C15_17F_LPENS_M_T,C15_17F_T_M_EO,C15_17F_T_M_O_EVWW,C15_17F_T_M_O_ENWNA,C15_17F_T_M_O_PENS,C15_17F_T_M_O_E_T,C15_17F_T_M_LPENS,C15_17F_T_M_T,C18_20F_EO_M_EO,C18_20F_EO_M_O_EVWW,C18_20F_EO_M_O_ENWNA,C18_20F_EO_M_O_PENS,C18_20F_EO_M_O_E_T,C18_20F_EO_M_LPENS,C18_20F_EO_M_T,C18_20F_O_EVWW_M_EO,C18_20F_O_EVWW_M_O_EVWW,C18_20F_O_EVWW_M_O_ENWNA,C18_20F_O_EVWW_M_O_PENS,C18_20F_O_EVWW_M_O_E_T,C18_20F_O_EVWW_M_LPENS,C18_20F_O_EVWW_M_T,C18_20F_O_ENWNA_M_EO,C18_20F_O_ENWNA_M_O_EVWW,C18_20F_O_ENWNA_M_O_ENWNA,C18_20F_O_ENWNA_M_O_PENS,C18_20F_O_ENWNA_M_O_E_T,C18_20F_O_ENWNA_M_LPENS,C18_20F_O_ENWNA_M_T,C18_20F_O_PENS_M_EO,C18_20F_O_PENS_M_O_EVWW,C18_20F_O_PENS_M_O_ENWNA,C18_20F_O_PENS_M_O_PENS,C18_20F_O_PENS_M_O_E_T,C18_20F_O_PENS_M_LPENS,C18_20F_O_PENS_M_T,C18_20F_O_E_T_M_EO,C18_20F_O_E_T_M_O_EVWW,C18_20F_O_E_T_M_O_ENWNA,C18_20F_O_E_T_M_O_PENS,C18_20F_O_E_T_M_O_E_T,C18_20F_O_E_T_M_LPENS,C18_20F_O_E_T_M_T,C18_20F_LPENS_M_EO,C18_20F_LPENS_M_O_EVWW,C18_20F_LPENS_M_O_ENWNA,C18_20F_LPENS_M_O_PENS,C18_20F_LPENS_M_O_E_T,C18_20F_LPENS_M_LPENS,C18_20F_LPENS_M_T,C18_20F_T_M_EO,C18_20F_T_M_O_EVWW,C18_20F_T_M_O_ENWNA,C18_20F_T_M_O_PENS,C18_20F_T_M_O_E_T,C18_20F_T_M_LPENS,C18_20F_T_M_T,C21_24F_EO_M_EO,C21_24F_EO_M_O_EVWW,C21_24F_EO_M_O_ENWNA,C21_24F_EO_M_O_PENS,C21_24F_EO_M_O_E_T,C21_24F_EO_M_LPENS,C21_24F_EO_M_T,C21_24F_O_EVWW_M_EO,C21_24F_O_EVWW_M_O_EVWW,C21_24F_O_EVWW_M_O_ENWNA,C21_24F_O_EVWW_M_O_PENS,C21_24F_O_EVWW_M_O_E_T,C21_24F_O_EVWW_M_LPENS,C21_24F_O_EVWW_M_T,C21_24F_O_ENWNA_M_EO,C21_24F_O_ENWNA_M_O_EVWW,C21_24F_O_ENWNA_M_O_ENWNA,C21_24F_O_ENWNA_M_O_PENS,C21_24F_O_ENWNA_M_O_E_T,C21_24F_O_ENWNA_M_LPENS,C21_24F_O_ENWNA_M_T,C21_24F_O_PENS_M_EO,C21_24F_O_PENS_M_O_EVWW,C21_24F_O_PENS_M_O_ENWNA,C21_24F_O_PENS_M_O_PENS,C21_24F_O_PENS_M_O_E_T,C21_24F_O_PENS_M_LPENS,C21_24F_O_PENS_M_T,C21_24F_O_E_T_M_EO,C21_24F_O_E_T_M_O_EVWW,C21_24F_O_E_T_M_O_ENWNA,C21_24F_O_E_T_M_O_PENS,C21_24F_O_E_T_M_O_E_T,C21_24F_O_E_T_M_LPENS,C21_24F_O_E_T_M_T,C21_24F_LPENS_M_EO,C21_24F_LPENS_M_O_EVWW,C21_24F_LPENS_M_O_ENWNA,C21_24F_LPENS_M_O_PENS,C21_24F_LPENS_M_O_E_T,C21_24F_LPENS_M_LPENS,C21_24F_LPENS_M_T,C21_24F_T_M_EO,C21_24F_T_M_O_EVWW,C21_24F_T_M_O_ENWNA,C21_24F_T_M_O_PENS,C21_24F_T_M_O_E_T,C21_24F_T_M_LPENS,C21_24F_T_M_T,TCF_EO_M_EO,TCF_EO_M_O_EVWW,TCF_EO_M_O_ENWNA,TCF_EO_M_O_PENS,TCF_EO_M_O_E_T,TCF_EO_M_LPENS,TCF_EO_M_T,TCF_O_EVWW_M_EO,TCF_O_EVWW_M_O_EVWW,TCF_O_EVWW_M_O_ENWNA,TCF_O_EVWW_M_O_PENS,TCF_O_EVWW_M_O_E_T,TCF_O_EVWW_M_LPENS,TCF_O_EVWW_M_T,TCF_O_ENWNA_M_EO,TCF_O_ENWNA_M_O_EVWW,TCF_O_ENWNA_M_O_ENWNA,TCF_O_ENWNA_M_O_PENS,TCF_O_ENWNA_M_O_E_T,TCF_O_ENWNA_M_LPENS,TCF_O_ENWNA_M_T,TCF_O_PENS_M_EO,TCF_O_PENS_M_O_EVWW,TCF_O_PENS_M_O_ENWNA,TCF_O_PENS_M_O_PENS,TCF_O_PENS_M_O_E_T,TCF_O_PENS_M_LPENS,TCF_O_PENS_M_T,TCF_O_E_T_M_EO,TCF_O_E_T_M_O_EVWW,TCF_O_E_T_M_O_ENWNA,TCF_O_E_T_M_O_PENS,TCF_O_E_T_M_O_E_T,TCF_O_E_T_M_LPENS,TCF_O_E_T_M_T,TCF_LPENS_M_EO,TCF_LPENS_M_O_EVWW,TCF_LPENS_M_O_ENWNA,TCF_LPENS_M_O_PENS,TCF_LPENS_M_O_E_T,TCF_LPENS_M_LPENS,TCF_LPENS_M_T,TCF_T_M_EO,TCF_T_M_O_EVWW,TCF_T_M_O_ENWNA,TCF_T_M_O_PENS,TCF_T_M_O_E_T,TCF_T_M_LPENS,TCF_T_M_T
LGA10050,11,0,940,21,42,3,0,44,0,61,0,6,16,0,22,0,19,0,0,0,0,0,0,0,21,42,16,0,64,0,84,0,0,0,0,0,0,0,947,55,16,0,73,0,1024,237,0,0,0,0,0,237,4,12,0,0,19,0,25,0,4,15,0,24,0,24,0,0,0,0,0,0,0,4,16,20,0,37,0,45,0,0,0,0,0,0,0,241,16,20,0,37,0,280,64,0,0,0,0,0,64,0,3,0,0,3,0,3,0,3,11,0,13,0,13,0,0,0,0,0,0,0,0,5,11,0,14,0,14,0,0,0,0,0,0,0,64,5,11,0,14,0,83,6830,78,0,0,82,8,6925,185,510,20,0,535,0,722,3,83,123,0,205,0,208,0,3,0,0,3,0,3,183,598,139,4,745,0,928,6,0,0,0,0,3,6,7021,675,144,4,819,15,7856
LGA10130,8,3,502,11,27,3,0,32,0,41,0,10,0,0,11,0,11,0,0,0,0,0,0,0,11,30,5,0,37,0,46,0,0,0,0,0,0,3,500,44,5,0,49,4,553,110,0,0,0,0,0,110,0,13,0,0,13,0,13,0,0,0,0,0,0,0,0,0,0,0,0,0,0,0,13,0,0,16,0,14,0,0,0,0,0,0,0,107,13,0,0,16,0,127,21,0,0,0,0,0,21,0,0,0,0,0,0,0,0,0,0,0,0,0,0,0,0,0,0,0,0,0,0,0,0,0,0,0,0,0,0,0,0,0,0,0,21,0,0,0,0,0,27,3595,65,3,0,67,13,3671,89,333,21,0,349,0,441,0,68,12,0,81,0,81,3,0,0,0,0,0,4,89,400,35,0,433,0,523,7,0,0,0,0,15,18,3683,467,33,0,499,22,4213
LGA10250,4,0,852,22,22,0,0,22,0,43,0,0,0,0,3,0,3,0,0,0,0,0,0,0,22,24,0,0,19,0,43,0,0,0,0,0,0,0,870,27,0,0,30,0,898,191,0,0,0,0,0,192,6,3,0,0,3,0,9,0,0,0,0,0,0,0,0,0,0,0,0,0,0,6,3,0,0,3,0,9,0,0,0,0,0,0,0,197,4,0,0,4,0,205,53,7,0,0,7,0,57,0,3,0,0,3,0,3,0,0,0,0,0,0,0,0,0,0,0,0,0,0,0,3,0,0,3,0,3,0,0,0,0,0,0,0,48,5,0,0,5,0,58,5408,102,0,0,102,11,5527,144,199,3,0,202,3,351,5,3,8,0,7,0,16,4,0,0,0,0,0,4,157,202,9,0,212,3,372,0,0,0,0,0,14,15,5566,306,9,0,317,23,5914
LGA10300,0,0,43,0,3,0,0,3,0,3,0,0,0,0,0,0,0,0,0,0,0,0,0,0,0,3,0,0,3,0,3,0,0,0,0,0,0,0,38,3,0,0,3,0,47,6,0,0,0,0,0,6,0,0,0,0,0,0,0,0,0,0,0,0,0,0,0,0,0,0,0,0,0,0,0,0,0,0,0,0,0,0,0,0,0,0,0,6,0,0,0,0,0,4,3,0,0,0,0,0,3,0,0,0,0,0,0,0,0,0,0,0,0,0,0,0,0,0,0,0,0,0,0,0,0,0,0,0,0,0,0,0,0,0,0,0,3,0,0,0,0,0,3,352,3,0,0,3,3,361,17,20,0,0,21,0,39,0,0,0,0,0,0,0,0,0,0,0,0,0,0,17,20,0,0,25,0,40,0,0,0,0,0,0,0,369,30,0,0,30,7,405
LGA10470,8,0,851,13,33,8,0,38,0,50,0,3,3,0,7,0,7,0,0,0,0,0,0,0,13,38,6,0,47,0,61,0,0,0,0,0,0,0,854,48,6,0,57,0,912,169,4,0,0,4,0,173,3,18,0,0,18,0,19,0,0,0,0,0,0,0,0,0,0,0,0,0,0,3,18,0,0,21,0,23,0,0,0,0,0,0,0,166,23,0,0,25,0,196,64,0,0,0,0,0,64,4,3,0,0,3,0,4,0,0,0,0,0,0,0,0,0,0,0,0,0,0,4,3,0,0,3,0,4,0,0,0,0,0,0,0,64,3,0,0,3,0,66,6151,76,3,0,75,9,6241,137,250,7,3,267,10,411,0,23,17,0,39,0,39,4,0,0,0,0,0,4,137,279,24,3,309,10,456,8,0,0,0,0,11,14,6302,351,28,3,382,23,6702
LGA10550,7,0,594,11,13,0,0,13,0,18,0,0,0,0,0,0,0,0,0,0,0,0,0,0,11,13,0,0,11,0,22,0,0,0,0,0,0,0,590,14,0,0,16,0,611,78,0,0,0,0,0,75,0,3,0,0,3,0,3,0,0,0,0,0,0,0,0,0,0,0,0,0,0,0,3,0,0,0,0,0,0,0,0,0,0,0,0,78,4,0,0,3,0,76,15,0,0,0,0,0,15,0,0,0,0,0,0,0,0,0,0,0,0,0,0,0,0,0,0,0,0,0,0,0,0,0,0,0,0,0,0,0,0,0,0,0,15,0,0,0,0,0,15,3939,36,0,0,36,9,3989,96,84,4,0,87,0,180,0,0,4,0,4,0,10,0,3,0,5,5,0,5,98,85,10,3,99,0,196,14,0,0,0,0,8,24,4047,126,10,3,141,21,4210
LGA10600,3,0,246,6,3,0,0,3,0,6,0,0,0,0,0,0,0,0,0,0,0,0,0,0,6,3,0,0,3,0,6,0,0,0,0,0,0,0,244,4,0,0,4,0,259,44,0,0,0,0,0,45,0,0,0,0,0,0,0,0,0,0,0,0,0,0,0,0,0,0,0,0,0,0,0,0,0,0,0,0,0,0,0,0,0,0,0,44,3,0,0,3,0,42,9,0,0,0,0,0,9,0,0,0,0,0,0,0,0,0,0,0,0,0,0,0,0,0,0,0,0,0,0,0,0,0,0,0,0,0,0,0,0,0,0,0,9,0,0,0,0,0,9,1560,33,0,0,33,4,1598,59,36,0,0,36,0,92,0,0,0,0,0,0,0,0,0,0,0,0,0,0,57,36,0,0,36,0,94,4,0,0,0,0,3,11,1625,68,0,0,68,14,1702
LGA10650,0,0,146,0,0,0,0,3,0,4,0,0,0,0,0,0,0,0,0,0,0,0,0,0,0,0,0,0,3,0,4,0,0,0,0,0,0,0,150,0,0,0,3,0,152,17,0,0,0,0,0,17,0,0,0,0,0,0,0,0,0,0,0,0,0,0,0,0,0,0,0,0,0,0,0,0,0,0,0,0,0,0,0,0,0,0,0,17,0,0,0,0,0,18,7,0,0,0,0,0,7,0,0,0,0,0,0,0,0,0,0,0,0,0,0,0,0,0,0,0,0,0,0,0,0,0,0,0,0,0,0,0,0,0,0,0,7,0,0,0,0,0,7,1100,6,0,0,6,0,1103,8,42,5,0,46,0,57,3,0,0,0,0,0,3,0,3,0,0,3,0,3,9,41,5,0,48,0,65,6,0,0,0,0,4,8,1113,48,5,0,55,6,1177
LGA10750,199,3,3688,306,3950,170,26,4150,0,4450,7,313,246,0,566,0,571,0,30,0,7,42,0,45,314,4302,417,37,4752,0,5069,5,0,0,0,0,0,6,3801,4499,419,37,4952,9,8762,1257,72,0,0,72,0,1332,127,2675,83,13,2773,3,2902,3,220,188,0,401,0,408,0,14,0,3,12,0,13,133,2905,273,14,3192,3,3324,3,0,0,0,0,0,4,1395,2977,275,14,3268,4,4662,517,24,4,0,28,0,553,51,1284,53,0,1348,0,1397,0,113,132,0,240,0,246,0,3,0,0,7,0,7,59,1403,187,6,1590,0,1649,0,0,0,0,0,0,0,573,1428,188,4,1622,0,2204,28041,2086,40,31,2152,30,30223,2757,34674,1136,231,36039,18,38813,49,2331,1471,17,3815,4,3871,36,211,9,86,309,5,349,2843,37208,2612,332,40158,27,43031,49,42,3,0,46,84,186,30937,39336,2664,361,42360,142,73441
LGA10800,0,0,93,0,0,0,0,0,0,4,0,0,0,0,0,0,0,0,0,0,0,0,0,0,0,0,0,0,3,0,3,0,0,0,0,0,4,0,98,0,0,0,3,4,98,11,0,0,0,0,0,11,0,0,0,0,0,0,0,0,0,0,0,0,0,0,0,0,0,0,0,0,0,0,0,0,0,0,0,0,0,0,0,0,0,0,0,11,0,0,0,0,0,14,3,0,0,0,0,0,3,0,0,0,0,0,0,0,0,0,0,0,0,0,0,0,0,0,0,0,0,0,0,0,0,0,0,0,0,0,0,0,0,0,0,0,3,0,0,0,0,0,3,894,0,0,0,0,0,897,15,28,5,0,37,0,47,0,3,0,0,3,0,3,3,0,0,0,0,0,3,19,29,3,0,36,0,54,3,0,0,0,0,11,9,912,33,3,0,40,11,959
LGA10850,0,0,175,0,0,0,0,0,0,0,0,0,0,0,0,0,0,0,0,0,0,0,0,0,0,0,0,0,0,0,0,0,0,0,0,0,0,0,175,0,0,0,0,0,180,39,0,0,0,0,0,39,0,0,0,0,0,0,0,0,0,0,0,0,0,0,0,0,0,0,0,0,0,0,0,0,0,0,0,0,0,0,0,0,0,0,0,39,0,0,0,0,0,36,5,0,0,0,0,0,5,0,0,0,0,0,0,0,0,0,0,0,0,0,0,0,0,0,0,0,0,0,0,0,0,0,0,0,0,0,0,0,0,0,0,0,5,0,0,0,0,0,5,1281,7,0,0,7,0,1285,10,8,0,0,8,0,22,0,0,0,0,0,0,0,0,0,0,0,0,0,0,10,8,0,0,9,0,24,0,0,0,0,0,0,4,1291,13,0,0,19,5,1313
LGA10900,37,0,1720,56,55,0,0,57,0,109,0,4,5,0,10,0,10,0,0,0,0,0,0,0,56,55,5,0,66,0,117,3,4,0,0,4,3,10,1732,97,5,0,104,4,1840,630,13,0,0,13,0,636,33,13,0,0,13,0,44,0,0,0,0,0,0,0,0,0,0,0,0,0,0,33,13,0,0,19,0,45,0,0,0,0,0,0,0,658,23,0,0,24,0,687,291,0,0,0,0,0,295,12,12,0,0,12,0,23,0,3,0,0,4,0,4,0,0,0,0,0,0,0,14,11,3,0,16,0,25,0,0,0,0,0,0,0,305,17,3,0,19,0,321,12002,311,6,4,318,18,12345,450,501,19,4,523,3,975,3,38,10,0,47,0,48,0,0,0,0,0,0,0,452,534,27,4,572,3,1025,25,6,0,0,6,5,36,12480,856,30,11,897,25,13405
LGA10950,0,0,45,0,0,0,0,0,0,0,0,0,0,0,0,0,0,0,0,0,0,0,0,0,0,0,0,0,0,0,0,0,0,0,0,0,0,0,45,0,0,0,0,0,45,6,0,0,0,0,0,6,0,0,0,0,0,0,0,0,0,0,0,0,0,0,0,0,0,0,0,0,0,0,0,0,0,0,0,0,0,0,0,0,0,0,0,6,0,0,0,0,0,6,0,0,0,0,0,0,0,0,0,0,0,0,0,0,0,0,0,0,0,0,0,0,0,0,0,0,0,0,0,0,0,0,0,0,0,0,0,0,0,0,0,0,0,0,0,0,0,0,0,367,11,0,0,11,0,376,3,14,0,0,14,0,16,0,0,0,0,0,0,0,0,0,0,0,0,0,0,3,11,0,0,11,0,17,0,0,0,0,0,7,7,373,22,0,0,22,7,398
LGA11100,27,0,386,45,305,13,0,320,0,361,0,37,25,0,62,0,65,0,0,3,0,3,0,4,43,337,42,3,383,0,429,0,0,0,0,0,0,0,400,361,42,3,408,0,809,162,7,0,0,7,0,170,22,220,8,0,226,0,250,0,18,17,0,42,0,43,0,0,0,0,0,0,0,21,239,28,5,267,0,293,0,0,0,0,0,0,0,183,245,28,5,277,0,460,84,3,0,0,3,0,89,13,108,11,4,116,0,125,0,14,17,0,32,0,32,0,0,0,0,0,0,0,13,123,27,4,153,0,159,0,0,0,0,0,0,0,89,128,27,4,153,0,249,3326,268,0,3,275,4,3608,485,2966,111,14,3094,0,3579,11,257,132,3,399,0,409,6,18,3,10,29,0,34,502,3240,248,30,3516,0,4018,5,3,0,3,5,8,14,3831,3518,245,33,3798,11,7637
LGA11150,0,0,27,0,0,0,0,0,0,0,0,0,0,0,0,0,0,0,0,0,0,0,0,0,0,0,0,0,0,0,0,0,0,0,0,0,0,0,27,0,0,0,0,0,27,0,0,0,0,0,0,0,0,0,0,0,0,0,0,0,0,0,0,0,0,0,0,0,0,0,0,0,0,0,0,0,0,0,0,0,0,0,0,0,0,0,0,0,0,0,0,0,0,0,0,0,0,0,0,0,0,0,0,0,0,0,0,0,0,0,0,0,0,0,0,0,0,0,0,0,0,0,0,0,0,0,0,0,0,0,0,0,0,0,0,0,0,0,0,0,0,0,0,320,5,0,0,5,0,320,11,3,0,0,3,0,12,0,0,0,0,0,0,0,0,0,0,0,0,0,0,11,3,0,0,3,0,12,0,0,0,0,0,0,0,330,12,0,0,12,0,338
LGA11200,0,0,13,0,0,0,0,0,0,0,0,0,0,0,0,0,0,0,0,0,0,0,0,0,0,0,0,0,0,0,0,0,0,0,0,0,0,0,13,0,0,0,0,0,13,5,0,0,0,0,0,5,0,0,0,0,0,0,0,0,0,0,0,0,0,0,0,0,0,0,0,0,0,0,0,0,0,0,0,0,0,0,0,0,0,0,0,5,0,0,0,0,0,5,0,0,0,0,0,0,0,0,0,0,0,0,0,0,0,0,0,0,0,0,0,0,0,0,0,0,0,0,0,0,0,0,0,0,0,0,0,0,0,0,0,0,0,0,0,0,0,0,0,178,0,0,0,0,0,178,4,0,0,0,0,0,9,0,0,0,0,0,0,0,0,0,0,0,0,0,0,4,0,0,0,3,0,6,0,0,0,0,0,0,3,185,0,0,0,3,0,190
LGA11250,0,4,223,3,3,0,0,3,0,9,0,0,0,0,0,0,0,0,0,0,0,0,0,0,3,3,0,0,3,0,9,0,0,0,0,0,0,0,228,3,0,0,3,4,233,31,0,0,0,0,0,31,0,0,0,0,0,0,0,0,0,0,0,0,0,0,0,0,0,0,0,0,0,0,0,0,0,0,0,0,0,0,0,0,0,0,0,30,0,0,0,0,0,36,6,0,0,0,0,0,6,0,0,0,0,0,0,0,0,0,0,0,0,0,0,0,0,0,0,0,0,0,0,0,0,0,0,0,0,0,0,0,0,0,0,0,6,0,0,0,0,0,4,1745,13,0,0,13,8,1767,43,49,0,0,49,0,96,0,3,0,0,3,0,3,0,0,0,0,0,0,0,46,53,0,0,53,0,100,3,0,0,0,0,4,14,1798,60,0,0,60,9,1877
LGA11300,18,0,208,45,262,32,0,290,0,337,0,47,65,0,108,0,108,0,0,0,0,0,0,3,43,308,94,0,400,0,445,0,0,0,0,0,0,0,229,328,94,0,423,0,656,124,9,0,0,9,0,135,29,213,29,0,241,0,266,4,52,48,0,101,0,104,0,3,0,0,3,0,3,28,267,78,0,347,0,377,0,0,0,0,0,0,0,157,282,78,0,357,3,511,66,4,0,0,4,0,71,9,117,12,0,134,0,149,0,22,34,0,52,0,52,0,0,0,0,0,0,0,15,139,43,0,187,0,200,0,0,0,0,0,0,0,80,149,43,0,194,0,275,1410,187,3,0,186,3,1601,354,2437,186,13,2638,0,2994,12,307,287,4,599,0,614,3,16,0,0,20,0,18,369,2765,473,22,3254,0,3623,0,7,0,0,7,0,12,1781,2952,476,22,3452,6,5233
LGA11350,11,0,421,11,38,0,0,39,0,51,0,0,0,0,0,0,0,0,0,0,0,0,0,0,11,38,4,0,39,0,51,9,0,0,0,0,0,9,433,47,4,0,48,0,481,84,3,0,0,3,0,89,0,5,0,0,5,0,10,0,0,0,0,0,0,0,0,0,0,0,0,0,0,0,5,0,0,5,0,10,0,0,0,0,0,0,0,86,10,0,0,10,0,96,32,0,0,0,0,0,32,0,0,0,0,0,0,0,0,0,0,0,0,0,0,0,0,0,0,0,0,0,0,0,0,0,0,0,0,0,0,0,0,0,0,0,28,0,0,0,0,0,28,3348,94,0,0,94,8,3448,185,246,4,4,250,0,432,0,0,8,0,14,0,14,0,3,0,0,3,0,4,183,246,14,4,263,0,449,17,0,0,0,0,4,28,3546,344,14,4,358,11,3925
LGA11400,3,0,353,3,4,0,0,4,0,7,0,0,0,0,0,0,0,0,0,0,0,0,0,0,3,4,0,0,4,0,7,0,0,0,0,0,0,3,359,4,0,0,4,4,363,64,0,0,0,0,0,59,0,0,0,0,0,0,0,0,0,0,0,0,0,0,0,0,0,0,0,0,0,0,0,0,0,0,0,0,0,0,0,0,0,0,0,65,0,0,0,0,0,64,13,0,0,0,0,0,13,0,0,0,0,0,0,0,0,0,0,0,0,0,0,0,0,0,0,0,0,0,0,0,0,0,0,0,0,0,0,0,0,0,0,0,13,0,0,0,0,0,13,2481,13,0,0,13,6,2495,34,40,0,0,40,0,72,0,0,3,0,3,0,4,0,0,0,0,0,0,0,37,40,3,0,45,0,76,7,0,0,0,0,3,11,2529,49,3,0,56,10,2586
LGA11450,60,0,1618,65,290,17,0,304,0,371,0,11,12,0,23,0,23,0,4,0,0,4,0,4,67,305,26,0,335,0,403,0,0,0,0,0,0,3,1622,365,30,3,394,0,2018,571,29,0,0,29,0,602,24,155,12,0,171,0,196,0,10,11,0,25,0,25,3,0,0,0,0,0,4,25,171,26,0,197,0,220,0,0,0,0,0,0,0,599,200,26,0,227,0,822,262,10,0,0,10,0,273,9,78,3,0,81,0,89,0,4,4,0,12,0,12,0,3,0,0,3,0,3,9,84,7,0,93,0,100,0,0,0,0,0,0,0,268,96,7,0,102,0,368,13643,597,7,5,609,14,14259,767,2599,92,13,2701,3,3471,8,120,92,7,224,0,227,6,19,0,3,25,0,30,782,2744,188,23,2951,3,3730,14,3,3,0,6,14,41,14438,3340,194,26,3562,32,18030
LGA11500,94,4,1746,130,1266,77,10,1355,0,1487,9,131,73,0,204,3,213,4,15,0,6,19,0,22,144,1408,154,17,1575,3,1720,7,3,0,0,3,3,10,1792,1503,152,18,1675,10,3477,629,35,0,0,35,0,667,63,804,44,0,847,0,903,3,96,55,0,145,0,148,0,10,0,3,11,0,11,65,904,95,4,1005,0,1070,0,3,0,0,3,0,7,697,941,95,4,1040,0,1740,351,8,0,0,8,0,365,29,424,28,0,447,0,480,0,55,35,0,89,0,89,0,0,0,0,0,0,0,29,481,63,0,538,0,569,0,0,0,0,0,0,0,382,492,63,0,553,0,933,13441,990,8,10,1007,28,14479,1246,11322,542,78,11942,5,13190,43,1003,442,5,1451,3,1493,10,85,6,40,132,0,150,1296,12411,987,122,13519,10,14832,23,36,5,0,39,49,115,14766,13431,1006,134,14571,89,29424
LGA11520,50,0,803,100,421,30,5,459,0,556,3,34,32,0,69,0,67,0,3,0,3,4,0,6,101,454,64,7,529,0,631,0,0,0,0,0,0,0,858,502,64,10,579,0,1434,485,32,0,0,34,0,518,59,289,26,6,326,0,380,0,34,32,0,68,0,68,0,0,0,0,0,0,0,59,322,58,6,394,0,446,0,0,0,0,0,0,0,540,356,58,10,423,0,967,254,14,0,0,14,0,268,28,156,12,0,165,0,192,0,17,17,0,31,0,31,0,0,0,0,3,0,3,28,170,29,3,200,0,224,0,0,0,0,0,0,0,275,183,29,3,211,0,491,7208,678,4,3,683,0,7897,1080,4520,189,20,4733,3,5819,10,355,250,3,607,0,617,11,20,5,14,38,0,46,1101,4900,444,41,5382,3,6485,5,11,0,0,11,0,13,8312,5590,445,39,6069,4,14391
LGA11570,211,0,1904,259,4007,456,22,4484,0,4744,11,715,646,3,1369,0,1379,3,33,3,7,45,0,45,270,4756,1102,34,5898,0,6170,0,3,0,0,3,4,10,1960,4969,1104,36,6110,10,8081,821,97,0,0,103,0,926,127,2605,301,7,2918,0,3045,13,560,559,5,1119,0,1133,0,13,0,3,15,3,16,140,3173,864,14,4052,3,4192,0,0,0,0,0,5,6,964,3272,864,14,4153,4,5125,413,57,0,0,56,0,471,69,1302,143,9,1449,0,1515,3,285,324,3,613,0,616,0,3,0,0,5,0,5,72,1593,466,9,2068,0,2137,3,0,0,0,0,0,3,481,1648,465,9,2124,3,2606,14269,2434,46,23,2505,24,16798,2560,36615,3299,206,40121,33,42723,121,5768,4275,42,10079,11,10210,29,223,24,98,338,13,379,2708,42596,7600,343,50538,56,53307,34,56,12,10,73,130,237,17008,45085,7657,374,53116,210,70338
LGA11600,0,0,34,0,0,0,0,0,0,0,0,0,0,0,0,0,0,0,0,0,0,0,0,0,0,0,0,0,0,0,0,0,0,0,0,0,0,0,38,4,0,0,4,0,41,0,0,0,0,0,0,0,0,0,0,0,0,0,0,0,0,0,0,0,0,0,0,0,0,0,0,0,0,0,0,0,0,0,0,0,0,0,0,0,0,0,0,0,0,0,0,0,0,0,0,0,0,0,0,0,0,0,0,0,0,0,0,0,0,0,0,0,0,0,0,0,0,0,0,0,0,0,0,0,0,0,0,0,0,0,0,0,0,0,0,0,0,0,0,0,0,0,0,385,9,0,0,9,3,395,3,21,0,0,22,0,28,0,3,0,0,3,0,3,0,0,0,0,0,0,0,3,27,0,0,25,0,26,0,0,0,0,0,0,0,388,28,0,0,29,3,425
LGA11650,110,4,6197,197,255,11,3,269,0,465,6,14,11,0,26,0,34,5,5,0,0,6,0,8,207,275,25,3,304,0,506,3,0,0,0,0,10,15,6287,386,30,4,411,17,6721,2130,29,3,0,30,3,2162,77,127,10,0,138,0,215,3,7,12,0,19,0,22,3,0,0,0,0,0,3,86,136,17,0,161,0,247,7,0,0,0,0,0,7,2220,162,19,0,186,7,2408,950,27,0,0,31,0,980,36,48,3,0,49,0,87,0,11,9,0,20,0,20,0,0,0,0,0,0,0,35,53,11,0,71,0,106,4,0,0,0,0,0,4,989,83,15,0,100,0,1088,46147,1096,22,11,1131,67,47339,1671,2532,91,11,2634,8,4315,45,206,120,0,326,0,371,23,21,4,3,25,0,48,1741,2758,209,16,2984,8,4735,71,10,0,0,10,80,156,47957,3861,231,26,4123,153,52232
LGA11700,0,0,7,0,0,0,0,0,0,0,0,0,0,0,0,0,0,0,0,0,0,0,0,0,0,0,0,0,0,0,0,0,0,0,0,0,0,0,7,0,0,0,0,0,13,4,0,0,0,0,0,4,0,0,0,0,0,0,0,0,0,0,0,0,0,0,0,0,0,0,0,0,0,0,0,0,0,0,0,0,0,0,0,0,0,0,0,4,0,0,0,0,0,4,0,0,0,0,0,0,0,0,0,0,0,0,0,0,0,0,0,0,0,0,0,0,0,0,0,0,0,0,0,0,0,0,0,0,0,0,0,0,0,0,0,0,0,0,0,0,0,0,0,168,7,0,0,7,0,171,3,6,0,0,6,0,9,0,0,0,0,0,0,0,3,0,0,0,0,0,3,4,6,0,0,6,0,9,0,0,0,0,0,7,9,175,13,0,0,14,7,190
LGA11720,10,3,1067,13,5,3,0,5,0,18,0,0,0,0,0,0,0,0,0,0,0,0,0,0,13,5,3,0,5,0,18,0,0,0,0,0,0,3,1068,12,3,0,12,4,1088,238,4,0,0,4,0,242,3,3,0,0,3,0,12,0,0,0,0,0,0,0,0,0,0,0,0,0,0,3,3,0,0,8,0,12,0,0,0,0,0,0,0,242,8,0,0,11,0,252,85,0,0,0,0,0,85,0,3,0,0,3,0,4,0,0,0,0,0,0,0,0,0,0,0,0,0,0,0,3,0,0,3,0,4,0,0,0,0,0,0,0,86,3,0,0,3,0,90,8212,48,0,0,46,19,8280,94,110,3,0,113,3,205,5,3,4,0,12,0,16,0,0,0,0,0,0,0,101,113,9,0,125,3,228,3,0,0,0,0,26,33,8320,164,10,0,173,45,8540
LGA11730,4,0,939,16,13,0,0,13,0,22,0,0,0,0,0,0,0,0,0,0,0,0,0,0,14,9,0,0,9,0,27,6,0,0,0,0,0,3,951,17,0,0,17,0,968,152,0,0,0,0,0,153,4,4,0,0,5,0,9,0,0,0,0,0,0,0,0,0,0,0,0,0,0,4,4,0,0,5,0,9,0,0,0,0,0,0,0,152,4,0,0,5,0,155,17,0,0,0,0,0,17,0,0,0,0,0,0,0,0,0,0,0,0,0,0,0,0,0,0,0,0,0,0,0,0,0,0,0,0,0,0,0,0,0,0,0,17,0,0,0,0,0,17,5942,60,0,0,60,15,6022,128,113,11,0,120,0,247,3,3,0,0,8,0,12,0,0,0,0,0,0,0,132,113,11,0,124,0,261,14,0,0,0,0,17,30,6093,180,11,0,186,32,6307
LGA11750,0,0,86,0,8,0,0,8,0,9,0,0,0,0,0,0,0,0,0,0,0,0,0,0,0,8,0,0,8,0,9,0,0,0,0,0,0,0,84,8,0,0,8,0,91,6,0,0,0,0,0,6,0,0,0,0,0,0,0,0,0,0,0,0,0,0,0,0,0,0,0,0,0,0,0,0,0,0,0,0,0,0,0,0,0,0,0,6,0,0,0,0,0,10,3,0,0,0,0,0,3,0,0,0,0,0,0,0,0,0,0,0,0,0,0,0,0,0,0,0,0,0,0,0,0,0,0,0,0,0,0,0,0,0,0,0,3,0,0,0,0,0,3,714,4,0,0,4,0,716,7,62,3,0,64,0,74,0,4,0,0,4,0,4,0,0,0,0,0,0,0,7,68,3,0,68,0,77,0,0,0,0,0,0,0,726,75,3,0,72,0,796
LGA11800,10,0,1227,42,66,3,0,67,0,111,0,13,26,0,40,0,40,0,0,0,0,3,0,3,41,81,34,0,113,0,151,3,0,0,0,0,0,3,1253,92,34,3,124,0,1380,241,4,0,0,4,0,245,13,14,4,0,16,0,34,0,6,19,0,22,0,25,0,0,0,0,0,0,0,19,22,20,0,43,0,59,0,0,0,0,0,0,0,256,29,20,0,47,0,304,69,0,0,0,0,0,69,0,6,0,0,6,0,13,0,0,3,0,4,0,4,0,0,0,0,0,0,0,3,10,3,0,15,0,15,0,0,0,0,0,0,0,74,10,3,0,15,0,86,8942,143,0,3,152,19,9107,297,756,50,4,806,0,1107,8,83,178,0,259,0,272,3,11,0,9,17,0,23,308,848,227,11,1087,0,1398,16,3,0,0,3,16,38,9267,997,227,14,1238,37,10537
LGA12000,0,0,105,0,3,0,0,3,0,3,0,0,0,0,0,0,0,0,0,0,0,0,0,0,0,3,0,0,3,0,3,0,0,0,0,0,0,0,108,3,0,0,3,0,113,11,0,0,0,0,0,12,0,0,0,0,0,0,0,0,0,0,0,0,0,0,0,0,0,0,0,0,0,0,0,0,0,0,0,0,0,0,0,0,0,0,0,11,0,0,0,0,0,12,4,0,0,0,0,0,4,0,0,0,0,0,0,0,0,0,0,0,0,0,0,0,0,0,0,0,0,0,0,0,0,0,0,0,0,0,0,0,0,0,0,0,4,0,0,0,0,0,4,697,4,0,0,4,3,705,4,5,0,0,5,0,14,0,6,0,0,6,0,6,0,0,0,0,0,0,0,4,10,0,0,10,0,18,6,0,0,0,0,0,10,708,15,0,0,15,8,726
LGA12150,0,0,44,0,0,0,0,0,0,0,0,0,0,0,0,0,0,0,0,0,0,0,0,0,0,0,0,0,0,0,0,0,0,0,0,0,0,0,44,0,0,0,0,0,44,4,0,0,0,0,0,4,0,0,0,0,0,0,0,0,0,0,0,0,0,0,0,0,0,0,0,0,0,0,0,0,0,0,0,0,0,0,0,0,0,0,0,4,0,0,0,0,0,4,0,0,0,0,0,0,0,0,0,0,0,0,0,0,0,0,0,0,0,0,0,0,0,0,0,0,0,0,0,0,0,0,0,0,0,0,0,0,0,0,0,0,0,0,0,0,0,0,0,407,0,0,0,0,4,408,0,4,0,0,4,0,4,0,0,0,0,0,0,0,0,0,0,0,0,0,0,0,4,0,0,4,0,4,0,0,0,0,0,0,3,407,4,0,0,4,3,420
LGA12350,0,0,198,0,5,0,0,5,0,6,0,0,0,0,0,0,0,0,0,0,0,0,0,0,0,5,0,0,5,0,5,0,0,0,0,0,0,0,194,11,0,0,11,0,199,49,0,0,0,0,0,49,0,0,0,0,0,0,0,0,0,0,0,0,0,0,0,0,0,0,0,0,0,0,0,0,0,0,0,0,0,0,0,0,0,0,0,49,3,0,0,3,0,51,7,0,0,0,0,0,4,0,0,0,0,0,0,0,0,0,0,0,0,0,0,0,0,0,0,0,0,0,0,0,0,0,0,0,0,0,0,0,0,0,0,0,7,0,0,0,0,0,4,1608,16,0,0,16,4,1628,6,35,0,0,35,0,40,0,3,0,0,3,0,8,0,0,0,0,0,0,0,8,38,0,0,39,0,48,3,0,0,0,0,0,7,1622,53,0,0,54,3,1683
LGA12380,88,0,818,113,2313,320,13,2649,3,2767,7,498,496,10,1004,0,1010,0,15,3,3,22,0,22,122,2824,825,20,3671,3,3797,0,4,0,0,3,3,10,851,2904,829,28,3760,7,4620,367,40,0,0,40,0,412,70,1517,192,5,1721,0,1793,3,376,427,6,815,0,815,0,11,8,0,21,0,18,80,1907,632,15,2554,0,2631,0,0,0,0,0,0,10,450,1949,630,16,2597,0,3049,179,18,0,0,19,0,203,34,767,116,0,887,0,929,0,183,258,4,453,0,454,0,3,3,0,3,0,3,38,958,380,4,1343,0,1383,0,3,0,0,3,6,9,216,983,386,4,1370,7,1592,6521,1139,39,13,1197,5,7724,1326,24462,2521,124,27101,19,28448,46,4190,3603,64,7853,13,7915,9,140,32,88,261,0,267,1383,28790,6160,270,35218,33,36635,16,43,0,5,46,75,131,7915,29973,6198,288,36457,116,44491
LGA12700,0,0,205,0,0,0,0,0,0,0,0,0,0,0,0,0,0,0,0,0,0,0,0,0,0,0,0,0,0,0,0,0,0,0,0,0,0,3,204,0,0,0,0,3,209,48,0,0,0,0,0,47,0,0,0,0,0,0,0,0,0,0,0,0,0,0,0,0,0,0,0,0,0,0,0,0,0,0,0,0,0,0,0,0,0,0,0,48,0,0,0,0,0,47,21,0,0,0,0,0,18,3,0,0,0,0,0,3,0,0,0,0,0,0,0,0,0,0,0,0,0,0,3,0,0,0,0,0,3,0,0,0,0,0,0,0,22,0,0,0,0,0,25,1413,12,0,0,12,6,1433,13,3,0,0,3,0,16,0,0,0,0,0,0,0,0,0,0,0,0,0,0,14,3,0,0,3,0,16,6,0,0,0,0,9,7,1429,19,0,0,19,10,1456
LGA12730,3,0,150,3,3,0,0,3,0,6,0,0,0,0,0,0,0,0,0,0,0,0,0,0,3,3,0,0,3,0,6,0,0,0,0,0,0,0,152,8,0,0,8,0,153,24,0,0,0,0,0,24,0,0,0,0,0,0,0,0,0,0,0,0,0,0,0,0,0,0,0,0,0,0,0,0,0,0,0,0,0,0,0,0,0,0,0,24,0,0,0,0,0,20,0,0,0,0,0,0,0,0,0,0,0,0,0,0,0,0,0,0,0,0,0,0,0,0,0,0,0,0,0,0,0,0,0,0,0,0,0,0,0,0,0,0,0,0,0,0,0,0,0,1156,9,0,3,8,3,1176,14,38,0,0,38,0,52,0,4,0,0,4,0,4,0,0,0,0,0,0,0,14,41,0,0,41,0,58,3,0,0,0,0,4,9,1178,52,0,3,55,10,1241
LGA12750,8,0,510,16,14,0,0,14,0,30,0,0,0,0,0,0,0,0,0,0,0,0,0,0,16,15,0,0,15,0,28,0,0,0,0,0,0,0,518,24,3,0,21,0,541,95,0,0,0,0,0,98,3,0,0,0,0,0,3,0,0,0,0,0,0,0,0,0,0,0,0,0,0,4,3,0,0,3,0,5,0,0,0,0,0,0,0,96,3,0,0,3,0,106,11,0,0,0,0,0,11,0,0,0,0,0,0,0,0,0,0,0,0,0,0,0,0,0,0,0,0,0,0,0,0,0,0,0,0,0,0,0,0,0,0,0,12,0,0,0,0,0,12,3717,49,4,0,56,9,3778,84,87,3,0,90,0,175,0,7,3,0,14,0,14,6,0,0,0,0,0,8,92,96,5,0,99,0,194,8,3,0,0,3,0,9,3812,145,13,0,157,9,3986
LGA12850,102,3,753,103,2139,360,10,2504,3,2612,7,654,1001,5,1659,0,1665,0,4,4,13,24,0,24,112,2791,1364,31,4188,3,4302,0,0,0,0,0,8,14,757,2898,1364,32,4290,11,5059,353,53,0,0,49,3,403,51,1370,235,3,1613,0,1659,4,517,861,3,1382,0,1388,0,5,3,6,17,0,17,53,1896,1098,16,3008,0,3059,0,3,0,0,3,0,3,406,1944,1101,16,3060,3,3469,183,28,3,0,29,0,213,25,730,140,0,873,0,898,0,304,532,3,837,0,840,0,3,8,8,11,0,11,27,1030,675,9,1720,0,1749,0,0,0,0,0,0,5,208,1062,682,9,1755,0,1962,4762,1031,32,7,1066,22,5850,1265,16128,2408,93,18635,7,19903,81,4684,6485,42,11211,0,11296,4,101,29,95,229,0,233,1354,20909,8927,232,30072,10,31431,11,29,3,0,34,78,118,6120,21964,8962,236,31166,113,37400
LGA12870,0,0,211,0,3,0,0,3,0,4,0,0,0,0,0,0,0,0,0,0,0,0,0,0,0,3,0,0,3,0,4,0,0,0,0,0,0,0,209,7,0,0,7,0,219,36,0,0,0,0,0,36,0,0,0,0,0,0,0,0,0,0,0,0,0,0,0,0,0,0,0,0,0,0,0,0,0,0,0,0,0,0,0,0,0,0,0,36,0,0,0,0,0,35,8,0,0,0,0,0,8,0,0,0,0,0,0,0,0,0,0,0,0,0,0,0,0,0,0,0,0,0,0,0,0,0,0,0,0,0,0,0,0,0,0,0,8,0,0,0,0,0,12,1641,8,4,0,12,8,1657,8,34,0,0,36,0,50,0,3,0,0,3,0,3,0,0,0,0,0,0,0,8,38,0,0,37,0,52,0,0,0,0,0,6,13,1658,41,4,0,48,12,1717
LGA12900,0,0,151,0,3,0,0,3,0,6,0,0,0,0,0,0,0,0,0,0,0,0,0,0,0,3,0,0,3,0,6,0,0,0,0,0,0,0,147,5,0,0,5,0,160,33,0,0,0,0,0,28,0,0,0,0,0,0,0,0,0,0,0,0,0,0,0,0,0,0,0,0,0,0,0,0,0,0,0,0,0,0,0,0,0,0,0,33,0,0,0,0,0,28,6,0,0,0,0,0,4,0,0,0,0,0,0,0,0,0,0,0,0,0,0,0,0,0,0,0,0,0,0,0,0,0,0,0,0,0,0,0,0,0,0,0,6,0,0,0,0,0,4,1389,6,0,0,6,8,1401,5,50,0,0,50,0,51,0,0,0,0,0,0,0,0,0,0,0,0,0,0,3,50,0,0,50,0,54,3,0,0,0,0,0,3,1400,50,0,0,50,8,1460
LGA12930,88,3,1278,145,1390,125,5,1524,0,1666,0,158,203,0,359,0,359,3,8,0,0,10,0,17,142,1560,326,5,1894,0,2038,0,0,0,0,0,0,0,1341,1640,326,6,1975,4,3318,736,44,0,0,46,0,784,91,931,101,6,1037,0,1130,3,139,232,0,365,0,368,0,3,0,0,6,0,6,97,1075,329,9,1407,0,1501,0,0,0,0,0,0,0,830,1115,329,7,1453,0,2283,347,19,0,0,19,0,363,40,480,61,0,539,0,583,3,58,103,0,166,0,164,0,3,0,0,5,0,5,43,540,169,3,706,0,751,0,0,0,0,0,0,0,387,558,169,3,731,0,1116,8773,942,3,11,951,12,9740,1423,11972,821,44,12838,0,14257,34,1108,1304,7,2420,3,2449,3,46,4,14,66,0,73,1458,13131,2126,64,15323,4,16781,21,7,0,0,7,16,48,10250,14075,2131,72,16282,36,26567
LGA12950,0,0,68,3,0,0,0,0,0,3,0,0,0,0,0,0,0,0,0,0,0,0,0,0,3,0,0,0,0,0,3,0,0,0,0,0,0,0,73,0,0,0,0,0,73,9,0,0,0,0,0,9,0,0,0,0,0,0,0,0,0,0,0,0,0,0,0,0,0,0,0,0,0,0,0,0,0,0,0,0,0,0,0,0,0,0,0,11,0,0,0,0,0,11,4,0,0,0,0,0,4,0,0,0,0,0,0,0,0,0,0,0,0,0,0,0,0,0,0,0,0,0,0,0,0,0,0,0,0,0,0,0,0,0,0,0,4,0,0,0,0,0,4,536,0,0,0,0,0,536,22,15,0,0,15,0,29,0,0,0,0,0,0,0,0,0,0,0,0,0,0,22,15,0,0,15,0,29,0,0,0,0,0,3,3,551,15,0,0,15,3,570
LGA13010,0,0,148,0,0,0,0,0,0,0,0,0,0,0,0,0,0,0,0,0,0,0,0,0,0,0,0,0,0,0,4,0,0,0,0,0,0,0,146,0,0,0,0,0,150,24,0,0,0,0,0,24,0,0,0,0,0,0,0,0,0,0,0,0,0,0,0,0,0,0,0,0,0,0,0,0,0,0,0,0,0,0,0,0,0,0,0,24,0,0,0,0,0,24,3,0,0,0,0,0,3,0,0,0,0,0,0,0,0,0,0,0,0,0,0,0,0,0,0,0,0,0,0,0,0,0,0,0,0,0,0,0,0,0,0,0,3,0,0,0,0,0,3,1025,5,0,0,5,7,1039,16,18,3,0,20,0,40,3,0,3,0,8,0,9,0,0,0,0,0,0,0,20,19,8,0,28,0,48,0,0,0,0,0,0,0,1048,27,8,0,37,7,1087
LGA13310,7,0,509,10,17,0,0,17,0,27,0,0,3,0,5,0,5,0,0,0,0,0,0,0,10,18,3,0,22,0,29,3,0,0,0,0,0,8,516,20,7,0,31,0,548,88,0,0,0,0,0,87,6,4,0,0,4,0,5,0,0,0,0,0,0,0,0,0,0,0,0,0,0,6,4,0,0,3,0,7,0,0,0,0,0,0,0,94,4,3,0,4,0,102,32,0,0,0,0,0,34,0,0,0,0,0,0,3,0,0,0,0,0,0,0,0,0,0,0,0,0,0,0,0,0,0,4,0,3,0,0,0,0,0,0,0,35,0,0,0,0,0,37,3898,52,3,6,61,5,3971,97,160,8,0,170,0,268,0,33,9,0,42,0,42,0,0,0,3,3,0,3,97,192,24,3,221,0,319,16,0,3,0,3,3,23,4017,244,31,6,281,11,4306
LGA13340,3,0,248,3,4,0,0,5,0,6,0,0,0,0,0,0,0,0,0,0,0,0,0,0,3,4,0,0,5,0,6,3,0,0,0,0,0,3,251,9,0,0,8,0,256,60,0,0,0,0,0,60,0,0,0,0,0,0,0,0,0,0,0,0,0,0,0,0,0,0,0,0,0,0,0,0,0,0,0,0,0,0,0,0,0,0,0,57,0,0,0,0,0,57,17,0,0,0,0,0,17,0,0,0,0,0,0,0,0,0,0,0,0,0,0,0,0,0,0,0,0,0,0,0,0,0,0,0,0,0,0,0,0,0,0,0,19,0,0,0,0,0,19,1925,5,0,0,5,0,1931,17,26,0,0,33,0,50,0,0,0,0,0,0,0,0,0,0,0,0,0,0,17,27,0,0,29,0,50,8,0,0,0,0,0,13,1949,37,0,0,40,0,1991
LGA13450,20,0,420,19,111,6,0,122,0,138,0,13,6,5,22,0,22,0,0,0,0,0,0,0,21,125,21,4,142,0,163,0,0,0,0,0,0,0,422,141,21,6,166,0,589,51,6,0,0,6,0,61,4,15,0,0,15,0,19,0,0,3,0,0,0,0,0,0,0,0,0,0,0,4,18,3,0,18,0,26,0,0,0,0,0,0,0,60,25,3,0,29,0,84,5,0,0,0,0,0,5,5,3,0,0,3,0,5,0,0,0,0,3,0,3,0,0,0,0,0,0,0,5,3,0,0,6,0,8,0,0,0,0,0,0,0,13,3,0,0,6,0,18,3183,181,3,0,182,4,3374,146,757,56,0,809,0,956,4,86,67,8,164,0,171,3,8,0,13,23,0,28,151,851,125,24,1001,0,1156,12,3,0,0,3,11,18,3341,1033,129,23,1189,18,4544
LGA13510,0,0,162,0,3,0,0,3,0,3,0,0,0,0,0,0,0,0,0,0,0,0,0,0,0,3,0,0,0,0,0,0,0,0,0,0,3,3,162,3,0,0,0,3,168,38,0,0,0,0,0,38,0,0,0,0,0,0,0,0,0,0,0,0,0,0,0,0,0,0,0,0,0,0,0,0,0,0,0,0,0,0,0,0,0,0,0,38,0,0,0,0,0,35,14,0,0,0,0,0,14,0,0,0,0,0,0,0,0,0,0,0,0,0,0,0,0,0,0,0,0,0,0,0,0,0,0,0,0,0,0,0,0,0,0,0,14,0,0,0,0,0,14,1489,11,0,0,11,0,1505,25,32,5,0,38,0,60,0,0,0,0,3,0,3,0,0,0,0,0,0,0,25,29,8,0,35,0,61,5,0,0,0,0,5,8,1519,39,8,0,50,10,1573
LGA13550,0,4,210,0,7,0,0,7,0,11,0,0,0,0,0,0,0,0,0,0,0,0,0,0,0,7,0,0,7,0,11,0,0,0,0,0,0,0,205,11,0,0,11,4,223,27,0,0,0,0,0,31,0,0,0,0,0,0,0,0,0,0,0,0,0,0,0,0,0,0,0,0,0,0,0,0,0,0,0,0,0,0,0,0,0,0,0,27,0,0,0,0,0,31,0,0,0,0,0,0,0,0,0,0,0,0,0,0,0,0,0,0,0,0,0,0,0,0,0,0,0,0,0,0,0,0,0,0,0,0,0,0,0,0,0,0,0,0,0,0,0,0,0,1839,9,0,0,9,11,1862,19,54,0,0,54,0,71,3,0,0,0,0,0,0,0,0,0,0,0,0,0,21,53,0,0,53,0,76,6,0,0,0,0,4,12,1869,65,0,0,65,20,1954
LGA13660,0,0,74,3,0,0,0,0,0,5,0,0,0,0,0,0,0,0,0,0,0,0,0,0,3,0,0,0,0,0,5,0,0,0,0,0,0,0,77,0,0,0,0,0,82,9,0,0,0,0,0,9,0,0,0,0,0,0,0,0,0,0,0,0,0,0,0,0,0,0,0,0,0,0,0,0,0,0,0,0,0,0,0,0,0,0,0,11,0,0,0,0,0,11,3,0,0,0,0,0,3,0,0,0,0,0,0,0,0,0,0,0,0,0,0,0,0,0,0,0,0,0,0,0,0,0,0,0,0,0,0,0,0,0,0,0,3,0,0,0,0,0,3,723,4,0,0,4,3,731,10,7,0,0,7,0,15,0,0,0,0,0,0,0,0,0,0,0,0,0,0,10,7,0,0,7,0,15,11,0,0,0,0,0,11,734,11,0,0,11,4,757
LGA13800,23,3,1462,39,63,4,0,66,0,106,0,6,3,0,9,0,8,0,0,0,0,0,0,0,48,68,8,0,73,0,117,0,0,0,0,0,3,3,1482,87,8,0,99,8,1581,481,5,0,0,5,0,488,14,36,0,0,39,0,51,0,0,0,0,6,0,6,0,0,0,0,0,0,0,15,40,3,0,45,0,61,0,0,0,0,0,0,0,493,44,3,0,52,0,548,206,6,0,0,6,0,212,8,13,0,0,13,0,23,0,3,3,0,6,0,7,0,0,0,0,0,0,0,9,14,3,0,20,0,26,0,0,0,0,0,0,0,215,21,3,0,23,0,240,10726,263,0,0,266,26,11016,339,482,22,3,506,3,850,5,38,38,0,74,0,84,11,3,0,0,3,0,11,360,524,56,3,591,3,947,12,3,0,0,3,17,32,11093,798,60,3,855,40,11994
LGA13850,3,0,51,0,0,0,0,0,0,0,0,0,0,0,0,0,0,0,0,0,0,0,0,0,0,0,0,0,0,0,0,0,0,0,0,0,0,0,50,3,0,0,3,0,55,9,0,0,0,0,0,9,0,0,0,0,0,0,0,0,0,0,0,0,0,0,0,0,0,0,0,0,0,0,0,0,0,0,0,0,0,0,0,0,0,0,0,9,0,0,0,0,0,9,0,0,0,0,0,0,0,0,0,0,0,0,0,0,0,0,0,0,0,0,0,0,0,0,0,0,0,0,0,0,0,0,0,0,0,0,0,0,0,0,0,0,0,0,0,0,0,0,0,364,0,0,0,3,0,365,9,15,3,0,14,0,21,0,0,0,0,0,0,0,0,0,0,0,0,0,0,9,15,3,0,14,0,21,0,0,0,0,0,0,0,368,11,5,0,18,0,392
LGA13910,3,0,353,3,14,0,0,11,0,18,0,0,0,0,0,0,0,0,0,0,0,0,0,0,3,14,3,0,13,0,19,0,0,0,0,0,0,0,355,15,3,0,15,0,370,62,0,0,0,0,0,59,3,0,0,0,0,0,3,0,0,0,0,0,0,0,0,0,0,0,0,0,0,3,0,0,0,0,0,3,0,0,0,0,0,0,0,62,0,0,0,0,0,62,14,0,0,0,0,0,14,0,0,0,0,0,0,0,0,0,0,0,0,0,0,0,0,0,0,0,0,0,0,0,0,0,0,0,0,0,0,0,0,0,0,0,14,0,0,0,0,0,14,2600,26,0,0,26,8,2631,24,126,7,0,134,0,150,0,9,3,0,13,0,13,0,0,0,0,0,0,0,24,136,14,0,150,0,168,4,0,0,0,0,3,5,2622,161,14,0,172,11,2802
LGA14000,92,3,2802,184,1137,54,0,1190,0,1377,3,78,50,0,126,0,130,0,6,0,0,5,0,5,183,1220,102,4,1322,0,1509,0,0,0,0,0,0,0,2886,1307,103,5,1413,3,4313,1527,39,0,0,42,0,1564,94,831,44,0,878,0,973,3,61,53,0,113,0,116,0,0,3,0,8,0,8,100,892,100,5,994,0,1094,0,0,0,0,0,0,0,1625,933,100,5,1036,0,2664,748,13,0,0,13,0,756,42,423,26,3,452,0,492,0,46,40,0,87,0,89,0,3,3,0,8,0,10,44,466,68,3,539,0,584,0,0,0,0,0,0,0,790,483,68,3,554,0,1347,18627,674,12,4,685,28,19342,1574,9570,399,31,10000,3,11580,28,665,382,10,1054,0,1087,0,37,6,9,55,0,59,1610,10267,793,44,11108,3,12721,24,11,0,0,14,10,45,20258,10951,804,49,11806,43,32109
LGA14100,15,0,283,14,58,0,0,54,0,72,0,3,3,0,6,0,6,0,0,0,0,0,0,0,14,57,4,0,63,0,76,0,0,0,0,0,0,0,279,77,4,0,81,0,357,167,10,0,0,10,0,170,19,34,3,0,39,0,59,0,0,4,0,7,0,7,0,0,0,0,0,0,0,19,40,5,0,44,0,63,0,0,0,0,0,0,0,181,44,5,0,53,0,233,89,8,0,0,8,0,98,9,20,0,0,20,0,23,0,0,0,0,0,0,0,0,0,0,0,0,0,0,9,20,0,0,20,0,23,0,0,0,0,0,0,0,97,25,0,0,25,0,125,2047,114,0,4,117,0,2160,171,408,14,0,425,0,591,0,9,12,0,21,0,24,0,0,0,0,0,0,0,172,426,23,0,441,0,618,3,0,0,0,0,6,8,2223,535,23,4,563,6,2787
LGA14170,94,3,1639,140,462,25,4,493,0,633,4,59,65,0,122,0,129,0,4,0,0,4,0,8,144,532,86,3,619,0,770,0,0,0,0,0,0,0,1692,621,86,5,717,3,2407,706,24,0,0,27,4,740,53,274,25,0,297,0,347,3,34,68,0,103,0,111,0,0,0,0,0,0,0,55,310,95,0,401,0,459,0,0,0,0,0,0,0,761,339,95,0,429,4,1195,358,21,0,0,21,3,384,29,167,16,0,181,0,215,3,25,39,0,60,0,61,0,0,0,0,0,0,3,34,192,55,0,243,0,278,0,0,0,0,0,0,0,395,211,55,0,267,4,661,16969,1096,14,15,1127,34,18131,1781,4792,245,19,5059,0,6838,36,418,366,4,790,3,826,18,22,9,6,34,0,50,1830,5231,623,35,5882,3,7713,20,11,0,0,10,20,51,18816,6341,632,48,7023,60,25896
LGA14200,8,0,315,3,14,0,0,14,0,19,0,0,0,0,0,0,0,0,0,0,0,0,0,0,3,14,0,0,14,0,19,0,0,0,0,0,0,0,310,26,0,0,26,0,331,41,0,0,0,0,0,41,0,3,0,0,3,0,3,0,0,0,0,0,0,0,0,0,0,0,0,0,0,0,3,0,0,3,0,3,0,0,0,0,0,0,0,41,5,0,0,5,0,42,10,0,0,0,0,0,10,0,0,0,0,0,0,0,0,0,0,0,0,0,0,0,0,0,0,0,0,0,0,0,0,0,0,0,0,0,0,0,0,0,0,0,10,0,0,0,0,0,10,2209,26,0,0,26,6,2242,33,71,3,0,80,0,110,0,15,6,0,24,0,29,0,3,0,4,3,0,3,32,89,8,3,105,0,141,6,0,0,0,0,6,12,2249,116,8,3,133,12,2394
LGA14300,0,0,91,0,0,0,0,0,0,0,0,0,0,0,0,0,0,0,0,0,0,0,0,0,0,0,0,0,0,0,0,0,0,0,0,0,0,0,91,0,0,0,0,0,97,18,0,0,0,0,0,18,0,0,0,0,0,0,0,0,0,0,0,0,0,0,0,0,0,0,0,0,0,0,0,0,0,0,0,0,0,0,0,0,0,0,0,18,0,0,0,0,0,18,5,0,0,0,0,0,5,0,0,0,0,0,0,0,0,0,0,0,0,0,0,0,0,0,0,0,0,0,0,0,0,0,0,0,0,0,0,0,0,0,0,0,5,0,0,0,0,0,5,837,0,0,0,0,0,837,3,13,0,0,13,0,13,4,3,3,0,8,0,10,0,0,0,0,0,0,0,8,13,3,0,15,0,23,0,0,0,0,0,0,0,837,13,3,0,15,0,859
LGA14350,3,0,465,8,12,0,0,12,0,20,0,0,0,0,0,0,0,0,0,0,0,0,0,0,11,14,0,0,14,0,24,0,0,0,0,0,0,0,474,17,0,0,17,0,484,78,0,0,0,0,0,78,0,0,0,0,0,0,0,0,0,0,0,0,0,0,0,0,0,0,0,0,0,0,0,0,0,0,0,0,0,0,0,0,0,0,0,83,0,0,0,0,0,87,18,0,0,0,0,0,18,0,0,0,0,0,0,0,0,0,0,0,0,0,0,0,0,0,0,0,0,0,0,0,0,0,0,0,0,0,0,0,0,0,0,0,18,0,0,0,0,0,19,3117,38,5,0,36,12,3162,62,63,0,0,63,0,124,0,3,4,0,3,0,3,0,0,0,0,0,0,0,67,69,4,0,68,0,131,16,0,0,0,0,5,18,3195,103,4,0,108,15,3320
LGA14400,6,0,468,10,10,0,0,10,0,16,0,0,4,0,4,0,4,0,0,0,0,0,0,0,10,10,4,0,10,0,21,3,0,0,0,0,0,8,469,12,4,0,14,0,487,193,0,0,0,0,0,198,5,8,0,0,6,0,15,0,0,0,0,3,0,3,0,0,0,0,0,0,0,5,7,0,0,9,0,18,0,0,0,0,0,0,0,197,14,0,0,10,0,211,102,0,0,0,0,0,107,0,0,0,0,0,0,3,0,0,0,0,0,0,0,0,0,0,0,0,0,0,0,4,0,0,4,0,3,0,0,0,0,0,0,0,105,3,0,0,3,0,105,3338,59,3,0,63,0,3400,82,97,3,0,103,0,190,0,5,10,0,10,0,16,3,0,0,3,7,0,7,85,106,7,3,120,0,204,17,3,0,0,3,0,19,3444,167,12,3,182,3,3631
LGA14500,86,7,3136,184,713,44,0,752,0,939,3,65,59,0,120,0,123,0,0,0,0,0,0,0,182,779,101,0,874,0,1063,0,0,0,0,0,0,0,3227,864,101,0,964,3,4197,1778,48,0,0,48,3,1835,116,515,32,0,546,0,661,0,50,45,0,96,0,96,0,0,0,0,5,0,4,114,569,71,3,643,0,760,0,0,0,0,0,3,3,1898,616,71,3,695,11,2594,935,22,0,0,22,3,959,58,324,17,3,343,0,404,3,16,21,0,36,0,38,0,3,0,0,0,0,0,62,345,34,3,386,0,444,0,0,0,0,0,0,0,1000,367,34,3,409,3,1405,18403,635,0,4,638,18,19059,1567,6450,285,27,6758,4,8331,18,474,330,0,808,0,829,3,13,0,9,27,0,32,1593,6936,622,38,7594,4,9194,3,3,0,0,3,8,20,19998,7575,618,45,8238,35,28265
LGA14550,4,0,141,3,4,0,0,4,0,7,0,0,0,0,0,0,0,0,0,0,0,0,0,0,3,4,0,0,3,0,5,0,0,0,0,0,0,0,145,3,0,0,4,0,150,32,0,0,0,0,0,38,0,0,0,0,0,0,3,0,0,0,0,0,0,0,0,0,0,0,0,0,0,0,0,0,0,0,0,3,0,0,0,0,0,0,0,36,0,0,0,0,0,37,7,0,0,0,0,0,7,0,0,0,0,0,0,3,0,0,0,0,0,0,0,0,0,0,0,0,0,0,0,0,0,0,0,0,3,0,0,0,0,0,0,0,9,0,0,0,0,0,8,1044,8,0,0,5,5,1056,23,31,0,0,31,0,57,0,0,3,0,3,0,3,0,0,0,0,0,0,0,23,31,3,0,31,0,62,0,0,0,0,0,0,0,1066,39,3,0,42,5,1113
LGA14600,0,0,75,0,0,0,0,0,0,0,0,0,0,0,0,0,0,0,0,0,0,0,0,0,0,0,0,0,0,0,0,0,0,0,0,0,0,0,68,3,0,0,3,0,74,5,0,0,0,0,0,5,0,0,0,0,0,0,0,0,0,0,0,0,0,0,0,0,0,0,0,0,0,0,0,0,0,0,0,0,0,0,0,0,0,0,0,5,0,0,0,0,0,5,7,0,0,0,0,0,7,0,0,0,0,0,0,0,0,0,0,0,0,0,0,0,0,0,0,0,0,0,0,0,0,0,0,0,0,0,0,0,0,0,0,0,7,0,0,0,0,0,7,895,0,0,0,0,0,898,13,24,0,0,24,0,29,0,0,0,0,0,0,0,0,0,0,0,0,0,0,13,26,0,0,26,0,32,0,0,0,0,0,10,12,908,24,0,0,24,10,943
LGA14650,54,0,3990,114,129,7,3,137,0,250,0,12,12,0,21,0,21,0,0,0,0,0,0,0,109,134,14,3,159,0,270,3,0,0,0,0,11,12,4052,190,14,3,209,8,4271,1483,15,0,3,17,0,1507,27,50,10,0,59,0,89,0,4,3,0,7,0,7,0,0,0,0,0,0,3,31,55,11,0,64,0,97,3,0,0,0,0,3,3,1516,75,11,3,86,0,1609,671,7,0,0,7,0,675,21,34,0,0,38,0,57,0,7,0,0,6,0,5,0,0,0,0,0,0,0,25,39,3,0,44,0,69,0,0,0,0,0,0,0,687,51,3,0,50,0,745,29585,496,3,9,507,40,30126,797,1187,59,7,1247,0,2046,21,63,41,3,107,0,130,5,15,0,0,15,0,25,826,1265,100,6,1368,0,2199,35,0,0,0,0,44,85,30451,1758,105,17,1883,79,32409
LGA14700,13,0,603,43,107,4,0,114,0,155,0,7,15,0,16,0,16,0,0,0,0,0,0,0,43,114,15,0,133,0,175,0,0,0,0,0,0,0,628,129,15,3,146,0,773,345,9,0,0,9,0,362,21,79,0,0,81,0,107,0,6,6,0,9,0,8,0,0,0,0,0,0,0,21,86,5,0,92,0,117,0,0,0,0,0,0,0,369,96,5,0,107,0,476,183,8,0,0,8,0,191,9,43,3,0,45,0,57,0,0,0,0,4,0,4,0,0,0,0,0,0,0,14,41,3,0,48,0,58,0,0,0,0,0,0,0,194,53,3,0,57,0,251,4772,179,6,3,186,0,4959,527,1339,36,5,1378,0,1907,9,75,56,0,134,0,146,7,7,0,3,10,0,10,542,1419,94,7,1523,0,2065,5,0,0,0,0,0,5,5323,1597,101,9,1705,0,7030
LGA14750,0,0,230,3,18,0,0,18,0,22,0,0,0,0,3,0,3,0,0,0,0,0,0,0,7,16,0,0,15,0,23,0,0,0,0,0,0,0,230,19,0,0,17,0,252,27,0,0,0,0,0,27,0,0,0,0,0,0,0,0,0,0,0,0,0,0,0,0,0,0,0,0,0,0,0,0,0,0,0,0,0,0,0,0,0,0,0,27,0,0,0,0,0,34,6,0,0,0,0,0,6,0,0,0,0,0,0,0,0,0,0,0,0,0,0,0,0,0,0,0,0,0,0,0,0,0,0,0,0,0,0,0,0,0,0,0,6,0,0,0,0,0,5,1539,26,0,0,26,4,1567,23,120,4,0,122,0,149,0,11,8,0,18,0,18,0,4,0,0,4,0,5,29,131,9,0,144,0,165,0,0,0,0,0,0,3,1567,154,9,0,167,7,1740
LGA14850,15,9,803,25,23,3,0,25,0,51,0,0,3,0,3,0,3,0,0,0,0,0,0,0,25,23,5,0,27,0,56,0,0,0,0,0,0,0,802,40,5,0,46,10,856,195,0,0,0,0,0,199,6,0,0,0,3,0,12,0,0,0,0,0,0,0,0,0,0,0,0,0,0,6,0,0,0,3,0,12,0,0,0,0,0,0,0,206,4,0,0,6,0,207,46,0,0,0,0,0,47,0,3,0,0,3,0,3,0,0,0,0,0,0,0,0,0,0,0,0,0,0,0,3,0,0,3,0,3,0,0,0,0,0,0,0,46,0,0,0,3,0,53,5418,109,4,0,114,14,5544,185,223,14,5,243,0,424,0,4,17,0,19,0,24,0,3,0,0,3,0,7,189,233,24,5,261,0,452,17,0,0,0,0,5,23,5622,347,35,5,382,18,6024
LGA14870,7,0,362,5,3,0,0,3,0,8,0,0,0,0,0,0,0,0,0,0,0,0,0,0,7,3,0,0,3,0,8,0,0,0,0,0,0,0,367,9,0,0,9,0,372,73,0,0,0,0,0,71,0,3,0,0,3,0,0,0,0,0,0,0,0,0,0,0,0,0,0,0,0,0,3,0,0,4,0,4,0,0,0,0,0,0,0,72,0,0,0,4,0,80,22,0,0,0,0,0,22,0,0,0,0,0,0,0,0,0,0,0,0,0,0,0,0,0,0,0,0,0,0,0,0,0,0,0,0,0,0,0,0,0,0,0,21,0,0,0,0,0,20,2533,31,3,3,39,6,2576,57,69,5,3,77,3,132,7,4,13,0,20,0,26,0,0,0,0,0,0,0,60,73,16,3,95,3,156,0,0,0,0,0,17,15,2596,107,19,3,133,24,2751
LGA14900,178,0,1861,164,2725,213,12,2951,0,3117,3,325,378,3,705,0,715,0,19,3,6,25,0,30,172,3062,599,24,3684,3,3857,0,3,0,0,3,6,9,1856,3239,606,27,3863,9,5731,640,71,3,3,78,0,720,93,1822,145,7,1976,0,2064,0,230,292,0,530,0,531,0,17,0,6,25,0,25,93,2069,441,18,2527,0,2622,0,0,0,0,0,3,5,733,2141,445,20,2603,4,3344,302,26,0,0,25,0,331,35,891,58,4,952,0,981,0,119,186,0,299,0,304,0,6,3,3,10,0,10,32,1013,248,8,1263,0,1300,0,0,0,0,0,3,6,337,1037,248,8,1290,3,1634,12629,1579,31,24,1637,15,14276,1750,22286,1601,112,23999,9,25755,49,2569,2457,16,5047,4,5096,12,150,33,82,267,0,280,1813,25008,4093,212,29314,12,31139,40,16,0,7,29,75,140,14479,26603,4121,244,30976,104,45550
LGA14920,0,0,125,0,0,0,0,0,0,0,0,0,0,0,0,0,0,0,0,0,0,0,0,0,0,0,0,0,0,0,0,3,0,0,0,0,0,3,125,0,0,0,0,0,126,23,0,0,0,0,0,23,0,0,0,0,0,0,0,0,0,0,0,0,0,0,0,0,0,0,0,0,0,0,0,0,0,0,0,0,0,0,0,0,0,0,0,23,0,0,0,0,0,23,6,0,0,0,0,0,6,0,0,0,0,0,0,0,0,0,0,0,0,0,0,0,0,0,0,0,0,0,0,0,0,0,0,0,0,0,0,0,0,0,0,0,6,0,0,0,0,0,6,1017,3,0,0,3,0,1023,0,13,0,0,13,0,17,0,0,0,0,0,0,0,0,0,0,0,0,0,0,0,16,0,0,16,0,16,19,0,0,0,0,0,20,1036,14,0,0,14,0,1051
LGA14950,0,0,59,0,0,0,0,0,0,0,0,0,0,0,0,0,0,0,0,0,0,0,0,0,0,0,0,0,0,0,0,0,0,0,0,0,0,0,63,0,0,0,0,0,63,9,0,0,0,0,0,9,0,0,0,0,0,0,0,0,0,0,0,0,0,0,0,0,0,0,0,0,0,0,0,0,0,0,0,0,0,0,0,0,0,0,0,9,0,0,0,0,0,9,5,0,0,0,0,0,5,0,0,0,0,0,0,0,0,0,0,0,0,0,0,0,0,0,0,0,0,0,0,0,0,0,0,0,0,0,0,0,0,0,0,0,5,0,0,0,0,0,5,539,0,0,0,0,0,542,3,3,5,0,11,0,10,0,0,3,0,3,0,3,0,0,0,0,0,0,0,3,3,7,0,13,0,17,0,0,0,0,0,0,0,540,3,7,0,13,0,560
LGA15050,16,0,1637,17,62,3,0,67,0,86,0,3,0,0,0,0,7,0,0,0,0,0,0,0,24,67,3,0,68,0,90,3,0,0,0,0,0,3,1648,82,3,0,88,4,1732,511,3,0,0,3,0,517,6,23,3,0,30,0,35,0,0,0,0,3,0,3,0,0,0,0,0,0,0,6,30,3,0,32,0,36,0,0,0,0,0,0,0,519,34,3,0,32,0,555,203,0,0,0,0,0,206,3,6,0,0,12,0,15,0,0,0,0,0,0,0,0,0,0,0,0,0,0,3,6,0,0,12,0,15,0,0,0,0,0,0,0,208,6,0,0,12,0,216,12997,206,0,0,209,20,13228,234,578,29,0,606,0,845,5,32,11,3,48,0,55,5,0,0,0,0,0,8,247,611,46,3,658,0,901,20,0,0,3,4,6,29,13257,814,43,5,865,30,14151
LGA15240,17,3,1523,22,30,3,0,31,0,54,0,0,0,0,0,0,0,0,0,0,0,0,0,0,22,30,3,0,34,0,57,8,0,0,0,0,5,13,1534,47,3,0,50,9,1591,250,3,0,0,3,0,256,3,0,0,0,3,0,7,0,0,0,0,0,0,0,0,0,0,0,0,0,0,3,6,0,0,7,0,9,0,0,0,0,0,0,0,260,9,0,0,10,0,267,56,0,0,0,0,0,56,3,0,0,0,0,0,3,0,0,0,0,0,0,0,0,0,0,0,0,0,0,3,0,0,0,0,0,4,0,0,0,0,0,0,0,60,0,0,0,0,0,57,9893,99,0,0,106,44,10037,179,254,6,0,265,6,449,4,10,13,0,24,0,30,0,0,0,3,3,0,7,185,265,19,3,288,6,484,32,0,0,0,0,33,60,10103,370,19,3,394,82,10582
LGA15270,3,0,418,7,10,0,0,10,0,13,0,0,0,0,0,0,0,0,0,0,0,0,0,0,7,10,0,0,10,0,13,0,0,0,0,0,0,0,421,10,0,0,10,0,436,60,0,0,0,0,0,61,0,0,0,0,0,0,0,0,0,0,0,0,0,0,0,0,0,0,0,0,0,0,0,0,0,0,0,0,0,0,0,0,0,0,0,60,3,0,0,3,0,63,10,0,0,0,0,0,10,0,0,0,0,0,0,0,0,0,0,0,0,0,0,0,0,0,0,0,0,0,0,0,0,0,0,0,0,0,0,0,0,0,0,0,9,0,0,0,0,0,9,3678,25,0,0,25,8,3711,64,69,7,0,77,0,140,0,8,9,0,12,0,12,0,0,0,0,0,0,0,64,76,16,0,93,0,152,9,0,0,0,0,16,23,3750,106,16,0,116,20,3891
LGA15300,3,0,153,0,7,0,0,7,0,5,0,0,0,0,0,0,0,0,0,0,0,0,0,0,0,7,0,0,7,0,5,0,0,0,0,0,0,0,156,5,0,0,5,0,161,14,0,0,0,0,0,14,0,3,0,0,3,0,3,0,0,0,0,0,0,0,0,0,0,0,0,0,0,0,3,0,0,3,0,3,0,0,0,0,0,0,0,14,3,0,0,3,0,14,3,0,0,0,0,0,3,0,0,0,0,0,0,0,0,0,0,0,0,0,0,0,0,0,0,0,0,0,0,0,0,0,0,0,0,0,0,0,0,0,0,0,3,0,0,0,0,0,3,1624,18,0,0,18,5,1646,31,88,0,0,88,0,121,0,3,0,0,3,0,5,0,0,0,0,0,0,0,35,90,0,0,90,0,126,3,0,0,0,0,14,17,1667,107,0,0,112,18,1795
LGA15350,20,0,570,20,68,0,0,70,0,94,0,0,3,0,6,0,6,0,0,0,0,0,0,0,20,75,6,0,78,0,98,0,0,0,0,0,0,0,577,93,6,0,98,0,672,328,8,0,0,8,0,334,18,35,3,0,34,0,50,0,0,3,0,3,0,3,0,0,0,0,0,0,0,18,35,3,0,37,0,56,0,0,0,0,0,0,0,347,39,3,0,49,0,389,173,4,0,0,4,0,174,3,20,0,0,20,0,23,0,0,0,0,3,0,3,0,0,0,0,0,0,0,3,22,0,0,24,0,25,0,0,0,0,0,0,0,180,20,0,0,25,0,203,4047,149,0,0,146,8,4204,268,621,14,0,636,0,908,0,29,15,0,46,0,46,0,4,0,3,3,0,7,277,651,33,3,688,0,967,3,0,0,0,0,0,3,4327,802,33,3,839,11,5178
LGA15520,0,0,220,0,3,0,0,3,0,3,0,0,0,0,0,0,0,0,0,0,0,0,0,0,0,3,0,0,3,0,3,0,0,0,0,0,0,0,221,3,0,0,3,0,226,45,0,0,0,0,0,45,3,0,0,0,0,0,3,0,0,0,0,0,0,0,0,0,0,0,0,0,0,3,0,0,0,0,0,3,0,0,0,0,0,0,0,51,0,0,0,0,0,51,3,0,0,0,0,0,3,0,0,0,0,0,0,0,0,0,0,0,0,0,0,0,0,0,0,0,0,0,0,0,0,0,0,0,0,0,0,0,0,0,0,0,3,0,0,0,0,0,3,1670,17,0,0,17,10,1694,18,35,9,0,43,0,62,0,0,0,0,0,0,0,0,0,0,0,0,0,0,18,35,12,0,47,0,67,5,0,0,0,0,3,14,1697,54,12,0,64,16,1768
LGA15560,0,0,78,0,0,0,0,0,0,3,0,0,0,0,0,0,0,0,0,0,0,0,0,0,0,0,0,0,0,0,3,0,0,0,0,0,0,0,79,0,0,0,0,0,75,6,0,0,0,0,0,6,0,4,0,0,4,0,4,0,0,0,0,0,0,0,0,0,0,0,0,0,0,0,4,0,0,4,0,4,0,0,0,0,0,0,0,6,4,0,0,4,0,12,3,0,0,0,0,0,3,0,0,0,0,0,0,0,0,0,0,0,0,0,0,0,0,0,0,0,0,0,0,0,0,0,0,0,0,0,0,0,0,0,0,0,3,0,0,0,0,0,3,525,3,0,0,3,0,526,8,21,0,0,20,0,30,0,0,0,0,0,0,0,0,0,0,0,0,0,0,8,21,0,0,20,0,30,4,0,0,0,0,0,4,535,19,0,0,18,0,558
LGA15650,0,0,298,3,10,0,0,10,0,16,0,0,0,0,0,0,0,0,0,0,0,0,0,0,3,14,0,0,14,0,23,0,0,0,0,0,0,0,301,17,0,0,17,3,321,51,0,0,0,0,0,51,0,3,0,0,3,0,6,0,0,0,0,0,0,0,0,0,0,0,0,0,0,0,3,0,0,3,0,6,0,0,0,0,0,0,0,52,3,0,0,3,0,58,10,0,0,0,0,0,10,0,3,0,0,3,0,3,0,0,0,0,0,0,0,0,0,0,0,0,0,0,0,3,0,0,3,0,3,0,0,0,0,0,0,0,10,3,0,0,3,0,12,2536,19,0,0,19,3,2563,50,118,4,0,122,0,172,0,17,0,0,17,0,15,0,0,0,0,0,0,0,50,136,4,0,140,0,188,0,0,0,0,0,10,10,2585,156,4,0,159,15,2760
LGA15700,6,0,304,6,5,0,0,5,0,17,0,0,0,0,0,0,0,0,0,0,0,0,0,0,6,5,0,0,8,0,12,3,0,0,0,0,0,3,308,7,0,0,13,0,325,46,0,0,0,0,0,48,0,0,0,0,0,0,0,0,0,0,0,0,0,0,0,0,0,0,0,0,0,0,0,0,0,0,0,0,0,0,0,0,0,0,0,46,0,0,0,0,0,48,14,0,0,0,0,0,14,0,0,0,0,0,0,0,0,0,0,0,0,0,0,0,0,0,0,0,0,0,0,0,0,0,0,0,0,0,0,0,0,0,0,0,14,0,0,0,0,0,14,2132,26,0,0,26,4,2168,67,29,0,0,32,3,98,0,0,4,0,4,0,4,0,0,0,0,0,0,0,67,29,3,0,31,3,104,6,0,0,0,0,5,9,2209,54,3,0,56,18,2278
LGA15750,3,0,215,0,3,0,0,4,0,5,0,0,0,0,0,0,0,0,0,0,0,0,0,0,0,3,0,0,4,0,5,3,0,0,0,0,0,3,218,7,0,0,3,0,222,38,0,0,0,0,0,38,0,0,0,0,0,0,0,0,0,0,0,0,0,0,0,0,0,0,0,0,0,0,0,0,0,0,0,0,0,0,0,0,0,0,0,38,0,0,0,0,0,38,4,0,0,0,0,0,4,0,0,0,0,0,0,0,0,0,0,0,0,0,0,0,0,0,0,0,0,0,0,0,0,0,0,0,0,0,0,0,0,0,0,0,4,0,0,0,0,0,4,1950,17,0,0,17,12,1975,35,27,0,0,26,0,62,0,5,3,0,6,0,6,0,0,0,0,0,0,0,35,30,4,0,35,0,69,15,0,0,0,0,4,14,1998,42,4,0,49,12,2059
LGA15800,0,0,104,0,3,0,0,3,0,3,0,0,0,0,0,0,0,0,0,0,0,0,0,0,0,3,0,0,3,0,3,0,0,0,0,0,0,0,104,3,0,0,3,0,107,8,0,0,0,0,0,8,0,0,0,0,0,0,0,0,0,0,0,0,0,0,0,0,0,0,0,0,0,0,0,0,0,0,0,0,0,0,0,0,0,0,0,8,0,0,0,0,0,8,4,0,0,0,0,0,4,0,0,0,0,0,0,0,0,0,0,0,0,0,0,0,0,0,0,0,0,0,0,0,0,0,0,0,0,0,0,0,0,0,0,0,4,0,0,0,0,0,4,812,6,0,0,6,3,821,16,27,0,0,27,0,39,0,0,0,0,0,0,0,0,0,0,0,0,0,0,16,27,0,0,27,0,39,0,0,0,0,0,0,0,825,32,0,0,32,3,861
LGA15850,0,0,103,0,0,0,0,0,0,0,0,0,0,0,0,0,0,0,0,0,0,0,0,0,0,0,0,0,0,0,0,0,0,0,0,0,0,0,107,0,0,0,0,0,107,15,0,0,0,0,0,15,0,0,0,0,0,0,0,0,0,0,0,0,0,0,0,0,0,0,0,0,0,0,0,0,0,0,0,0,0,0,0,0,0,0,0,15,0,0,0,0,0,15,4,0,0,0,0,0,4,0,0,0,0,0,0,0,0,0,0,0,0,0,0,0,0,0,0,0,0,0,0,0,0,0,0,0,0,0,0,0,0,0,0,0,4,0,0,0,0,0,4,880,0,0,0,0,0,880,10,9,0,0,9,0,18,0,5,0,0,5,0,5,0,0,0,0,0,0,0,10,14,0,0,14,0,24,0,0,0,0,0,3,3,891,14,0,0,14,3,914
LGA15900,55,6,2415,63,156,14,0,172,0,235,0,30,14,0,43,0,45,0,0,0,0,0,0,0,62,184,28,0,216,0,282,3,0,0,0,0,0,5,2418,244,28,3,275,5,2696,868,22,0,0,22,0,886,30,69,8,0,77,0,108,0,8,4,0,12,0,17,0,0,0,0,0,0,0,34,82,14,0,98,0,128,0,0,0,0,0,0,3,898,99,14,0,114,0,1017,436,6,0,0,6,0,450,5,30,4,0,37,0,45,0,3,7,0,12,0,12,3,0,0,0,0,0,3,8,41,14,0,48,0,61,0,0,0,0,0,0,0,449,46,14,0,61,0,504,19341,502,5,4,506,28,19875,734,1805,93,8,1908,3,2645,12,249,157,0,405,0,419,6,16,3,0,19,0,27,755,2068,250,8,2326,3,3087,30,0,0,0,0,23,53,20125,2568,255,10,2841,47,23011
LGA15950,18,0,416,39,107,3,0,119,0,153,0,4,4,0,15,0,15,3,0,0,0,3,0,7,40,115,13,0,128,0,175,0,0,0,0,0,0,0,443,135,13,0,155,0,589,223,6,0,0,6,0,233,22,66,7,0,71,0,97,0,7,7,0,12,0,12,0,0,0,0,0,0,0,22,70,14,0,87,0,108,0,0,0,0,0,0,0,244,78,14,0,94,0,337,162,9,0,0,9,0,171,15,30,5,0,35,0,51,0,0,5,0,9,0,11,0,0,0,0,0,0,0,13,29,10,0,45,0,59,0,0,0,0,0,0,0,178,43,10,0,49,0,232,4966,256,0,0,259,0,5223,623,1668,48,3,1717,0,2342,7,103,55,0,157,0,164,9,0,0,0,3,0,11,633,1768,107,4,1878,0,2515,3,7,0,0,7,0,8,5596,2030,106,3,2143,3,7744
LGA15990,150,7,5206,312,660,43,0,698,0,1010,0,48,46,0,92,0,91,3,4,0,0,11,0,12,313,711,85,3,798,0,1115,6,0,0,0,0,0,9,5372,858,85,3,952,6,6328,2276,54,3,0,60,0,2330,137,364,19,0,383,0,524,0,22,32,0,54,0,55,0,0,0,0,3,0,3,138,393,49,0,441,0,579,0,0,0,0,0,0,0,2414,443,55,4,500,0,2914,1076,23,0,0,22,0,1100,51,189,17,0,209,0,253,0,17,21,0,36,0,39,0,0,0,0,0,0,0,52,209,36,0,249,0,298,0,0,0,0,0,0,0,1129,234,36,0,274,0,1403,40548,1441,13,13,1471,53,42077,2960,5716,225,14,5949,8,8915,17,281,226,3,510,0,534,12,17,3,7,30,0,39,2989,6016,452,23,6492,10,9485,32,10,0,0,10,24,68,43570,7464,464,37,7971,89,51623
LGA16100,0,0,115,3,0,0,0,0,0,4,0,0,0,0,0,0,0,0,0,0,0,0,0,0,3,0,0,0,0,0,4,0,0,0,0,0,0,0,113,4,0,0,4,0,120,22,0,0,0,0,0,22,0,0,0,0,0,0,0,0,0,0,0,0,0,0,0,0,0,0,0,0,0,0,0,0,0,0,0,0,0,0,0,0,0,0,0,22,0,0,0,0,0,22,4,0,0,0,0,0,4,0,0,0,0,0,0,0,0,0,0,0,0,0,0,0,0,0,0,0,0,0,0,0,0,0,0,0,0,0,0,0,0,0,0,0,4,0,0,0,0,0,4,712,9,0,0,9,0,715,8,22,0,0,22,0,34,0,0,0,0,0,0,0,0,0,0,0,0,0,0,8,24,0,0,24,0,31,0,0,0,0,0,0,0,723,31,0,0,31,0,748
LGA16150,16,0,746,15,28,3,0,29,0,47,3,0,0,0,3,0,5,0,0,0,0,0,0,0,18,31,6,0,33,0,51,0,0,0,0,0,0,0,749,46,6,0,49,3,800,164,3,0,0,3,0,169,5,11,0,0,12,0,17,0,3,0,0,3,0,0,0,0,0,0,0,0,0,4,10,0,0,12,0,14,0,0,0,0,0,0,0,166,14,0,0,16,0,184,32,0,0,0,0,0,32,0,3,0,0,3,0,3,0,0,0,0,0,0,0,0,0,0,0,0,0,0,0,3,0,0,3,0,3,0,0,0,0,0,0,0,32,3,0,0,3,0,40,6035,91,5,4,101,9,6143,131,399,18,0,419,0,546,3,25,19,0,47,0,49,0,9,0,3,7,0,11,136,431,39,3,474,0,610,10,3,0,0,3,9,22,6173,527,40,6,576,16,6770
LGA16200,3,0,288,3,11,0,0,11,0,17,0,0,0,0,3,0,3,0,0,0,0,0,0,0,5,15,0,0,12,0,18,0,0,0,0,0,0,0,289,14,0,0,18,0,309,39,0,0,0,0,0,39,0,3,0,0,3,0,3,0,0,3,0,3,0,3,0,0,0,0,0,0,0,0,3,3,0,8,0,8,0,0,0,0,0,0,0,39,3,3,0,8,0,44,12,0,0,0,0,0,12,0,0,0,0,0,0,0,0,0,0,0,0,0,0,0,0,0,0,0,0,0,0,0,0,0,0,0,0,0,0,0,0,0,0,0,12,0,0,0,0,0,12,2104,29,0,0,29,3,2139,29,81,0,0,81,0,111,0,10,7,0,19,0,19,5,0,0,0,0,0,5,35,90,7,0,99,0,132,3,0,0,0,0,4,8,2141,115,7,0,124,3,2273
LGA16260,79,0,1624,151,1735,177,8,1926,0,2075,3,275,266,0,547,0,551,0,5,0,0,9,0,11,160,2022,448,9,2481,0,2641,4,0,0,0,0,0,3,1699,2100,448,11,2560,0,4264,912,51,0,0,51,0,963,76,1328,131,7,1467,0,1536,5,210,239,3,447,0,458,0,3,0,0,3,0,3,78,1537,371,11,1923,0,2001,3,0,0,0,0,0,4,992,1595,375,11,1972,3,2970,432,19,0,0,22,3,460,43,664,70,0,734,0,774,3,110,144,0,256,0,256,0,0,0,0,3,0,3,46,779,210,0,990,0,1030,0,0,0,0,0,0,0,480,800,209,0,1012,3,1491,13011,1010,22,11,1039,14,14071,1797,21064,1255,87,22404,4,24211,39,2339,1683,27,4048,0,4089,10,103,14,26,139,0,143,1844,23508,2948,140,26596,8,28444,18,23,0,3,27,34,74,14870,24543,2966,152,27663,51,42587
LGA16350,140,4,3385,151,822,37,10,869,0,1018,3,54,32,0,86,0,88,3,8,3,0,5,0,8,155,881,74,10,957,0,1117,7,0,0,0,0,3,11,3407,1013,74,12,1096,10,4505,1107,44,0,0,44,0,1149,67,486,21,0,511,0,573,3,34,33,0,64,0,69,0,6,0,0,5,0,8,69,520,55,4,581,0,651,0,0,0,0,0,0,0,1180,565,55,4,621,0,1803,474,29,0,0,29,0,501,32,253,11,0,264,0,295,0,22,18,0,37,0,37,0,3,0,0,3,0,3,32,278,29,0,307,0,339,0,0,0,0,0,0,0,506,308,29,0,331,0,838,26202,1154,4,15,1172,23,27405,1343,6957,251,41,7251,4,8599,34,439,224,0,666,0,697,12,44,12,20,81,0,84,1385,7445,486,63,7990,4,9386,50,10,0,0,10,37,94,27637,8602,489,79,9170,67,36875
LGA16380,12,3,1510,35,33,0,0,34,0,69,0,0,0,0,0,0,0,0,0,0,0,0,0,0,35,35,3,0,35,0,67,6,0,0,0,0,0,5,1531,47,3,0,49,3,1587,295,3,0,0,3,0,298,6,7,0,0,7,0,17,0,0,0,0,0,0,0,0,0,0,0,0,0,0,6,7,0,0,7,0,17,0,0,0,0,0,0,0,306,7,0,0,7,0,311,51,0,0,0,0,0,51,0,3,0,0,3,0,7,0,0,0,0,0,0,0,0,0,0,0,0,0,0,0,3,0,0,3,0,7,0,0,0,0,0,0,0,57,3,0,0,3,0,60,10026,151,0,9,157,27,10203,249,306,13,3,327,0,574,0,15,12,0,31,0,31,0,0,0,0,0,0,0,249,325,27,3,354,0,607,25,0,0,0,0,17,39,10298,471,28,8,510,39,10852
LGA16400,11,3,1362,29,34,0,0,35,0,61,0,0,0,0,3,0,4,0,0,0,0,0,0,0,28,31,3,0,37,0,67,3,0,0,0,0,4,9,1381,44,3,3,50,6,1434,377,4,0,0,4,3,383,3,8,0,0,8,0,15,0,0,0,0,0,0,0,0,0,0,0,0,0,0,3,11,0,0,11,0,12,0,0,0,0,0,0,0,380,12,0,0,12,3,393,141,0,0,0,0,0,145,7,5,0,0,8,0,11,0,0,0,0,0,0,0,0,0,0,0,0,0,0,7,5,0,0,8,0,9,0,0,0,0,0,0,0,151,7,0,0,7,0,156,9564,134,3,3,140,22,9731,228,259,3,0,260,0,493,10,15,9,0,22,0,32,0,9,0,3,11,0,11,245,278,12,3,291,0,536,24,0,0,0,0,21,48,9836,409,19,3,432,43,10312
LGA16490,35,10,1287,34,118,4,0,122,0,157,0,3,3,0,7,0,8,0,0,0,0,0,0,0,38,122,6,0,129,0,161,6,0,0,0,0,0,6,1290,157,6,0,160,6,1459,384,10,0,0,10,0,393,6,53,3,3,62,0,68,3,3,4,0,3,0,3,0,0,0,0,0,0,0,6,59,3,0,67,0,72,0,0,0,0,0,0,0,389,63,3,0,71,0,463,155,3,0,0,3,0,156,4,26,0,0,28,0,32,0,0,0,0,0,0,0,0,0,0,0,0,0,0,4,30,0,0,28,0,35,0,0,0,0,0,0,0,157,34,0,0,30,0,193,8385,274,0,3,272,22,8681,329,1115,32,4,1154,0,1482,8,48,24,0,71,0,78,8,3,0,0,5,0,9,340,1163,56,9,1226,0,1572,19,0,0,0,0,21,43,8752,1435,56,14,1500,46,10296
LGA16550,67,0,1444,135,487,19,0,505,0,643,4,31,25,0,63,0,67,3,0,0,0,0,0,4,141,521,46,5,567,0,708,3,0,0,0,0,0,4,1522,585,49,5,637,0,2155,719,20,0,0,27,0,746,60,337,24,0,363,0,423,0,22,24,0,46,0,49,0,0,0,0,4,0,4,63,361,52,0,408,0,471,0,0,0,0,0,0,0,782,381,51,0,436,0,1218,368,27,0,0,27,0,391,33,207,12,0,224,0,253,0,15,15,0,29,0,29,0,0,0,0,0,0,0,33,227,25,0,255,0,287,0,0,0,0,0,0,0,401,249,25,0,277,0,681,12808,724,7,0,733,10,13554,1463,4645,164,17,4825,0,6293,17,292,152,0,441,0,456,12,14,4,4,27,0,36,1489,4953,316,21,5294,0,6787,11,3,0,0,3,12,26,14313,5679,325,24,6028,25,20370
LGA16610,3,3,444,9,0,0,0,0,0,9,0,0,0,0,0,0,0,0,0,0,0,0,0,0,9,0,0,0,3,0,10,0,0,0,0,0,4,4,448,3,0,0,3,6,459,96,0,0,0,0,0,96,3,0,0,0,0,0,4,0,0,0,0,0,0,0,0,0,0,0,0,0,0,3,0,0,0,0,0,4,0,0,0,0,0,0,0,95,0,0,0,0,0,97,17,0,0,0,0,0,17,0,0,0,0,0,0,0,0,0,0,0,0,0,0,0,0,0,0,0,0,0,0,0,0,0,0,0,0,0,0,0,0,0,0,0,17,0,0,0,0,0,17,3123,14,0,0,11,17,3151,52,27,4,0,30,0,84,0,3,8,0,5,0,9,0,0,0,0,0,0,0,53,29,14,0,38,0,94,12,0,0,0,0,16,27,3191,38,10,0,49,28,3273
LGA16650,76,3,615,93,987,78,0,1067,0,1161,3,96,64,3,167,0,168,0,6,0,4,10,0,13,94,1092,143,10,1247,0,1338,0,0,0,0,0,0,3,633,1169,143,10,1317,6,1953,272,39,0,0,39,0,313,40,610,56,0,668,0,703,0,85,77,0,166,0,166,3,9,0,0,9,0,11,41,703,130,3,833,0,879,0,0,0,0,0,0,0,309,741,130,3,873,0,1185,112,8,0,0,8,0,118,16,297,33,0,330,0,347,0,34,44,0,84,0,81,0,8,0,6,11,0,9,18,340,73,6,422,0,441,0,0,0,0,0,0,0,129,350,73,6,428,0,559,4838,643,10,0,657,9,5505,963,9188,476,42,9705,3,10672,24,715,449,3,1166,0,1197,10,52,6,28,84,0,93,999,9956,931,73,10958,3,11962,9,14,5,0,14,10,37,5845,10609,942,79,11632,21,17498
LGA16700,46,0,1120,103,774,72,0,847,0,953,4,78,78,0,158,0,162,0,8,0,4,8,0,8,107,858,155,4,1014,0,1121,0,0,0,0,3,3,3,1180,902,155,7,1064,3,2250,607,24,0,0,24,0,629,62,519,57,3,576,0,642,3,74,78,0,150,0,152,0,4,0,0,3,0,3,68,597,136,5,739,0,805,0,0,0,0,3,0,5,675,625,139,5,762,0,1438,294,21,0,0,21,0,314,24,330,32,0,366,0,391,3,48,75,0,120,0,120,0,0,0,3,4,0,4,23,380,110,4,493,0,511,0,0,0,0,0,0,0,316,402,110,4,508,0,826,8456,635,8,6,646,3,9104,1238,8079,440,21,8547,3,9787,27,758,526,5,1291,0,1318,0,38,5,16,59,0,59,1267,8884,972,42,9898,3,11164,5,3,3,0,6,12,24,9722,9522,983,48,10553,18,20291
LGA16900,46,8,1426,56,126,3,0,130,0,191,0,6,7,0,9,0,9,0,0,0,4,4,0,8,58,134,6,4,150,0,207,0,0,0,0,0,0,3,1433,178,6,4,191,9,1635,464,9,0,0,9,0,480,18,81,3,0,82,0,101,0,3,7,0,4,0,4,0,0,0,0,0,0,0,18,80,6,0,90,0,108,0,0,0,0,0,0,0,481,96,6,0,98,3,587,176,3,0,0,3,3,182,11,33,3,0,37,0,51,0,0,0,0,3,0,3,0,0,0,0,0,0,0,11,41,5,0,43,0,56,0,0,0,0,0,0,0,189,42,5,0,49,3,235,10062,365,0,0,365,27,10447,353,954,23,7,986,3,1344,3,25,35,0,58,0,59,6,12,0,4,16,0,25,360,992,58,10,1061,3,1427,14,5,0,0,5,8,22,10432,1360,58,13,1428,37,11901
LGA16950,16,3,1589,33,27,0,0,33,0,62,0,0,8,0,4,0,4,3,0,0,0,0,0,3,35,29,11,0,35,0,76,3,0,0,0,0,0,9,1611,51,11,0,60,3,1672,347,7,0,0,7,3,358,12,8,0,0,8,0,20,0,0,3,0,3,0,3,0,0,0,0,0,0,0,12,8,3,0,17,0,26,0,0,0,0,0,0,0,356,18,3,0,22,3,384,98,0,0,0,0,0,96,0,8,0,0,8,0,7,0,0,0,0,0,0,0,0,0,0,0,0,0,0,0,10,0,0,10,0,7,0,0,0,0,0,0,0,100,10,0,0,10,0,107,11772,165,0,9,169,39,11984,316,357,8,3,376,0,693,4,24,23,0,52,0,59,3,0,0,0,0,0,3,323,383,37,3,423,0,749,33,9,0,0,9,32,69,12132,561,37,9,603,64,12806
LGA17000,3,0,579,10,11,0,0,11,0,20,3,0,0,0,0,0,3,0,0,0,0,0,0,0,12,10,0,0,10,0,20,0,0,0,0,0,0,0,587,11,0,0,11,0,595,135,0,0,0,0,0,135,3,4,0,0,4,0,10,0,0,0,0,0,0,0,0,0,0,0,0,0,0,3,4,0,0,4,0,10,0,0,0,0,0,0,0,141,4,0,0,4,0,140,43,0,0,0,0,0,43,0,0,0,0,0,0,0,0,0,0,0,0,0,0,0,0,0,0,0,0,0,0,0,0,0,0,0,0,0,0,0,0,0,0,0,41,0,0,0,0,0,41,3990,40,3,0,41,4,4033,80,105,5,0,106,3,188,6,11,0,0,9,0,13,0,0,0,0,0,0,0,80,110,7,0,118,3,207,4,0,0,0,0,6,15,4077,152,4,0,161,14,4249
LGA17040,3,0,366,7,11,0,0,11,0,16,0,0,0,0,3,0,4,0,0,0,0,0,0,0,6,12,0,0,17,0,18,3,0,0,0,0,0,3,374,17,0,0,18,0,390,50,0,0,0,0,0,53,0,7,0,0,7,0,8,0,0,0,0,0,0,0,0,0,0,0,0,0,0,0,7,0,0,7,0,8,0,0,0,0,0,0,0,56,9,0,0,9,0,66,11,0,0,0,0,0,15,0,0,0,0,0,0,0,0,0,0,0,0,0,0,0,0,0,0,0,0,0,0,0,0,0,0,0,0,0,0,0,0,0,0,0,11,5,0,0,5,0,19,2740,33,0,0,34,0,2775,56,89,3,0,91,0,152,8,8,3,0,11,0,15,0,0,0,3,4,0,4,61,102,4,3,111,0,170,3,0,0,0,0,8,9,2809,134,4,3,143,5,2955
LGA17080,5,0,250,3,3,0,0,3,0,7,0,0,0,0,0,0,0,0,0,0,0,0,0,0,3,3,0,0,3,0,7,0,0,0,0,0,0,0,253,4,0,0,4,0,256,37,0,0,0,0,0,37,0,0,0,0,0,0,0,0,0,0,0,0,0,0,0,0,0,0,0,0,0,0,0,0,0,0,0,0,0,0,0,0,0,0,0,37,0,0,0,0,0,41,8,0,0,0,0,0,8,0,0,0,0,0,0,0,0,0,0,0,0,0,0,0,0,0,0,0,0,0,0,0,0,0,0,0,0,0,0,0,0,0,0,0,8,0,0,0,0,0,8,1946,25,0,0,25,3,1974,31,62,0,0,62,3,92,0,0,0,0,0,0,0,0,0,0,0,0,0,0,31,63,0,0,63,3,99,13,0,0,0,0,0,13,1990,90,0,0,90,5,2086
LGA17100,29,0,244,33,442,43,3,489,0,521,0,49,73,0,122,0,122,0,0,0,0,0,0,0,33,492,111,4,612,0,645,0,0,0,0,0,0,3,244,520,116,4,645,0,887,157,21,3,0,21,0,183,21,372,29,4,403,0,426,0,54,70,3,125,0,125,0,8,0,0,8,0,8,21,433,90,3,535,0,555,0,0,0,0,0,0,0,183,459,94,3,559,0,739,73,5,0,0,5,0,79,17,222,13,0,240,0,252,0,29,41,0,67,0,67,0,3,0,0,3,0,3,17,253,53,0,305,0,323,0,0,0,0,0,0,0,89,263,53,0,318,0,408,1319,213,8,5,222,0,1545,319,4071,216,33,4316,3,4644,12,409,405,3,823,0,828,0,26,9,13,40,0,42,334,4509,634,39,5180,3,5518,3,10,0,0,10,5,18,1659,4728,640,47,5410,4,7073
LGA17150,131,0,4538,183,629,12,3,642,0,827,6,33,17,0,58,0,60,0,0,0,0,0,0,3,186,666,36,3,701,0,893,0,0,0,0,0,0,0,4601,794,36,3,827,0,5433,2307,55,3,0,59,0,2360,97,415,23,0,438,0,536,3,29,20,0,50,0,52,3,3,0,0,3,0,3,103,444,39,0,491,0,590,4,0,0,0,0,0,4,2410,500,42,0,548,0,2953,1142,24,0,0,24,0,1172,58,214,9,0,223,0,285,0,10,13,0,26,0,26,0,0,0,0,3,0,0,57,227,22,0,253,0,315,0,0,0,0,0,0,0,1206,251,22,0,277,0,1479,35036,1169,17,10,1190,34,36268,1938,5009,145,8,5163,4,7106,29,257,117,3,375,0,401,17,15,0,9,20,0,39,1982,5278,262,24,5556,4,7546,35,0,0,4,3,22,54,37054,6447,274,32,6755,59,43872
LGA17200,24,0,496,51,201,12,5,213,0,267,0,22,31,0,54,0,54,0,0,0,0,0,0,0,54,228,45,5,274,0,326,0,0,0,0,0,0,0,524,245,45,5,298,0,821,266,10,0,0,10,0,270,28,133,9,0,142,0,173,0,22,34,0,54,0,54,0,0,0,0,0,0,0,28,150,47,0,197,0,228,0,0,0,0,0,0,0,295,161,47,0,205,0,500,120,5,0,0,5,0,123,17,73,7,0,83,0,98,0,20,24,0,46,0,46,0,0,0,0,0,0,0,17,96,29,0,129,0,145,0,0,0,0,0,0,0,138,98,29,0,130,0,267,6026,401,3,7,410,0,6439,1006,3071,181,16,3263,5,4275,19,268,252,3,524,0,547,3,12,0,4,22,0,22,1027,3357,430,27,3810,5,4848,5,3,0,0,3,14,25,7064,3768,433,33,4224,22,11314
LGA17310,12,3,1057,8,45,0,0,48,0,54,0,4,4,0,8,0,4,0,0,0,0,0,0,0,11,48,6,0,52,0,61,3,0,0,0,0,0,3,1059,60,6,0,60,3,1128,166,0,0,0,0,0,164,4,5,0,0,5,0,11,0,0,0,0,0,0,0,0,0,0,0,0,0,0,4,5,0,0,3,0,8,0,0,0,0,0,0,0,166,8,0,0,6,0,179,30,0,0,0,0,0,30,0,0,0,0,0,0,0,0,0,3,0,3,0,3,0,0,0,0,0,0,0,0,0,3,0,3,0,3,0,0,0,0,0,0,0,30,0,3,0,3,0,34,8297,86,0,0,86,22,8409,105,332,7,0,341,0,446,4,22,19,0,42,0,49,0,0,0,4,6,3,9,105,359,27,4,391,3,494,16,0,0,0,0,15,31,8417,448,27,4,478,37,8930
LGA17350,0,0,131,3,3,0,0,3,0,8,0,0,0,0,0,0,0,0,0,0,0,0,0,0,3,3,0,0,3,0,8,0,0,0,0,0,0,0,135,3,0,0,3,0,138,18,0,0,0,0,0,18,0,0,0,0,0,0,0,0,0,0,0,0,0,0,0,0,0,0,0,0,0,0,0,0,0,0,0,0,0,0,0,0,0,0,0,18,0,0,0,0,0,18,4,0,0,0,0,0,4,0,0,0,0,0,0,0,0,0,0,0,0,0,0,0,0,0,0,0,0,0,0,0,0,0,0,0,0,0,0,0,0,0,0,0,4,0,0,0,0,0,4,988,8,0,0,8,4,995,8,26,0,0,26,0,30,4,0,0,0,0,0,4,5,0,0,0,0,0,3,12,22,0,0,22,0,39,0,0,0,0,0,3,3,1002,28,0,0,28,7,1041
LGA17400,3,0,113,0,0,0,0,0,0,0,0,0,0,0,0,0,0,0,0,0,0,0,0,0,0,0,0,0,0,0,0,0,0,0,0,0,0,0,115,3,0,0,3,0,115,14,0,0,0,0,0,14,0,0,0,0,0,0,0,0,0,0,0,0,0,0,0,0,0,0,0,0,0,0,0,0,0,0,0,0,0,0,0,0,0,0,0,14,0,0,0,0,0,14,0,0,0,0,0,0,0,0,0,0,0,0,0,0,0,0,0,0,0,0,0,0,0,0,0,0,0,0,0,0,0,0,0,0,0,0,0,0,0,0,0,0,0,0,0,0,0,0,0,717,11,0,0,11,0,724,7,17,0,0,17,0,24,7,4,0,0,4,0,6,0,0,0,0,0,0,0,8,15,0,0,15,0,30,0,0,0,0,0,5,5,725,26,0,0,26,5,763
LGA17420,124,3,3220,192,1490,61,4,1556,0,1747,3,93,64,0,167,0,167,0,13,0,0,15,0,15,190,1601,128,8,1737,0,1929,3,0,0,0,0,0,3,3284,1721,130,8,1858,3,5146,1665,64,0,0,64,0,1727,104,1085,48,3,1138,0,1236,5,64,65,0,137,0,138,0,10,0,0,10,0,11,110,1159,117,3,1281,0,1387,0,0,0,0,0,0,3,1775,1224,116,3,1341,0,3121,758,25,0,0,26,0,782,46,581,30,3,612,0,655,0,53,32,0,86,0,89,0,7,0,0,7,0,5,44,641,65,3,703,0,751,0,0,0,0,0,0,0,802,672,64,3,737,0,1535,21985,1051,9,15,1076,17,23078,1629,12313,413,38,12763,11,14400,30,739,414,7,1162,0,1192,11,71,0,4,80,0,88,1670,13129,828,46,14002,11,15676,17,11,0,0,13,13,46,23676,14191,843,59,15097,43,38811
LGA17550,22,4,1572,53,50,6,0,59,0,115,3,0,3,0,7,0,5,0,0,0,0,0,0,0,63,56,14,0,66,0,129,9,0,0,0,0,3,13,1613,78,14,0,93,7,1713,403,11,0,0,11,0,412,14,17,0,0,22,0,37,0,0,0,0,0,0,0,0,0,0,0,0,0,0,14,17,0,0,19,0,34,0,0,0,0,0,0,0,419,28,0,0,28,0,451,145,6,0,0,6,0,148,3,3,0,0,3,0,9,0,0,0,0,0,0,0,0,0,0,0,0,0,0,7,3,0,0,3,0,12,0,0,0,0,0,0,0,153,6,0,0,6,0,159,11421,204,3,14,217,14,11660,426,481,18,3,501,0,931,15,13,17,0,32,0,47,8,0,0,0,0,0,10,448,501,35,5,539,0,988,34,0,0,0,0,22,55,11902,699,40,16,759,42,12700
LGA17620,3,0,283,8,5,0,0,5,0,15,0,0,3,0,3,0,3,0,0,0,0,0,0,0,8,9,3,0,13,0,20,0,0,0,0,0,0,3,289,7,3,0,14,4,306,39,0,0,0,0,0,39,0,0,0,0,0,0,0,0,0,0,0,0,0,0,0,0,0,0,0,0,0,0,0,0,0,0,0,0,0,0,0,0,0,0,0,36,0,0,0,0,0,36,3,0,0,0,0,0,3,0,0,0,0,0,0,0,0,0,0,0,0,0,0,0,0,0,0,0,0,0,0,0,0,0,0,0,0,0,0,0,0,0,0,0,3,0,0,0,0,0,3,2265,16,0,0,16,14,2288,38,62,0,0,63,0,101,0,3,16,0,18,0,18,0,0,0,0,0,0,0,35,60,12,0,77,0,114,3,0,0,0,0,3,12,2304,76,12,0,91,19,2416
LGA17640,0,0,152,3,0,0,0,0,0,3,0,0,0,0,0,0,0,0,0,0,0,0,0,0,3,0,0,0,0,0,3,0,0,0,0,0,0,0,154,0,0,0,0,0,155,28,0,0,0,0,0,28,0,0,0,0,0,0,0,0,0,0,0,0,0,0,0,0,0,0,0,0,0,0,0,0,0,0,0,0,0,0,0,0,0,0,0,28,0,0,0,0,0,28,6,0,0,0,0,0,6,0,3,0,0,3,0,3,0,0,0,0,0,0,0,0,0,0,0,0,0,0,0,3,0,0,3,0,3,0,0,0,0,0,0,0,6,3,0,0,3,0,10,1151,10,0,0,10,0,1162,16,20,0,0,20,0,41,0,0,0,0,0,0,0,0,0,0,0,0,0,0,18,20,0,0,20,0,36,0,0,0,0,0,4,7,1172,25,0,0,25,7,1205
LGA17650,3,0,110,3,0,0,0,0,0,3,0,0,0,0,0,0,0,0,0,0,0,0,0,0,3,0,0,0,0,0,3,0,0,0,0,0,0,0,111,3,0,0,3,0,119,25,0,0,0,0,0,25,0,0,0,0,0,0,0,0,0,0,0,0,0,0,0,0,0,0,0,0,0,0,0,0,0,0,0,0,0,0,0,0,0,0,0,25,0,0,0,0,0,25,4,0,0,0,0,0,4,0,0,0,0,0,0,0,0,0,0,0,0,0,0,0,0,0,0,0,0,0,0,0,0,0,0,0,0,0,0,0,0,0,0,0,4,0,0,0,0,0,4,890,19,0,0,26,5,919,18,8,3,0,11,0,27,0,0,0,0,0,0,0,0,0,0,0,0,0,0,18,8,3,0,11,0,27,0,0,0,0,0,0,0,906,32,3,0,36,5,945
LGA17750,8,0,1212,18,78,4,0,81,0,99,0,8,19,0,27,0,27,0,0,0,0,0,0,0,18,85,21,0,109,0,125,3,0,0,0,0,0,3,1225,93,21,0,115,0,1337,271,0,0,0,0,0,272,6,31,0,0,34,0,35,0,0,4,0,4,0,4,0,0,0,0,0,0,0,6,31,8,0,41,0,44,0,0,0,0,0,0,0,275,34,8,0,38,0,319,85,0,0,0,0,0,86,0,5,0,0,5,0,5,0,0,0,0,0,0,0,0,0,0,0,0,0,0,0,10,0,0,11,0,11,0,0,0,0,0,0,0,85,11,0,0,6,0,93,9196,104,0,0,104,14,9311,137,846,24,0,876,0,1011,0,68,108,0,174,0,178,0,5,0,0,7,0,10,143,924,133,0,1055,0,1199,15,3,0,0,3,9,26,9355,1028,133,0,1166,22,10535
LGA17850,0,0,60,0,0,0,0,0,0,0,0,0,0,0,0,0,0,0,0,0,0,0,0,0,0,0,0,0,0,0,0,0,0,0,0,0,0,0,59,0,0,0,0,0,59,8,0,0,0,0,0,8,0,0,0,0,0,0,0,0,0,0,0,0,0,0,0,0,0,0,0,0,0,0,0,0,0,0,0,0,0,0,0,0,0,0,0,8,0,0,0,0,0,8,3,0,0,0,0,0,3,0,0,0,0,0,0,0,0,0,0,0,0,0,0,0,0,0,0,0,0,0,0,0,0,0,0,0,0,0,0,0,0,0,0,0,3,0,0,0,0,0,3,416,4,0,0,4,0,425,6,12,0,0,12,0,17,0,0,0,0,0,0,0,0,0,0,0,0,0,0,6,12,0,0,12,0,17,0,0,0,0,0,3,3,420,12,0,0,12,3,444
LGA17900,0,0,36,3,0,0,0,0,0,4,0,0,0,0,0,0,0,0,0,0,0,0,0,0,3,0,0,0,0,0,4,0,0,0,0,0,0,0,37,0,0,0,0,0,37,3,0,0,0,0,0,3,0,0,0,0,0,0,0,0,0,0,0,0,0,0,0,0,0,0,0,0,0,0,0,0,0,0,0,0,0,0,0,0,0,0,0,3,0,0,0,0,0,3,4,0,0,0,0,0,4,0,0,0,0,0,0,0,0,0,0,0,0,0,0,0,0,0,0,0,0,0,0,0,0,0,0,0,0,0,0,0,0,0,0,0,4,0,0,0,0,0,4,590,7,0,0,7,0,600,18,29,0,0,26,0,45,0,0,0,0,0,0,0,0,0,0,0,0,0,0,19,29,0,0,26,0,46,0,0,0,0,0,8,8,604,33,0,0,36,11,655
LGA17950,0,0,22,0,4,0,0,4,0,4,0,0,0,0,0,0,0,0,0,0,0,0,0,0,0,4,0,0,4,0,4,0,0,0,0,0,0,0,22,4,0,0,4,0,27,3,0,0,0,0,0,3,0,0,0,0,0,0,0,0,0,0,0,0,0,0,0,0,0,0,0,0,0,0,0,0,0,0,0,0,0,0,0,0,0,0,0,3,0,0,0,0,0,8,0,0,0,0,0,0,0,0,0,0,0,0,0,0,0,0,0,0,0,0,0,0,0,0,0,0,0,0,0,0,0,0,0,0,0,0,0,0,0,0,0,0,0,0,0,0,0,0,0,367,3,0,0,3,0,371,10,8,0,0,8,0,22,0,5,0,0,5,0,5,0,0,0,0,0,0,0,10,14,0,0,14,0,25,6,0,0,0,0,0,7,384,16,0,0,16,0,400
LGA18020,8,0,153,3,8,0,0,8,0,5,0,0,0,0,0,0,0,0,0,0,0,0,0,0,3,8,0,0,8,0,5,0,0,0,0,0,0,0,151,10,0,0,10,0,161,33,0,0,0,0,0,33,0,0,0,0,0,0,0,0,0,0,0,0,0,0,0,0,0,0,0,0,0,0,0,0,0,0,0,0,0,0,0,0,0,0,0,33,0,0,0,0,0,33,6,0,0,0,0,0,6,0,0,0,0,0,0,0,0,0,0,0,0,0,0,0,0,0,0,0,0,0,0,0,0,0,0,0,0,0,0,0,0,0,0,0,6,0,0,0,0,0,6,1143,12,0,0,12,4,1161,15,26,0,0,28,0,42,0,0,0,0,0,0,0,0,0,0,0,0,0,0,15,24,0,0,29,0,47,4,0,0,0,0,3,8,1167,35,0,0,40,7,1212
LGA18050,19,0,763,63,110,7,0,114,0,175,0,0,5,0,6,0,11,0,0,0,0,0,0,3,66,107,10,0,118,0,182,0,0,0,0,0,0,0,810,131,11,0,143,0,951,393,7,0,0,12,0,405,39,75,3,0,77,0,112,0,4,3,0,4,0,4,0,0,0,0,0,0,0,34,77,6,0,87,0,123,0,0,0,0,0,0,0,431,92,8,0,99,0,526,248,12,0,0,12,0,262,21,30,6,0,39,0,57,0,3,3,0,3,0,3,0,0,0,0,0,0,0,21,36,6,0,43,0,63,0,0,0,0,0,0,0,270,45,6,0,49,0,323,7420,359,11,0,373,5,7796,725,1376,38,3,1424,4,2150,4,37,15,0,55,0,60,9,5,0,0,6,0,17,740,1425,57,6,1483,4,2227,13,3,0,0,3,4,25,8169,1789,67,6,1860,11,10050
LGA18100,0,0,58,0,0,0,0,0,0,0,0,0,0,0,0,0,0,0,0,0,0,0,0,0,0,0,0,0,0,0,0,0,0,0,0,0,0,0,58,0,0,0,0,0,58,11,0,0,0,0,0,11,0,0,0,0,0,0,0,0,0,0,0,0,0,0,0,0,0,0,0,0,0,0,0,0,0,0,0,0,0,0,0,0,0,0,0,11,0,0,0,0,0,11,0,0,0,0,0,0,0,0,0,0,0,0,0,0,0,0,0,0,0,0,0,0,0,0,0,0,0,0,0,0,0,0,0,0,0,0,0,0,0,0,0,0,0,0,0,0,0,0,0,489,3,0,0,3,3,499,3,7,0,0,7,0,9,0,0,0,0,0,0,0,0,0,0,0,0,0,0,3,7,0,0,7,0,9,0,0,0,0,0,0,0,498,10,0,0,10,3,510
LGA18200,0,0,125,3,0,0,0,0,0,0,0,0,0,0,0,0,0,0,0,0,0,0,0,0,3,0,0,0,0,0,0,0,0,0,0,0,0,0,125,0,0,0,0,0,126,22,0,0,0,0,0,22,0,0,0,0,0,0,0,0,0,0,0,0,0,0,0,0,0,0,0,0,0,0,0,0,0,0,0,0,0,0,0,0,0,0,0,22,0,0,0,0,0,22,5,0,0,0,0,0,5,0,0,0,0,0,0,0,0,0,0,0,0,0,0,0,0,0,0,0,0,0,0,0,0,0,0,0,0,0,0,0,0,0,0,0,5,0,0,0,0,0,5,973,12,0,0,12,0,986,15,19,0,0,19,0,39,0,0,0,0,0,0,0,0,0,0,0,0,0,0,15,19,0,0,19,0,39,0,0,0,0,0,3,3,988,31,0,0,33,3,1031
LGA18230,3,8,877,10,36,3,0,37,0,49,0,0,0,0,5,0,5,0,0,0,0,0,0,0,10,39,3,0,38,0,50,6,0,0,0,0,0,6,876,44,3,0,47,8,929,142,0,0,0,0,0,145,3,8,0,0,5,0,11,0,0,0,0,0,0,0,0,0,0,0,0,0,0,3,6,0,0,12,0,12,0,0,0,0,0,0,0,147,8,0,0,11,0,155,31,0,0,0,0,0,31,0,0,0,0,3,0,0,0,0,0,0,0,0,0,0,0,0,0,0,0,0,0,0,0,0,4,0,3,0,0,0,0,0,0,0,31,0,0,0,4,0,36,6924,59,0,0,59,11,6993,118,414,12,4,426,0,541,0,35,12,0,43,0,46,0,4,0,0,4,0,4,120,446,20,4,470,0,590,21,0,0,0,0,0,21,7067,510,20,4,532,11,7610
LGA18250,35,0,997,72,362,31,0,390,0,461,3,53,61,3,117,0,119,0,0,0,0,0,0,3,74,412,90,4,506,0,582,0,0,0,0,0,0,4,1045,441,94,3,537,0,1579,522,16,0,0,16,0,536,33,247,27,0,274,3,315,0,34,52,0,85,0,85,0,0,0,0,0,0,4,35,282,81,0,364,3,400,0,0,0,0,0,0,3,559,298,81,0,381,3,942,326,5,0,0,5,0,336,14,120,15,0,141,0,152,0,24,28,0,49,0,49,0,0,0,0,0,0,0,14,147,45,0,192,0,202,0,0,0,0,0,0,0,346,152,45,0,199,0,541,8250,316,4,7,330,0,8579,952,4144,253,11,4406,5,5363,11,441,352,9,793,0,808,7,10,0,0,11,0,20,969,4592,606,18,5220,5,6191,11,11,3,0,13,4,33,9235,4925,611,20,5555,14,14802
LGA18350,19,3,897,15,30,0,0,31,0,51,0,0,0,0,0,0,0,0,0,0,0,0,0,0,18,33,0,0,34,0,54,0,0,0,0,0,0,0,898,48,0,0,54,3,946,198,4,0,0,4,0,203,3,8,3,0,8,0,13,0,0,0,0,0,0,0,0,0,0,0,0,0,0,3,3,3,0,11,0,11,0,0,0,0,0,0,0,207,10,3,0,12,0,216,63,3,0,0,3,0,68,0,4,0,0,9,0,9,0,0,0,0,0,0,0,0,0,0,0,0,0,0,0,4,3,0,6,0,6,0,0,0,0,0,0,0,63,7,3,0,13,0,78,6522,145,3,0,151,23,6693,216,285,11,0,296,0,519,5,19,3,0,26,0,34,0,4,0,4,3,0,9,230,308,12,4,328,0,551,11,0,0,0,0,18,28,6752,456,17,4,473,41,7268
LGA18400,24,3,1233,27,40,5,0,48,0,75,0,0,8,0,7,0,7,0,0,0,0,0,0,0,31,46,13,0,52,0,86,3,0,0,0,0,0,6,1235,73,13,0,84,3,1320,392,5,0,0,5,0,397,12,34,7,0,37,0,47,0,3,3,0,4,0,4,0,0,0,0,0,0,3,13,40,9,0,48,0,53,3,0,0,0,0,3,3,405,48,9,0,55,3,456,189,3,0,0,3,0,197,0,11,0,0,11,0,12,0,0,0,0,0,0,0,0,0,0,0,0,0,0,0,8,0,0,8,0,10,0,0,0,0,0,0,0,193,11,0,0,11,0,202,9346,257,0,0,257,26,9627,272,401,21,0,421,0,693,5,19,22,0,40,0,47,7,3,0,3,3,3,18,284,422,42,3,467,3,756,31,0,0,0,0,11,36,9660,677,40,3,721,31,10422
LGA18450,113,3,3472,186,494,28,0,520,6,707,3,40,72,0,111,0,115,3,0,0,4,4,0,7,193,531,100,3,632,6,827,5,0,0,0,0,0,5,3548,640,105,4,748,8,4306,1437,30,0,3,39,0,1472,62,298,14,0,314,0,376,0,22,39,0,65,0,62,3,0,0,0,0,0,3,68,324,53,0,377,0,442,6,0,0,0,0,0,7,1503,351,53,3,411,5,1921,675,24,0,0,24,0,702,24,165,8,0,171,0,198,0,9,28,0,32,0,38,0,0,0,0,0,0,0,26,171,37,0,209,0,232,0,0,0,0,0,0,3,703,191,37,0,227,0,936,26176,978,30,11,1021,23,27220,1307,4389,216,16,4618,8,5929,23,433,439,3,877,0,894,9,14,0,12,32,0,35,1334,4831,656,37,5521,8,6866,34,11,3,0,13,44,93,27542,5822,683,51,6560,73,34172
LGA18500,24,0,743,49,106,5,0,104,0,154,0,3,5,0,7,0,11,0,0,0,0,0,0,0,50,109,9,0,117,0,170,0,0,0,0,0,0,7,771,130,9,0,138,3,914,424,9,0,0,9,0,434,28,65,3,0,70,0,94,0,5,0,0,3,0,3,0,0,0,0,0,0,0,28,67,3,0,72,0,101,0,0,0,0,0,0,0,447,76,3,0,80,0,531,262,15,0,0,15,0,278,9,47,4,0,52,0,67,0,0,3,0,5,0,5,0,0,0,0,0,0,0,9,52,10,0,54,0,68,0,0,0,0,0,0,0,276,60,10,0,68,0,348,6137,281,0,3,283,7,6425,528,1023,30,0,1056,0,1593,6,25,26,0,55,0,59,10,6,0,0,7,0,16,547,1057,59,3,1116,0,1664,7,3,0,0,3,3,10,6688,1339,59,6,1402,8,8108
LGA18710,4,0,424,7,14,0,0,14,0,21,0,3,0,0,3,0,3,0,0,0,0,0,0,0,7,14,0,0,14,0,21,0,0,0,0,0,0,3,426,20,0,0,20,0,449,111,3,0,0,3,0,116,4,4,0,0,4,0,8,0,0,0,0,0,0,0,0,0,0,0,0,0,0,4,5,0,0,5,0,4,0,0,0,0,0,0,0,114,8,0,0,8,0,118,44,3,0,0,3,0,44,0,0,0,0,0,0,0,0,0,0,0,0,0,0,0,0,0,0,0,0,0,0,0,0,0,0,0,0,0,0,0,0,0,0,0,44,0,0,0,0,0,42,3014,53,0,4,55,7,3074,57,81,0,0,81,0,133,4,8,0,0,8,0,12,0,0,0,0,0,0,0,62,83,0,0,83,0,150,10,0,0,0,0,9,16,3084,139,0,4,143,19,3240
LGA19399,0,0,5,0,0,0,0,0,0,0,0,0,0,0,0,0,0,0,0,0,0,0,0,0,0,0,0,0,0,0,0,0,0,0,0,0,0,0,5,0,0,0,0,0,5,0,0,0,0,0,0,0,0,0,0,0,0,0,0,0,0,0,0,0,0,0,0,0,0,0,0,0,0,0,0,0,0,0,0,0,0,0,0,0,0,0,0,0,0,0,0,0,0,3,0,0,0,0,0,0,0,0,0,0,0,0,0,0,0,0,0,0,0,0,0,0,0,0,0,0,0,0,0,0,0,0,0,0,0,0,0,0,0,0,0,0,0,0,0,0,0,0,0,126,3,0,0,3,0,131,4,0,0,0,0,0,8,0,0,0,0,0,0,0,0,0,0,0,0,0,0,4,0,0,0,0,0,8,3,0,0,0,0,0,3,134,6,0,0,6,0,135
LGA19499,0,0,0,0,0,0,0,0,0,0,0,0,0,0,0,0,0,0,0,0,0,0,0,0,0,0,0,0,0,0,0,0,0,0,0,0,0,0,0,0,0,0,0,0,0,0,0,0,0,0,0,0,0,0,0,0,0,0,0,0,0,0,0,0,0,0,0,0,0,0,0,0,0,0,0,0,0,0,0,0,0,0,0,0,0,0,0,0,0,0,0,0,0,0,0,0,0,0,0,0,0,0,0,0,0,0,0,0,0,0,0,0,0,0,0,0,0,0,0,0,0,0,0,0,0,0,0,0,0,0,0,0,0,0,0,0,0,0,0,0,0,0,0,0,0,0,0,0,0,0,0,0,0,0,0,0,0,0,0,0,0,0,0,0,0,0,0,0,0,0,0,0,0,0,0,0,0,0,0,0,0,0,0,0,0,0,0,0,0,0,0,0
LGA19799,0,0,0,0,0,0,0,0,0,0,0,0,0,0,0,0,0,0,0,0,0,0,0,0,0,0,0,0,0,0,0,0,0,0,0,0,0,0,0,0,0,0,0,0,0,0,0,0,0,0,0,0,0,0,0,0,0,0,0,0,0,0,0,0,0,0,0,0,0,0,0,0,0,0,0,0,0,0,0,0,0,0,0,0,0,0,0,0,0,0,0,0,0,0,0,0,0,0,0,0,0,0,0,0,0,0,0,0,0,0,0,0,0,0,0,0,0,0,0,0,0,0,0,0,0,0,0,0,0,0,0,0,0,0,0,0,0,0,0,0,0,0,0,0,0,0,0,0,0,0,0,0,0,0,0,0,0,0,0,0,0,0,0,0,0,0,0,0,0,0,0,0,0,0,0,0,0,0,0,0,0,0,0,0,0,0,0,0,0,0,0,0
