LGA_CODE_2016,D_15_17_FPEAW_MPEFT,D_15_17_FPEAW_MPEPT,D_15_17_FPEAW_MPEAW,D_15_17_FPEAW_MPEHNS,D_15_17_FPEAW_MPET,D_15_17_FPEAW_MPULFTW,D_15_17_FPEAW_MPULPTW,D_15_17_FPEAW_MPUT,D_15_17_FPEAW_MPTLF,D_15_17_FPEAW_MPNLF,D_15_17_FPEAW_MPLFSNS,D_15_17_FPEAW_T,D_15_17_FPHNS_MPEFT,D_15_17_FPHNS_MPEPT,D_15_17_FPHNS_MPEAW,D_15_17_FPHNS_MPEHNS,D_15_17_FPHNS_MPET,D_15_17_FPHNS_MPULFTW,D_15_17_FPHNS_MPULPTW,D_15_17_FPHNS_MPUT,D_15_17_FPHNS_MPTLF,D_15_17_FPHNS_MPNLF,D_15_17_FPHNS_MPLFSNS,D_15_17_FPHNS_T,D_15_17_FPET_MPEFT,D_15_17_FPET_MPEPT,D_15_17_FPET_MPEAW,D_15_17_FPET_MPEHNS,D_15_17_FPET_MPET,D_15_17_FPET_MPULFTW,D_15_17_FPET_MPULPTW,D_15_17_FPET_MPUT,D_15_17_FPET_MPTLF,D_15_17_FPET_MPNLF,D_15_17_FPET_MPLFSNS,D_15_17_FPET_T,D_15_17_FPULFTW_MPEFT,D_15_17_FPULFTW_MPEPT,D_15_17_FPULFTW_MPEAW,D_15_17_FPULFTW_MPEHNS,D_15_17_FPULFTW_MPET,D_15_17_FPULFTW_MPULFTW,D_15_17_FPULFTW_MPULPTW,D_15_17_FPULFTW_MPUT,D_15_17_FPULFTW_MPTLF,D_15_17_FPULFTW_MPNLF,D_15_17_FPULFTW_MPLFSNS,D_15_17_FPULFTW_T,D_15_17_FPULPTW_MPEFT,D_15_17_FPULPTW_MPEPT,D_15_17_FPULPTW_MPEAW,D_15_17_FPULPTW_MPEHNS,D_15_17_FPULPTW_MPET,D_15_17_FPULPTW_MPULFTW,D_15_17_FPULPTW_MPULPTW,D_15_17_FPULPTW_MPUT,D_15_17_FPULPTW_MPTLF,D_15_17_FPULPTW_MPNLF,D_15_17_FPULPTW_MPLFSNS,D_15_17_FPULPTW_T,D_15_17_FPUT_MPEFT,D_15_17_FPUT_MPEPT,D_15_17_FPUT_MPEAW,D_15_17_FPUT_MPEHNS,D_15_17_FPUT_MPET,D_15_17_FPUT_MPULFTW,D_15_17_FPUT_MPULPTW,D_15_17_FPUT_MPUT,D_15_17_FPUT_MPTLF,D_15_17_FPUT_MPNLF,D_15_17_FPUT_MPLFSNS,D_15_17_FPUT_T,D_15_17_FPTLF_MPEFT,D_15_17_FPTLF_MPEPT,D_15_17_FPTLF_MPEAW,D_15_17_FPTLF_MPEHNS,D_15_17_FPTLF_MPET,D_15_17_FPTLF_MPULFTW,D_15_17_FPTLF_MPULPTW,D_15_17_FPTLF_MPUT,D_15_17_FPTLF_MPTLF,D_15_17_FPTLF_MPNLF,D_15_17_FPTLF_MPLFSNS,D_15_17_FPTLF_T,D_15_17_FPNLF_MPEFT,D_15_17_FPNLF_MPEPT,D_15_17_FPNLF_MPEAW,D_15_17_FPNLF_MPEHNS,D_15_17_FPNLF_MPET,D_15_17_FPNLF_MPULFTW,D_15_17_FPNLF_MPULPTW,D_15_17_FPNLF_MPUT,D_15_17_FPNLF_MPTLF,D_15_17_FPNLF_MPNLF,D_15_17_FPNLF_MPLFSNS,D_15_17_FPNLF_T,D_15_17_FPLFSNS_MPEFT,D_15_17_FPLFSNS_MPEPT,D_15_17_FPLFSNS_MPEAW,D_15_17_FPLFSNS_MPEHNS,D_15_17_FPLFSNS_MPET,D_15_17_FPLFSNS_MPULFTW,D_15_17_FPLFSNS_MPULPTW,D_15_17_FPLFSNS_MPUT,D_15_17_FPLFSNS_MPTLF,D_15_17_FPLFSNS_MPNLF,D_15_17_FPLFSNS_MPLFSNS,D_15_17_FPLFSNS_T,D_15_17_FPT_MPEFT,D_15_17_FPT_MPEPT,D_15_17_FPT_MPEAW,D_15_17_FPT_MPEHNS,D_15_17_FPT_MPET,D_15_17_FPT_MPULFTW,D_15_17_FPT_MPULPTW,D_15_17_FPT_MPUT,D_15_17_FPT_MPTLF,D_15_17_FPT_MPNLF,D_15_17_FPT_MPLFSNS,D_15_17_FPT_T,D_18_20_FPEFT_MPEFT,D_18_20_FPEFT_MPEPT,D_18_20_FPEFT_MPEAW,D_18_20_FPEFT_MPEHNS,D_18_20_FPEFT_MPET,D_18_20_FPEFT_MPULFTW,D_18_20_FPEFT_MPULPTW,D_18_20_FPEFT_MPUT,D_18_20_FPEFT_MPTLF,D_18_20_FPEFT_MPNLF,D_18_20_FPEFT_MPLFSNS,D_18_20_FPEFT_T,D_18_20_FPEPT_MPEFT,D_18_20_FPEPT_MPEPT,D_18_20_FPEPT_MPEAW,D_18_20_FPEPT_MPEHNS,D_18_20_FPEPT_MPET,D_18_20_FPEPT_MPULFTW,D_18_20_FPEPT_MPULPTW,D_18_20_FPEPT_MPUT,D_18_20_FPEPT_MPTLF,D_18_20_FPEPT_MPNLF,D_18_20_FPEPT_MPLFSNS,D_18_20_FPEPT_T,D_18_20_FPEAW_MPEFT,D_18_20_FPEAW_MPEPT,D_18_20_FPEAW_MPEAW,D_18_20_FPEAW_MPEHNS,D_18_20_FPEAW_MPET,D_18_20_FPEAW_MPULFTW,D_18_20_FPEAW_MPULPTW,D_18_20_FPEAW_MPUT,D_18_20_FPEAW_MPTLF,D_18_20_FPEAW_MPNLF,D_18_20_FPEAW_MPLFSNS,D_18_20_FPEAW_T,D_18_20_FPHNS_MPEFT,D_18_20_FPHNS_MPEPT,D_18_20_FPHNS_MPEAW,D_18_20_FPHNS_MPEHNS,D_18_20_FPHNS_MPET,D_18_20_FPHNS_MPULFTW,D_18_20_FPHNS_MPULPTW,D_18_20_FPHNS_MPUT,D_18_20_FPHNS_MPTLF,D_18_20_FPHNS_MPNLF,D_18_20_FPHNS_MPLFSNS,D_18_20_FPHNS_T,D_18_20_FPET_MPEFT,D_18_20_FPET_MPEPT,D_18_20_FPET_MPEAW,D_18_20_FPET_MPEHNS,D_18_20_FPET_MPET,D_18_20_FPET_MPULFTW,D_18_20_FPET_MPULPTW,D_18_20_FPET_MPUT,D_18_20_FPET_MPTLF,D_18_20_FPET_MPNLF,D_18_20_FPET_MPLFSNS,D_18_20_FPET_T,D_18_20_FPULFTW_MPEFT,D_18_20_FPULFTW_MPEPT,D_18_20_FPULFTW_MPEAW,D_18_20_FPULFTW_MPEHNS,D_18_20_FPULFTW_MPET,D_18_20_FPULFTW_MPULFTW,D_18_20_FPULFTW_MPULPTW,D_18_20_FPULFTW_MPUT,D_18_20_FPULFTW_MPTLF,D_18_20_FPULFTW_MPNLF,D_18_20_FPULFTW_MPLFSNS,D_18_20_FPULFTW_T,D_18_20_FPULPTW_MPEFT,D_18_20_FPULPTW_MPEPT,D_18_20_FPULPTW_MPEAW,D_18_20_FPULPTW_MPEHNS,D_18_20_FPULPTW_MPET,D_18_20_FPULPTW_MPULFTW,D_18_20_FPULPTW_MPULPTW,D_18_20_FPULPTW_MPUT
LGA10050,12,3,0,0,20,0,0,0,17,0,0,17,4,0,0,4,8,0,0,0,8,0,0,8,683,78,20,5,785,10,5,18,806,28,0,833,3,0,0,0,3,0,0,0,4,0,0,4,8,0,0,0,8,0,0,0,9,4,0,7,11,0,0,0,12,3,0,3,11,4,0,16,691,82,20,5,797,15,5,18,812,32,0,846,106,14,3,0,126,4,3,6,128,42,0,170,0,0,0,0,0,0,0,0,0,0,7,7,791,96,25,5,918,20,9,28,946,70,4,1024,82,12,0,0,91,3,0,3,95,0,0,96,101,10,0,0,115,3,3,3,121,0,0,125,0,0,0,0,3,0,0,0,3,0,0,6,3,0,0,0,3,0,0,0,3,0,0,3,186,25,0,0,211,5,3,3,222,3,0,223,0,0,0,0,3,3,0,3,4,0,0,4,3,0,0,0,3,0,0,0
LGA10130,8,0,0,0,10,0,0,0,10,0,0,10,9,0,0,0,6,0,0,0,6,0,0,6,341,64,5,12,420,13,3,12,436,18,0,450,3,0,0,0,3,0,0,0,3,0,0,3,0,0,0,3,3,0,0,0,4,0,0,3,3,0,0,3,6,0,0,0,9,0,0,11,342,64,5,9,429,9,3,14,439,19,0,464,49,8,0,0,57,3,0,5,62,26,0,90,0,0,0,0,0,0,0,0,0,0,0,0,393,69,5,9,484,17,7,18,506,45,0,553,41,5,0,0,45,0,0,0,42,3,0,51,42,3,0,0,51,0,0,0,46,4,0,54,0,0,0,0,0,0,0,0,0,0,0,3,0,0,0,0,3,0,0,0,3,0,0,3,84,11,0,0,99,3,0,3,97,7,0,106,0,0,0,0,0,0,0,0,3,0,0,3,0,0,0,0,0,0,0,0
LGA10250,9,7,0,0,11,0,0,0,11,0,0,14,3,0,0,10,11,0,0,0,11,0,0,11,568,115,15,12,709,3,4,8,722,47,0,765,3,0,0,0,4,0,0,0,4,0,0,3,11,4,0,0,16,0,0,0,17,0,0,17,10,3,0,0,17,0,0,0,20,3,0,20,583,123,15,12,732,5,4,11,741,48,0,787,60,11,3,3,79,0,0,3,78,26,3,112,3,0,0,0,3,0,0,0,3,0,0,3,640,137,12,15,809,10,5,12,818,79,3,898,69,9,0,4,83,0,0,0,84,0,0,84,62,14,0,0,77,0,0,0,77,4,0,87,0,0,3,0,3,0,0,0,3,0,0,3,0,0,0,0,0,0,0,0,0,0,0,0,129,23,3,3,160,0,3,3,167,4,0,173,0,0,0,0,0,0,0,0,0,0,0,3,0,0,0,0,0,0,0,0
LGA10300,0,0,0,0,0,0,0,0,0,0,0,0,0,0,0,0,0,0,0,0,0,0,0,0,29,9,0,0,43,0,0,0,43,0,0,42,0,0,0,0,0,0,0,0,0,0,0,0,0,0,0,0,0,0,0,0,0,0,0,0,0,0,0,0,0,0,0,0,0,0,0,0,29,9,0,0,43,0,0,0,43,0,0,42,4,0,0,0,3,0,0,0,3,0,0,3,0,0,0,0,0,0,0,0,0,0,0,0,36,7,0,0,45,0,0,0,45,3,0,47,0,0,0,0,0,0,0,0,0,0,0,0,0,0,0,0,0,0,0,0,0,0,0,0,0,0,0,0,0,0,0,0,0,0,0,0,0,0,0,0,0,0,0,0,0,0,0,0,5,0,0,0,5,0,0,0,5,0,0,5,0,0,0,0,0,0,0,0,0,0,0,0,0,0,0,0,0,0,0,0
LGA10470,14,0,3,0,21,0,0,0,21,0,0,23,5,0,0,4,10,0,0,0,10,0,0,10,634,57,16,16,721,12,0,14,735,27,0,765,3,0,0,0,3,0,0,0,3,0,0,3,7,0,0,0,7,0,0,0,7,0,0,5,8,0,0,0,8,0,0,0,8,0,0,15,641,57,16,16,729,12,0,14,744,28,0,776,82,10,0,0,94,10,0,7,107,27,0,135,0,0,0,0,0,0,0,0,0,0,0,0,728,67,16,12,828,16,3,24,849,64,3,912,71,4,0,0,77,0,0,0,79,5,0,78,68,4,0,0,74,0,0,3,75,3,0,79,3,0,0,0,3,0,0,0,3,0,0,8,0,0,0,0,0,0,0,0,0,0,0,0,139,11,0,0,154,3,0,5,156,6,0,161,0,0,0,0,0,0,0,0,0,0,0,0,0,0,0,0,0,0,0,0
LGA10550,9,0,0,0,8,0,0,0,8,0,0,9,0,0,0,4,7,0,0,0,7,0,0,7,368,77,13,8,465,3,0,4,474,26,0,503,4,4,0,0,10,3,0,6,13,0,0,13,0,0,0,0,3,0,0,0,3,0,0,3,0,8,0,0,8,3,0,6,17,0,0,17,372,84,13,8,479,8,0,11,489,26,0,515,45,15,0,0,54,3,0,4,57,33,0,92,0,0,0,0,0,0,0,0,0,0,0,0,412,96,13,9,531,10,3,15,548,60,0,611,20,0,0,0,21,0,0,0,21,0,0,23,28,10,3,0,35,0,0,0,35,0,0,42,0,0,0,0,0,0,0,0,0,0,0,0,0,0,0,0,0,0,0,0,0,0,0,0,44,12,3,4,64,0,0,0,64,3,0,63,0,0,0,0,0,0,0,0,0,0,0,0,0,0,0,0,0,0,0,0
LGA10600,3,0,0,0,9,0,0,0,6,0,0,6,3,0,0,0,3,0,0,0,3,0,0,3,130,52,7,7,188,3,0,3,192,16,0,210,3,0,0,0,3,0,0,0,3,0,0,3,0,0,0,0,0,0,0,0,0,0,0,0,3,0,0,0,3,0,0,0,8,0,0,8,132,52,7,7,193,8,0,8,196,16,0,217,10,13,0,0,25,0,0,0,26,10,0,35,0,0,0,0,0,0,0,0,0,0,0,0,146,66,7,7,222,6,0,6,227,31,3,259,17,3,0,0,23,0,0,0,23,3,0,25,7,3,0,0,9,0,0,0,9,4,0,17,0,0,0,0,0,0,0,0,0,0,0,0,0,0,0,0,0,0,0,0,0,0,0,0,29,7,3,0,34,0,0,0,34,6,0,35,0,0,0,0,0,0,0,0,0,0,0,0,0,0,0,0,0,0,0,0
LGA10650,4,0,0,0,5,0,0,0,5,0,0,5,0,0,0,0,0,0,0,0,0,0,0,0,100,15,3,3,124,0,0,0,124,7,0,128,0,0,0,0,0,0,0,0,0,0,0,0,0,0,0,0,0,0,0,0,0,0,0,0,0,0,0,0,3,0,0,0,3,0,0,3,106,15,3,0,122,0,0,0,128,7,0,127,21,0,0,0,21,0,0,0,21,3,0,23,0,0,0,0,0,0,0,0,0,0,0,0,120,15,3,0,146,0,0,0,141,9,0,152,9,0,0,0,7,0,0,0,7,0,0,10,7,0,0,0,8,0,0,0,8,0,0,8,0,0,0,0,0,0,0,0,0,0,0,0,0,0,0,0,0,0,0,0,0,0,0,0,13,0,0,0,14,0,0,0,14,0,0,18,0,0,0,0,0,0,0,0,0,0,0,0,0,0,0,0,0,0,0,0
LGA10750,64,14,20,0,91,0,0,0,91,8,0,99,40,3,0,55,103,3,0,3,101,9,3,118,4840,513,84,113,5549,146,33,180,5735,269,16,6022,85,30,0,3,116,32,0,33,149,16,0,163,102,24,0,4,131,13,15,22,156,18,0,171,187,45,0,12,248,44,13,59,300,37,0,338,5029,563,83,123,5799,191,46,240,6032,309,16,6360,1405,270,17,39,1726,73,13,83,1812,536,6,2355,14,3,0,5,19,0,0,0,19,6,21,47,6441,831,98,167,7543,262,59,321,7869,851,37,8762,1697,152,26,16,1892,49,11,64,1955,101,3,2054,864,145,10,7,1035,29,9,34,1066,67,0,1129,36,9,11,0,47,0,0,0,49,6,0,51,14,9,0,23,53,0,0,0,53,7,4,60,2607,315,46,49,3017,80,19,103,3117,170,7,3295,38,14,4,0,58,8,0,13,66,8,0,71,50,17,0,3,74,7,0,10
LGA10800,0,0,0,0,0,0,0,0,0,0,0,0,0,0,0,3,3,0,0,0,3,0,0,3,64,9,0,4,78,0,0,0,78,0,0,74,0,0,0,0,0,0,0,0,0,0,0,0,0,0,0,0,0,0,0,0,0,0,0,0,0,0,0,0,0,0,0,0,0,0,0,0,64,5,0,4,75,0,0,0,75,0,0,79,13,0,0,0,13,0,0,0,20,4,0,25,0,0,0,0,0,0,0,0,0,0,0,0,78,5,0,4,92,0,0,0,95,4,0,98,3,0,0,0,9,0,0,0,9,0,0,6,6,0,0,0,3,0,0,0,3,0,0,3,0,0,0,0,0,0,0,0,0,0,0,0,0,0,0,0,0,0,0,0,0,0,0,0,6,3,0,0,11,0,0,0,11,0,0,10,0,0,0,0,0,0,0,0,0,0,0,0,0,0,0,0,0,0,0,0
LGA10850,0,0,0,0,3,0,0,0,3,0,0,3,0,0,0,0,0,0,0,0,0,0,0,0,130,12,3,0,142,3,0,3,149,3,0,151,0,0,0,0,0,0,0,0,0,0,0,0,0,0,0,0,0,0,0,0,0,0,0,0,0,0,0,0,0,0,0,0,0,0,0,0,136,12,3,0,147,3,0,3,151,3,0,155,17,3,4,0,20,0,0,3,27,0,0,28,0,0,0,0,0,0,0,0,0,0,0,0,151,16,6,0,171,3,0,4,176,4,0,180,10,0,0,0,10,0,0,0,10,0,0,13,14,3,0,0,21,0,0,0,21,0,0,21,0,0,0,0,0,0,0,0,0,0,0,0,0,0,0,0,0,0,0,0,0,0,0,0,25,3,3,0,30,0,0,0,30,0,0,28,0,0,0,0,0,0,0,0,0,0,0,0,0,0,0,0,0,0,0,0
LGA10900,28,0,6,0,35,3,0,3,35,0,0,35,4,0,0,0,7,0,0,0,7,0,0,6,1187,169,26,6,1389,12,5,15,1399,82,0,1483,8,0,0,0,12,0,0,0,12,0,0,12,21,0,0,0,22,0,0,0,22,0,0,19,28,0,3,0,31,0,0,0,31,0,0,30,1209,167,30,6,1419,12,5,15,1434,87,0,1516,226,45,7,3,272,3,0,3,280,40,0,321,0,0,0,0,0,0,0,0,0,0,0,7,1438,210,35,15,1695,14,5,18,1712,125,3,1840,244,20,0,0,266,6,0,5,271,29,0,298,213,36,0,0,250,3,0,3,248,14,0,261,11,0,0,0,11,0,0,0,11,0,0,11,0,0,0,0,3,0,0,0,3,0,0,3,462,56,0,0,524,9,3,11,532,40,0,569,3,0,0,0,4,0,0,0,6,0,0,6,7,0,0,0,7,0,0,0
LGA10950,0,0,0,0,0,0,0,0,0,0,0,0,0,0,0,0,0,0,0,0,0,0,0,0,31,3,0,0,35,3,0,3,35,0,0,41,0,0,0,0,0,0,0,0,0,0,0,0,0,0,0,0,0,0,0,0,0,0,0,0,0,0,0,0,0,0,0,0,0,0,0,0,30,3,0,0,37,3,0,3,39,0,0,41,5,0,0,0,5,0,0,0,5,0,0,8,0,0,0,0,0,0,0,0,0,0,0,0,37,3,0,0,38,3,0,3,40,3,0,45,0,0,0,0,0,0,0,0,0,0,0,0,0,0,0,0,3,0,0,0,3,0,0,3,0,0,0,0,0,0,0,0,0,0,0,0,0,0,0,0,0,0,0,0,0,0,0,0,3,0,0,0,3,0,0,0,3,0,0,3,0,0,0,0,0,0,0,0,0,0,0,0,0,0,0,0,0,0,0,0
LGA11100,7,4,7,0,16,0,0,0,16,0,0,16,6,0,0,8,9,0,0,0,7,0,0,12,486,67,11,7,574,9,5,16,592,29,0,620,6,0,0,0,6,3,0,3,11,0,0,11,15,0,0,0,14,0,0,3,14,0,0,14,18,0,0,0,24,0,0,3,23,0,0,28,504,67,11,13,592,10,6,21,613,31,0,648,89,28,3,0,121,4,0,5,131,23,0,161,0,0,0,0,0,0,0,0,0,0,0,5,601,95,11,13,724,21,11,26,749,56,4,809,184,26,0,0,210,6,0,8,216,7,0,228,93,19,0,5,126,0,0,0,124,6,0,133,3,0,0,0,5,0,0,0,5,0,0,5,0,0,0,4,3,0,0,0,3,0,0,7,282,52,4,8,345,7,3,8,353,13,0,372,10,0,0,0,10,3,0,3,8,0,0,8,5,0,0,0,5,0,0,0
LGA11150,0,0,0,0,0,0,0,0,0,0,0,0,0,0,0,0,0,0,0,0,0,0,0,0,20,3,0,0,20,0,0,0,20,0,0,20,0,0,0,0,0,0,0,0,0,0,0,0,0,0,0,0,0,0,0,0,0,0,0,0,0,0,0,0,0,0,0,0,0,0,0,0,21,3,0,0,23,0,0,0,23,0,0,23,0,0,0,0,3,0,0,0,4,0,0,6,0,0,0,0,0,0,0,0,0,0,0,0,22,3,3,0,25,0,0,0,29,0,0,27,0,0,0,0,0,0,0,0,0,0,0,0,0,0,0,0,0,0,0,0,0,0,0,0,0,0,0,0,0,0,0,0,0,0,0,0,0,0,0,0,0,0,0,0,0,0,0,0,0,0,0,0,0,0,0,0,0,0,0,0,0,0,0,0,0,0,0,0,0,0,0,0,0,0,0,0,0,0,0,0
LGA11200,0,0,0,0,0,0,0,0,0,0,0,0,0,0,0,0,0,0,0,0,0,0,0,0,3,3,0,0,8,0,0,0,8,0,0,13,0,0,0,0,0,0,0,0,0,0,0,0,0,0,0,0,0,0,0,0,0,0,0,0,0,0,0,0,0,0,0,0,0,0,0,0,3,3,0,0,8,0,0,0,8,0,0,13,0,0,0,0,0,0,0,0,0,3,0,3,0,0,0,0,0,0,0,0,0,0,0,0,3,3,0,0,8,0,0,0,8,3,0,13,3,0,0,0,3,0,0,0,3,0,0,3,0,0,0,0,0,0,0,0,0,0,0,0,0,0,0,0,0,0,0,0,0,0,0,0,0,0,0,0,0,0,0,0,0,0,0,0,3,0,0,0,3,0,0,0,3,0,0,3,0,0,0,0,0,0,0,0,0,0,0,0,0,0,0,0,0,0,0,0
LGA11250,6,0,0,0,3,0,0,0,3,0,0,3,0,0,0,0,3,0,0,0,3,0,0,3,141,19,4,5,166,4,0,4,174,12,0,189,0,0,0,0,3,0,0,0,3,0,0,3,0,0,0,0,0,0,0,0,0,0,0,0,0,0,0,0,4,0,0,0,4,0,0,4,138,18,4,5,174,4,0,4,175,12,0,193,21,8,0,0,32,0,0,0,35,8,3,44,0,0,0,0,0,0,0,0,0,0,0,0,165,26,7,6,207,7,0,7,209,24,3,233,11,0,0,0,8,0,0,0,8,3,0,10,10,0,0,0,13,0,0,0,13,0,0,10,0,0,0,0,0,0,0,0,0,0,0,0,0,0,0,0,0,0,0,0,0,0,0,0,21,0,0,0,20,0,0,0,20,4,0,24,0,0,0,0,0,0,0,0,0,0,0,0,0,0,0,0,0,0,0,0
LGA11300,0,4,0,0,5,0,0,0,5,0,0,5,3,0,0,3,6,0,0,0,6,3,0,12,340,64,3,7,419,3,3,13,427,32,0,462,4,4,0,0,4,0,0,0,7,4,0,15,4,3,0,0,13,3,0,3,11,4,0,17,9,8,0,0,18,3,0,3,22,7,0,32,353,73,3,14,436,8,3,16,453,38,0,485,88,27,0,12,122,5,0,4,127,32,0,159,0,0,0,3,3,0,0,0,3,0,0,4,437,96,3,25,565,12,6,18,586,73,0,656,178,22,3,0,196,4,0,4,201,21,0,222,111,19,0,0,129,4,0,4,134,16,0,149,4,0,0,0,6,0,0,0,6,0,0,6,0,0,0,7,9,0,0,0,9,0,0,9,295,37,6,5,342,7,0,11,349,34,0,381,4,0,0,0,4,0,0,0,4,4,0,4,6,3,0,0,10,0,0,0
LGA11350,8,5,8,0,12,0,0,0,12,0,0,12,4,3,0,3,10,0,0,0,7,0,0,7,245,95,9,3,351,12,0,9,362,31,0,395,0,0,0,0,4,7,0,7,4,0,0,11,0,0,0,0,3,0,0,0,5,0,0,5,0,0,0,0,6,5,0,5,7,0,0,11,247,92,9,5,358,16,0,17,377,29,0,404,23,15,3,0,46,7,0,7,51,21,0,71,0,0,0,0,4,0,0,0,4,0,0,6,271,114,18,8,405,19,0,17,429,53,0,481,31,3,0,0,37,0,0,0,38,0,0,33,14,12,0,0,32,0,0,0,29,3,0,37,3,0,0,0,3,0,0,0,3,0,0,3,0,0,0,0,3,0,0,0,3,0,0,3,47,13,0,3,72,3,0,3,68,4,0,74,0,0,0,0,0,0,0,0,0,0,0,0,3,0,0,0,3,0,0,0
LGA11400,0,0,0,0,3,0,0,0,3,0,0,3,3,0,0,0,0,0,0,0,0,0,0,4,256,21,5,7,290,7,0,7,296,8,0,306,0,0,0,0,0,0,0,0,0,0,0,0,3,0,0,0,3,0,0,0,7,0,0,7,3,0,0,0,3,0,0,0,7,0,0,7,261,21,5,7,293,10,0,10,303,8,0,314,26,7,3,0,34,3,0,3,37,15,0,51,0,0,0,0,0,0,0,0,0,0,0,0,288,25,7,8,332,13,0,13,341,21,0,363,26,3,0,0,27,0,0,0,30,0,0,30,25,0,0,0,23,0,0,0,23,0,0,23,0,0,0,0,0,0,0,0,0,0,0,0,0,0,0,0,0,0,0,0,0,0,0,0,52,4,0,0,56,0,0,0,54,0,0,54,0,0,0,0,0,0,0,0,0,0,0,0,0,0,0,0,0,0,0,0
LGA11450,14,3,4,0,24,0,0,0,24,0,0,26,12,0,0,21,29,0,0,0,29,0,0,29,1404,91,17,34,1548,19,3,22,1568,57,0,1622,27,0,0,0,26,3,0,3,26,3,0,30,32,0,0,3,36,0,0,0,36,3,0,34,52,0,0,3,56,3,0,3,63,8,0,68,1461,93,17,34,1609,19,3,24,1630,60,0,1694,255,24,3,7,293,3,3,3,297,31,0,327,0,0,0,0,0,0,0,0,0,0,0,3,1712,122,26,38,1897,23,4,31,1927,90,3,2018,300,18,4,0,328,3,0,3,335,12,0,345,269,20,8,0,296,7,0,7,300,9,0,313,12,0,0,0,12,0,0,0,13,3,0,15,7,0,0,6,7,0,0,0,7,0,0,9,583,40,13,7,644,6,0,12,651,30,0,682,4,0,0,0,4,0,0,0,6,0,0,6,10,0,0,0,10,0,0,0
LGA11500,21,0,3,0,30,0,0,0,30,3,0,30,12,3,0,20,37,3,0,3,39,8,0,42,1774,221,33,55,2081,41,20,62,2136,157,0,2299,48,10,0,0,53,6,0,6,64,3,0,67,42,15,0,7,65,8,0,8,71,6,0,74,88,20,0,3,117,13,3,19,132,11,0,143,1865,239,33,58,2193,51,25,80,2268,170,0,2444,565,129,12,22,721,27,11,37,762,255,7,1020,0,0,0,4,3,0,0,0,3,0,9,18,2426,362,48,78,2921,83,32,115,3034,429,15,3477,555,54,9,9,620,13,0,8,632,47,0,687,347,50,0,4,404,9,3,12,421,35,0,457,15,0,3,0,24,0,0,0,24,5,0,28,4,3,0,13,25,0,0,0,24,3,0,24,926,108,10,30,1072,19,3,25,1101,95,0,1193,21,0,0,0,24,0,0,0,28,0,0,33,21,0,0,5,27,3,3,4
LGA11520,13,3,0,0,10,0,0,0,10,0,0,10,3,0,0,3,3,0,0,0,3,3,0,8,955,106,10,15,1083,16,3,19,1102,59,0,1162,3,0,0,0,3,0,0,0,3,3,0,8,8,3,0,0,12,0,0,3,14,0,0,14,11,3,0,0,17,0,0,3,21,3,0,21,971,109,10,10,1098,21,5,24,1123,61,0,1184,172,25,0,3,198,0,0,3,199,31,3,234,0,0,0,4,6,0,0,0,6,0,5,9,1143,135,10,19,1304,21,4,26,1332,90,4,1434,314,40,4,0,365,4,0,4,368,23,0,387,272,41,4,4,321,3,0,7,319,25,0,349,6,3,9,0,15,0,0,0,15,0,0,15,4,0,0,4,5,0,0,0,5,0,0,5,597,83,14,11,704,12,0,12,715,41,0,754,4,0,0,0,4,0,0,0,4,3,0,3,8,6,0,0,10,0,0,3
LGA11570,39,13,14,0,67,3,0,3,69,4,0,78,22,8,0,58,88,0,0,3,87,5,5,104,3334,634,54,110,4134,88,30,121,4250,344,16,4611,61,29,0,6,92,26,0,26,116,14,0,135,100,50,3,3,159,16,6,23,187,19,0,207,161,83,3,8,259,38,6,48,308,33,0,339,3493,721,58,112,4387,129,37,164,4554,372,13,4942,1438,563,37,85,2127,86,45,129,2255,829,17,3096,4,7,0,3,12,0,0,0,12,3,27,41,4940,1291,97,204,6529,217,83,296,6823,1206,56,8081,1200,176,12,7,1396,40,12,46,1446,130,0,1579,854,254,20,14,1138,17,10,32,1169,120,3,1291,31,6,13,0,51,0,0,4,52,9,0,59,13,3,0,41,63,0,0,0,63,7,6,66,2094,434,44,63,2639,56,22,83,2723,262,8,2996,40,12,0,3,65,16,0,17,83,15,0,93,56,34,3,0,92,8,4,17
LGA11600,0,0,0,0,0,0,0,0,0,0,0,0,0,0,0,0,0,0,0,0,0,0,0,0,21,5,0,0,27,0,0,0,27,0,0,27,0,0,0,0,0,0,0,0,0,0,0,0,0,0,0,0,0,0,0,0,0,0,0,0,0,0,0,0,0,0,0,0,0,0,0,0,21,5,0,0,27,0,0,0,27,0,0,27,5,3,0,0,10,0,0,0,10,3,0,11,0,0,0,0,0,0,0,0,0,0,0,0,32,3,0,0,38,0,0,0,38,3,0,41,0,0,0,0,0,0,0,0,0,0,0,0,0,0,0,0,0,0,0,0,0,0,0,0,0,0,0,0,0,0,0,0,0,0,0,0,0,0,0,0,0,0,0,0,0,0,0,0,0,0,0,0,0,0,0,0,0,0,0,0,0,0,0,0,0,0,0,0,0,0,0,0,0,0,0,0,0,0,0,0
LGA11650,62,12,21,0,105,0,0,4,106,9,0,113,25,3,0,22,45,0,0,5,53,7,0,54,4286,511,73,56,4925,82,15,100,5022,265,10,5294,60,7,3,0,65,10,3,15,79,3,0,83,77,7,0,0,82,8,0,9,93,14,0,103,135,13,3,0,146,17,4,22,171,14,0,188,4418,520,75,56,5075,100,17,120,5191,280,10,5480,818,127,26,20,989,31,9,36,1022,196,0,1222,10,3,3,0,10,0,0,0,10,0,14,26,5241,653,103,77,6070,134,25,156,6227,476,19,6721,721,107,14,0,840,20,0,22,861,49,5,908,808,96,11,3,917,14,0,17,931,44,0,978,26,4,10,0,40,0,0,0,40,4,0,42,17,0,0,17,29,0,0,0,29,3,0,36,1566,207,36,20,1827,31,0,35,1862,102,3,1967,20,3,0,0,22,0,3,4,29,0,0,29,23,3,0,0,27,0,0,0
LGA11700,0,0,0,0,0,0,0,0,0,0,0,0,0,0,0,0,0,0,0,0,0,0,0,0,0,0,0,0,0,0,0,0,0,0,0,3,0,0,0,0,0,0,0,0,0,0,0,0,0,0,0,0,0,0,0,0,0,0,0,0,0,0,0,0,0,0,0,0,0,0,0,0,0,0,0,0,0,0,0,0,0,0,0,3,4,0,0,0,3,3,0,3,7,0,0,4,0,0,0,0,0,0,0,0,0,0,0,0,7,0,0,0,8,3,0,3,8,3,0,13,0,0,0,0,0,0,0,0,0,0,0,0,0,0,0,0,0,0,0,0,0,0,0,0,0,0,0,0,0,0,0,0,0,0,0,0,0,0,0,0,0,0,0,0,0,0,0,0,0,0,0,0,0,0,0,0,0,0,0,0,0,0,0,0,0,0,0,0,0,0,0,0,0,0,0,0,0,0,0,0
LGA11720,10,5,9,0,23,0,0,0,23,0,0,23,5,0,0,6,9,0,0,0,9,0,0,9,625,63,18,11,720,23,4,23,746,42,0,788,6,0,0,0,13,3,0,3,16,0,0,18,5,0,0,0,10,0,0,0,10,0,0,10,14,6,0,0,22,3,0,3,23,0,0,26,643,72,22,15,741,21,4,24,767,45,0,817,151,18,0,3,171,11,0,11,180,84,0,268,0,0,0,0,3,0,0,0,3,0,0,3,789,86,25,22,918,34,4,33,957,132,0,1088,52,9,3,0,65,3,0,5,69,9,0,75,84,15,0,0,95,0,0,0,95,16,0,110,3,0,3,0,5,0,0,0,5,0,0,3,0,0,0,0,3,0,0,0,3,0,0,7,144,19,6,5,166,3,0,5,172,25,0,200,3,0,0,0,3,0,0,0,3,0,0,3,0,0,0,0,3,0,0,0
LGA11730,9,6,0,0,23,0,0,0,23,5,0,25,7,0,0,3,5,0,0,0,5,3,0,10,514,104,14,9,642,17,4,24,662,51,0,717,9,3,0,0,5,6,0,4,14,0,0,14,11,3,0,0,9,3,0,5,13,0,0,15,17,4,0,0,19,9,3,10,29,0,0,32,527,111,14,9,663,21,9,28,693,57,0,750,96,18,9,5,127,4,5,5,133,81,0,211,0,4,0,0,3,0,0,0,3,0,4,7,624,130,23,15,794,28,12,33,827,135,4,968,45,4,0,0,47,0,0,0,47,6,0,52,41,7,0,0,49,0,0,0,49,8,0,57,3,0,3,0,9,0,0,0,9,0,0,9,0,0,0,0,0,0,0,0,0,0,0,0,89,8,3,0,100,0,0,0,101,13,0,119,4,0,0,0,4,0,0,0,4,0,0,4,0,0,0,0,0,3,0,3
LGA11750,0,0,3,0,3,0,0,0,3,0,0,3,0,0,0,0,0,0,0,0,0,0,0,0,49,3,6,0,56,0,0,0,61,0,0,61,0,0,0,0,0,3,0,3,3,0,0,5,3,0,0,0,3,0,0,0,3,0,0,3,3,0,0,0,3,3,0,3,4,0,0,3,48,3,6,0,64,4,0,4,61,0,0,67,13,0,0,0,18,3,0,3,17,3,0,27,0,0,0,0,0,0,0,0,0,0,0,0,69,3,3,0,79,7,0,7,87,10,0,91,0,0,0,0,3,0,0,0,3,0,0,3,0,0,0,0,3,0,0,0,3,0,0,3,0,0,0,0,0,0,0,0,0,0,0,0,0,0,0,0,0,0,0,0,0,0,0,0,3,0,0,0,3,0,0,0,3,0,0,3,0,0,0,0,0,0,0,0,0,0,0,0,0,0,0,0,0,0,0,0
LGA11800,11,0,3,0,15,0,0,0,15,5,0,17,6,0,0,6,16,0,0,0,16,0,0,17,857,146,15,20,1032,19,6,20,1054,82,0,1130,9,3,0,0,17,0,0,0,17,0,0,17,10,6,0,0,19,4,0,4,19,0,0,19,16,14,0,0,32,8,0,9,40,0,0,40,872,159,15,20,1061,26,9,33,1089,82,0,1171,107,28,8,0,140,4,0,4,142,57,0,204,0,0,0,0,0,0,0,0,0,0,3,3,976,185,21,20,1194,30,9,37,1237,137,6,1380,90,22,0,0,113,0,3,6,116,6,0,123,72,21,3,0,102,0,0,0,102,12,0,115,0,0,3,0,4,0,0,0,4,0,0,7,0,0,0,0,3,0,0,0,3,0,0,7,168,41,6,4,217,8,3,7,225,24,0,249,0,0,0,0,0,0,0,0,0,0,0,3,3,3,0,0,3,0,0,0
LGA12000,7,0,0,0,7,0,0,0,7,0,0,7,3,0,0,0,3,0,0,0,3,0,0,3,76,10,0,0,89,0,0,0,89,11,0,97,0,0,0,0,0,0,0,0,0,0,0,0,0,0,0,0,0,0,0,0,0,0,0,0,0,0,0,0,0,0,0,0,0,0,0,0,76,10,3,0,87,0,0,0,90,11,0,97,10,0,0,0,15,0,0,0,15,0,0,13,0,0,0,0,0,0,0,0,0,0,0,0,85,14,3,0,101,0,0,0,102,9,0,113,4,0,0,0,4,0,0,0,4,0,0,7,3,0,0,0,3,0,0,0,3,0,0,3,0,0,0,0,0,0,0,0,0,0,0,0,0,0,0,0,0,0,0,0,0,0,0,0,10,0,0,0,12,0,0,0,12,0,0,8,0,0,0,0,0,0,0,0,0,0,0,0,0,0,0,0,0,0,0,0
LGA12150,0,0,0,0,0,0,0,0,0,0,0,0,0,0,3,0,3,0,0,0,3,0,0,3,27,0,3,3,30,0,0,0,30,0,0,35,0,0,0,0,0,0,0,0,0,0,0,0,0,0,0,0,0,0,0,0,0,0,0,0,0,0,0,0,0,0,0,0,0,0,0,0,27,0,3,3,30,0,0,0,36,0,0,32,5,0,0,0,5,0,0,0,4,4,0,8,0,0,0,0,0,0,0,0,0,0,0,0,26,0,3,4,38,3,0,3,39,7,0,44,0,0,0,0,0,0,0,0,0,0,0,0,3,0,0,0,3,0,0,0,3,0,0,3,0,0,0,0,0,0,0,0,0,0,0,0,0,0,0,0,0,0,0,0,0,0,0,0,3,0,0,0,3,0,0,0,4,0,0,4,0,0,0,0,0,0,0,0,0,0,0,0,0,0,0,0,0,0,0,0
LGA12350,0,0,5,0,3,0,0,0,3,0,0,3,0,0,0,0,0,0,0,0,0,0,0,0,123,18,3,7,152,0,0,0,157,6,0,161,0,0,0,0,0,0,0,0,3,0,0,3,0,0,0,0,3,0,0,0,4,0,0,4,0,0,0,0,4,0,0,0,6,0,0,6,129,20,3,7,154,0,0,5,161,7,0,165,15,0,3,3,21,0,0,0,27,12,0,33,0,0,0,0,0,0,0,0,0,0,0,0,147,20,10,9,183,0,0,3,185,17,0,199,18,0,0,0,19,0,0,0,17,0,0,17,18,0,0,0,22,0,0,0,21,0,0,27,0,0,0,0,0,0,0,0,0,0,0,0,0,0,0,0,0,0,0,0,0,0,0,0,33,5,0,0,41,3,0,3,39,3,0,44,0,0,0,0,0,0,0,0,0,0,0,0,0,0,0,0,0,0,0,0
LGA12380,10,0,5,3,21,0,0,0,21,3,0,23,25,8,3,38,68,3,0,4,73,9,0,78,1712,309,21,65,2105,55,20,74,2186,192,3,2380,27,7,0,0,38,17,3,16,53,12,0,65,73,32,0,3,104,5,9,14,124,22,0,139,98,38,0,3,142,21,11,35,178,30,0,204,1813,346,26,68,2249,82,33,109,2360,216,3,2582,828,344,22,74,1267,47,32,78,1345,635,11,1988,3,3,0,9,24,0,0,0,24,10,14,43,2643,698,46,157,3541,131,60,192,3727,859,27,4620,700,96,9,9,812,22,6,34,846,77,3,928,381,107,3,13,502,13,7,22,522,40,0,569,19,5,8,0,32,0,0,0,31,3,0,34,16,0,0,33,47,0,0,0,47,7,0,56,1118,205,19,50,1389,38,13,55,1449,130,5,1581,26,7,0,0,29,9,0,15,42,19,0,57,21,20,0,3,42,4,14,14
LGA12700,0,0,0,0,3,0,0,0,3,0,0,3,0,0,0,4,4,0,0,0,3,0,0,3,114,24,4,3,142,3,3,6,150,10,0,155,0,0,0,0,0,0,0,0,0,0,0,0,4,0,0,0,4,0,0,0,4,0,0,4,4,0,0,0,4,0,0,0,4,0,0,4,113,24,4,3,147,3,3,6,155,10,0,165,30,5,4,0,36,0,0,0,36,3,0,43,0,0,0,0,0,0,0,0,0,0,0,0,140,31,6,4,184,3,3,8,194,15,0,209,9,3,0,0,11,0,0,0,11,0,0,15,12,3,0,0,21,0,0,0,21,0,0,21,0,0,0,0,0,0,0,0,0,0,0,0,0,0,0,0,0,0,0,0,0,0,0,0,28,3,0,0,36,0,0,0,36,0,0,38,0,0,0,0,0,0,0,0,0,0,0,0,0,0,0,0,0,0,0,0
LGA12730,3,0,0,0,3,0,0,0,3,0,0,3,0,0,0,4,4,0,0,0,4,0,0,4,111,4,4,4,119,0,0,0,119,10,0,126,0,0,0,0,0,0,0,0,0,0,0,0,0,0,0,0,0,0,0,0,0,0,0,0,0,0,0,0,0,0,0,0,0,0,0,0,109,4,4,4,126,0,0,0,126,10,0,129,15,5,0,0,19,0,0,0,20,7,0,24,0,0,0,0,0,0,0,0,0,0,0,0,126,9,4,4,141,0,0,0,144,16,0,153,9,0,0,0,9,0,0,0,9,0,0,9,8,3,0,0,10,0,0,0,10,0,0,10,0,0,0,0,0,0,0,0,0,0,0,0,0,0,0,0,0,0,0,0,0,0,0,0,15,3,0,0,20,0,0,0,20,0,0,20,0,0,0,0,0,0,0,0,0,0,0,0,0,0,0,0,0,0,0,0
LGA12750,14,0,3,0,16,0,0,0,16,0,0,16,0,0,0,3,3,0,0,0,3,0,0,3,275,95,7,9,379,8,3,12,394,34,0,427,6,0,0,0,7,0,0,0,9,0,0,12,6,0,0,0,6,0,0,0,9,0,0,9,10,0,0,0,12,0,0,4,12,0,0,14,282,95,7,10,393,12,4,14,405,33,0,444,51,14,0,3,72,3,0,3,71,26,0,95,0,0,0,0,3,0,0,0,3,0,3,3,339,113,7,12,467,12,4,20,481,59,3,541,33,10,0,0,45,0,0,0,43,4,0,43,30,3,0,0,33,0,0,0,33,4,0,41,0,0,0,0,0,0,0,0,0,0,0,0,0,0,0,0,0,0,0,0,0,0,0,0,68,15,0,0,82,0,0,0,79,5,0,84,0,0,0,0,0,0,0,0,0,0,0,0,0,0,0,0,0,0,0,0
LGA12850,16,7,8,0,36,0,0,0,36,3,0,45,16,7,0,32,52,9,0,9,54,9,0,61,1619,323,33,56,2028,62,22,82,2115,241,5,2357,33,16,0,5,56,20,5,28,82,14,0,99,64,47,0,0,115,19,17,34,150,37,0,185,99,59,0,4,171,39,27,63,236,47,0,284,1720,387,29,65,2198,100,53,149,2348,284,8,2644,916,390,15,56,1380,64,37,100,1477,883,11,2379,10,0,0,3,12,0,0,0,12,6,26,45,2637,777,46,126,3590,162,83,247,3839,1181,46,5059,597,75,13,5,692,22,8,30,718,84,0,805,420,149,3,5,581,20,14,32,610,95,0,710,11,6,0,0,16,0,0,0,16,0,0,20,12,0,0,33,39,3,0,3,42,7,3,50,1032,240,20,43,1329,36,23,58,1389,193,6,1581,19,17,0,4,37,13,4,13,48,19,0,66,35,28,0,4,64,5,25,28
LGA12870,6,0,0,0,3,0,0,0,3,0,0,3,0,0,0,0,0,0,0,0,0,0,0,0,163,14,4,4,183,0,0,0,183,8,0,189,0,0,0,0,0,0,0,0,0,0,0,0,3,0,0,0,3,0,0,0,3,0,0,3,3,0,0,0,3,0,0,0,3,0,0,3,168,14,4,4,186,0,0,0,186,8,0,190,17,0,0,0,13,0,0,0,13,4,0,18,0,0,0,0,0,0,0,0,0,0,0,3,184,13,4,7,200,0,0,0,200,16,0,219,17,0,0,0,16,0,0,0,16,0,0,20,11,3,0,0,13,0,0,0,13,0,0,13,0,0,0,0,0,0,0,0,0,0,0,0,0,0,0,0,0,0,0,0,0,0,0,0,26,3,0,0,31,0,0,0,31,0,0,36,0,0,0,0,0,0,0,0,0,0,0,0,0,0,0,0,0,0,0,0
LGA12900,0,0,0,0,0,0,0,0,0,0,0,0,0,0,0,0,3,0,0,0,3,0,0,3,114,12,3,0,128,3,0,3,128,6,0,131,3,0,0,0,3,4,0,4,6,0,0,6,0,0,0,0,0,0,0,0,0,0,0,0,4,0,0,0,5,4,0,4,7,0,0,7,117,12,3,0,128,7,0,7,133,6,0,141,9,0,0,0,9,0,0,0,9,4,0,19,0,0,0,0,0,0,0,0,0,0,0,0,129,12,3,3,139,7,0,7,144,13,0,160,11,0,0,0,17,0,0,0,17,0,0,17,9,0,0,0,11,0,0,0,11,0,0,11,0,0,0,0,0,0,0,0,0,0,0,0,0,0,0,0,0,0,0,0,0,0,0,0,27,3,0,0,24,0,0,0,24,0,0,24,0,0,0,0,0,0,0,0,0,0,0,0,0,0,0,0,0,0,0,0
LGA12930,22,3,11,0,33,0,0,0,32,0,0,32,12,3,0,19,31,0,0,0,31,0,0,31,1958,309,27,41,2335,49,15,63,2399,126,0,2528,23,3,0,0,28,0,0,0,25,7,0,34,37,15,0,0,57,5,3,10,68,0,0,67,59,23,0,0,85,8,3,9,92,8,0,98,2024,326,24,41,2419,58,18,74,2490,133,0,2625,444,102,3,15,568,18,0,22,591,92,0,682,0,0,0,0,4,0,0,0,4,0,0,6,2466,427,34,56,2988,72,21,99,3082,231,8,3318,657,102,13,4,780,10,3,10,790,56,0,849,574,126,3,4,707,16,3,15,724,39,0,762,18,5,11,0,28,0,0,0,33,3,0,38,8,3,3,17,32,0,0,0,32,0,0,35,1267,236,29,22,1552,23,8,32,1579,99,0,1682,13,4,3,3,22,3,0,3,28,5,0,33,19,16,0,0,37,3,3,7
LGA12950,3,0,0,0,4,0,0,0,4,0,0,4,0,0,0,0,0,0,0,0,0,0,0,0,48,10,0,0,57,0,0,0,57,0,0,57,0,0,0,0,0,0,0,0,0,0,0,0,0,0,0,0,0,0,0,0,0,0,0,0,0,0,0,0,0,0,0,0,0,0,0,0,48,10,3,0,57,0,0,0,57,0,0,57,8,0,0,0,8,0,0,0,9,3,0,10,0,0,0,0,0,0,0,0,0,0,0,0,57,10,3,0,65,0,0,0,69,3,0,73,0,0,0,0,3,0,0,0,3,0,0,3,0,0,0,0,3,0,0,0,3,0,0,3,0,0,0,0,0,0,0,0,0,0,0,0,0,0,0,0,0,0,0,0,0,0,0,0,5,5,0,0,10,0,0,0,10,0,0,10,0,0,0,0,0,0,0,0,0,0,0,0,0,0,0,0,0,0,0,0
LGA13010,0,0,0,0,7,0,0,0,7,0,0,7,0,0,3,0,5,0,0,0,5,0,0,5,94,17,3,0,113,4,0,4,116,3,0,122,0,0,0,0,0,0,0,0,0,0,0,4,0,0,0,0,0,0,0,0,0,0,0,0,0,3,0,0,3,0,0,0,3,0,0,3,97,20,3,0,121,4,0,4,120,6,0,130,10,0,0,0,10,0,0,0,14,11,0,19,0,0,0,0,0,0,0,0,0,0,0,0,104,25,3,0,130,4,0,4,132,18,0,150,10,0,0,0,9,0,0,0,9,0,0,9,6,3,0,0,7,0,0,0,7,0,0,9,0,0,0,0,0,0,0,0,0,0,0,0,0,0,0,0,0,0,0,0,0,0,0,0,17,3,0,0,15,0,0,0,15,3,0,18,0,0,0,0,0,0,0,0,0,0,0,3,0,0,0,0,0,0,0,0
LGA13310,0,0,0,0,0,0,0,0,0,0,0,0,0,0,0,0,4,0,0,0,4,0,0,4,339,40,8,11,400,6,3,10,414,15,0,425,4,0,0,0,3,4,0,4,5,0,0,5,11,0,0,0,11,0,0,0,8,0,0,8,14,0,0,0,9,4,0,3,16,0,0,18,353,47,8,11,418,9,3,9,427,20,0,442,75,10,4,0,85,3,3,5,90,10,0,105,0,0,0,0,0,0,0,0,0,0,0,0,425,53,14,11,500,14,5,17,518,28,0,548,36,5,0,0,40,0,0,0,40,0,0,40,28,3,0,0,35,0,0,0,35,0,0,37,3,0,0,0,3,0,0,0,3,0,0,3,3,0,0,0,3,0,0,0,3,0,0,3,72,7,0,0,75,0,0,0,75,4,0,79,0,0,0,0,0,0,0,0,0,0,0,0,0,0,0,0,0,0,0,0
LGA13340,4,0,0,0,5,0,0,0,5,0,0,5,0,0,0,0,0,0,0,0,0,0,0,0,174,17,3,3,200,3,0,3,208,9,0,214,0,0,0,0,3,0,0,0,3,0,0,3,0,0,0,0,0,0,0,0,0,0,0,0,3,0,0,0,3,0,0,0,3,0,0,3,177,21,3,4,201,3,0,3,208,9,0,217,19,6,0,0,31,0,0,0,29,7,0,35,3,0,0,0,3,0,0,0,3,0,0,3,199,29,6,4,238,6,0,6,241,15,0,256,23,0,0,0,24,0,0,0,24,0,0,24,20,4,0,0,28,0,0,0,28,0,0,30,0,0,0,0,0,0,0,0,0,0,0,0,0,0,0,0,0,0,0,0,0,0,0,0,47,3,0,0,46,0,0,0,46,0,0,53,3,0,0,0,3,0,0,0,3,0,0,3,0,0,0,0,0,0,0,0
LGA13450,3,0,4,0,10,0,0,0,10,0,0,10,0,0,0,4,3,0,0,0,3,0,0,3,392,33,10,10,437,9,0,9,446,24,0,477,3,0,0,0,7,0,0,0,9,0,0,10,6,0,0,0,10,0,0,0,10,0,0,10,9,3,0,0,9,0,0,0,16,0,0,14,397,33,10,10,452,10,0,10,460,28,0,491,54,8,3,0,71,0,0,0,71,26,0,94,0,0,0,0,0,0,0,0,0,0,3,3,452,40,14,9,523,11,3,10,533,51,3,589,26,3,0,0,34,0,0,0,34,3,0,38,20,0,0,0,22,0,0,0,23,0,0,26,0,0,0,0,0,0,0,0,0,0,0,0,0,0,0,0,0,0,0,0,0,0,0,0,50,9,0,0,57,0,0,0,54,6,0,58,0,0,0,0,0,0,0,0,0,0,0,0,0,0,0,0,0,0,0,0
LGA13510,3,0,0,0,4,0,0,0,4,0,0,4,0,0,0,0,0,0,0,0,0,0,0,0,98,12,8,0,114,4,0,4,121,13,0,134,0,0,0,0,0,0,0,0,0,0,0,0,0,0,0,0,0,0,0,0,0,0,0,0,3,0,0,0,5,0,0,0,5,0,0,5,98,12,7,0,120,4,0,4,128,13,0,141,18,4,0,0,22,0,0,0,22,11,0,26,0,0,0,0,0,0,0,0,0,0,0,0,114,20,10,0,139,4,0,4,143,21,0,168,10,0,0,0,16,0,0,0,16,0,0,16,12,4,0,0,15,0,0,0,15,0,0,15,0,0,0,0,3,0,0,0,3,0,0,3,0,0,0,0,0,0,0,0,0,0,0,0,22,3,0,0,30,0,0,0,30,0,0,30,0,0,0,0,0,0,0,0,0,0,0,0,0,0,0,0,0,0,0,0
LGA13550,6,0,0,0,6,0,0,0,6,0,0,6,3,0,0,0,3,0,0,0,3,0,0,3,151,13,3,0,171,3,0,3,173,12,0,181,0,0,0,0,0,0,0,0,5,0,0,3,0,0,0,0,0,0,0,0,0,0,0,0,3,0,0,0,3,0,0,0,4,0,0,3,153,13,3,0,176,3,0,3,174,14,0,190,22,0,0,0,28,0,0,0,30,7,0,31,0,0,0,0,0,0,0,0,0,0,0,0,181,15,3,0,197,3,0,3,204,21,0,223,11,0,0,0,9,0,0,0,9,0,0,14,10,0,0,0,10,0,0,0,10,0,0,10,0,0,0,0,0,0,0,0,0,0,0,0,0,0,0,0,0,0,0,0,0,0,0,0,22,0,0,0,24,0,0,0,24,0,0,22,0,0,0,0,0,0,0,0,0,0,0,0,0,0,0,0,0,0,0,0
LGA13660,0,0,0,0,0,0,0,0,0,0,0,0,0,0,0,0,3,0,0,0,3,0,0,3,37,10,0,0,50,0,0,0,50,6,0,54,0,0,0,0,0,0,0,0,0,0,0,0,0,0,0,0,0,0,0,0,0,3,0,3,3,0,0,0,3,0,0,0,3,3,0,7,38,10,0,0,53,0,0,0,53,8,0,57,8,0,0,0,11,0,0,0,11,6,0,23,0,0,0,0,0,0,0,0,0,0,0,0,50,10,0,3,63,0,0,0,63,16,0,82,9,0,0,0,9,0,0,0,9,0,0,9,0,0,0,0,0,0,0,0,0,0,0,0,0,0,0,0,0,0,0,0,0,0,0,0,0,0,0,0,0,0,0,0,0,0,0,0,9,0,0,0,9,0,0,0,9,0,0,9,0,0,0,0,0,0,0,0,0,0,0,0,0,0,0,0,0,0,0,0
LGA13800,17,0,6,0,19,0,0,0,19,0,0,23,4,0,0,7,15,0,0,0,15,0,0,10,1092,99,16,17,1225,6,0,11,1230,41,3,1275,11,3,0,0,10,3,0,3,14,0,0,14,16,0,0,0,14,0,0,0,14,5,0,23,27,3,0,0,32,3,0,3,31,5,0,40,1117,107,19,17,1253,13,0,10,1263,46,3,1314,192,16,11,3,225,6,0,3,233,31,0,263,0,3,0,0,3,0,0,0,3,0,0,9,1314,123,22,20,1483,15,4,16,1497,75,8,1581,184,17,0,0,207,0,0,0,207,14,0,221,180,15,0,3,196,0,0,0,201,0,0,202,8,4,0,0,11,0,0,0,11,0,0,11,4,0,0,3,7,0,0,0,7,0,0,6,375,34,3,8,419,0,0,0,416,18,0,437,3,3,0,0,5,0,0,0,4,0,0,9,0,0,0,0,0,0,0,0
LGA13850,0,0,0,0,0,0,0,0,0,0,0,0,0,0,0,0,0,0,0,0,0,0,0,0,25,6,0,0,38,0,0,0,38,3,0,41,0,0,0,0,0,0,0,0,0,0,0,0,0,0,0,0,0,0,0,0,0,0,0,0,0,0,0,0,0,0,0,0,0,0,0,0,25,6,0,0,38,0,0,0,38,3,0,41,10,0,0,0,13,0,0,0,12,0,0,12,0,0,0,0,0,0,0,0,0,0,0,0,35,13,0,0,50,0,0,0,50,3,0,55,0,0,0,0,0,0,0,0,0,0,0,3,0,0,0,0,4,0,0,0,4,0,0,7,0,0,0,0,0,0,0,0,0,0,0,0,0,0,0,0,0,0,0,0,0,0,0,0,4,0,0,0,3,0,0,0,3,0,0,7,0,0,0,0,0,0,0,0,0,0,0,0,0,0,0,0,0,0,0,0
LGA13910,3,0,3,0,3,0,0,0,3,0,0,9,4,3,0,3,5,0,0,0,5,0,0,5,218,36,10,0,274,3,0,3,274,14,0,290,3,0,0,0,3,0,0,0,3,4,0,4,4,0,0,0,5,0,0,0,5,0,0,5,9,0,0,0,8,0,0,0,8,5,0,13,224,36,10,0,281,3,0,3,281,19,0,298,40,6,3,0,50,0,0,0,54,16,0,67,5,0,0,0,5,0,0,0,5,0,0,3,268,46,17,3,330,4,0,4,341,30,0,370,17,3,0,0,19,0,0,0,19,3,0,22,17,4,0,0,20,0,0,0,20,0,0,23,0,0,0,0,0,0,0,0,0,0,0,0,0,0,0,0,0,0,0,0,0,0,0,0,33,6,0,0,41,0,0,0,41,5,0,49,0,0,0,0,0,0,0,0,0,0,0,0,0,0,0,0,0,0,0,0
LGA14000,39,5,3,0,47,0,0,0,46,5,0,50,6,3,0,15,18,0,0,0,24,4,0,23,2950,275,24,24,3275,86,12,94,3368,126,3,3496,24,7,0,0,33,5,0,5,37,0,0,40,50,10,0,0,57,0,0,3,60,4,0,68,71,12,0,0,87,5,0,11,97,9,0,103,3025,294,27,24,3367,91,15,101,3470,134,3,3599,531,69,0,12,616,20,3,22,640,61,0,698,3,0,0,0,3,0,0,0,3,0,3,10,3561,358,29,39,3985,108,16,127,4106,196,11,4313,895,87,11,5,997,27,5,28,1028,58,0,1087,809,104,15,5,925,31,3,31,960,35,0,996,19,4,4,0,27,0,0,0,27,0,0,29,3,0,0,8,12,0,0,0,12,4,0,18,1725,192,28,23,1967,56,9,61,2028,103,0,2136,20,8,0,0,22,8,0,8,26,3,0,30,25,5,0,0,30,3,0,3
LGA14100,3,0,0,0,7,0,0,0,7,0,0,7,0,0,0,0,0,0,0,0,0,0,0,0,236,15,4,3,259,0,3,9,262,18,0,283,3,0,0,0,3,0,0,0,3,0,0,3,3,0,0,0,3,0,0,0,3,0,0,3,3,0,0,0,3,0,0,0,3,0,0,7,238,15,4,3,261,0,3,9,269,22,0,287,45,15,0,0,64,0,0,0,67,11,0,75,0,0,0,0,0,0,0,0,0,0,0,0,283,33,3,3,326,4,3,6,328,26,0,357,69,10,0,0,83,3,0,3,85,0,0,88,69,3,0,0,78,0,0,0,75,8,0,84,0,0,0,0,0,0,0,0,0,0,0,0,0,0,0,3,5,0,0,0,5,0,0,5,148,10,0,3,161,7,0,4,163,7,0,177,0,0,0,0,0,0,0,0,0,0,0,0,0,0,0,0,0,0,0,0
LGA14170,12,3,3,0,23,0,0,0,23,0,0,23,3,0,0,11,22,0,0,0,22,3,0,20,1552,200,13,26,1793,39,6,50,1837,101,4,1941,20,5,0,0,25,0,0,0,26,3,0,33,23,9,0,0,29,3,0,4,32,0,0,32,42,11,0,3,61,3,0,6,63,3,0,63,1594,210,13,31,1852,47,9,53,1900,105,4,2012,249,52,4,6,308,7,5,14,321,68,0,388,3,3,0,0,7,0,0,0,7,0,3,4,1843,260,17,39,2164,51,13,65,2230,171,5,2407,403,58,0,0,462,11,3,11,472,45,0,515,289,49,4,4,339,7,3,11,353,46,0,397,6,4,3,0,10,0,0,0,10,3,0,13,0,0,0,4,4,0,0,0,4,0,0,7,692,107,9,7,822,18,10,26,842,91,0,937,12,0,0,0,11,0,0,0,12,0,0,12,13,6,0,0,22,0,0,3
LGA14200,0,4,0,0,8,0,0,0,8,0,0,8,0,0,0,5,6,0,0,0,8,3,0,14,191,38,4,10,235,3,0,4,248,17,0,258,0,0,0,0,0,3,0,3,3,0,0,3,0,0,0,0,0,0,0,0,0,0,0,3,0,0,0,0,0,3,0,3,3,3,0,3,192,38,4,10,240,8,0,9,248,16,0,267,23,5,0,0,28,0,0,3,34,33,0,67,0,0,0,0,0,0,0,0,0,0,0,5,213,38,8,10,273,10,7,12,281,49,0,331,18,3,0,0,23,0,0,0,23,0,0,23,12,3,0,0,12,0,0,0,12,0,0,14,0,0,0,0,0,0,0,0,0,0,0,0,0,0,0,0,0,0,0,0,0,0,0,0,31,10,0,0,35,0,0,0,35,0,0,40,0,0,0,0,0,0,0,0,0,0,0,0,0,0,0,0,0,0,0,0
LGA14300,0,0,0,0,0,0,0,0,0,0,0,0,0,0,0,0,0,0,0,0,0,0,0,0,59,9,0,0,68,6,0,6,73,3,0,78,0,0,0,0,0,0,0,0,0,0,0,0,0,0,0,0,0,0,0,0,0,0,0,0,0,0,0,0,0,0,0,0,0,0,0,0,59,9,0,0,68,6,0,6,73,3,0,78,7,3,0,0,10,0,0,0,10,7,0,17,0,0,0,0,0,0,0,0,0,0,0,0,69,10,0,0,80,6,0,6,80,9,0,97,6,0,0,0,6,0,0,0,6,0,0,6,0,0,0,0,3,0,0,0,3,0,0,3,0,0,0,0,0,0,0,0,0,0,0,0,0,0,0,0,0,0,0,0,0,0,0,0,6,0,0,0,6,0,0,0,6,0,0,12,0,0,0,0,0,0,0,0,0,0,0,0,0,0,0,0,0,0,0,0
LGA14350,3,0,4,0,9,0,0,0,9,0,0,9,0,4,0,3,3,0,0,0,3,0,0,3,263,54,10,5,326,0,0,3,330,40,0,374,3,0,0,0,3,0,0,0,3,0,0,7,0,0,0,0,3,0,0,0,8,0,0,5,5,0,0,0,5,0,0,0,9,6,0,14,264,56,10,5,333,4,0,4,342,41,0,383,46,10,0,3,59,8,0,8,66,35,0,100,0,0,0,0,0,0,0,0,0,0,0,0,311,66,10,10,394,9,0,10,409,72,3,484,21,7,0,0,27,0,0,0,27,0,0,23,28,3,0,0,32,0,0,3,35,0,0,39,0,0,0,0,0,0,0,0,0,0,0,0,0,0,0,0,0,0,0,0,0,0,0,0,44,12,0,3,60,0,0,3,65,4,0,63,0,0,0,0,0,0,0,0,0,0,0,0,0,0,0,0,0,0,0,0
LGA14400,9,0,0,0,9,0,0,0,9,0,0,9,4,0,0,0,4,0,0,0,4,0,0,4,364,42,3,8,412,3,0,3,418,10,0,430,0,0,0,0,0,0,0,3,3,0,0,3,4,0,0,0,6,0,0,0,6,0,0,6,8,0,0,0,9,0,0,3,8,0,0,8,372,43,3,8,424,0,0,6,430,10,0,439,36,3,0,0,38,0,0,0,41,3,0,48,0,0,0,0,0,0,0,0,0,0,0,0,410,44,3,8,462,0,0,7,467,21,0,487,66,5,0,3,78,0,0,0,78,5,0,80,78,10,0,3,85,3,0,4,93,0,0,88,4,0,6,0,4,0,0,0,4,0,0,4,0,0,0,4,4,0,0,0,4,0,0,4,147,12,5,5,172,3,0,4,176,6,0,185,0,0,0,0,3,0,0,0,3,0,0,3,0,0,0,0,0,0,0,0
LGA14500,25,6,3,0,36,0,0,0,36,0,0,34,11,0,0,7,16,0,0,0,16,0,0,22,2696,235,27,29,2983,69,3,74,3058,130,3,3185,35,0,0,4,38,5,0,5,39,0,0,41,61,0,0,0,62,10,4,8,74,5,0,78,95,3,0,4,97,11,4,17,116,9,0,120,2785,236,27,26,3081,83,4,83,3167,137,3,3308,695,53,14,8,766,35,4,37,802,76,0,879,0,0,0,3,3,0,0,0,3,0,0,8,3485,291,40,40,3856,110,11,123,3978,212,3,4197,743,84,6,3,838,25,3,32,871,51,0,924,812,83,11,8,921,20,3,25,940,37,0,980,17,6,12,3,38,0,0,0,38,0,0,40,8,0,0,11,18,0,3,3,19,0,0,22,1574,178,36,26,1815,50,11,58,1867,90,4,1962,14,0,0,0,18,0,0,0,18,3,0,20,25,5,0,0,32,4,0,4
LGA14550,0,0,0,0,0,0,0,0,0,0,0,0,0,0,0,0,0,0,0,0,0,3,0,3,86,9,3,0,98,0,0,0,98,11,0,106,0,0,0,0,0,0,0,0,0,0,0,3,0,0,0,0,0,0,0,0,0,0,0,0,3,0,0,0,3,0,0,0,3,0,0,7,86,9,3,0,96,0,0,0,96,15,0,112,19,4,0,0,24,4,0,4,22,15,0,34,0,0,0,0,0,0,0,0,0,0,0,0,99,15,3,0,117,4,0,4,120,30,0,150,9,3,0,0,12,0,0,0,12,0,0,12,10,3,0,0,13,0,0,0,13,3,0,19,0,0,0,0,0,0,0,0,0,0,0,0,0,0,0,0,0,0,0,0,0,0,0,0,23,3,0,0,28,0,0,0,28,3,0,27,0,0,0,0,0,0,0,0,0,0,0,0,0,0,0,0,0,0,0,0
LGA14600,0,0,3,0,3,0,0,0,3,0,0,3,0,0,0,0,0,0,0,0,0,0,0,3,50,0,3,4,58,0,0,0,58,3,0,59,0,0,0,0,0,0,0,0,0,0,0,0,0,0,0,0,0,0,0,0,0,0,0,0,0,0,0,0,0,0,0,0,3,0,0,3,48,0,3,4,55,0,0,0,58,3,0,62,3,0,0,0,5,0,0,0,7,5,0,10,0,0,0,0,0,0,0,0,0,0,0,0,52,3,3,3,61,3,0,3,65,6,0,74,0,0,0,0,0,0,0,0,0,0,0,0,0,0,0,0,0,0,0,0,0,0,0,0,0,0,0,0,0,0,0,0,0,0,0,0,0,0,0,0,0,0,0,0,0,0,0,0,0,0,0,0,0,0,0,0,0,0,0,0,0,0,0,0,0,0,0,0,0,0,0,0,0,0,0,0,0,0,0,0
LGA14650,45,14,9,0,67,0,0,3,75,5,0,76,18,0,0,17,27,0,0,0,28,0,0,35,2843,293,50,37,3221,59,6,67,3289,173,3,3466,21,3,0,0,22,8,0,8,28,3,0,31,51,15,0,0,65,8,0,11,76,3,0,75,75,14,0,0,88,17,0,18,106,7,0,106,2914,304,45,37,3311,74,7,82,3393,179,3,3575,456,62,10,6,537,26,0,30,563,122,0,686,3,0,0,0,4,0,0,0,4,0,6,13,3372,371,60,49,3852,96,11,106,3957,299,8,4271,481,54,5,3,543,16,3,21,561,44,0,607,520,68,11,7,607,6,3,8,612,53,0,662,22,0,6,0,33,3,0,3,36,0,0,32,3,0,0,0,6,0,0,0,6,0,0,6,1020,131,24,12,1182,22,4,25,1216,95,0,1309,9,8,0,0,19,3,0,3,15,0,0,19,19,0,0,0,25,0,0,0
LGA14700,9,0,0,0,9,0,0,0,9,0,0,5,0,0,0,0,4,0,0,0,4,0,0,4,498,47,5,6,551,18,0,18,565,23,0,591,5,4,0,0,8,0,0,0,8,0,0,8,13,0,0,0,15,0,0,0,15,0,0,15,13,7,0,0,20,0,0,0,20,0,0,20,508,53,5,6,573,18,0,18,589,23,0,607,119,16,0,3,139,6,0,6,146,16,0,159,4,0,0,0,4,0,0,0,4,0,0,4,632,67,3,12,716,25,0,25,735,35,0,773,156,22,0,0,184,9,0,9,191,15,0,206,122,18,0,0,144,3,0,3,144,7,0,158,3,0,0,0,5,0,0,0,5,0,0,5,0,0,0,0,0,0,0,0,0,0,0,4,283,46,3,3,334,9,0,9,347,24,0,373,3,0,0,0,3,0,0,0,4,0,0,4,5,3,0,0,10,0,0,0
LGA14750,3,0,0,0,3,0,0,0,3,0,0,3,0,0,0,0,0,0,0,0,0,0,0,0,189,15,0,3,210,0,0,0,209,3,0,214,0,0,0,0,0,0,0,0,0,0,0,0,0,0,0,0,0,0,0,0,0,0,0,0,3,0,0,0,3,0,0,0,3,0,0,3,189,15,0,3,214,0,0,0,210,3,0,215,19,3,0,0,27,0,0,0,27,8,0,33,0,0,0,0,0,0,0,0,0,0,0,0,206,17,0,8,239,0,0,0,235,11,0,252,12,0,0,0,12,0,0,0,12,0,0,10,9,0,0,0,14,0,0,0,14,0,0,13,0,0,0,0,0,0,0,0,0,0,0,0,0,0,0,0,0,0,0,0,0,0,0,0,21,0,0,0,27,0,0,0,27,0,0,24,0,0,0,0,0,0,0,0,0,0,0,0,0,0,0,0,0,0,0,0
LGA14850,11,3,3,0,16,0,0,0,18,3,0,20,3,0,0,4,8,0,0,0,8,0,0,8,531,96,5,16,640,6,5,8,653,34,0,691,5,0,0,0,5,0,0,0,5,0,0,7,14,3,0,0,16,0,0,0,16,3,0,14,18,3,0,0,20,0,0,0,18,3,0,25,543,99,5,16,660,9,5,12,669,38,0,712,82,21,3,0,107,5,0,5,112,26,0,142,0,0,0,0,0,0,0,0,0,0,0,0,628,118,7,16,769,14,6,18,788,67,0,856,75,12,0,0,83,0,0,0,83,5,0,93,45,14,3,0,64,0,3,3,68,8,0,72,3,0,0,0,3,0,0,0,3,0,0,3,0,0,0,0,0,0,0,0,0,3,0,4,122,30,3,0,158,0,3,3,157,10,0,170,0,0,0,0,0,0,0,0,0,0,0,0,0,3,0,0,3,0,0,0
LGA14870,3,0,0,0,3,0,0,0,3,0,0,3,4,0,0,0,3,0,0,0,3,0,0,3,240,21,6,0,271,6,0,9,276,20,0,293,0,0,0,0,3,0,0,0,4,0,0,9,0,0,0,0,0,0,0,0,0,4,0,6,0,3,0,0,3,0,0,0,3,4,0,11,237,23,6,0,270,4,0,5,278,26,0,309,41,0,0,3,46,3,0,4,55,14,0,64,0,0,0,0,0,0,0,0,0,0,0,3,285,26,6,5,320,13,3,14,333,39,0,372,18,3,0,0,25,0,0,0,24,0,0,30,22,0,0,0,27,0,0,0,22,0,0,28,3,0,0,0,4,0,0,0,4,0,0,4,0,0,0,0,0,0,0,0,0,0,0,0,48,3,0,0,52,0,0,0,51,0,0,58,0,0,0,0,0,0,0,0,0,0,0,0,0,0,0,0,0,0,0,0
LGA14900,30,5,15,0,52,0,0,0,53,3,0,57,26,0,0,33,61,0,0,0,61,8,3,73,2802,368,51,56,3279,66,15,80,3357,219,4,3587,46,20,0,3,63,8,0,16,81,8,0,84,51,31,0,0,82,8,11,14,94,15,0,112,91,44,0,3,144,17,9,27,171,25,0,200,2893,413,52,63,3422,85,26,106,3531,245,4,3780,900,266,17,50,1227,56,21,77,1302,603,3,1912,3,3,0,4,8,0,0,0,15,0,24,38,3794,682,67,112,4660,140,45,183,4843,856,28,5731,1011,95,13,6,1132,28,3,30,1162,68,0,1233,581,132,12,8,725,10,3,18,738,59,0,798,15,0,8,0,25,3,0,3,26,4,0,29,14,0,0,27,44,0,0,0,42,3,3,47,1620,227,37,41,1924,47,10,54,1978,133,5,2118,20,10,0,0,33,7,3,3,39,3,0,50,22,15,0,0,38,4,3,8
LGA14920,0,0,0,0,0,0,0,0,0,0,0,0,0,0,0,0,0,0,0,0,0,0,0,0,64,11,3,0,76,0,0,0,76,7,0,85,3,0,0,0,3,0,0,0,3,3,0,4,6,0,0,0,6,0,0,0,6,0,0,6,5,0,0,0,5,0,0,0,5,3,0,7,70,11,3,0,83,0,0,0,83,6,0,91,18,4,0,3,20,0,0,0,27,12,0,39,0,0,0,0,0,0,0,0,0,0,0,0,92,13,3,3,108,0,0,0,107,19,0,126,4,0,0,0,4,0,0,0,4,0,0,9,11,0,0,0,10,0,0,0,10,0,0,10,0,0,0,0,0,0,0,0,0,0,0,0,0,0,0,0,0,0,0,0,0,0,0,0,16,0,0,0,13,0,0,0,13,3,0,15,0,0,0,0,0,0,0,0,0,0,0,0,0,0,0,0,0,0,0,0
LGA14950,0,0,0,0,0,0,0,0,0,0,0,0,0,0,0,0,0,0,0,0,0,0,0,0,40,3,0,0,46,0,0,0,45,0,0,45,0,0,0,0,0,0,0,0,0,0,0,0,0,0,0,0,0,0,0,0,0,0,0,0,0,0,0,0,0,0,0,0,0,0,0,0,40,3,0,0,46,0,0,0,45,0,0,45,9,4,0,0,10,0,0,0,6,9,0,16,0,0,0,0,0,0,0,0,0,0,0,0,48,8,0,0,50,0,0,0,54,6,0,63,3,0,0,0,3,0,0,0,3,0,0,3,0,0,0,0,3,0,0,0,3,0,0,3,0,0,0,0,0,0,0,0,0,0,0,0,0,0,0,0,0,0,0,0,0,0,0,0,5,0,0,0,6,0,0,0,6,0,0,6,0,0,0,0,0,0,0,0,0,0,0,0,0,0,0,0,0,0,0,0
LGA15050,14,4,6,0,19,0,0,0,19,0,0,21,3,0,0,3,7,0,0,0,8,0,0,15,1104,122,23,15,1264,32,5,33,1301,45,4,1352,8,7,0,4,16,7,0,7,22,4,0,24,26,3,0,0,32,0,5,5,35,3,0,34,35,7,0,4,49,7,5,8,61,4,0,60,1141,131,24,17,1309,37,6,43,1357,55,4,1411,209,27,5,5,253,20,0,16,269,43,0,315,0,0,0,0,4,0,0,0,4,0,3,6,1355,159,30,28,1565,53,7,60,1629,100,10,1732,202,21,0,6,226,0,0,3,231,11,0,242,189,16,0,0,202,3,0,3,203,10,0,216,0,0,3,0,3,0,0,0,3,0,0,3,0,0,0,3,3,0,0,0,3,0,0,3,391,31,5,6,434,3,0,9,445,22,0,461,5,0,0,0,5,3,0,3,10,0,0,10,9,0,0,0,9,0,0,0
LGA15240,15,3,10,0,27,0,0,0,27,4,0,29,8,0,0,12,15,0,0,0,15,0,0,13,875,193,29,23,1123,22,3,25,1149,96,0,1249,8,5,4,0,12,0,0,3,15,6,0,22,5,4,0,0,9,3,4,4,16,3,0,18,17,11,4,0,25,8,5,6,34,9,0,38,894,201,35,24,1149,30,10,33,1182,103,0,1291,144,31,3,8,188,8,3,13,196,94,0,290,5,0,0,0,5,0,0,0,5,0,3,11,1038,229,38,27,1341,35,10,45,1387,201,3,1591,70,9,0,3,86,0,0,0,87,9,0,92,59,24,4,0,88,4,0,4,87,7,0,93,0,0,0,0,7,0,0,0,3,0,0,3,3,0,0,0,3,0,0,0,3,0,0,3,132,35,5,3,182,5,0,6,185,18,0,199,0,3,0,0,5,3,0,3,6,0,0,6,0,0,0,0,0,0,0,0
LGA15270,3,0,0,0,3,0,0,0,3,5,0,3,3,0,0,3,7,0,0,0,7,0,0,7,267,31,7,5,312,3,0,3,317,25,0,337,4,0,0,0,4,0,0,0,3,4,0,4,3,0,0,0,3,0,0,0,4,0,0,4,9,0,0,0,9,0,0,3,7,4,0,12,276,31,7,5,320,6,0,7,328,24,0,355,39,14,0,0,49,7,0,7,62,17,0,84,0,0,0,0,0,0,0,0,0,0,0,0,311,45,11,7,372,19,0,18,384,45,0,436,12,3,0,0,18,0,0,0,16,4,0,22,23,0,0,0,30,0,0,0,27,0,0,32,0,0,0,0,0,0,0,0,0,0,0,0,0,0,0,3,3,0,0,0,3,0,0,3,39,4,0,3,51,6,0,6,50,6,0,55,0,0,0,0,0,0,0,0,0,0,0,0,0,0,0,0,0,0,0,0
LGA15300,0,0,0,0,0,0,0,0,0,0,0,0,0,0,0,0,0,0,0,0,0,0,0,0,101,5,0,7,116,0,0,0,119,5,0,123,0,0,0,0,0,0,0,3,5,0,0,5,0,0,0,0,0,0,0,0,0,3,0,4,3,0,0,0,3,0,0,3,5,3,0,8,101,11,0,7,124,3,0,6,125,6,0,133,16,4,0,0,21,0,0,0,28,8,0,32,0,0,0,0,0,0,0,0,0,0,0,0,124,9,3,10,143,6,0,7,151,10,0,161,3,0,0,0,3,0,0,0,3,0,0,3,10,0,0,0,5,0,0,0,5,0,0,5,0,0,0,0,3,0,0,0,3,0,0,3,0,0,0,0,0,0,0,0,0,0,0,0,13,3,0,0,14,0,0,0,14,0,0,14,0,0,0,0,0,0,0,0,0,0,0,0,0,0,0,0,0,0,0,0
LGA15350,0,4,0,0,8,0,0,0,8,0,0,6,0,0,0,0,4,0,0,0,4,0,0,4,337,39,3,0,387,4,3,9,391,15,0,411,4,0,0,0,3,0,0,0,8,3,0,8,6,0,0,0,6,0,0,0,6,0,0,6,13,3,0,0,10,0,0,0,17,3,0,15,349,47,3,0,397,10,3,12,409,20,0,426,182,26,0,11,219,8,0,8,223,18,0,242,0,0,0,0,0,0,0,0,0,0,0,0,526,75,4,10,616,15,3,17,635,37,0,672,95,14,3,0,103,0,4,5,109,4,0,114,85,23,0,0,104,0,0,0,107,0,0,111,3,0,5,0,6,0,0,0,6,0,0,6,0,0,0,0,0,0,0,0,0,3,0,4,179,32,5,0,222,3,4,7,227,8,0,232,3,0,0,0,3,0,0,0,3,3,0,6,3,0,0,0,3,0,0,0
LGA15520,3,0,0,0,4,0,0,0,4,0,0,4,3,0,0,0,3,0,0,0,3,0,0,3,171,13,8,3,196,0,0,0,193,6,0,199,0,0,0,0,0,0,0,0,0,0,0,0,0,0,0,0,0,0,0,0,0,0,0,0,0,0,0,0,0,0,0,0,0,0,0,0,171,13,8,3,196,0,0,0,193,6,0,199,22,0,0,0,24,0,0,0,22,0,0,23,0,0,0,0,0,0,0,0,0,0,4,4,188,13,3,3,212,0,0,0,217,4,4,226,21,0,0,0,26,0,0,0,26,0,0,26,10,3,0,0,13,0,0,0,13,0,0,16,0,0,0,0,0,0,0,0,0,0,0,0,0,0,0,0,0,0,0,0,0,0,0,0,34,3,0,0,39,0,0,0,39,0,0,44,0,0,0,0,0,0,0,0,0,0,0,0,0,0,0,0,0,0,0,0
LGA15560,0,0,0,0,3,0,0,0,3,0,0,3,0,0,0,0,0,0,0,0,0,0,0,0,56,6,0,0,61,0,0,0,61,3,0,64,0,0,0,0,0,0,0,0,0,0,0,0,0,0,0,0,0,0,0,0,0,0,0,0,0,0,0,0,0,0,0,0,0,0,0,0,57,6,0,0,62,0,0,0,62,3,0,66,5,3,0,0,12,0,0,0,12,0,0,12,0,0,0,0,0,0,0,0,0,0,0,0,67,3,0,0,73,0,0,0,73,3,0,75,6,0,0,0,6,0,0,0,6,0,0,8,0,0,0,0,0,0,0,0,0,0,0,0,0,0,0,0,0,0,0,0,0,0,0,0,0,0,0,0,0,0,0,0,0,0,0,0,9,0,0,0,9,0,0,0,8,0,0,12,0,0,0,0,0,0,0,0,0,0,0,0,0,0,0,0,0,0,0,0
LGA15650,0,0,0,0,0,0,0,0,0,0,0,3,0,0,0,3,4,0,0,0,4,0,0,4,206,22,4,6,231,10,0,8,244,8,0,251,0,0,0,0,4,0,0,0,4,0,0,4,3,0,0,3,7,0,0,0,7,0,0,7,9,0,0,3,12,0,0,0,10,0,0,10,213,23,4,5,241,7,0,7,252,8,0,263,38,4,0,0,42,5,0,5,46,6,0,57,0,0,0,0,0,0,0,0,0,0,3,3,247,22,4,7,287,15,0,16,301,18,3,321,16,5,0,0,24,0,0,0,21,0,0,22,17,0,0,0,27,0,0,0,25,0,0,25,0,0,0,0,0,0,0,0,0,0,0,0,0,0,0,0,0,0,0,0,0,0,0,0,40,8,0,0,48,3,0,3,46,0,0,50,0,0,0,0,0,0,0,0,0,0,0,0,0,0,0,0,0,0,0,0
LGA15700,0,0,0,0,0,0,0,0,0,0,0,4,8,0,0,6,6,0,0,0,6,0,0,7,173,44,8,9,224,5,3,11,231,21,0,257,0,0,0,0,0,3,0,3,3,0,0,8,3,0,0,0,3,0,0,0,9,0,0,9,5,3,0,0,7,3,0,3,10,0,0,9,177,40,8,9,232,7,3,13,243,26,0,266,18,9,0,0,31,3,0,3,37,19,0,55,3,0,0,0,3,0,0,0,3,0,0,3,201,55,6,7,267,14,3,18,284,42,0,325,14,0,0,0,17,0,0,0,17,3,0,18,13,0,0,0,11,0,0,0,11,3,0,16,0,0,0,0,0,0,0,0,0,0,0,0,0,0,0,0,0,0,0,0,0,0,0,0,22,3,0,0,25,0,0,0,25,8,0,33,0,0,0,0,0,0,0,0,0,3,0,3,0,0,0,0,0,0,0,0
LGA15750,3,0,4,0,4,0,0,0,4,0,0,4,0,0,0,3,5,0,0,0,5,0,0,5,156,14,4,3,179,0,0,0,177,5,0,191,4,0,0,0,4,0,0,0,3,0,0,3,0,0,0,0,0,0,0,0,0,0,0,0,3,0,0,0,3,0,0,0,3,0,0,3,160,14,4,3,179,4,0,4,184,5,0,195,18,4,0,0,22,0,0,0,23,12,0,32,0,0,0,0,0,0,0,0,0,0,0,0,180,19,4,3,202,3,0,3,205,15,0,222,10,0,0,0,10,0,0,0,10,0,0,10,9,0,0,0,9,0,0,0,9,0,0,9,0,0,0,0,0,0,0,0,0,0,0,0,0,0,0,0,0,0,0,0,0,0,0,0,25,0,0,0,25,0,0,0,26,0,0,26,0,0,0,0,0,0,0,0,0,0,0,0,0,0,0,0,0,0,0,0
LGA15800,0,0,0,0,0,0,0,0,0,0,0,0,0,0,0,0,0,0,0,0,0,0,0,0,72,4,0,0,78,0,0,0,82,6,0,81,0,0,0,0,0,0,0,0,3,0,0,3,0,0,0,0,0,0,0,0,0,0,0,0,0,0,0,0,0,0,0,3,3,0,0,3,75,4,0,0,80,0,0,0,80,6,0,86,18,0,0,0,15,0,0,0,15,3,0,26,0,0,0,0,0,0,0,0,0,0,0,0,86,4,0,0,97,4,3,4,103,6,0,107,4,0,0,0,4,0,0,0,4,0,0,4,6,0,0,0,6,0,0,0,6,0,0,6,0,0,0,0,0,0,0,0,0,0,0,0,0,0,0,0,0,0,0,0,0,0,0,0,12,0,0,0,8,0,0,0,8,0,0,8,0,0,0,0,0,0,0,0,0,0,0,0,0,0,0,0,0,0,0,0
LGA15850,0,0,0,0,0,0,0,0,0,0,0,0,0,0,0,0,0,0,0,0,0,0,0,0,70,4,3,0,74,3,0,3,79,3,0,82,0,0,0,0,0,0,0,0,0,0,0,0,0,0,0,0,0,0,0,0,0,0,0,0,0,0,0,0,0,0,0,0,0,0,0,0,70,4,3,0,74,3,0,3,79,3,0,82,16,0,0,0,12,0,0,0,12,3,0,18,0,0,0,0,0,0,0,0,0,0,0,0,83,8,3,0,93,3,0,3,94,10,0,107,5,3,0,0,10,0,0,0,10,0,0,10,4,0,0,0,4,0,0,0,4,0,0,4,0,0,0,0,0,0,0,0,0,0,0,0,0,0,0,0,0,0,0,0,0,0,0,0,8,3,0,0,14,0,0,0,14,0,0,14,0,0,0,0,0,0,0,0,0,0,0,0,0,0,0,0,0,0,0,0
LGA15900,20,4,4,0,28,0,0,0,30,0,0,34,5,0,0,10,25,0,0,0,21,0,0,25,1762,230,41,24,2046,56,3,59,2105,120,3,2225,23,4,0,0,26,3,0,3,25,0,0,25,32,3,0,0,36,7,0,6,45,7,0,45,51,9,3,0,61,8,0,9,73,7,0,78,1815,235,43,23,2113,63,4,64,2180,126,3,2307,245,40,10,11,304,11,6,10,315,67,3,384,0,0,0,3,3,0,0,0,3,0,3,6,2057,280,50,33,2421,69,12,80,2501,194,5,2696,284,36,4,0,326,9,0,13,343,25,0,364,336,52,3,3,393,12,0,13,405,22,0,427,15,0,0,0,19,0,0,0,19,3,0,23,3,0,0,3,5,3,0,3,11,0,0,11,636,92,11,13,744,24,4,27,769,53,0,825,7,0,0,0,7,5,0,5,7,3,0,12,7,0,0,0,7,0,0,0
LGA15950,4,0,0,0,4,0,0,0,4,0,0,4,4,0,0,0,8,0,0,0,5,0,0,5,355,57,3,3,412,10,3,14,425,23,0,451,9,0,0,0,9,0,0,0,7,0,0,7,7,0,0,0,9,0,0,0,10,0,0,10,15,0,0,0,12,4,0,4,19,0,0,19,369,58,3,3,427,14,3,22,444,23,0,463,93,14,4,0,115,0,0,3,111,14,0,128,0,0,0,3,3,0,0,0,3,0,0,3,459,70,4,3,542,16,3,21,557,32,0,589,110,15,3,0,128,6,0,6,129,10,0,142,82,24,0,0,105,0,0,0,106,3,0,111,0,0,3,0,10,0,0,0,10,0,0,10,4,0,0,0,5,0,0,0,5,0,0,5,200,36,9,3,246,6,0,5,252,13,0,266,3,0,0,0,3,0,0,0,3,0,0,3,3,0,0,0,3,0,3,3
LGA15990,47,3,9,0,57,0,0,0,57,6,0,66,26,3,0,28,54,0,0,0,54,3,4,61,4353,489,52,55,4950,59,13,74,5022,197,6,5228,26,3,0,0,31,9,0,10,40,0,0,42,62,8,0,0,71,0,3,5,78,3,0,82,96,12,0,0,105,9,3,11,119,3,0,122,4452,497,52,61,5057,68,17,79,5142,205,6,5348,736,82,12,19,845,13,0,16,861,87,0,950,8,0,0,0,9,0,0,0,9,0,13,25,5190,583,68,74,5912,83,22,98,6015,295,16,6328,888,107,11,3,1005,13,4,18,1027,47,0,1074,991,139,5,3,1137,19,3,21,1163,66,0,1231,28,4,10,0,47,0,0,0,47,6,0,52,10,3,0,11,22,0,0,0,22,0,0,22,1912,251,30,21,2215,39,8,41,2254,117,0,2373,19,0,0,0,19,3,0,6,23,0,0,22,33,0,0,0,33,4,3,6
LGA16100,0,0,0,0,0,0,0,0,0,0,0,0,0,0,0,0,0,0,0,0,0,0,0,0,89,10,4,3,100,0,0,0,100,0,0,103,0,0,0,0,0,0,0,0,0,0,0,0,0,0,0,0,0,0,0,0,0,0,0,0,0,0,0,0,0,0,0,0,0,0,0,0,89,10,4,3,100,0,0,0,100,0,0,103,8,3,0,0,13,0,0,0,11,3,0,18,0,0,0,0,0,0,0,0,0,0,0,0,99,10,4,3,114,0,0,0,117,4,0,120,13,0,0,0,13,0,0,0,13,0,0,13,4,0,0,0,6,0,0,0,6,0,0,6,0,0,0,0,0,0,0,0,0,0,0,0,0,0,0,0,0,0,0,0,0,0,0,0,16,0,0,0,19,0,0,0,18,0,0,18,0,0,0,0,0,0,0,0,0,0,0,0,0,0,0,0,0,0,0,0
LGA16150,17,0,0,0,16,0,0,0,16,0,0,16,4,0,0,0,9,0,0,0,9,0,0,9,560,47,10,11,627,8,0,11,643,25,3,674,3,0,0,0,4,0,0,0,4,3,0,9,6,0,0,0,6,3,0,3,8,0,0,7,6,0,0,0,12,3,0,3,11,4,0,13,575,50,10,11,641,10,0,14,654,32,3,689,59,7,3,3,74,0,0,0,74,39,0,113,0,0,0,0,0,0,0,0,0,0,0,0,630,53,15,9,710,11,0,18,725,69,3,800,80,5,5,0,86,3,0,6,91,3,0,99,46,3,0,3,50,0,0,0,55,3,0,58,0,0,0,0,0,0,0,0,0,0,0,0,0,0,0,0,3,0,0,0,3,0,0,3,131,9,5,3,141,6,0,9,146,6,0,155,0,0,0,0,0,0,0,0,0,0,0,4,0,0,0,0,0,0,0,0
LGA16200,4,0,0,0,6,0,0,0,6,0,0,6,3,0,0,5,6,0,0,0,6,0,0,6,185,18,3,3,219,3,0,4,220,8,0,232,0,0,0,0,5,0,0,0,5,0,0,5,0,3,0,0,3,0,6,6,10,0,0,10,4,5,0,0,6,0,6,6,9,0,0,10,194,22,3,3,223,3,3,3,229,13,0,242,37,3,0,3,40,4,3,4,51,12,0,60,0,0,0,0,0,0,0,0,0,0,0,0,225,30,3,10,271,5,6,11,280,29,0,309,21,3,0,0,26,0,0,0,26,3,0,28,10,0,0,0,12,0,0,0,12,0,0,12,0,0,0,0,0,0,0,0,0,0,0,0,0,0,0,0,0,0,0,0,0,0,0,0,33,5,0,0,36,0,0,0,36,3,0,37,0,0,0,0,0,0,0,0,0,0,0,0,0,0,0,0,0,0,0,0
LGA16260,26,10,8,0,37,0,0,0,37,3,0,37,15,0,3,18,34,3,0,3,32,0,4,42,2393,341,33,42,2812,65,13,83,2891,142,4,3034,43,11,0,3,57,11,0,10,65,3,0,72,48,14,0,0,59,10,3,11,70,11,0,81,91,25,0,3,113,15,9,23,137,17,0,154,2482,361,40,38,2922,88,20,106,3030,154,4,3189,668,146,18,21,849,36,10,41,890,176,0,1064,0,0,0,0,0,0,0,0,0,0,3,5,3153,509,55,62,3778,122,33,149,3929,329,6,4264,890,127,4,3,1021,28,9,42,1061,78,0,1146,690,142,5,13,853,17,4,28,876,42,0,921,17,9,0,0,33,0,0,0,33,0,0,33,7,0,3,13,21,0,0,0,22,3,0,27,1607,274,19,27,1931,52,15,70,1999,124,0,2124,19,7,0,0,28,4,0,4,32,7,0,37,32,9,0,0,41,4,3,10
LGA16350,42,3,14,0,61,3,0,3,63,0,0,64,14,3,0,16,34,0,0,0,37,4,0,43,2897,237,48,44,3225,30,8,41,3269,155,3,3427,32,5,0,0,36,3,0,3,45,10,0,47,60,16,0,0,81,5,0,3,85,7,0,91,93,19,0,0,119,8,0,9,125,14,0,138,2987,252,53,46,3341,41,7,49,3391,170,3,3569,617,90,8,21,738,25,5,30,766,158,3,926,3,0,0,3,8,0,0,0,8,0,8,13,3607,345,62,74,4089,60,15,83,4168,330,14,4505,642,36,10,4,688,10,0,16,699,49,0,752,472,65,3,10,545,6,0,6,557,28,0,583,21,0,7,0,26,0,0,0,26,0,0,26,3,0,0,15,23,0,0,0,23,0,0,23,1140,103,18,25,1285,23,0,24,1311,82,0,1395,12,0,0,0,12,0,0,0,20,3,0,19,21,3,0,0,26,0,0,0
LGA16380,12,4,5,0,18,0,0,0,18,0,0,24,6,0,0,11,10,0,0,0,10,4,0,17,1005,174,12,16,1210,13,5,23,1234,81,5,1317,5,3,0,0,8,4,0,4,13,3,0,14,15,0,0,0,18,3,0,3,21,6,0,18,21,3,0,0,26,6,0,6,34,3,0,37,1028,173,16,16,1237,24,5,28,1262,82,5,1349,109,26,8,3,147,11,4,14,156,76,0,236,0,0,0,0,0,0,0,0,0,0,0,4,1139,197,25,21,1380,30,11,40,1424,159,6,1587,92,9,4,0,102,0,0,0,103,7,0,108,99,20,0,3,123,0,0,0,125,3,0,125,0,0,0,0,3,0,0,0,3,0,0,3,0,0,0,0,5,0,0,0,5,0,0,5,192,23,4,4,227,3,0,3,230,12,0,248,3,0,0,0,4,0,0,0,4,3,0,4,3,0,0,0,3,0,0,0
LGA16400,3,3,5,0,13,0,0,0,13,4,0,15,5,0,0,6,15,0,0,0,15,3,0,19,927,106,25,13,1068,10,0,17,1085,51,0,1138,5,3,0,0,8,0,0,0,8,3,0,10,27,4,0,0,25,0,0,0,31,0,0,31,28,5,0,0,34,0,0,0,37,3,0,42,952,114,31,13,1106,14,0,12,1125,51,0,1172,169,33,0,8,200,8,3,16,216,39,0,252,0,0,0,0,0,0,3,3,3,3,0,4,1122,144,31,15,1311,21,7,34,1343,93,0,1434,117,12,3,0,137,4,3,4,144,8,0,151,115,18,4,0,136,3,0,3,137,9,3,152,0,0,6,0,8,0,0,0,8,3,0,8,0,0,0,0,3,0,0,0,3,0,0,3,235,37,11,0,285,7,4,8,290,21,3,316,0,0,0,0,5,0,0,0,5,0,0,5,4,0,0,0,6,0,0,0
LGA16490,22,4,5,0,33,0,0,0,33,0,0,33,10,0,0,6,13,0,0,0,13,3,0,23,1084,73,30,17,1198,13,3,17,1210,64,3,1275,9,0,0,0,9,0,0,0,6,0,0,10,10,0,0,0,10,0,0,0,10,0,0,7,13,0,0,0,13,0,0,0,16,0,0,16,1093,73,30,17,1210,10,3,17,1223,64,3,1293,128,13,3,3,143,7,0,7,146,19,0,164,0,0,0,0,0,0,0,0,0,0,0,0,1223,81,30,19,1349,18,3,20,1375,82,3,1459,216,19,3,0,232,0,3,4,238,16,0,252,103,16,5,0,124,0,0,0,127,8,0,133,10,0,0,0,13,0,0,0,13,0,0,13,0,0,0,0,3,0,0,0,3,0,0,7,325,32,9,0,369,3,3,5,376,30,0,404,3,0,0,0,3,0,0,0,3,0,0,3,0,0,0,0,0,0,0,0
LGA16550,27,0,4,0,30,0,0,0,30,0,3,34,6,0,0,10,16,0,0,0,16,0,0,16,1489,170,12,12,1684,24,3,28,1711,77,3,1786,16,0,0,0,16,3,0,3,20,0,0,18,14,3,0,0,18,3,0,3,20,0,0,25,32,3,0,0,34,3,0,3,41,3,0,40,1520,170,12,12,1716,23,3,32,1751,78,3,1826,237,31,4,10,277,5,0,5,285,46,0,328,0,0,0,0,0,0,0,0,0,0,3,4,1754,202,19,24,1996,32,3,37,2034,122,4,2155,441,40,6,3,495,0,4,3,499,21,0,519,337,57,0,3,402,4,4,5,409,21,0,428,13,0,6,0,18,0,0,0,18,4,0,29,3,0,0,0,3,0,0,0,3,0,0,12,797,102,9,9,921,9,7,14,932,47,0,986,13,0,0,0,13,0,0,0,13,0,0,13,13,3,0,0,20,0,0,0
LGA16610,4,3,0,0,10,0,0,0,10,0,0,10,5,0,0,4,15,0,0,0,15,3,0,11,249,54,0,5,310,5,3,4,312,29,0,340,3,0,0,0,3,0,0,0,9,3,0,7,5,0,0,0,8,0,0,0,8,0,0,8,10,0,3,0,8,0,0,0,13,3,0,18,257,54,7,5,314,6,3,8,325,27,0,354,50,12,0,3,69,3,4,4,68,25,0,100,0,0,0,0,0,0,0,0,0,0,3,3,301,62,7,13,381,10,7,16,395,56,3,459,25,3,0,0,25,0,0,0,25,4,0,28,23,4,0,0,30,0,0,0,30,8,0,36,0,0,0,0,0,0,0,0,0,0,0,0,0,0,0,0,0,0,0,0,0,0,0,0,48,9,3,0,59,0,0,0,65,12,0,72,0,0,0,0,0,0,0,0,0,0,0,0,0,0,0,0,0,0,0,0
LGA16650,12,0,5,0,21,0,0,0,21,0,0,23,3,0,0,3,13,0,0,0,13,3,0,16,1076,154,20,17,1272,16,3,17,1290,96,0,1384,12,3,0,0,13,4,0,3,24,6,0,23,27,8,3,3,39,3,0,3,46,0,0,49,44,12,3,3,56,7,0,11,68,5,0,76,1117,165,21,22,1329,22,7,28,1355,102,3,1459,267,78,6,10,362,9,4,10,374,111,3,480,0,0,0,3,3,0,0,0,3,0,6,15,1391,246,26,35,1692,32,10,39,1734,209,13,1953,367,42,4,3,416,4,3,6,430,32,0,460,237,63,0,3,302,11,0,6,310,36,0,339,0,0,3,0,8,0,0,0,8,0,0,8,3,3,0,9,17,0,0,0,17,0,0,23,611,107,8,15,745,12,3,18,763,66,0,833,5,0,0,0,9,4,3,11,17,0,0,14,11,3,0,0,15,0,3,4
LGA16700,14,7,0,0,26,3,0,3,28,0,0,28,7,3,0,14,24,0,0,0,24,0,0,23,1380,187,13,20,1596,53,11,61,1660,82,0,1740,23,3,0,0,29,7,0,7,37,0,0,35,30,8,0,0,42,3,3,9,47,0,0,47,55,9,0,0,66,12,3,16,83,0,0,80,1433,198,17,20,1662,63,9,74,1740,85,0,1823,284,48,3,5,345,8,4,11,358,63,0,416,0,0,0,0,0,0,0,0,0,0,3,5,1716,245,19,23,2008,68,18,84,2097,141,9,2250,449,58,0,0,510,16,0,19,525,39,0,569,403,71,10,0,488,7,0,9,496,24,0,513,10,3,3,0,19,0,0,0,24,0,0,26,3,0,0,8,7,0,0,0,7,0,0,11,868,138,13,11,1026,20,3,26,1054,63,0,1117,14,0,0,0,12,0,0,0,12,0,0,10,19,6,0,0,27,3,3,10
LGA16900,24,0,4,0,27,3,0,3,31,0,0,35,4,0,0,5,12,0,0,0,12,0,0,12,1031,89,24,13,1150,20,4,25,1179,75,0,1256,15,0,0,0,15,0,0,0,14,0,0,14,21,5,0,0,27,3,0,3,27,3,0,33,35,5,0,0,38,3,0,4,44,5,0,46,1065,90,24,11,1191,23,3,31,1216,81,0,1301,224,40,4,0,273,3,0,6,277,51,0,330,0,0,0,0,3,0,0,0,3,3,0,4,1288,134,29,15,1468,33,7,35,1502,130,0,1635,173,14,3,4,197,6,0,4,199,15,0,215,182,27,0,3,213,4,0,3,215,21,0,242,6,0,0,0,11,0,0,0,11,0,0,10,3,0,0,0,10,0,0,0,10,0,0,10,364,46,3,7,420,7,0,13,434,36,0,467,3,0,0,0,3,0,0,0,3,0,0,3,3,0,0,0,5,0,0,0
LGA16950,18,0,3,0,19,0,0,0,23,3,0,23,4,3,0,10,24,0,0,0,26,0,0,27,988,171,26,20,1202,13,3,22,1223,88,8,1319,6,0,0,0,9,4,0,4,18,0,0,16,13,3,0,3,18,0,0,0,19,3,0,23,20,10,0,3,30,4,0,4,34,4,0,43,1002,181,26,22,1235,23,3,26,1262,93,8,1361,164,34,7,5,215,4,0,5,222,82,0,311,0,0,0,0,0,0,0,0,0,0,3,3,1172,219,34,31,1448,30,10,32,1484,178,12,1672,110,9,10,3,130,0,0,0,133,9,0,144,126,21,3,0,151,0,0,0,153,9,0,162,3,0,4,0,8,0,0,0,8,0,0,13,0,0,0,7,6,0,0,0,6,0,0,6,240,35,16,11,293,4,0,4,301,22,0,320,0,0,0,0,3,0,0,0,3,0,0,3,0,0,0,0,0,0,0,0
LGA17000,6,0,0,0,6,0,0,0,6,0,0,6,3,0,0,3,10,0,0,0,10,0,0,10,391,38,9,8,443,3,0,4,444,10,0,457,5,3,0,0,7,0,0,0,7,0,0,6,11,0,0,0,11,3,0,3,15,0,0,15,13,3,0,0,15,3,0,3,20,0,0,20,400,39,9,8,456,5,0,7,467,13,0,478,91,8,4,0,110,3,0,3,115,13,0,122,0,0,0,0,0,0,0,0,0,0,0,0,494,50,16,10,569,10,0,9,573,20,0,595,47,6,0,0,51,3,0,3,55,0,0,54,47,3,3,0,54,0,0,0,54,0,0,54,0,3,0,0,3,0,0,0,3,0,0,3,0,0,0,0,0,0,0,0,0,0,0,0,94,10,0,0,109,3,0,3,112,0,0,115,0,0,0,0,3,0,0,0,0,0,0,0,3,0,0,0,3,0,0,0
LGA17040,0,0,0,0,4,0,0,0,4,0,0,4,3,0,0,6,8,0,0,0,8,0,0,9,254,41,7,13,314,4,0,4,318,17,0,330,0,0,0,0,0,0,0,0,0,0,0,0,0,3,0,0,5,0,0,0,5,0,0,5,3,3,0,0,5,0,0,0,5,0,0,5,256,43,7,13,317,4,0,4,319,17,0,337,26,14,0,0,42,3,0,3,41,5,0,48,3,0,0,0,3,0,0,0,3,0,4,4,283,57,7,13,357,4,0,4,365,22,4,390,34,4,0,0,37,0,0,0,37,0,0,37,9,4,0,0,12,0,0,0,12,0,0,16,0,0,0,0,0,0,0,0,0,0,0,0,0,0,0,0,3,0,0,0,3,0,0,3,44,6,0,0,57,0,0,0,57,0,0,59,0,0,0,0,0,0,0,0,0,0,0,0,0,0,0,0,0,0,0,0
LGA17080,0,0,0,0,0,0,0,0,0,0,0,0,0,0,0,0,3,0,0,0,3,0,0,3,175,12,5,4,190,0,0,0,190,7,0,202,0,0,0,0,0,0,0,0,0,0,0,0,5,0,0,0,3,0,0,0,4,0,0,4,3,0,0,0,3,0,0,0,5,0,0,10,180,16,5,4,198,0,0,0,203,10,0,209,26,4,0,0,33,3,0,3,38,13,0,50,0,0,0,0,0,0,0,0,0,0,3,3,201,14,9,8,230,3,0,4,236,22,3,256,17,0,0,0,17,0,0,0,17,0,0,17,8,0,0,0,15,0,0,0,15,0,0,15,0,0,0,0,0,0,0,0,0,0,0,0,0,0,0,0,0,0,0,0,0,0,0,0,29,3,0,0,30,0,0,0,30,0,0,30,0,0,0,0,0,0,0,0,0,0,0,0,0,0,0,0,0,0,0,0
LGA17100,11,0,0,0,6,0,0,0,6,0,0,6,3,0,0,10,14,0,0,0,14,0,0,12,495,66,6,16,576,16,0,23,603,27,0,633,3,0,0,0,9,3,0,3,8,0,0,11,6,3,0,0,15,0,0,3,17,0,0,19,11,8,0,0,16,7,0,3,23,0,0,28,510,70,5,16,599,23,3,27,622,33,0,653,144,42,0,5,191,3,3,8,197,35,0,228,0,0,0,0,3,0,0,0,3,0,0,3,648,112,12,20,785,30,9,34,820,68,3,887,226,23,0,0,252,3,0,3,258,23,0,281,169,29,3,3,201,3,0,5,210,8,0,214,10,0,0,0,10,0,0,0,10,0,0,10,6,0,0,7,9,0,0,0,9,4,0,18,404,54,4,7,475,4,3,6,488,30,0,514,5,0,0,0,6,3,0,3,11,0,0,13,3,0,0,0,5,0,0,0
LGA17150,54,9,7,0,66,0,0,0,64,4,0,70,20,3,0,21,44,0,0,0,44,0,0,44,3893,336,60,64,4349,55,7,66,4409,144,6,4557,16,0,0,0,16,0,0,0,22,5,0,27,65,5,0,0,77,0,0,0,79,0,0,79,86,5,0,0,93,0,0,0,100,7,0,100,3973,347,57,67,4439,57,7,68,4506,148,6,4665,586,62,7,13,678,4,3,4,684,74,0,757,0,0,0,3,7,0,0,0,7,0,6,13,4564,415,64,78,5120,65,9,76,5195,219,11,5433,980,95,13,9,1096,9,0,11,1108,48,0,1159,1033,120,12,12,1179,9,6,21,1199,42,0,1242,35,4,12,0,49,0,0,0,50,0,4,50,11,0,0,12,25,0,0,0,25,0,0,25,2064,216,40,31,2350,21,11,31,2379,94,7,2476,7,4,0,0,10,0,0,0,10,0,0,13,17,3,0,0,22,0,0,0
LGA17200,5,0,0,0,9,0,0,0,9,0,0,10,0,0,0,4,6,0,0,0,6,0,0,9,498,66,5,5,579,18,3,14,597,52,5,650,8,0,0,0,8,0,0,0,11,0,0,8,6,7,0,0,9,0,0,0,12,0,0,12,14,7,0,0,21,4,0,4,20,0,0,23,507,71,5,5,595,16,3,18,619,49,5,668,88,24,3,0,119,0,3,3,121,26,0,147,0,0,0,0,0,0,0,0,0,0,7,3,604,93,8,9,711,23,3,28,736,80,6,821,166,10,4,0,182,3,0,5,189,33,0,218,91,31,0,0,126,4,0,4,129,14,0,140,5,0,0,0,8,0,0,0,8,0,0,8,3,0,0,4,8,0,0,0,8,0,0,8,261,43,5,4,315,12,0,10,328,47,0,370,3,0,0,0,3,0,0,0,3,0,0,3,11,0,0,0,7,0,0,0
LGA17310,8,0,3,0,16,0,0,0,16,0,0,15,10,0,0,9,14,0,0,0,16,4,0,18,769,81,19,22,889,7,0,5,891,33,0,933,13,0,0,0,14,3,0,3,16,3,0,20,12,0,0,0,14,0,0,0,14,3,0,16,18,5,0,0,24,3,0,3,25,9,0,31,786,80,20,22,913,9,0,13,921,43,0,962,93,14,0,3,113,0,0,3,113,41,0,152,3,0,0,0,3,0,0,0,3,3,4,9,889,95,21,27,1027,13,3,10,1040,79,6,1128,63,3,0,0,65,0,0,0,66,3,0,68,50,12,3,0,65,0,0,0,65,0,0,69,0,0,0,0,3,0,0,0,3,0,0,3,3,0,0,0,3,0,0,0,3,0,0,3,120,17,3,0,140,0,0,0,136,5,0,147,0,0,0,0,0,0,0,0,0,0,0,0,0,0,0,0,0,0,0,0
LGA17350,5,0,0,0,7,0,0,0,7,0,0,7,3,0,0,0,7,0,0,0,7,0,0,7,94,11,0,6,112,0,0,0,112,4,0,114,0,0,0,0,0,0,0,0,0,0,0,0,0,0,0,0,0,0,0,0,0,0,0,0,0,0,0,0,0,0,0,0,0,0,0,0,94,11,0,6,112,0,0,0,112,4,0,114,17,3,0,0,16,0,0,0,16,6,0,21,0,0,0,0,0,0,0,0,0,0,0,0,106,11,0,6,126,0,0,0,126,8,0,138,7,0,0,0,7,0,0,0,7,0,0,7,8,0,0,0,8,0,0,0,8,0,0,10,0,0,0,0,0,0,0,0,0,0,0,0,0,0,0,0,0,0,0,0,0,0,0,0,18,0,0,0,15,0,0,0,15,0,0,21,0,0,0,0,0,0,0,0,0,0,0,0,0,0,0,0,0,0,0,0
LGA17400,0,0,0,0,4,0,0,0,4,0,0,4,0,0,0,0,0,0,0,0,0,0,0,0,69,7,6,0,76,0,0,0,82,13,0,91,0,0,0,0,0,0,0,0,0,0,0,3,0,0,0,0,0,0,0,0,0,0,0,0,0,0,0,0,0,0,0,0,0,0,0,3,65,7,6,0,83,0,0,0,85,15,0,98,13,3,0,0,15,0,0,0,16,11,0,18,0,0,0,0,0,0,0,0,0,0,0,0,75,9,6,0,94,3,0,3,94,18,0,115,4,0,0,0,7,0,0,0,7,0,0,7,0,0,0,0,0,0,0,0,0,0,0,0,0,0,0,0,4,0,0,0,4,0,0,4,0,0,0,0,0,0,0,0,0,0,0,0,7,0,0,0,9,0,0,0,9,0,0,11,0,0,0,0,0,0,0,0,0,0,0,0,0,0,0,0,0,0,0,0
LGA17420,40,3,4,0,55,0,0,0,55,0,0,57,23,4,0,17,43,0,0,0,49,0,3,48,3464,355,42,34,3895,73,7,80,3973,131,9,4111,40,0,0,0,41,4,0,4,53,3,0,52,50,12,0,0,61,5,3,9,69,0,0,69,86,10,3,3,99,12,3,17,119,4,0,129,3549,368,46,41,3995,86,9,92,4090,142,9,4237,692,80,5,13,801,13,4,16,814,75,0,892,0,0,0,4,11,0,0,0,11,0,8,14,4246,449,54,59,4810,103,7,112,4916,217,15,5146,1158,97,6,8,1269,34,0,34,1301,62,0,1366,870,107,12,6,1001,21,4,22,1024,38,0,1060,33,4,10,0,46,0,0,0,46,3,0,51,4,0,0,14,20,0,0,0,20,3,0,25,2073,212,26,26,2335,51,7,61,2396,98,0,2495,27,0,0,0,29,0,0,0,29,0,0,30,38,4,0,0,38,3,0,3
LGA17550,10,4,0,0,14,0,0,0,14,3,0,17,7,0,0,8,20,0,0,0,20,0,0,16,1042,189,14,17,1266,22,3,21,1289,75,0,1361,13,3,0,0,23,6,0,7,26,0,0,32,17,7,0,0,23,0,0,0,23,0,0,23,29,13,0,0,48,6,0,7,53,0,0,55,1078,199,16,21,1310,25,5,30,1340,75,0,1415,169,38,3,4,218,6,0,7,229,58,0,286,0,0,0,0,0,0,0,0,0,0,3,5,1248,240,19,19,1532,32,9,36,1572,134,3,1713,125,22,3,3,156,0,3,5,160,8,0,165,130,30,0,4,160,0,3,4,163,18,0,182,3,3,3,0,7,0,0,0,7,0,0,7,0,0,0,3,10,0,0,0,8,0,0,8,262,53,5,12,332,5,6,8,342,25,0,365,3,0,0,0,3,3,0,3,4,0,0,4,3,0,0,0,5,0,0,0
LGA17620,8,0,0,0,8,0,0,0,8,0,0,8,0,0,0,3,3,0,0,0,3,0,0,3,212,22,4,4,244,4,3,3,248,0,0,252,0,0,0,0,0,4,0,4,3,0,0,3,3,0,0,0,3,0,0,0,4,0,0,4,3,0,0,0,0,3,0,3,4,0,0,4,219,22,8,4,248,8,3,10,254,0,0,260,25,11,3,0,41,0,0,0,41,8,0,50,0,0,0,0,0,0,0,0,0,0,0,0,247,31,9,4,285,8,3,10,291,14,0,306,17,3,0,0,20,0,0,0,23,0,0,23,11,0,0,0,11,0,0,0,11,0,0,11,0,0,0,0,0,0,0,0,0,0,0,0,0,0,0,0,0,0,0,0,0,0,0,0,25,3,0,0,31,0,0,0,31,0,0,31,0,0,0,0,0,0,0,0,0,0,0,0,0,0,0,0,0,0,0,0
LGA17640,0,0,0,0,0,0,0,0,0,0,0,0,3,0,0,0,3,0,0,0,3,0,0,3,109,5,3,0,118,3,0,3,117,4,0,128,0,0,0,0,0,0,0,0,0,0,0,0,0,0,0,0,0,0,0,0,0,0,0,0,0,0,0,0,0,0,0,0,0,0,0,0,109,5,3,0,120,3,0,3,124,4,0,131,19,0,0,0,16,0,0,0,16,8,0,23,0,0,0,0,0,0,0,0,0,0,0,0,125,8,3,0,133,3,0,3,140,16,0,155,14,0,0,0,10,0,0,0,10,0,0,10,5,0,0,0,11,0,0,0,11,0,0,11,0,0,0,0,0,0,0,0,0,0,0,0,0,0,0,0,0,0,0,0,0,0,0,0,20,3,0,0,20,0,0,0,20,0,0,20,0,0,0,0,0,0,0,0,0,0,0,0,0,0,0,0,0,0,0,0
LGA17650,0,0,0,0,0,0,0,0,0,0,0,0,0,0,0,0,0,0,0,0,0,0,0,0,73,10,3,0,90,0,0,0,90,7,0,100,0,0,0,0,0,0,0,0,0,0,0,0,0,0,0,0,0,0,0,0,0,0,0,0,0,0,0,0,0,0,0,0,0,0,0,0,73,10,3,0,92,0,0,0,92,7,0,100,9,0,0,0,12,0,0,0,11,6,0,17,0,0,0,0,0,0,0,0,0,0,3,3,85,10,3,3,105,0,0,0,102,14,3,119,8,0,0,0,7,0,0,0,7,0,0,7,9,3,0,0,9,0,0,0,9,0,0,12,0,0,0,0,0,0,0,0,0,0,0,0,0,0,0,0,0,0,0,0,0,0,0,0,16,3,0,0,21,0,0,0,21,0,0,19,0,0,0,0,0,0,0,0,0,0,0,0,0,0,0,0,0,0,0,0
LGA17750,17,0,0,0,19,0,0,0,19,0,0,19,9,3,0,3,15,0,0,0,15,0,0,15,963,99,14,9,1085,6,3,14,1093,38,0,1134,15,0,0,0,21,0,0,0,21,3,0,23,12,0,0,0,10,0,0,0,14,0,0,16,26,0,0,0,34,0,0,0,35,0,0,33,992,98,10,9,1114,6,6,14,1128,45,0,1166,102,9,0,0,114,6,0,8,124,51,0,169,0,0,0,0,0,0,0,0,0,0,0,0,1089,113,15,9,1229,9,4,17,1245,92,0,1337,102,12,3,0,120,0,0,0,119,12,0,132,108,9,0,0,123,0,3,3,119,4,0,127,0,0,0,0,3,0,0,0,3,0,0,3,0,0,0,0,0,0,0,0,0,0,0,0,213,22,6,0,244,0,3,7,251,18,0,261,0,0,0,0,0,0,0,0,0,0,0,0,0,0,0,0,0,0,0,0
LGA17850,0,0,0,0,0,0,0,0,0,0,0,0,0,0,0,0,0,0,0,0,0,0,0,0,40,4,0,0,49,0,0,0,49,3,0,51,0,0,0,0,0,0,0,0,0,0,0,0,0,0,0,0,0,0,0,0,0,0,0,0,0,0,0,0,0,0,0,0,0,0,0,0,40,4,0,0,49,0,0,0,49,3,0,51,7,3,0,0,5,0,0,0,5,0,0,10,0,0,0,0,0,0,0,0,0,0,0,0,49,9,0,0,54,0,0,0,54,3,0,59,5,0,0,0,5,0,0,0,5,0,0,5,0,0,0,0,0,0,0,0,0,0,0,3,0,0,0,0,0,0,0,0,0,0,0,0,0,0,0,0,0,0,0,0,0,0,0,0,8,0,0,0,8,0,0,0,8,0,0,8,0,0,0,0,0,0,0,0,0,0,0,0,0,0,0,0,0,0,0,0
LGA17900,0,0,0,0,0,0,0,0,0,0,0,0,0,0,0,0,0,0,0,0,0,0,0,0,16,7,0,0,18,0,0,3,20,6,0,26,0,0,0,0,0,0,0,0,0,0,0,0,0,0,0,0,0,0,0,0,0,0,0,3,0,0,0,0,0,0,0,0,0,0,0,3,16,5,0,0,18,0,0,5,25,4,0,30,3,0,0,0,3,0,0,0,3,10,0,10,0,0,0,0,0,0,0,0,0,0,0,0,14,5,0,0,23,0,0,5,24,16,0,37,0,0,0,0,0,0,0,0,0,0,0,0,0,0,0,0,3,0,0,0,3,0,0,3,0,0,0,0,0,0,0,0,0,0,0,0,0,0,0,0,0,0,0,0,0,0,0,0,0,0,0,0,3,0,0,0,3,0,0,3,0,0,0,0,0,0,0,0,0,0,0,0,0,0,0,0,0,0,0,0
LGA17950,0,0,0,0,0,0,0,0,0,0,0,0,0,0,0,0,0,0,0,0,0,0,0,0,10,0,0,0,17,0,0,0,17,0,0,15,0,0,0,0,0,0,0,0,0,0,0,0,0,0,0,0,0,0,0,0,0,0,0,0,0,0,0,0,0,0,0,0,0,0,0,0,10,0,0,0,17,0,0,0,17,0,0,15,4,0,0,0,4,0,0,0,4,5,0,12,0,0,0,0,0,0,0,0,0,0,0,0,13,0,0,0,17,0,0,0,17,9,0,27,6,0,0,0,8,0,0,0,8,0,0,8,0,0,0,0,0,0,0,0,0,0,0,0,0,0,0,0,0,0,0,0,0,0,0,0,0,0,0,0,0,0,0,0,0,0,0,0,6,0,0,0,8,0,0,0,8,0,0,8,0,0,0,0,0,0,0,0,0,0,0,0,0,0,0,0,0,0,0,0
LGA18020,0,0,0,0,0,0,0,0,0,0,0,0,0,0,0,0,0,0,0,0,0,0,0,0,87,22,4,3,114,0,3,5,116,11,0,131,0,0,0,0,3,0,0,0,3,4,0,10,0,0,0,0,0,0,0,0,0,0,0,0,0,0,0,0,3,0,0,0,3,4,0,10,90,24,4,0,120,0,3,5,121,15,0,139,8,0,0,0,9,0,0,0,8,11,0,20,0,0,0,0,0,0,0,0,0,0,0,0,93,24,4,0,125,3,3,7,135,24,0,161,7,0,0,0,7,0,0,0,7,0,0,11,12,3,0,0,13,0,0,0,13,0,0,13,0,0,0,0,0,0,0,0,0,0,0,0,0,0,0,0,0,0,0,0,0,0,0,0,16,3,0,0,22,0,0,0,22,0,0,22,0,0,0,0,0,0,0,0,0,0,0,0,0,0,0,0,0,0,0,0
LGA18050,4,0,0,0,5,0,0,0,5,0,0,5,4,0,0,4,5,0,0,0,5,0,0,5,612,82,8,9,707,19,0,20,727,25,0,758,8,3,0,0,8,3,0,3,11,3,0,13,3,0,0,0,4,0,0,0,4,0,0,4,9,3,0,0,16,3,0,3,14,3,0,24,623,84,5,9,719,24,0,22,746,34,0,777,138,13,3,0,152,3,0,4,158,18,0,172,0,0,0,0,0,0,0,0,0,0,0,0,757,96,7,12,873,24,0,25,902,51,0,951,143,16,0,0,161,4,3,8,172,15,0,183,185,30,3,4,216,0,0,0,218,6,0,229,0,0,0,0,4,0,0,0,4,0,0,4,0,0,0,0,0,0,0,0,0,0,0,0,328,47,4,4,390,11,5,12,400,21,0,417,0,0,0,0,3,0,0,0,3,0,0,3,7,0,0,0,7,0,0,0
LGA18100,0,0,0,0,0,0,0,0,0,0,0,0,0,0,0,0,0,0,0,0,0,0,0,0,36,5,0,4,44,0,0,0,44,3,0,47,0,0,0,0,0,0,0,0,0,0,0,0,0,0,0,0,0,0,0,0,0,0,0,0,0,0,0,0,0,0,0,0,0,0,0,0,36,7,0,4,51,0,0,0,51,3,0,48,3,0,0,0,0,0,0,0,0,4,0,3,0,0,0,0,0,0,0,0,0,0,0,0,40,10,0,4,54,0,0,0,54,4,0,58,0,0,0,0,0,0,0,0,0,0,0,0,4,3,0,0,3,0,0,0,3,0,0,7,0,0,0,0,0,0,0,0,0,0,0,0,0,0,0,0,0,0,0,0,0,0,0,0,8,3,0,0,11,0,0,0,11,3,0,11,0,0,0,0,0,0,0,0,0,0,0,0,0,0,0,0,0,0,0,0
LGA18200,3,0,0,0,3,0,0,0,3,0,0,3,0,0,0,3,4,0,0,0,4,0,0,4,88,6,0,3,106,0,0,0,106,0,0,106,0,0,0,0,0,0,0,0,0,0,0,0,0,0,0,0,0,0,0,0,0,0,0,0,0,0,0,0,0,0,0,0,0,0,0,0,91,6,0,3,108,0,0,0,107,0,0,107,7,0,0,0,13,0,0,0,13,10,0,21,0,0,0,0,0,0,0,0,0,0,0,0,104,12,0,6,120,0,0,0,118,10,0,126,8,0,0,0,10,0,0,0,10,0,0,10,13,0,0,0,12,0,0,0,12,0,0,13,0,0,0,0,0,0,0,0,0,0,0,0,0,0,0,0,0,0,0,0,0,0,0,0,18,4,0,0,18,0,0,0,18,0,0,20,0,0,0,0,0,0,0,0,0,0,0,0,0,0,0,0,0,0,0,0
LGA18230,10,0,3,0,14,0,0,0,13,0,0,13,3,0,0,10,16,0,0,0,16,0,0,18,673,54,8,14,754,7,3,11,761,27,7,795,3,3,0,0,5,4,0,4,12,0,0,12,3,0,0,0,3,3,0,3,9,0,0,9,12,3,0,0,15,3,0,3,14,0,0,14,682,55,8,14,765,14,3,16,775,27,7,808,77,12,0,0,86,4,0,4,87,30,0,117,0,0,0,0,0,0,0,0,0,0,0,0,757,69,8,14,850,17,3,14,865,54,7,929,61,7,0,0,68,0,0,0,68,7,0,66,51,8,3,0,59,0,0,0,59,3,0,65,5,0,0,0,5,0,0,0,3,0,0,3,0,0,0,0,0,0,0,0,0,0,0,0,114,9,3,0,126,0,0,0,130,5,0,136,0,0,0,0,0,0,0,0,0,0,0,0,0,0,0,0,0,0,0,0
LGA18250,17,4,3,0,29,0,0,0,29,0,0,29,5,0,0,3,12,0,0,0,15,0,0,17,926,123,14,14,1076,20,9,32,1103,63,0,1165,10,0,0,0,13,3,0,3,17,0,0,18,25,8,0,0,32,0,3,4,35,0,0,31,33,5,0,0,46,4,3,8,46,0,0,54,956,133,14,14,1117,26,10,38,1151,68,0,1216,262,31,6,3,303,6,0,5,313,50,0,357,0,0,0,0,3,0,0,0,3,0,0,8,1225,162,21,15,1425,32,11,40,1468,110,3,1579,287,27,4,0,315,8,0,6,323,39,0,364,228,44,3,0,280,12,3,11,294,16,0,311,9,0,3,0,13,0,0,0,13,0,0,16,3,0,0,6,11,0,0,0,11,0,0,10,523,74,11,6,618,18,6,22,637,56,0,699,4,0,0,0,6,4,0,4,11,0,0,11,9,3,0,0,8,3,0,3
LGA18350,5,0,3,0,9,0,0,0,9,0,0,12,4,0,0,7,7,0,0,0,7,0,0,10,630,85,12,14,743,3,0,3,746,30,0,781,0,0,0,0,0,0,0,0,0,0,0,0,8,0,0,0,8,0,0,0,8,0,0,10,13,0,0,0,13,0,0,0,13,0,0,9,642,85,12,14,750,3,0,3,760,30,0,793,115,25,0,0,138,3,0,3,147,10,3,161,0,0,0,0,0,0,0,0,0,0,0,0,762,109,13,13,893,6,0,7,905,40,4,946,77,3,0,0,83,0,0,0,83,5,0,84,61,13,3,0,82,0,0,3,83,8,0,83,3,0,0,0,4,0,0,0,4,0,0,4,0,0,0,0,3,0,0,0,3,0,0,3,145,18,0,0,163,0,0,3,167,12,0,181,3,0,0,0,3,0,0,0,3,0,0,3,0,0,0,0,0,0,0,0
LGA18400,12,0,3,0,18,0,0,0,18,0,0,18,3,0,0,7,6,0,0,0,6,0,0,7,896,77,13,14,999,12,0,12,1007,29,0,1037,19,0,0,0,19,0,0,0,19,0,0,18,17,3,0,0,20,0,0,0,20,0,0,20,34,3,0,0,37,0,0,0,37,0,0,39,934,83,13,14,1037,12,0,12,1046,32,0,1077,172,17,5,4,193,5,0,11,207,39,3,245,0,0,0,0,0,0,0,0,0,0,0,0,1101,99,15,19,1230,17,0,14,1248,70,6,1320,145,14,3,0,164,0,0,0,169,10,0,176,146,11,3,0,156,3,0,7,163,5,0,168,8,0,0,0,8,0,0,0,8,0,0,8,3,0,0,3,8,0,0,0,8,0,0,8,302,25,7,5,338,8,0,3,344,14,0,359,6,0,0,0,6,0,0,0,6,0,0,6,6,0,0,0,10,0,0,0
LGA18450,37,3,11,3,51,3,0,3,58,6,0,62,3,0,0,17,24,3,0,3,26,3,0,30,2656,345,53,47,3095,55,14,69,3157,161,4,3318,33,3,0,5,42,3,0,3,41,8,0,48,45,5,0,0,49,7,3,7,55,4,0,62,76,5,0,3,93,5,3,12,104,11,0,111,2732,348,53,47,3183,60,16,76,3258,166,4,3432,491,78,15,27,613,30,7,38,651,209,3,867,4,0,0,0,4,0,0,0,4,0,10,14,3235,428,64,75,3805,88,24,112,3917,376,15,4306,531,70,10,0,610,13,10,16,625,56,0,686,644,75,9,0,733,12,4,15,752,43,0,789,13,3,9,0,28,0,0,0,28,3,0,33,0,0,4,3,8,0,0,0,8,4,0,11,1195,148,30,5,1376,29,7,40,1411,105,0,1520,10,3,0,0,14,3,0,3,12,0,0,16,12,3,0,0,16,0,0,0
LGA18500,5,3,0,0,5,0,0,0,5,0,0,11,9,0,0,0,7,0,0,0,7,0,0,7,491,72,3,3,573,4,6,14,584,20,0,602,6,0,0,0,6,0,0,0,6,0,0,6,14,3,0,0,17,0,0,0,17,0,0,12,17,5,0,0,21,0,0,0,21,0,0,18,506,76,3,3,586,4,6,14,600,26,0,624,208,32,4,8,244,3,8,8,255,29,0,284,0,0,0,0,4,0,0,0,4,0,0,7,719,103,10,10,836,9,10,19,856,53,3,914,126,25,0,0,152,3,0,0,155,8,0,162,123,24,3,0,152,7,0,7,159,3,3,165,3,0,6,0,7,0,0,0,7,0,0,7,6,0,0,3,3,0,0,0,3,0,0,3,260,56,4,3,319,8,0,8,324,15,3,343,0,0,0,0,0,0,0,0,0,0,0,0,3,0,0,0,5,0,0,0
LGA18710,12,0,3,0,15,0,0,0,15,0,0,15,3,0,0,6,11,0,0,0,11,0,0,11,327,35,11,10,385,0,0,0,384,15,0,402,0,0,0,0,0,0,0,0,0,0,0,0,7,0,0,0,7,0,0,0,7,0,0,7,9,0,0,0,9,0,0,0,9,0,0,9,336,35,11,10,391,0,0,0,388,15,0,406,33,4,0,0,31,0,0,0,31,6,0,40,0,0,0,0,0,0,0,0,0,0,0,0,363,34,15,10,426,0,0,0,423,22,0,449,44,3,0,0,54,0,0,0,54,3,0,53,35,0,3,0,43,0,0,0,43,3,0,45,3,0,0,0,3,0,0,0,3,0,0,3,3,0,0,0,3,0,0,0,3,0,0,3,86,9,3,3,96,0,0,0,96,3,0,106,0,0,0,0,0,0,0,0,0,0,0,0,0,0,0,0,0,0,0,0
LGA19399,0,0,0,0,0,0,0,0,0,0,0,0,0,0,0,0,0,0,0,0,0,0,0,0,3,0,0,0,3,0,0,0,3,0,0,5,0,0,0,0,0,0,0,0,0,0,0,0,0,0,0,0,0,0,0,0,0,0,0,0,0,0,0,0,0,0,0,0,0,0,0,0,3,0,0,0,3,0,0,0,3,0,0,5,0,0,0,0,0,0,0,0,0,0,0,0,0,0,0,0,0,0,0,0,0,0,0,0,3,0,0,0,3,0,0,0,3,0,0,5,3,0,0,0,3,0,0,0,3,0,0,3,0,0,0,0,0,0,0,0,0,0,0,0,0,0,0,0,0,0,0,0,0,0,0,0,0,0,0,0,0,0,0,0,0,0,0,0,3,0,0,0,3,0,0,0,3,0,0,3,0,0,0,0,0,0,0,0,0,0,0,0,0,0,0,0,0,0,0,0
LGA19499,0,0,0,0,0,0,0,0,0,0,0,0,0,0,0,0,0,0,0,0,0,0,0,0,0,0,0,0,0,0,0,0,0,0,0,0,0,0,0,0,0,0,0,0,0,0,0,0,0,0,0,0,0,0,0,0,0,0,0,0,0,0,0,0,0,0,0,0,0,0,0,0,0,0,0,0,0,0,0,0,0,0,0,0,0,0,0,0,0,0,0,0,0,0,0,0,0,0,0,0,0,0,0,0,0,0,0,0,0,0,0,0,0,0,0,0,0,0,0,0,0,0,0,0,0,0,0,0,0,0,0,0,0,0,0,0,0,0,0,0,0,0,0,0,0,0,0,0,0,0,0,0,0,0,0,0,0,0,0,0,0,0,0,0,0,0,0,0,0,0,0,0,0,0,0,0,0,0,0,0,0,0,0,0,0,0,0,0,0,0,0,0,0,0,0,0,0,0,0,0
LGA19799,0,0,0,0,0,0,0,0,0,0,0,0,0,0,0,0,0,0,0,0,0,0,0,0,0,0,0,0,0,0,0,0,0,0,0,0,0,0,0,0,0,0,0,0,0,0,0,0,0,0,0,0,0,0,0,0,0,0,0,0,0,0,0,0,0,0,0,0,0,0,0,0,0,0,0,0,0,0,0,0,0,0,0,0,0,0,0,0,0,0,0,0,0,0,0,0,0,0,0,0,0,0,0,0,0,0,0,0,0,0,0,0,0,0,0,0,0,0,0,0,0,0,0,0,0,0,0,0,0,0,0,0,0,0,0,0,0,0,0,0,0,0,0,0,0,0,0,0,0,0,0,0,0,0,0,0,0,0,0,0,0,0,0,0,0,0,0,0,0,0,0,0,0,0,0,0,0,0,0,0,0,0,0,0,0,0,0,0,0,0,0,0,0,0,0,0,0,0,0,0
