LGA_CODE_2016,M_Ireland_0_4,M_Ireland_5_14,M_Ireland_15_24,M_Ireland_25_44,M_Ireland_45_54,M_Ireland_55_64,M_Ireland_65_74,M_Ireland_75_84,M_Ireland_85ov,M_Ireland_Tot,M_Italy_0_4,M_Italy_5_14,M_Italy_15_24,M_Italy_25_44,M_Italy_45_54,M_Italy_55_64,M_Italy_65_74,M_Italy_75_84,M_Italy_85ov,M_Italy_Tot,M_Japan_0_4,M_Japan_5_14,M_Japan_15_24,M_Japan_25_44,M_Japan_45_54,M_Japan_55_64,M_Japan_65_74,M_Japan_75_84,M_Japan_85ov,M_Japan_Tot,M_Korea_South_0_4,M_Korea_South_5_14,M_Korea_South_15_24,M_Korea_South_25_44,M_Korea_South_45_54,M_Korea_South_55_64,M_Korea_South_65_74,M_Korea_South_75_84,M_Korea_South_85ov,M_Korea_South_Tot,M_Lebanon_0_4,M_Lebanon_5_14,M_Lebanon_15_24,M_Lebanon_25_44,M_Lebanon_45_54,M_Lebanon_55_64,M_Lebanon_65_74,M_Lebanon_75_84,M_Lebanon_85ov,M_Lebanon_Tot,M_Malaysia_0_4,M_Malaysia_5_14,M_Malaysia_15_24,M_Malaysia_25_44,M_Malaysia_45_54,M_Malaysia_55_64,M_Malaysia_65_74,M_Malaysia_75_84,M_Malaysia_85ov,M_Malaysia_Tot,M_Malta_0_4,M_Malta_5_14,M_Malta_15_24,M_Malta_25_44,M_Malta_45_54,M_Malta_55_64,M_Malta_65_74,M_Malta_75_84,M_Malta_85ov,M_Malta_Tot,M_Mauritius_0_4,M_Mauritius_5_14,M_Mauritius_15_24,M_Mauritius_25_44,M_Mauritius_45_54,M_Mauritius_55_64,M_Mauritius_65_74,M_Mauritius_75_84,M_Mauritius_85ov,M_Mauritius_Tot,M_Myanmar_0_4,M_Myanmar_5_14,M_Myanmar_15_24,M_Myanmar_25_44,M_Myanmar_45_54,M_Myanmar_55_64,M_Myanmar_65_74,M_Myanmar_75_84,M_Myanmar_85ov,M_Myanmar_Tot,M_Nepal_0_4,M_Nepal_5_14,M_Nepal_15_24,M_Nepal_25_44,M_Nepal_45_54,M_Nepal_55_64,M_Nepal_65_74,M_Nepal_75_84,M_Nepal_85ov,M_Nepal_Tot,M_Netherlands_0_4,M_Netherlands_5_14,M_Netherlands_15_24,M_Netherlands_25_44,M_Netherlands_45_54,M_Netherlands_55_64,M_Netherlands_65_74,M_Netherlands_75_84,M_Netherlands_85ov,M_Netherlands_Tot,M_New_Zealand_0_4,M_New_Zealand_5_14,M_New_Zealand_15_24,M_New_Zealand_25_44,M_New_Zealand_45_54,M_New_Zealand_55_64,M_New_Zealand_65_74,M_New_Zealand_75_84,M_New_Zealand_85ov,M_New_Zealand_Tot,M_Nthern_Ireland_0_4,M_Nthern_Ireland_5_14,M_Nthern_Ireland_15_24,M_Nthern_Ireland_25_44,M_Nthern_Ireland_45_54,M_Nthern_Ireland_55_64,M_Nthern_Ireland_65_74,M_Nthern_Ireland_75_84,M_Nthern_Ireland_85ov,M_Nthern_Ireland_Tot,M_Pakistan_0_4,M_Pakistan_5_14,M_Pakistan_15_24,M_Pakistan_25_44,M_Pakistan_45_54,M_Pakistan_55_64,M_Pakistan_65_74,M_Pakistan_75_84,M_Pakistan_85ov,M_Pakistan_Tot,M_PNG_0_4,M_PNG_5_14,M_PNG_15_24,M_PNG_25_44,M_PNG_45_54,M_PNG_55_64,M_PNG_65_74,M_PNG_75_84,M_PNG_85ov,M_PNG_Tot,M_Philippines_0_4,M_Philippines_5_14,M_Philippines_15_24,M_Philippines_25_44,M_Philippines_45_54,M_Philippines_55_64,M_Philippines_65_74,M_Philippines_75_84,M_Philippines_85ov,M_Philippines_Tot,M_Poland_0_4,M_Poland_5_14,M_Poland_15_24,M_Poland_25_44,M_Poland_45_54,M_Poland_55_64,M_Poland_65_74,M_Poland_75_84,M_Poland_85ov,M_Poland_Tot,M_Scotland_0_4,M_Scotland_5_14,M_Scotland_15_24,M_Scotland_25_44,M_Scotland_45_54,M_Scotland_55_64,M_Scotland_65_74,M_Scotland_75_84,M_Scotland_85ov,M_Scotland_Tot,M_Singapore_0_4,M_Singapore_5_14,M_Singapore_15_24,M_Singapore_25_44,M_Singapore_45_54,M_Singapore_55_64,M_Singapore_65_74,M_Singapore_75_84,M_Singapore_85ov,M_Singapore_Tot,M_South_Africa_0_4,M_South_Africa_5_14,M_South_Africa_15_24,M_South_Africa_25_44,M_South_Africa_45_54,M_South_Africa_55_64,M_South_Africa_65_74,M_South_Africa_75_84,M_South_Africa_85ov,M_South_Africa_Tot
LGA10050,0,3,0,15,4,0,5,7,0,39,0,0,0,0,3,7,7,10,0,33,0,0,0,0,0,0,0,0,0,3,0,0,4,7,0,0,0,0,0,16,0,0,0,3,4,0,0,0,0,9,0,0,0,7,0,3,0,0,0,13,0,0,0,0,0,0,4,4,0,7,0,0,0,0,0,0,0,0,0,3,0,0,0,0,0,0,0,0,0,0,3,31,44,21,3,0,0,0,0,103,0,3,0,4,5,16,42,24,3,96,0,10,30,73,68,49,37,11,5,275,0,0,0,3,0,0,3,3,0,7,0,3,0,13,4,0,0,0,0,22,0,0,0,4,3,0,0,0,0,8,0,20,6,45,15,8,3,0,0,100,0,0,0,0,0,3,3,0,4,16,0,0,3,5,17,19,23,17,0,87,0,0,0,0,3,0,0,0,0,12,0,4,15,20,10,6,4,0,0,65
LGA10130,0,0,0,3,5,3,0,0,0,16,0,0,0,0,0,3,3,0,0,9,0,0,0,0,0,0,0,0,0,7,0,0,0,3,0,0,0,0,0,3,0,0,0,0,0,0,0,0,0,4,0,3,4,8,5,3,0,0,0,21,0,0,0,0,0,0,0,0,0,0,0,0,0,0,0,0,0,0,0,0,0,3,0,3,0,0,0,0,0,5,0,0,8,47,6,0,0,0,0,62,0,0,0,4,0,7,10,0,0,25,0,17,23,36,30,31,20,6,3,170,0,0,0,0,0,0,0,0,0,3,0,3,7,17,0,0,0,0,0,27,0,4,3,7,5,3,0,0,0,23,0,3,3,31,3,0,0,0,0,48,0,0,0,0,0,0,0,3,0,9,0,0,5,3,13,7,10,4,6,44,0,0,0,0,0,0,0,0,0,8,0,6,6,8,14,3,3,0,0,43
LGA10250,0,0,0,16,5,3,7,4,5,36,0,0,0,5,4,4,13,17,10,61,0,6,0,3,3,0,3,0,0,19,0,0,3,5,0,0,0,0,0,6,0,0,0,0,0,3,0,0,0,5,0,0,0,4,5,8,4,3,0,19,0,0,0,0,0,3,7,3,0,12,0,0,0,0,0,0,0,0,0,3,0,0,0,0,0,0,0,0,0,3,0,0,0,3,0,0,0,0,0,3,0,5,0,5,3,12,27,6,10,66,3,14,17,81,60,74,38,17,12,314,0,0,0,0,0,5,6,0,0,8,0,0,0,0,0,0,0,0,0,0,0,0,3,7,9,5,0,0,0,28,0,3,3,5,3,3,0,0,0,21,0,0,0,4,0,3,0,0,0,10,0,5,3,9,17,8,27,13,8,86,0,0,0,0,0,0,0,3,0,10,0,5,9,27,20,21,27,10,3,114
LGA10300,0,0,0,0,0,0,0,0,0,0,0,0,0,0,0,0,4,7,0,9,0,0,0,0,0,0,0,0,0,0,0,0,0,0,0,0,0,0,0,0,0,0,0,0,0,0,0,0,0,0,0,0,0,3,0,0,0,0,0,4,0,0,0,0,0,0,0,0,0,0,0,0,0,0,0,0,0,0,0,0,0,0,0,0,0,0,0,0,0,0,0,0,0,3,0,0,0,0,0,3,0,0,0,0,0,0,0,0,0,0,0,0,0,3,3,0,0,0,0,3,0,0,0,0,0,0,0,0,0,0,0,0,0,0,0,0,0,0,0,0,0,0,0,0,0,0,0,0,0,0,0,0,0,0,0,0,0,0,0,0,0,0,0,0,0,0,0,0,0,0,0,0,0,0,0,0,0,0,0,0,0,0,0,0,0,0,0,0,0,0,0,0,0,0,0,0,0,0,0,0
LGA10470,0,5,0,12,5,3,3,6,0,31,0,0,0,0,3,10,7,0,0,25,0,3,3,0,0,0,0,0,0,13,0,3,3,11,3,0,0,0,0,20,0,0,0,10,6,0,3,0,0,27,0,4,0,8,5,0,3,0,0,22,0,0,0,0,0,3,5,0,0,10,0,0,0,3,0,0,0,0,0,3,0,0,0,3,0,0,0,0,0,3,0,0,5,20,3,0,0,0,0,29,0,0,0,6,6,6,11,12,3,50,3,13,28,63,53,36,32,8,3,234,0,0,0,0,0,0,0,0,0,6,0,0,0,17,0,0,0,0,0,18,0,0,0,4,3,0,0,0,0,14,3,13,15,22,3,3,0,0,0,61,0,0,0,0,0,0,0,4,0,7,0,3,4,8,13,17,14,13,0,81,0,0,0,4,0,0,3,0,0,11,0,5,9,15,7,6,7,0,0,52
LGA10550,0,0,0,5,5,4,13,3,0,30,0,0,0,3,6,13,14,6,3,38,0,3,0,0,0,3,0,0,0,11,0,0,0,4,0,0,0,0,0,6,0,0,0,0,0,0,0,0,0,3,0,0,0,3,3,0,0,0,0,13,0,0,0,0,0,3,9,4,0,19,0,0,0,0,0,0,0,0,0,3,0,0,0,0,0,0,0,0,0,0,0,3,0,3,0,0,0,0,0,3,0,0,0,3,9,6,36,25,12,95,0,11,3,23,32,63,38,15,8,189,0,0,0,0,0,3,3,6,3,16,0,0,0,0,0,0,0,0,0,0,0,0,0,0,3,5,0,0,0,11,0,3,3,13,0,0,0,0,0,26,0,0,0,0,4,0,0,3,3,13,0,0,0,3,4,24,33,18,3,86,3,0,0,0,3,0,0,0,0,12,0,0,3,9,4,8,7,8,3,42
LGA10600,0,3,0,0,3,0,0,0,0,7,0,0,0,0,3,0,0,0,0,3,0,0,0,0,0,0,0,0,0,0,0,0,0,0,0,0,0,0,0,0,0,0,0,0,0,0,0,0,0,0,0,0,0,3,0,0,0,0,0,3,0,0,0,0,0,0,0,0,0,0,0,0,0,0,0,0,0,0,0,0,0,0,0,0,0,0,0,0,0,0,0,0,0,0,0,0,0,0,0,0,0,0,3,0,8,4,12,5,4,29,0,0,3,24,16,27,14,3,0,83,0,0,0,0,3,0,0,0,0,3,0,0,0,0,0,0,0,0,0,0,0,0,0,0,3,0,0,0,0,3,0,0,0,0,0,0,0,0,0,5,0,0,0,0,0,0,0,0,0,3,0,0,0,3,3,8,10,5,3,35,0,0,0,0,3,0,0,0,0,3,0,0,0,10,7,8,4,3,0,30
LGA10650,0,0,0,0,0,0,0,0,0,7,0,0,0,0,0,0,3,3,0,10,0,0,0,0,0,0,0,0,0,0,0,0,0,0,0,0,0,0,0,0,0,0,0,0,0,0,0,0,0,0,0,3,0,5,0,0,0,0,0,11,0,0,0,0,0,3,0,0,0,3,0,0,0,0,0,0,0,0,0,0,0,0,0,0,0,0,0,0,0,0,0,0,0,3,0,0,0,0,0,3,0,0,0,0,0,13,8,3,0,21,0,0,0,14,9,9,10,0,0,51,0,0,0,3,0,0,0,0,0,6,0,0,0,0,0,0,0,0,0,0,0,0,0,0,0,0,0,0,0,0,0,3,0,3,0,0,0,0,0,10,0,0,0,0,0,0,0,0,0,0,0,0,0,3,0,3,5,3,0,23,0,0,0,0,0,0,0,0,0,0,0,0,0,3,0,0,0,0,0,6
LGA10750,3,33,15,113,50,40,66,22,8,347,0,8,14,39,82,131,206,150,54,681,0,10,6,16,3,8,3,0,0,41,3,38,65,238,137,100,76,28,9,700,3,14,31,299,203,189,160,53,10,957,4,27,50,197,94,132,85,22,7,616,0,0,3,42,79,288,484,219,39,1158,0,6,18,65,53,68,60,31,7,307,5,10,36,143,106,48,41,15,0,400,3,43,67,483,57,22,7,3,0,694,0,4,3,20,20,50,86,48,20,251,66,519,841,1525,556,367,153,30,8,4069,0,3,3,12,22,24,20,16,3,112,62,203,295,1063,320,163,61,19,6,2187,0,0,10,28,9,11,0,0,0,62,65,493,1027,3782,1960,1600,728,137,40,9828,0,6,6,88,44,112,73,32,44,404,0,10,12,47,90,104,97,60,14,441,10,40,35,68,40,46,23,6,3,271,8,40,109,294,180,122,65,29,8,855
LGA10800,0,0,0,0,0,3,0,0,0,4,0,0,0,0,0,0,0,0,0,0,0,0,0,0,0,0,0,0,0,0,0,0,0,0,0,0,0,0,0,0,0,0,0,0,0,0,0,0,0,0,0,0,0,0,0,0,0,0,0,0,0,0,0,0,0,0,0,0,0,0,0,0,0,0,0,0,0,0,0,0,0,0,0,0,0,0,0,0,0,0,0,0,0,0,0,0,0,0,0,0,0,0,0,0,0,0,0,4,0,4,0,0,0,6,3,6,3,3,0,19,0,0,0,0,0,0,0,0,0,0,0,0,0,0,0,0,0,0,0,0,0,3,0,6,0,0,0,0,0,13,0,3,0,0,0,0,0,0,0,5,0,0,0,0,0,0,0,0,0,0,0,0,0,0,0,0,0,0,0,0,0,0,0,0,0,0,0,0,0,0,0,0,0,0,4,3,0,0,0,9
LGA10850,0,0,0,0,0,0,0,0,0,3,0,0,0,0,0,0,0,0,0,0,0,0,0,0,0,0,0,0,0,0,0,0,0,0,0,0,0,0,0,0,0,0,0,0,0,3,0,0,0,3,0,0,0,0,0,0,0,0,0,0,0,0,0,0,0,0,0,0,0,0,0,0,0,0,0,0,0,0,0,0,0,0,0,0,0,0,0,0,0,0,0,0,0,0,0,0,0,0,0,0,0,0,0,0,0,3,0,0,0,6,0,0,3,5,11,8,6,3,0,39,0,0,0,0,0,0,0,0,0,3,0,0,0,0,0,0,0,0,0,0,0,0,0,0,0,0,0,0,0,0,0,0,0,0,0,0,0,0,0,3,0,0,0,0,0,0,0,0,0,3,0,0,0,0,0,8,0,3,0,8,0,0,0,0,0,0,0,0,0,0,0,0,0,3,0,0,0,0,0,5
LGA10900,0,3,3,38,30,28,44,13,4,165,0,0,0,3,17,26,25,20,10,98,0,7,0,8,3,7,3,3,0,34,0,3,13,8,5,3,3,0,0,39,0,0,3,9,3,3,3,0,0,27,0,0,3,22,16,18,11,3,0,66,0,0,0,0,5,17,17,3,3,37,0,0,0,3,6,10,10,0,0,24,0,0,0,0,0,3,3,0,0,4,0,0,0,7,3,0,0,0,0,7,0,3,3,15,13,34,64,30,9,178,0,11,11,123,133,122,73,26,4,508,0,0,0,13,17,10,17,9,0,60,0,3,0,3,3,4,3,0,0,18,0,0,0,10,6,7,0,3,0,30,0,10,4,33,10,9,5,0,0,73,0,0,0,11,9,29,10,5,0,73,0,14,0,26,50,56,81,37,12,273,0,3,0,10,13,0,3,0,0,34,0,3,3,28,30,32,21,4,0,125
LGA10950,0,0,0,0,0,0,0,0,0,0,0,0,0,0,0,0,0,0,0,0,0,0,0,0,0,0,0,0,0,0,0,0,0,0,0,0,0,0,0,0,0,0,0,0,0,0,0,0,0,0,0,0,0,0,0,0,0,0,0,0,0,0,0,0,0,0,0,0,0,0,0,0,0,0,0,0,0,0,0,0,0,0,0,0,0,0,0,0,0,0,0,0,0,0,0,0,0,0,0,0,0,0,0,0,0,0,0,0,0,0,0,0,0,4,4,0,0,0,0,8,0,0,0,0,0,0,0,0,0,0,0,0,0,4,0,0,0,0,0,6,0,0,0,0,0,0,0,0,0,3,0,0,0,3,0,0,0,0,0,3,0,0,0,0,0,0,0,0,0,0,0,0,0,0,0,0,0,0,0,0,0,0,0,0,0,0,0,0,0,0,0,0,0,0,0,0,0,0,0,3
LGA11100,0,6,6,218,30,7,7,6,0,279,0,3,7,30,14,28,38,44,10,173,0,0,3,28,7,7,0,0,0,49,4,3,9,37,10,9,3,3,0,79,0,0,0,11,16,14,28,10,6,83,7,9,30,106,25,27,22,5,0,224,0,0,0,5,5,14,36,32,6,99,0,0,0,12,0,10,5,0,0,21,0,0,3,7,4,0,0,0,0,15,0,3,5,30,9,0,0,0,0,41,0,0,3,9,8,3,3,0,0,28,3,26,59,195,82,64,36,14,0,484,0,0,3,10,7,0,0,0,0,27,0,5,10,58,12,9,4,0,0,95,0,3,0,0,3,0,0,0,0,15,3,19,40,193,82,51,20,10,0,425,0,0,0,31,11,14,15,0,0,70,0,0,3,21,24,14,20,3,0,90,0,3,5,31,8,7,6,5,0,75,0,3,21,48,30,19,8,7,0,133
LGA11150,0,0,0,0,0,0,0,0,0,3,0,0,0,0,0,0,0,0,0,0,0,0,0,0,0,0,0,0,0,0,0,0,0,0,0,0,0,0,0,0,0,0,0,0,0,0,0,0,0,0,0,0,0,0,0,0,0,0,0,0,0,0,0,0,0,0,0,0,0,0,0,0,0,0,0,0,0,0,0,0,0,0,0,0,0,0,0,0,0,0,0,0,0,6,0,0,0,0,0,6,0,0,0,0,0,0,0,0,0,0,0,0,0,3,0,0,0,0,0,4,0,0,0,0,0,0,0,0,0,0,0,0,0,0,0,0,0,0,0,3,0,0,0,0,0,0,0,0,0,0,0,0,0,0,0,0,0,0,0,0,0,0,0,0,0,0,0,0,0,0,0,0,0,0,0,0,0,0,0,0,0,0,0,0,0,0,0,0,0,0,0,0,0,0,0,0,0,0,0,0
LGA11200,0,0,0,0,0,0,0,0,0,0,0,0,0,0,0,0,0,0,0,0,0,0,0,0,0,0,0,0,0,0,0,0,0,0,0,0,0,0,0,0,0,0,0,0,0,0,0,0,0,0,0,0,0,0,0,0,0,0,0,0,0,0,0,0,0,0,0,0,0,0,0,0,0,0,0,0,0,0,0,0,0,0,0,0,0,0,0,0,0,0,0,0,0,0,0,0,0,0,0,0,0,0,0,0,0,0,0,0,0,0,0,0,0,0,0,0,0,0,0,0,0,0,0,0,0,0,0,0,0,0,0,0,0,0,0,0,0,0,0,0,0,0,0,0,0,0,0,0,0,0,0,0,0,0,0,0,0,0,0,0,0,0,0,0,0,0,0,0,0,0,0,0,0,0,0,0,0,0,0,0,0,0,0,0,0,0,0,0,0,0,0,0,0,0,0,0,0,0,0,0
LGA11250,0,0,0,0,0,3,0,0,0,7,0,0,0,0,0,0,7,7,7,18,0,0,0,0,0,0,0,0,0,3,0,0,0,0,0,0,0,0,0,3,0,0,0,0,0,0,0,0,0,0,0,0,0,0,0,0,0,0,0,0,0,0,0,0,0,0,8,0,0,9,0,0,0,0,0,0,0,0,0,0,0,0,0,3,0,0,0,0,0,3,0,0,0,0,0,0,0,0,0,0,0,0,0,0,0,0,3,3,0,4,0,3,3,12,6,4,7,3,0,38,0,0,0,4,0,3,0,0,0,6,0,0,0,0,0,0,0,0,0,3,0,0,0,0,0,0,0,0,0,0,0,7,4,19,5,3,0,0,0,42,0,0,0,0,0,0,0,0,0,0,0,0,0,0,3,4,10,3,0,12,0,0,0,0,0,0,0,0,0,0,0,0,0,3,0,0,0,0,0,4
LGA11300,0,0,6,65,14,6,8,0,0,101,0,0,5,40,46,61,106,128,81,470,0,0,4,19,0,0,0,4,0,33,3,21,116,245,92,51,40,15,3,581,0,5,7,44,66,67,59,33,11,295,0,0,25,90,18,17,9,0,0,164,0,0,0,0,0,3,3,3,0,14,0,0,0,4,0,6,0,0,0,9,0,3,9,7,10,8,3,3,3,47,3,14,251,497,12,3,0,0,0,775,0,0,0,0,3,3,3,0,0,15,0,12,37,62,30,32,13,3,0,192,0,0,0,4,3,0,3,0,0,9,0,7,4,24,14,0,6,0,0,52,0,0,0,3,3,4,0,5,3,22,0,4,11,98,23,11,14,5,0,167,0,0,0,11,3,18,4,9,8,47,0,0,0,0,6,3,5,3,3,27,3,7,6,14,5,7,3,4,0,50,0,0,4,7,7,5,10,0,0,29
LGA11350,0,0,0,15,13,12,9,0,0,40,0,0,3,33,10,12,7,3,3,81,0,5,3,21,6,4,0,0,0,43,0,0,3,5,0,0,0,0,0,8,0,0,0,0,0,3,0,0,0,0,0,0,0,3,0,3,0,0,0,6,0,0,0,0,0,0,5,0,0,6,0,0,0,0,3,3,0,0,0,9,0,0,0,0,0,0,0,0,0,0,0,0,0,3,0,0,0,0,0,3,0,3,0,5,3,15,18,9,3,62,3,12,8,114,72,87,43,10,7,363,0,0,3,4,3,0,0,0,3,11,0,0,0,0,0,0,0,0,0,0,0,0,0,13,3,3,0,3,0,18,0,0,5,4,0,3,0,0,0,18,0,0,0,3,0,5,0,0,0,8,0,0,0,10,10,23,7,6,0,54,0,0,0,0,0,7,0,0,0,9,0,0,6,14,15,23,22,0,0,83
LGA11400,0,0,0,3,0,0,6,0,0,7,0,0,0,0,0,3,0,0,0,8,0,0,0,0,0,0,0,0,0,0,0,0,0,0,0,0,0,0,0,6,0,0,0,0,0,0,0,0,0,0,0,0,0,0,0,0,0,0,0,0,0,0,0,0,0,0,0,0,0,0,0,0,0,0,0,0,0,0,0,0,0,0,0,0,0,0,0,0,0,0,0,0,0,0,0,0,0,0,0,0,0,0,0,0,0,3,3,4,0,10,0,0,3,12,17,17,6,3,0,58,0,0,0,0,0,0,0,0,0,0,0,0,0,3,0,0,0,0,0,3,0,0,0,0,0,0,0,0,0,0,0,4,0,4,0,0,0,0,0,13,0,0,0,0,0,0,0,0,0,0,0,0,0,3,0,4,4,0,0,12,0,0,0,0,0,0,0,0,0,0,0,0,3,3,3,3,0,0,3,26
LGA11450,0,9,3,53,25,21,15,7,4,134,0,0,4,11,44,65,78,65,20,290,0,0,0,0,0,0,0,0,0,0,0,0,3,8,0,3,0,0,0,19,0,0,0,62,35,35,20,4,0,156,0,4,3,19,12,9,12,3,0,63,0,0,0,8,7,35,66,17,3,144,0,0,3,14,17,12,3,5,0,58,0,3,0,6,3,0,0,0,0,14,0,3,0,15,3,0,0,0,0,24,0,0,0,3,14,19,26,15,3,75,13,39,65,197,112,71,41,12,0,554,0,0,5,9,8,13,14,8,0,61,0,9,12,25,20,11,3,0,0,78,0,0,0,5,0,3,0,0,0,20,0,12,13,123,37,25,10,0,0,219,0,0,0,20,8,9,13,4,0,59,3,6,15,38,42,54,41,18,3,221,0,0,5,4,4,3,4,0,0,28,0,9,20,61,44,14,16,5,0,180
LGA11500,3,11,4,50,32,24,44,17,3,197,0,0,9,11,43,50,79,63,20,280,0,11,6,6,3,4,0,0,0,33,0,4,6,24,8,4,8,4,0,58,4,7,17,193,146,106,75,29,7,587,0,7,24,49,33,40,25,7,4,188,0,3,0,3,9,43,55,27,4,140,0,0,8,40,57,62,48,21,3,229,0,0,7,18,9,3,4,8,0,43,3,46,57,389,42,21,11,0,0,562,0,0,0,12,7,37,48,25,6,140,41,273,410,720,272,186,83,25,3,2010,0,0,0,8,12,16,28,9,0,77,21,48,85,289,101,46,14,3,0,607,0,3,3,8,4,5,0,0,0,32,14,90,221,652,317,257,115,20,10,1701,0,0,4,54,31,66,46,17,4,220,0,4,3,40,47,111,121,47,12,374,4,9,7,22,9,12,4,4,0,66,3,13,34,154,67,73,64,23,8,434
LGA11520,0,6,12,181,67,22,21,7,0,308,3,14,22,119,168,282,428,497,221,1751,0,3,14,28,7,8,3,0,0,67,22,62,218,873,158,119,49,31,4,1535,0,5,3,52,62,48,37,19,9,227,3,5,25,155,38,37,37,15,6,332,0,0,0,3,4,14,20,12,5,56,0,0,0,21,6,9,0,0,0,35,0,0,4,11,6,4,0,0,3,31,0,0,65,151,0,0,0,0,0,224,0,0,4,17,10,8,11,5,3,69,0,27,43,250,113,115,50,17,3,620,0,0,0,23,6,9,10,3,0,47,0,5,16,55,8,3,5,0,0,97,0,0,3,9,11,5,0,0,0,33,0,15,14,164,30,21,9,5,0,257,0,0,0,27,10,12,11,6,3,72,0,3,5,42,27,24,29,11,6,145,3,7,6,46,10,9,5,5,0,102,4,4,10,104,27,31,23,8,0,208
LGA11570,5,8,9,97,60,43,52,25,7,312,4,18,28,120,180,264,487,544,232,1870,3,9,9,47,12,10,8,0,0,94,12,58,123,444,238,277,152,123,25,1444,26,153,418,2887,2315,2001,1545,630,138,10116,10,46,119,476,120,125,74,11,4,986,0,0,0,11,10,47,85,70,20,244,0,3,7,71,49,63,59,35,18,301,5,32,193,553,116,51,22,12,0,995,10,38,311,1135,44,26,8,0,0,1574,0,3,4,7,12,18,21,20,16,91,47,253,410,803,351,266,103,21,16,2270,0,0,0,8,10,7,15,6,0,47,83,260,550,1683,337,125,23,3,0,3064,0,0,4,16,10,12,9,7,0,63,15,90,172,673,265,227,104,20,5,1567,0,0,5,54,26,63,34,28,36,246,0,0,3,25,32,49,46,23,18,196,0,18,18,51,19,37,21,9,0,178,0,11,21,91,63,41,24,16,0,275
LGA11600,0,0,0,7,0,0,0,0,0,8,0,0,0,0,0,0,3,0,0,3,0,0,0,0,0,0,0,0,0,0,0,0,6,7,0,0,0,0,0,10,0,0,0,0,0,0,0,0,0,0,0,0,0,0,0,0,0,0,0,0,0,0,0,0,0,0,0,0,0,3,0,0,0,0,0,0,0,0,0,0,0,0,0,0,0,0,0,0,0,0,0,0,0,0,0,0,0,0,0,0,0,0,0,0,0,0,0,0,0,3,0,3,3,5,0,7,0,0,0,14,0,0,0,0,0,0,0,0,0,4,0,0,0,0,0,0,0,0,0,0,0,0,0,0,0,0,0,0,0,0,0,0,0,3,0,0,0,0,0,3,0,0,0,0,0,0,0,0,0,0,0,0,0,0,0,0,0,0,0,8,0,0,0,0,0,0,0,0,0,0,0,0,0,3,0,0,0,0,0,8
LGA11650,7,36,13,130,68,84,118,72,10,540,0,0,3,30,46,105,158,149,43,532,3,18,7,18,15,9,3,0,0,75,0,25,31,106,47,25,27,3,3,259,0,3,0,17,36,24,18,3,0,113,0,3,27,60,45,26,16,17,0,196,0,0,0,9,18,67,171,75,5,347,0,4,0,11,15,13,9,5,4,63,0,0,0,9,7,0,3,4,0,30,0,3,0,33,5,3,0,0,0,49,0,8,8,22,31,83,182,106,44,487,21,84,141,764,585,535,348,140,44,2670,0,5,3,26,33,29,44,29,6,167,3,8,10,37,3,11,4,0,0,77,0,7,9,39,38,26,8,8,0,137,6,48,64,215,69,61,32,8,4,509,0,0,4,35,18,28,30,25,16,156,4,25,20,112,157,202,229,152,42,941,3,13,10,15,23,17,5,4,4,82,0,47,83,211,176,109,90,46,10,776
LGA11700,0,0,0,0,0,0,0,0,0,0,0,0,0,0,0,0,0,0,0,0,0,0,0,0,0,0,0,0,0,0,0,0,0,0,0,0,0,0,0,0,0,0,0,0,0,0,0,0,0,0,0,0,0,0,0,0,0,0,0,0,0,0,0,0,0,0,0,0,0,0,0,0,0,0,0,0,0,0,0,0,0,0,0,0,0,0,0,0,0,0,0,0,0,0,0,0,0,0,0,0,0,0,0,0,0,0,0,0,0,0,0,0,0,0,3,0,0,0,0,3,0,0,0,0,0,0,0,0,0,0,0,0,0,0,0,0,0,0,0,0,0,0,0,0,0,0,0,0,0,0,0,0,0,0,0,0,0,0,0,0,0,0,0,0,0,0,0,0,0,0,0,0,0,0,0,0,0,0,0,0,0,0,0,0,0,0,0,0,0,0,0,0,0,0,0,0,0,0,0,0
LGA11720,0,3,0,11,0,3,4,0,0,28,0,0,3,0,0,7,6,3,0,26,0,0,0,0,0,4,3,0,0,8,0,0,0,4,0,0,0,0,0,7,0,0,0,3,0,4,3,0,0,10,0,0,0,7,5,3,0,0,0,21,0,0,0,0,0,3,4,0,0,11,0,0,0,0,0,0,0,0,0,0,0,0,0,0,0,0,0,0,0,0,0,0,0,6,0,0,0,0,0,5,0,0,0,0,3,11,11,5,0,36,0,8,15,86,60,58,39,10,0,275,0,0,0,0,3,0,3,3,0,15,0,0,4,3,0,5,0,0,0,11,0,0,0,3,3,0,0,0,0,9,0,6,5,23,4,0,0,0,0,42,0,0,0,3,0,0,0,0,0,11,0,0,3,4,14,26,33,13,8,103,0,0,0,0,0,0,0,0,0,0,0,0,3,12,6,6,12,3,0,46
LGA11730,0,0,3,4,4,4,9,0,3,24,0,0,0,4,3,3,6,3,3,20,0,0,0,0,0,0,0,0,0,4,0,0,0,3,0,0,0,0,0,3,0,0,0,0,0,0,0,0,0,0,0,0,0,0,4,0,0,0,0,10,0,0,0,0,0,9,3,0,0,15,0,0,0,0,0,0,0,0,0,3,0,0,0,0,0,0,0,0,0,3,0,0,0,4,0,0,0,0,0,4,0,0,0,6,0,16,33,21,6,85,3,12,5,48,53,81,50,17,5,269,0,0,0,0,0,3,5,3,0,16,0,0,0,3,0,0,0,0,0,4,0,0,0,3,0,3,0,0,0,16,0,10,3,0,0,0,0,0,0,13,0,0,0,0,0,0,0,0,0,3,0,0,0,4,10,16,27,9,0,77,0,0,0,0,0,0,0,0,0,3,0,0,3,5,12,7,8,3,0,42
LGA11750,0,0,0,3,0,0,0,0,0,4,0,0,0,0,0,0,0,0,0,0,0,0,0,0,0,0,0,0,0,0,0,0,0,0,0,0,0,0,0,0,0,0,0,0,0,0,0,0,0,0,0,0,0,0,0,0,0,0,0,0,0,0,0,0,0,0,0,0,0,0,0,0,0,0,0,0,0,0,0,0,0,0,0,0,0,0,0,0,0,0,0,0,0,3,0,0,0,0,0,3,0,0,0,0,0,0,0,0,0,4,0,0,0,14,7,10,0,0,0,36,0,0,0,0,0,0,0,0,0,3,0,0,0,0,0,0,0,0,0,0,0,4,0,4,0,0,0,0,0,11,0,0,0,0,0,4,0,0,0,3,0,0,0,0,0,0,0,0,0,0,0,0,0,0,0,0,0,0,0,0,0,0,0,0,0,0,0,0,0,0,0,0,3,4,3,0,0,0,0,11
LGA11800,0,4,3,32,14,7,8,3,5,83,0,0,4,8,0,8,32,19,7,78,4,4,3,3,3,3,0,4,0,24,0,3,8,15,3,0,0,0,0,28,0,0,0,3,0,0,0,0,0,8,17,13,3,12,6,3,4,0,0,52,0,0,0,0,0,6,14,3,0,19,0,0,0,0,0,3,0,0,0,3,0,13,29,65,28,4,4,3,0,144,0,0,3,4,0,0,0,0,0,5,0,0,0,3,5,26,47,32,9,124,0,23,29,113,93,107,78,36,9,490,0,3,0,11,4,0,13,9,0,36,3,8,8,3,5,4,0,0,0,30,0,0,4,16,13,0,0,0,0,38,0,19,16,21,7,0,0,3,0,66,0,0,0,7,0,7,4,7,5,19,0,3,6,16,23,29,46,30,16,177,0,3,0,7,0,0,0,0,0,17,0,14,8,42,33,27,22,6,3,149
LGA12000,0,0,0,0,0,0,0,0,0,0,0,0,0,0,0,0,0,0,0,0,0,0,0,0,0,0,0,0,0,0,0,0,0,0,0,0,0,0,0,0,0,0,0,0,0,0,0,0,0,0,0,0,0,0,0,0,0,0,0,0,0,0,0,0,0,0,0,0,0,0,0,0,0,0,0,0,0,0,0,0,0,0,0,0,0,0,0,0,0,0,0,0,0,0,0,0,0,0,0,0,0,0,0,0,0,0,0,0,0,3,0,0,0,3,0,3,0,0,0,8,0,0,0,0,0,0,0,0,0,3,0,0,0,0,0,0,0,0,0,0,0,0,0,0,0,0,0,0,0,0,0,0,0,0,0,0,0,0,0,0,0,0,0,0,0,0,0,0,0,0,0,0,0,0,0,0,0,0,0,0,0,0,0,0,0,0,0,0,0,3,0,0,0,0,0,0,0,0,0,3
LGA12150,0,0,0,0,0,0,0,0,0,0,0,0,0,0,0,0,0,0,0,0,0,0,0,0,0,0,0,0,0,0,0,0,0,0,0,0,0,0,0,0,0,0,0,0,0,0,0,0,0,0,0,0,0,0,0,0,0,0,0,0,0,0,0,0,0,0,0,0,0,0,0,0,0,0,0,0,0,0,0,0,0,0,0,0,0,0,0,0,0,0,0,0,0,0,0,0,0,0,0,0,0,0,0,0,0,0,0,0,0,3,0,0,0,0,0,0,0,0,0,3,0,0,0,0,0,0,0,0,0,0,0,0,0,0,0,0,0,0,0,0,0,0,0,0,0,0,0,0,0,0,0,0,0,0,0,0,0,0,0,0,0,0,0,0,0,0,0,0,0,0,0,0,0,0,0,0,0,0,0,0,0,0,0,0,0,0,0,0,0,0,0,0,0,0,0,0,0,0,0,0
LGA12350,0,0,0,0,0,0,0,0,0,4,0,0,0,0,0,3,4,0,0,14,0,0,0,0,0,0,0,0,0,0,0,0,0,0,0,0,0,0,0,0,0,0,0,0,0,0,0,0,0,0,0,0,0,0,0,0,0,0,0,0,0,0,0,0,0,0,0,0,0,0,0,0,0,0,0,0,0,0,0,0,0,0,0,0,0,0,0,0,0,0,0,0,0,0,0,0,0,0,0,0,0,0,0,0,0,3,4,3,0,14,0,0,0,7,5,14,7,3,0,41,0,0,0,0,0,0,0,0,0,3,0,0,0,0,0,0,0,0,0,0,0,0,0,0,3,0,0,0,0,3,0,0,0,0,0,0,0,0,0,3,0,0,0,0,0,0,0,0,0,4,0,0,0,0,0,0,7,7,0,20,0,0,0,0,0,0,0,0,0,0,0,0,0,3,3,0,0,3,0,13
LGA12380,0,7,3,44,16,23,41,16,3,158,0,4,5,23,50,102,158,196,71,620,0,0,3,22,6,0,0,5,3,41,17,57,278,1138,294,256,103,45,8,2209,13,83,251,1729,1280,1058,777,272,57,5528,7,25,46,211,51,87,28,12,3,463,0,0,0,7,11,80,304,203,63,669,0,0,12,35,18,32,21,6,3,129,0,8,43,181,109,73,33,13,0,454,13,69,602,1900,88,33,8,0,0,2707,0,0,5,3,0,9,24,13,3,61,34,214,285,441,198,130,69,6,3,1374,0,0,0,5,3,3,14,8,3,34,78,231,664,1878,183,92,29,7,0,3163,0,0,4,11,4,3,0,0,0,20,9,88,143,715,309,214,107,28,8,1627,0,0,3,29,17,32,21,12,17,138,0,3,0,7,13,41,43,22,14,133,6,22,15,42,10,15,9,5,0,113,0,9,18,53,26,14,19,4,0,145
LGA12700,0,0,0,0,3,0,0,3,0,4,0,0,0,0,0,0,0,0,0,3,0,0,0,0,0,0,0,0,0,0,0,0,0,0,0,0,0,0,0,0,0,0,0,0,0,0,0,0,0,0,0,3,0,0,0,0,0,0,0,3,0,0,0,0,0,0,0,0,0,0,0,0,0,0,0,0,0,0,0,0,0,0,0,0,0,0,0,0,0,0,0,0,0,0,0,0,0,0,0,0,0,0,0,0,0,0,0,4,0,3,0,0,0,13,4,4,4,0,0,25,0,0,0,0,0,0,0,0,0,0,0,0,0,0,0,0,0,0,0,0,0,0,0,0,0,0,0,0,0,0,0,0,0,0,0,0,0,0,0,3,0,0,0,0,0,0,0,0,0,0,0,0,0,0,0,7,0,0,0,11,0,0,0,0,0,0,0,0,0,0,0,0,3,0,0,0,0,0,0,5
LGA12730,0,0,0,3,0,0,0,0,0,4,0,0,0,0,0,3,5,0,0,11,0,0,0,0,0,0,0,0,0,0,0,0,0,4,0,0,0,0,0,7,0,0,0,0,0,0,0,0,0,0,0,0,0,3,0,0,0,0,0,3,0,0,0,0,0,0,0,0,0,0,0,0,0,0,0,0,0,0,0,0,0,0,0,0,0,0,0,0,0,0,0,0,0,0,0,0,0,0,0,0,0,0,0,0,0,4,3,0,3,14,0,0,3,15,6,4,0,0,0,39,0,0,0,0,0,0,0,0,0,0,0,0,0,0,0,0,0,0,0,0,0,0,0,0,0,0,0,0,0,3,0,0,4,0,0,0,0,0,0,7,0,0,0,0,0,0,0,0,0,0,0,0,0,0,4,0,0,3,0,11,0,0,0,0,0,0,0,0,0,0,0,4,6,0,3,0,0,0,0,17
LGA12750,0,4,0,3,3,5,11,10,0,39,0,0,0,0,8,17,26,22,3,75,0,0,0,0,0,0,0,0,0,0,0,0,5,0,0,0,0,0,0,3,0,0,0,0,0,3,3,0,0,11,0,0,0,0,0,7,0,0,0,8,0,0,0,3,0,9,14,5,0,38,0,0,0,0,0,0,3,0,0,8,0,0,0,0,0,0,0,0,0,3,0,0,0,4,0,0,0,0,0,8,0,0,0,0,3,22,50,19,7,106,0,4,6,28,33,66,58,25,9,227,0,0,0,0,0,0,8,4,0,9,0,0,0,0,0,0,0,0,0,0,0,0,0,0,0,0,0,0,0,4,3,3,3,3,0,0,0,0,0,19,0,0,0,0,0,3,13,0,3,15,0,0,3,6,12,26,41,17,11,121,0,0,0,0,0,0,0,0,0,7,0,4,0,10,14,15,19,5,0,62
LGA12850,0,3,0,9,11,17,19,10,3,74,0,9,9,50,152,289,494,546,182,1718,0,0,3,8,3,3,3,0,0,23,0,3,0,14,0,3,4,0,3,39,22,28,59,419,327,250,161,61,15,1333,3,11,28,142,23,46,22,4,0,270,0,0,3,8,17,109,180,123,31,474,0,0,3,17,9,30,25,14,4,102,0,0,28,78,39,23,14,0,0,190,0,3,4,31,0,0,0,0,0,40,0,0,3,0,0,6,21,10,4,60,47,280,405,425,124,98,36,13,3,1428,0,6,0,3,0,8,7,9,0,27,6,13,26,95,11,13,5,0,0,174,0,0,0,4,3,0,0,0,0,8,4,36,92,353,130,190,127,29,12,975,0,0,0,40,21,63,48,27,13,220,0,0,3,8,11,16,23,21,7,92,0,3,6,8,3,18,8,3,0,49,4,0,3,16,17,7,9,4,0,58
LGA12870,0,0,0,5,0,0,3,0,0,7,0,0,0,0,0,0,4,0,0,11,0,0,0,0,0,0,0,0,0,0,0,0,6,6,0,0,0,0,0,13,0,0,0,0,0,0,0,0,0,0,0,0,0,3,0,0,0,0,0,3,0,0,0,0,0,0,3,0,0,7,0,0,0,0,0,0,0,0,0,0,0,0,0,0,0,0,0,0,0,0,0,0,0,0,0,0,0,0,0,0,0,0,0,0,0,4,5,6,3,19,0,0,5,7,12,13,6,7,0,52,0,0,0,0,0,0,0,0,0,6,0,0,0,3,0,0,0,0,0,4,0,0,0,0,0,0,0,0,0,0,0,0,0,7,0,0,0,0,0,15,0,0,0,0,0,0,0,0,0,3,0,0,0,3,0,3,6,4,0,25,0,0,0,0,0,0,0,0,0,0,0,0,0,0,0,4,0,0,0,10
LGA12900,0,0,0,0,0,3,0,0,0,3,0,0,0,3,0,3,3,5,0,13,0,0,0,0,0,0,0,0,0,0,0,0,3,0,0,0,0,0,0,3,0,0,0,0,0,0,0,0,0,0,0,0,0,0,0,0,0,0,0,3,0,0,0,0,0,0,0,0,0,0,0,0,0,0,0,0,0,0,0,0,0,0,0,0,0,0,0,0,0,0,0,0,0,3,0,0,0,0,0,3,0,0,0,0,0,0,8,0,0,10,0,0,5,5,6,0,3,0,0,27,0,0,0,0,0,0,0,0,0,0,0,0,0,0,0,0,0,0,0,0,0,0,0,0,0,0,0,0,0,0,0,4,3,3,0,0,0,0,0,7,0,0,0,0,0,0,0,0,0,0,0,0,0,0,0,0,4,0,0,6,0,0,0,0,0,0,0,0,0,0,0,0,4,0,0,0,0,0,0,9
LGA12930,3,12,4,55,29,15,25,14,4,160,0,9,3,42,41,89,137,186,60,578,3,11,14,33,16,9,6,0,0,85,6,9,25,88,41,28,13,8,0,236,5,12,35,238,198,145,127,47,7,812,4,10,48,207,97,114,73,34,7,589,0,0,0,3,5,21,45,14,11,99,0,0,0,20,12,8,4,3,0,49,0,3,15,16,20,11,4,3,0,72,14,65,713,1866,41,23,12,3,0,2738,0,3,9,13,3,7,16,11,3,55,13,65,184,376,211,139,70,19,4,1080,0,3,0,6,8,8,13,7,0,38,9,6,24,92,16,15,0,0,0,156,0,0,3,15,6,7,0,8,0,38,18,56,101,471,123,69,27,8,3,878,0,0,6,53,11,30,8,4,8,115,0,3,0,23,27,34,33,17,12,145,3,16,21,48,24,32,15,3,3,161,3,4,21,67,42,37,26,17,0,222
LGA12950,0,0,0,0,0,0,0,0,0,4,0,0,0,0,0,0,0,0,0,0,0,0,0,0,0,0,0,0,0,0,0,0,0,0,0,0,0,0,0,0,0,0,0,0,0,0,0,0,0,3,0,0,0,0,0,0,0,0,0,0,0,0,0,0,0,0,0,0,0,0,0,0,0,0,0,0,0,0,0,0,0,0,0,0,0,0,0,0,0,0,0,0,0,0,0,0,0,0,0,0,0,0,0,0,0,0,0,0,0,3,0,0,0,0,3,0,0,0,0,9,0,0,0,0,0,0,0,0,0,0,0,0,0,0,0,0,0,0,0,0,0,0,0,0,0,0,0,0,0,0,0,0,0,3,0,0,0,0,0,3,0,0,0,0,0,0,0,0,0,0,0,0,0,0,0,0,0,0,0,0,0,0,0,0,0,0,0,0,0,0,0,0,0,0,0,3,0,0,0,3
LGA13010,0,0,0,0,0,0,0,0,0,3,0,0,0,0,0,0,0,0,0,0,0,0,0,0,0,0,0,0,0,0,0,0,0,0,0,0,0,0,0,0,0,0,0,0,0,0,0,0,0,0,0,0,0,0,0,0,0,0,0,3,0,0,0,0,0,0,0,0,0,0,0,0,0,0,0,0,0,0,0,0,0,0,0,0,0,0,0,0,0,0,0,0,0,4,0,0,0,0,0,4,0,0,0,3,0,0,10,0,0,17,0,0,0,6,9,6,7,3,0,28,0,0,0,0,0,0,0,0,0,0,0,0,0,3,0,0,0,0,0,3,0,0,0,3,0,0,0,0,0,7,0,3,0,0,0,0,0,0,0,3,0,0,0,0,0,0,0,0,0,0,0,0,0,0,4,0,0,3,0,9,0,0,0,0,0,0,0,0,0,0,0,0,0,0,0,0,0,0,0,6
LGA13310,0,3,0,6,4,4,9,0,3,26,0,3,0,0,0,9,16,4,3,31,0,0,0,3,0,0,0,0,0,3,0,0,13,22,0,0,0,0,0,33,0,0,3,5,5,4,9,3,0,25,0,0,0,3,0,4,0,0,0,8,0,0,0,0,0,3,4,0,0,18,0,0,0,0,0,0,0,0,0,0,0,0,0,0,0,0,0,0,0,0,0,0,0,16,0,0,0,0,0,19,0,0,0,3,3,3,15,14,5,44,3,6,18,44,29,35,22,6,3,167,0,0,0,3,0,3,6,0,0,14,0,0,0,7,0,0,0,0,0,13,0,0,0,3,4,0,0,0,0,8,0,14,10,13,3,0,0,0,0,42,0,0,0,0,0,3,0,0,0,6,0,0,3,6,10,13,13,8,4,58,0,0,0,0,3,0,3,0,0,6,3,0,5,8,4,4,3,0,0,26
LGA13340,0,0,0,5,0,0,3,0,0,10,0,0,0,0,0,0,3,0,0,3,0,0,0,0,0,0,0,0,0,0,0,0,0,0,0,0,0,0,0,0,0,0,0,0,0,0,0,0,0,0,0,0,0,0,0,0,0,0,0,0,0,0,0,0,0,0,3,0,0,3,0,0,0,0,0,0,0,0,0,0,0,0,0,0,0,0,0,0,0,0,0,0,0,0,0,0,0,0,0,0,0,0,0,3,0,5,9,10,0,31,0,3,4,12,4,10,11,8,0,50,0,0,0,0,0,0,0,0,0,3,0,0,0,0,0,0,0,0,0,0,0,0,0,0,0,0,0,0,0,3,3,0,0,0,0,0,0,0,0,8,0,0,0,0,0,0,0,0,0,0,0,0,0,0,0,0,0,0,0,5,0,0,0,0,0,0,0,0,0,0,0,0,0,0,0,0,0,0,0,5
LGA13450,0,0,0,9,3,0,0,0,0,16,0,0,4,19,25,63,140,167,91,513,0,0,0,0,0,0,0,0,0,4,0,0,3,12,0,0,0,0,0,18,0,0,0,0,5,0,3,0,0,9,0,0,17,27,6,0,0,0,0,55,0,0,0,0,0,0,0,0,0,4,0,0,0,0,0,0,0,0,0,0,0,0,0,6,0,0,0,0,0,6,0,0,0,0,0,0,0,0,0,8,0,0,0,0,0,3,9,0,0,12,14,38,58,71,30,14,8,3,0,228,0,0,0,0,0,0,0,0,0,0,0,9,3,35,19,0,0,0,0,74,0,3,0,3,0,0,0,0,0,4,0,11,7,40,14,9,0,0,0,79,0,0,0,0,0,0,0,0,0,0,0,0,3,5,0,0,3,0,0,18,0,0,0,0,0,0,0,0,0,3,0,3,6,16,15,5,3,0,0,47
LGA13510,0,0,0,0,3,0,0,0,0,10,0,0,0,0,0,0,3,0,0,3,0,0,0,0,0,0,0,0,0,0,0,0,0,0,0,0,0,0,0,0,0,0,0,0,0,0,0,0,0,0,0,0,0,0,0,0,0,0,0,3,0,0,0,0,0,0,0,0,0,0,0,0,0,0,0,0,0,0,0,0,0,0,0,0,0,0,0,0,0,0,0,0,0,0,0,0,0,0,0,3,0,0,0,0,0,3,0,0,0,5,0,3,0,15,6,9,7,5,0,37,0,0,0,0,0,0,0,0,0,0,0,0,0,0,0,0,0,0,0,0,0,0,0,0,3,0,0,0,0,3,0,5,0,8,6,0,0,0,0,17,0,0,0,0,0,0,3,0,0,3,0,0,0,0,0,3,3,3,0,11,0,0,0,0,0,0,0,0,0,0,0,0,0,0,0,0,0,0,0,10
LGA13550,0,0,0,0,0,0,0,0,0,3,0,0,0,0,0,0,0,3,0,3,0,0,0,0,0,0,0,0,0,4,0,0,0,11,0,0,0,0,0,7,0,0,0,0,0,0,0,0,0,0,0,0,0,0,0,0,0,0,0,0,0,0,0,0,0,0,0,0,0,0,0,0,0,0,0,0,0,0,0,0,0,0,0,0,0,0,0,0,0,0,0,0,0,0,0,0,0,0,0,0,0,0,0,0,0,0,5,0,0,7,0,3,3,14,14,4,4,0,0,48,0,0,0,0,0,0,0,0,0,0,0,0,0,3,0,0,0,0,0,4,0,0,0,0,0,0,0,0,0,8,3,0,0,5,0,0,0,0,0,9,0,0,0,0,0,0,0,0,0,0,0,0,0,0,0,3,0,5,0,6,0,0,0,0,0,0,0,0,0,0,0,3,3,9,4,0,0,3,0,22
LGA13660,0,0,0,3,0,0,0,0,0,0,0,0,0,0,0,0,0,0,0,0,0,0,0,0,0,0,0,0,0,0,0,0,0,0,0,0,0,0,0,0,0,0,0,0,0,0,0,0,0,0,0,0,0,0,0,0,0,0,0,0,0,0,0,0,0,0,0,0,0,0,0,0,0,0,0,0,0,0,0,0,0,0,0,0,0,0,0,0,0,0,0,0,0,0,0,0,0,0,0,0,0,0,0,0,0,3,0,0,0,3,0,0,0,0,0,0,4,3,0,9,0,0,0,0,4,0,0,0,0,4,0,0,0,0,0,0,0,0,0,0,0,0,0,0,0,0,0,0,0,0,0,0,0,0,3,0,0,0,0,0,0,0,0,0,0,0,0,0,0,0,0,0,0,0,0,0,3,0,0,3,0,0,0,0,0,0,0,0,0,0,0,0,0,0,0,0,0,0,0,3
LGA13800,0,0,0,34,27,15,26,7,3,108,0,0,0,3,13,27,36,16,6,107,0,0,0,3,0,0,0,0,0,3,0,0,3,3,0,5,3,0,0,19,0,0,0,15,14,15,7,3,0,57,0,0,0,18,15,6,3,0,0,48,0,0,3,17,23,77,101,50,8,269,0,0,0,4,0,5,0,0,0,9,0,0,0,0,0,3,0,3,0,6,0,0,0,0,0,0,0,0,0,0,0,0,0,4,7,38,45,19,5,124,0,12,25,109,102,79,41,14,0,397,0,0,0,4,4,12,8,9,0,36,0,0,0,10,4,0,0,0,0,13,0,0,3,3,6,3,0,0,0,15,0,9,3,32,17,3,5,0,0,69,0,0,0,0,7,0,8,0,0,17,0,0,3,14,28,33,39,13,3,140,0,0,0,0,4,3,4,0,0,11,0,4,18,32,35,13,12,6,0,114
LGA13850,0,0,0,0,0,0,0,0,0,0,0,0,0,0,0,0,0,9,3,9,0,0,0,0,0,0,0,0,0,0,0,0,0,0,0,0,0,0,0,0,0,0,0,0,0,0,0,0,0,0,0,0,0,0,0,0,0,0,0,0,0,0,0,0,0,0,0,0,0,0,0,0,0,0,0,0,0,0,0,0,0,0,0,0,0,0,0,0,0,0,0,0,0,0,0,0,0,0,0,0,0,0,0,0,0,0,0,0,0,0,0,3,3,6,3,6,0,0,0,17,0,0,0,0,0,0,0,0,0,0,0,0,0,3,0,0,0,0,0,3,0,0,0,0,0,0,0,0,0,0,0,0,0,0,0,0,0,0,0,0,0,0,0,0,0,0,0,0,0,0,0,0,0,0,0,0,0,3,0,3,0,0,0,0,0,0,0,0,0,0,0,0,0,3,0,0,0,0,0,3
LGA13910,0,0,0,0,0,0,0,0,3,9,0,0,0,3,0,3,3,8,0,16,0,0,0,0,0,0,0,0,0,0,0,0,0,0,0,0,0,0,0,0,0,0,0,10,5,3,6,0,0,36,0,0,0,0,0,0,0,0,0,0,0,0,0,0,0,0,3,0,0,3,0,0,0,0,0,0,0,0,0,0,0,0,0,0,0,0,0,0,0,0,0,0,0,0,0,0,0,0,0,3,0,0,0,4,0,5,9,6,0,23,0,0,3,15,18,18,14,4,0,77,0,0,0,0,0,0,0,4,0,7,0,0,0,0,0,0,0,0,0,0,0,0,0,0,3,0,0,0,0,3,0,8,3,3,3,0,0,0,0,19,0,0,0,0,0,0,0,0,0,0,0,0,0,3,0,0,3,3,0,12,0,0,0,0,0,0,0,0,0,0,0,0,0,3,0,0,0,0,0,6
LGA14000,0,16,5,62,51,34,29,20,0,214,0,3,3,20,30,84,103,95,36,376,7,32,20,57,32,18,10,7,3,179,5,127,151,457,248,157,68,31,3,1249,0,0,4,40,49,62,57,52,12,288,4,49,71,210,132,160,138,45,3,813,0,0,0,7,3,14,11,6,0,48,0,0,3,25,15,18,0,3,3,66,0,0,7,19,11,14,12,11,0,63,6,15,73,329,29,5,8,0,0,467,0,10,16,26,44,25,39,28,27,220,5,75,111,275,264,174,111,61,14,1088,0,3,3,10,18,11,5,8,0,58,5,18,33,86,47,29,13,0,0,230,0,0,0,16,23,19,4,3,0,61,10,49,66,324,127,95,44,11,3,732,0,0,0,36,19,52,38,7,4,162,0,22,10,40,65,45,58,55,18,313,9,66,57,62,54,48,21,14,3,328,12,89,139,254,215,136,74,33,9,965
LGA14100,0,3,6,5,13,5,3,0,0,33,0,4,0,3,4,13,33,29,3,87,0,3,3,3,3,0,3,0,0,12,0,7,3,4,9,3,3,3,0,34,0,0,0,8,12,4,7,0,0,28,0,0,0,9,4,12,9,0,0,37,0,0,0,0,0,0,3,0,0,7,0,0,0,0,0,0,0,0,0,0,0,0,0,0,0,0,3,0,0,9,0,0,3,3,0,0,0,0,0,4,0,3,0,5,0,0,13,0,0,20,0,4,5,30,25,27,15,10,0,117,0,0,0,0,3,0,0,3,0,4,0,0,0,0,0,0,0,0,0,0,0,0,0,0,0,0,0,0,0,4,0,5,4,10,0,0,0,0,0,20,0,0,0,10,3,3,5,0,7,29,0,0,0,6,4,5,3,3,0,27,0,4,0,4,7,3,3,0,0,24,0,3,3,19,17,4,4,7,6,67
LGA14170,3,13,12,476,123,67,53,18,3,767,8,21,41,311,130,187,300,407,209,1607,4,18,26,82,29,8,5,3,0,182,0,18,25,146,38,26,18,21,6,295,3,4,6,64,79,102,130,80,21,488,0,10,49,225,73,77,38,10,3,486,0,0,0,6,9,23,37,24,16,119,0,4,4,24,14,13,4,7,0,73,0,0,5,22,12,16,9,6,3,70,5,23,353,956,34,7,5,0,0,1383,7,16,6,64,27,13,37,11,3,181,14,37,116,902,480,349,141,33,5,2086,0,0,0,46,30,14,12,3,0,97,0,0,12,55,5,8,0,0,0,79,0,4,0,27,20,9,0,0,0,62,7,41,67,438,108,87,53,5,7,806,3,0,3,98,18,42,28,10,11,214,0,5,15,187,109,80,54,35,7,486,11,11,17,77,38,20,18,3,0,194,3,3,30,225,85,55,28,3,0,436
LGA14200,0,0,0,0,0,0,3,0,0,5,0,0,0,0,0,0,4,12,3,15,0,0,0,6,0,0,0,0,0,6,0,0,0,10,0,0,0,0,0,12,0,0,0,0,0,0,0,0,0,0,0,0,0,0,0,3,0,0,0,3,0,0,0,0,0,3,0,0,0,3,0,0,0,0,0,0,0,0,0,0,0,0,0,0,0,0,0,0,0,0,0,0,0,0,0,0,0,0,0,0,0,0,0,0,0,0,11,0,0,10,0,4,3,9,12,12,7,0,0,45,0,0,0,0,0,0,0,0,0,3,0,0,0,0,0,0,0,0,0,0,0,3,0,0,0,0,0,0,0,8,3,19,10,32,10,0,0,0,0,78,0,0,0,0,0,0,0,0,0,0,0,0,0,0,4,3,3,7,0,19,0,0,0,0,0,0,0,0,0,0,0,0,3,9,3,6,3,0,0,21
LGA14300,0,0,0,3,0,0,0,0,0,3,0,0,0,0,0,0,0,0,0,3,0,0,0,0,0,0,0,0,0,0,0,0,3,6,0,0,0,0,0,9,0,0,0,4,0,0,0,0,0,7,0,0,0,0,0,0,0,0,0,3,0,0,0,0,0,0,0,0,0,3,0,0,0,0,0,0,0,0,0,0,0,0,0,0,0,0,0,0,0,0,0,0,0,0,0,0,0,0,0,0,0,0,0,0,0,0,3,0,0,3,0,0,3,22,9,6,4,0,0,43,0,0,0,0,0,0,0,0,0,0,0,0,0,0,0,0,0,0,0,0,0,0,0,0,0,3,0,0,0,4,0,3,0,6,0,0,0,0,0,9,0,0,0,0,0,0,0,0,0,0,0,0,0,0,3,3,0,0,0,9,0,0,0,0,0,3,0,0,0,5,0,0,0,0,0,0,0,0,0,0
LGA14350,0,0,0,3,0,3,3,0,0,9,0,0,0,0,0,0,3,5,0,9,0,0,0,0,0,0,0,0,0,0,0,0,0,3,0,0,0,0,0,3,0,0,0,0,0,0,3,0,0,9,0,0,0,3,0,0,0,0,0,9,0,0,0,0,0,3,3,9,0,12,0,0,0,0,0,0,0,0,0,0,0,0,0,0,0,0,0,0,0,0,0,0,0,0,0,0,0,0,0,0,0,0,0,0,4,9,12,7,0,34,0,0,3,27,27,33,17,9,4,122,0,0,0,0,0,0,3,3,0,3,0,0,0,0,4,0,0,0,0,4,0,0,0,4,0,0,3,0,0,8,0,5,3,5,0,0,0,0,0,19,0,0,0,0,0,0,0,0,0,4,0,0,0,3,6,12,12,3,0,34,0,0,0,0,0,0,0,0,0,0,0,0,3,4,0,6,3,0,0,15
LGA14400,0,5,0,16,0,4,11,4,4,41,0,0,0,0,0,18,11,9,10,54,0,0,0,0,0,0,0,0,0,3,0,0,0,6,0,0,0,0,0,6,0,0,0,0,0,0,0,0,0,3,0,0,0,0,0,0,0,0,0,3,0,0,0,0,3,0,7,3,0,7,0,0,0,0,0,0,0,0,0,3,0,0,0,0,0,0,0,0,0,0,0,0,0,0,0,0,0,0,0,0,0,0,0,3,0,6,17,6,0,30,0,5,7,50,35,23,20,6,0,140,0,0,0,0,3,4,8,3,0,16,0,0,0,0,0,0,0,0,0,0,0,0,0,3,3,3,0,0,0,12,0,0,0,3,0,0,0,0,0,4,0,0,0,0,0,4,0,0,0,6,0,0,3,3,7,13,22,10,3,65,0,0,0,0,0,0,0,0,0,3,0,0,8,8,7,10,11,0,3,49
LGA14500,0,16,8,59,62,27,24,12,3,217,0,4,3,16,20,32,52,49,29,205,9,40,34,86,44,34,22,5,0,277,8,106,153,386,217,130,77,32,8,1118,0,0,3,3,24,18,21,8,3,69,4,31,54,177,130,114,92,40,5,635,0,0,0,0,3,6,3,0,3,14,0,0,0,4,6,3,4,0,3,27,0,0,0,3,8,3,7,3,7,32,0,0,10,27,3,4,4,0,0,47,0,23,15,20,36,25,30,30,11,182,8,91,143,180,261,197,100,72,22,1078,0,0,0,11,14,4,14,7,0,43,0,3,3,34,11,15,9,3,0,75,0,0,0,18,50,35,11,21,3,132,0,15,26,95,30,23,13,5,0,209,0,8,0,17,11,28,18,8,3,101,0,8,10,35,79,44,49,33,24,283,7,91,76,80,48,28,30,11,3,377,18,178,232,441,427,348,169,79,20,1915
LGA14550,0,0,0,0,0,0,0,3,0,3,0,0,0,0,0,0,0,0,0,3,0,0,0,4,0,0,0,0,0,3,0,0,0,3,0,0,0,0,0,3,0,0,0,0,0,0,0,0,0,0,0,0,0,0,0,0,0,0,0,5,0,0,0,0,0,3,0,0,0,4,0,0,0,0,0,0,0,0,0,0,0,0,0,0,0,0,0,0,0,0,0,0,0,0,0,0,0,0,0,0,0,0,0,0,0,3,3,4,0,17,0,4,3,9,8,29,17,3,0,65,0,0,0,0,0,0,0,0,0,0,0,0,0,0,0,0,0,0,0,0,0,0,0,4,3,4,0,0,0,9,0,0,0,0,0,0,0,0,0,0,0,0,0,0,0,0,0,0,0,5,0,0,0,0,7,5,3,0,0,11,0,0,0,0,3,0,0,0,0,0,0,0,0,3,0,0,0,0,0,13
LGA14600,0,0,0,0,0,0,0,0,0,0,0,0,0,0,0,0,0,0,0,0,0,0,0,0,0,0,0,0,0,0,0,0,0,0,0,0,0,0,0,0,0,0,0,0,0,0,0,0,0,0,0,0,0,0,0,0,0,0,0,0,0,0,0,0,0,0,0,0,0,0,0,0,0,0,0,0,0,0,0,0,0,0,0,0,0,0,0,0,0,0,0,0,0,0,0,0,0,0,0,0,0,0,0,0,0,0,0,0,0,0,0,0,0,7,3,3,3,0,0,21,0,0,0,0,0,0,0,0,0,0,0,0,0,0,0,0,0,0,0,0,0,0,0,0,0,0,0,0,0,0,0,3,0,9,0,0,0,0,0,16,0,0,0,0,0,0,0,0,0,0,0,0,0,0,0,0,0,0,0,3,0,0,0,0,0,0,0,0,0,0,0,0,0,0,0,0,0,0,0,5
LGA14650,5,17,10,49,23,23,29,14,0,168,0,0,3,6,17,41,62,78,25,239,0,5,0,7,3,0,0,0,0,22,0,6,15,40,8,0,3,0,0,78,0,0,0,6,6,4,3,0,0,21,0,0,10,40,33,24,26,12,0,146,0,0,0,3,4,7,42,5,3,62,0,0,0,4,0,5,3,0,0,18,0,0,0,9,3,0,0,0,3,18,0,3,0,7,3,0,0,0,0,18,0,7,0,12,16,35,109,62,24,261,14,51,78,339,225,206,144,71,25,1152,0,0,0,4,13,9,23,11,0,61,0,4,0,33,3,0,3,0,0,41,0,0,0,25,23,12,0,0,0,70,3,22,38,74,18,14,0,0,0,166,0,0,0,11,6,13,16,16,15,77,3,15,6,54,63,86,132,66,21,438,0,0,4,3,7,4,3,8,0,34,0,25,49,98,66,41,28,24,0,333
LGA14700,0,3,3,75,16,3,15,4,0,120,0,3,4,39,6,13,17,18,7,114,3,11,10,65,21,9,12,3,0,132,5,8,3,67,12,4,10,3,0,118,0,0,0,8,16,6,4,4,3,33,0,5,14,89,31,34,24,5,3,199,0,0,0,0,0,4,0,0,0,10,0,0,0,3,3,3,0,0,0,15,0,0,0,0,3,0,5,0,0,11,0,7,41,134,4,0,0,0,0,191,0,0,0,16,10,6,10,10,4,55,9,12,32,145,86,63,43,11,3,409,0,0,0,8,4,3,3,0,0,20,0,3,3,28,3,3,0,0,0,40,0,0,0,5,0,3,9,0,0,14,4,14,7,106,16,11,3,0,0,166,3,0,0,19,4,9,11,0,5,50,0,3,5,21,18,9,25,3,3,90,3,18,9,29,11,6,6,0,0,90,3,3,9,96,37,39,17,3,0,212
LGA14750,0,0,0,0,0,0,0,0,0,0,0,0,0,0,3,13,31,31,12,95,0,0,0,0,0,0,0,0,0,3,0,0,0,0,0,0,0,0,0,3,0,0,0,0,0,0,0,0,0,0,0,0,0,0,0,4,0,0,0,5,0,0,0,0,0,0,0,0,0,0,0,0,0,0,0,0,0,0,0,0,0,0,0,0,0,0,0,0,0,0,0,0,0,0,0,0,0,0,0,0,0,0,0,0,0,0,0,0,0,3,0,4,7,14,4,6,8,4,0,52,0,0,0,0,0,0,0,0,0,0,0,0,0,5,0,0,0,0,0,5,0,0,0,0,0,0,0,0,0,6,0,3,3,26,3,0,0,0,0,39,0,0,0,0,0,0,0,0,0,4,0,0,0,0,0,0,0,3,0,10,0,0,0,0,0,0,0,0,0,0,0,0,3,5,3,3,0,0,0,13
LGA14850,0,0,0,10,7,3,5,3,3,31,0,0,3,3,0,7,17,38,16,88,0,0,0,3,6,0,0,0,0,7,0,0,3,3,0,0,0,0,0,13,0,0,0,0,0,0,0,0,0,3,0,0,4,3,4,6,0,3,0,23,0,0,0,0,0,5,0,0,0,5,0,0,0,3,0,0,0,0,0,9,0,0,0,0,0,0,0,0,0,0,0,0,0,3,0,0,0,0,0,3,0,0,0,5,5,10,15,13,3,53,0,7,12,54,57,80,35,7,0,246,0,0,0,0,3,4,0,0,3,11,0,3,0,8,0,3,0,0,0,15,0,0,0,15,4,0,0,0,0,16,0,8,3,6,5,4,0,0,0,29,0,0,0,0,3,3,0,0,3,10,0,0,3,6,13,15,12,7,3,50,0,0,0,4,6,0,0,0,0,6,3,3,7,16,10,10,4,0,5,54
LGA14870,0,0,0,10,0,3,11,0,0,18,0,0,0,0,0,11,8,7,0,26,0,0,0,0,0,0,0,0,0,0,0,0,3,3,0,0,0,0,0,3,0,0,3,3,3,3,0,0,0,12,0,0,3,6,4,3,0,0,0,11,0,0,0,0,0,0,3,0,0,5,0,0,0,0,0,3,0,0,0,3,0,0,0,0,0,0,0,0,0,0,0,0,0,0,0,0,0,0,0,0,0,0,0,0,0,4,9,4,3,30,0,4,6,29,24,23,13,3,0,98,0,0,0,0,0,0,0,0,0,3,0,0,0,0,0,0,0,0,0,0,0,0,0,0,3,0,0,0,0,3,0,4,3,3,3,3,0,0,0,18,0,0,0,0,0,3,3,0,3,12,0,0,0,8,5,11,25,4,3,55,0,0,0,0,0,0,0,0,0,0,0,0,0,3,3,0,3,0,0,11
LGA14900,0,10,0,27,19,16,12,7,3,95,4,10,19,80,153,242,378,316,117,1325,0,4,0,7,3,0,3,0,0,26,0,0,7,45,12,12,12,6,0,86,9,39,87,831,549,364,246,68,9,2203,3,15,26,101,40,43,29,9,3,269,0,0,4,12,20,88,147,65,9,340,0,7,11,45,34,44,42,18,9,204,0,4,14,38,18,5,3,0,0,81,0,11,13,170,12,3,5,0,0,216,0,4,3,8,4,19,16,19,9,75,45,207,360,650,213,153,50,13,5,1688,0,3,5,9,12,16,11,4,0,50,8,89,93,284,159,61,7,5,0,701,0,4,3,12,4,6,0,0,0,28,5,60,129,616,358,353,110,30,3,1662,0,0,7,69,43,107,50,14,10,301,0,0,3,21,23,58,37,19,6,174,3,7,12,24,13,12,8,0,0,88,0,9,21,76,42,39,30,11,0,234
LGA14920,0,0,0,0,3,0,0,0,0,4,0,0,0,0,0,0,0,0,0,0,0,0,0,0,0,0,0,0,0,0,0,0,0,3,0,0,0,0,0,3,0,0,0,0,0,0,0,0,0,0,0,0,0,0,0,0,0,0,0,0,0,0,0,0,0,0,0,0,0,3,0,0,0,0,0,0,0,0,0,0,0,0,0,0,0,0,0,0,0,0,0,0,0,0,0,0,0,0,0,0,0,0,0,0,0,0,3,0,0,7,0,0,0,3,8,3,3,0,0,21,0,0,0,0,0,0,3,0,0,3,0,0,0,0,0,0,0,0,0,0,0,0,0,0,0,0,0,0,0,0,0,0,0,0,0,0,0,0,0,4,0,0,0,0,0,0,0,0,0,0,0,0,0,0,0,3,0,0,0,4,0,0,0,0,0,0,0,0,0,0,0,0,0,3,0,0,0,0,0,0
LGA14950,0,0,0,0,0,0,0,0,0,0,0,0,0,0,0,0,0,0,0,0,0,0,0,0,0,0,0,0,0,0,0,0,0,0,0,0,0,0,0,0,0,0,0,0,0,0,0,0,0,0,0,0,0,0,0,0,0,0,0,3,0,0,0,0,0,0,0,0,0,0,0,0,0,0,0,0,0,0,0,0,0,0,0,0,0,0,0,0,0,0,0,0,0,0,0,0,0,0,0,0,0,0,0,0,0,0,0,0,0,4,0,0,4,0,3,4,0,0,0,11,0,0,0,0,0,0,0,0,0,0,0,0,0,0,0,0,0,0,0,0,0,0,0,0,0,0,0,0,0,0,0,0,0,0,0,0,0,0,0,0,0,0,0,0,0,0,0,0,0,0,0,0,0,0,0,0,0,0,0,6,0,0,0,0,0,0,0,0,0,0,0,0,0,0,0,0,0,0,0,3
LGA15050,3,4,0,10,6,9,8,12,3,51,0,0,0,3,7,5,9,13,4,44,0,0,0,0,0,0,0,0,0,0,0,0,3,16,0,3,0,0,0,19,0,0,0,4,0,0,0,0,0,3,3,0,3,8,12,3,0,0,0,32,0,0,0,0,4,0,3,3,0,11,0,0,0,0,0,0,0,0,0,0,0,0,0,0,0,0,0,0,0,0,0,0,0,4,0,0,0,0,0,6,0,0,0,10,0,16,21,13,0,57,5,18,36,145,78,68,39,12,0,405,0,0,0,3,3,5,8,7,0,21,0,6,3,12,7,8,0,0,0,38,0,0,0,4,0,0,0,0,0,6,3,12,14,43,15,6,0,0,0,96,0,0,0,4,0,0,7,3,3,24,0,11,0,30,21,36,27,20,4,152,0,0,0,0,3,3,0,0,0,8,3,19,24,51,39,13,3,4,0,169
LGA15240,0,0,0,10,7,3,26,22,7,70,0,0,0,3,6,11,33,21,7,88,0,0,0,0,0,0,0,0,0,3,0,0,3,11,0,3,0,0,0,23,0,0,0,4,6,0,0,0,0,12,0,0,3,3,3,3,7,0,0,23,0,0,0,0,3,19,32,12,0,60,0,0,0,3,0,3,6,0,0,11,0,0,0,4,0,0,0,0,0,7,0,0,0,8,0,0,0,0,0,10,0,0,0,3,17,30,86,46,20,202,3,7,10,74,84,121,107,44,13,465,0,0,0,3,6,6,18,7,0,38,0,0,0,9,0,0,0,0,0,10,0,0,0,3,5,11,0,3,0,19,0,13,10,21,7,0,3,0,0,57,0,0,0,0,3,8,13,3,0,29,0,0,0,8,11,32,68,30,5,163,0,0,0,3,0,4,0,0,0,9,0,9,5,15,9,22,32,11,0,106
LGA15270,0,0,0,8,5,0,3,0,0,21,0,0,0,0,3,3,3,4,3,21,0,0,0,0,0,0,0,0,0,0,0,3,0,0,0,0,0,0,0,6,0,0,0,0,0,0,3,0,0,3,0,0,0,3,0,0,0,0,0,5,0,0,0,0,3,5,11,0,0,17,0,0,0,0,0,0,0,0,0,0,0,0,0,0,0,0,0,0,0,0,0,0,0,0,0,0,0,0,0,0,0,0,0,0,8,8,13,3,0,33,0,3,0,28,29,19,19,13,3,112,0,0,0,0,4,0,0,0,0,4,0,0,0,0,0,0,0,0,0,0,0,0,0,0,0,0,0,0,0,0,0,3,3,8,3,5,0,0,0,20,0,0,0,0,0,0,0,3,3,10,0,0,0,4,3,9,3,0,0,18,0,0,0,0,0,0,0,0,0,0,0,5,3,8,6,5,7,0,0,35
LGA15300,0,0,0,0,0,0,3,0,0,6,0,0,0,0,0,0,0,0,0,3,0,0,0,0,0,0,0,0,0,0,0,0,0,3,0,0,0,0,0,3,0,0,0,0,0,0,0,0,0,3,0,0,0,4,0,0,0,0,0,3,0,0,0,0,0,0,0,0,0,0,0,0,0,0,0,0,0,0,0,4,0,0,0,0,0,0,0,0,0,0,0,0,0,0,0,0,0,0,0,0,0,0,0,0,0,0,6,0,0,8,0,3,10,10,6,13,3,3,0,50,0,0,0,3,3,0,0,4,0,11,0,0,0,0,0,0,0,0,0,0,0,0,0,0,0,0,3,0,0,3,0,0,5,3,3,0,0,0,0,16,0,0,0,0,0,0,0,0,0,3,0,0,0,3,3,0,0,0,0,8,0,0,0,0,0,0,0,0,0,0,0,8,3,8,4,3,0,0,0,27
LGA15350,0,9,0,51,13,13,9,0,0,103,0,0,3,28,15,10,20,5,3,89,0,13,9,15,10,3,0,3,0,46,0,3,0,12,8,4,3,0,0,29,0,0,0,0,4,5,0,0,0,9,0,3,5,21,14,12,11,4,0,74,0,0,0,0,0,4,0,0,0,3,0,0,0,3,0,0,0,0,0,4,0,0,0,0,0,0,0,0,0,0,0,0,3,36,0,0,0,0,0,45,0,6,0,13,15,4,7,3,4,64,3,23,16,87,92,78,31,20,7,359,0,0,0,5,7,6,3,0,0,24,0,0,0,3,3,0,0,0,0,3,0,0,0,0,5,3,0,3,0,14,0,3,0,23,6,3,3,3,0,49,0,0,0,20,3,8,4,0,3,34,0,3,6,26,28,22,11,12,4,110,3,13,3,5,4,4,4,0,0,38,0,9,9,95,31,41,31,6,3,224
LGA15520,0,0,0,4,0,0,4,0,0,7,0,0,0,0,0,3,9,9,0,20,0,0,0,3,0,0,0,0,0,4,0,0,0,0,0,0,0,0,0,0,0,0,0,0,0,0,0,0,0,0,0,0,0,3,0,0,0,0,0,5,0,0,0,0,0,0,3,0,0,3,0,0,0,0,0,0,0,0,0,0,0,0,0,0,0,0,0,0,0,0,0,0,0,4,0,0,0,0,0,4,0,0,0,0,4,0,14,5,0,20,0,0,5,13,9,6,3,3,0,48,0,0,0,0,0,0,3,0,0,3,0,0,0,0,0,0,0,0,0,0,0,0,0,0,0,0,0,0,0,0,0,3,3,7,0,0,0,0,0,18,0,0,0,0,0,0,0,0,0,0,0,0,0,0,0,8,9,0,0,26,0,0,0,3,0,0,0,0,0,3,3,3,0,0,3,0,3,0,0,13
LGA15560,0,0,0,0,0,0,0,0,0,0,0,0,0,0,0,0,3,3,0,5,0,0,0,0,0,0,0,0,0,0,0,0,0,0,0,0,0,0,0,0,0,0,0,0,0,0,0,0,0,0,0,0,0,0,0,0,0,0,0,4,0,0,0,0,0,0,0,0,0,0,0,0,0,0,0,0,0,0,0,0,0,0,0,0,0,0,0,0,0,0,0,0,0,0,0,0,0,0,0,0,0,0,0,0,0,0,0,0,0,4,0,0,0,6,5,3,0,0,0,17,0,0,0,4,0,0,0,0,0,4,0,0,0,0,0,0,0,0,0,0,0,0,0,0,0,0,0,0,0,0,0,3,0,3,0,0,0,0,0,7,0,0,0,0,0,0,0,0,0,0,0,0,0,3,0,0,3,0,0,4,0,0,0,0,0,0,0,0,0,0,0,0,0,0,3,0,0,0,0,3
LGA15650,0,3,3,18,5,0,3,0,0,38,0,0,0,0,0,0,0,0,0,3,0,0,0,0,0,0,0,0,0,0,0,0,0,0,0,0,0,0,0,0,0,0,0,3,0,0,0,0,0,3,0,0,0,3,3,0,0,0,0,10,0,0,0,0,0,0,3,0,0,3,0,0,0,0,0,0,0,0,0,0,0,0,0,0,0,0,0,0,0,3,0,0,0,3,0,0,0,0,0,3,0,0,0,0,0,3,5,3,0,12,0,3,10,35,22,26,5,5,0,111,0,0,0,0,0,0,0,0,0,0,0,0,0,0,0,0,0,0,0,0,0,0,0,3,0,0,0,0,0,4,0,12,3,18,6,0,3,0,0,40,0,0,0,0,0,3,0,0,0,3,0,0,0,0,8,4,3,0,0,20,0,0,0,0,0,0,0,0,0,0,0,5,3,4,9,0,0,0,0,24
LGA15700,0,0,0,12,3,0,4,0,0,23,0,0,0,0,4,0,14,3,0,22,0,0,0,0,0,0,0,0,0,0,0,0,0,0,0,0,0,0,0,0,0,0,0,0,4,0,0,0,0,4,0,0,0,0,3,0,0,0,0,6,0,0,0,0,0,0,3,0,0,5,0,0,0,0,0,0,0,0,0,0,0,0,0,0,0,0,0,0,0,3,0,0,0,0,0,0,0,0,0,3,0,0,0,0,0,3,16,4,3,26,0,0,6,16,22,35,19,3,0,109,0,0,0,0,0,0,0,0,0,3,0,0,0,0,0,0,0,0,0,0,0,0,0,0,0,4,0,0,0,4,0,3,0,5,0,0,0,0,0,8,0,0,0,0,0,0,0,0,0,0,0,0,0,0,0,11,9,4,3,38,0,0,0,0,0,0,0,0,0,3,0,0,0,0,3,3,6,0,0,18
LGA15750,0,0,0,6,0,0,0,0,0,6,0,0,0,0,0,0,0,0,0,0,0,0,0,0,0,0,0,0,0,0,0,0,0,0,0,0,0,0,0,0,0,0,0,0,0,0,0,0,0,0,0,0,0,0,0,0,0,0,0,4,0,0,0,0,0,0,0,0,0,0,0,0,0,0,0,0,0,0,0,0,0,0,0,0,0,0,0,0,0,0,0,0,0,3,0,0,0,0,0,4,0,0,0,3,0,3,6,0,0,14,0,3,3,10,14,13,8,0,0,45,0,0,0,0,0,0,0,0,0,6,0,0,0,5,0,0,0,0,0,5,0,0,0,0,0,0,0,0,0,3,0,0,0,9,4,0,0,0,0,14,0,0,0,0,0,0,0,0,0,0,0,0,0,0,0,3,0,0,0,4,0,0,0,0,0,0,0,0,0,0,0,0,0,0,5,0,0,0,0,6
LGA15800,0,0,0,0,0,0,0,0,0,0,0,0,0,5,0,3,0,0,3,7,0,0,0,0,0,0,0,0,0,0,0,0,0,0,0,0,0,0,0,0,0,0,0,0,0,0,0,0,0,0,0,0,0,0,0,0,0,0,0,3,0,0,0,0,0,0,0,0,0,0,0,0,0,0,0,0,0,0,0,0,0,0,0,0,0,0,0,0,0,0,0,0,0,3,0,0,0,0,0,3,0,0,0,0,0,0,5,0,0,10,0,0,3,0,4,9,0,0,0,12,0,0,0,0,0,0,0,0,0,0,0,0,0,3,0,0,0,0,0,3,0,0,0,0,0,0,0,0,0,0,0,0,0,3,0,0,0,0,0,6,0,0,0,0,0,0,0,0,0,0,0,0,0,0,0,3,0,0,0,5,0,0,0,0,0,0,0,0,0,0,0,0,0,0,0,0,0,0,0,0
LGA15850,0,0,0,0,0,0,3,0,0,3,0,0,0,0,0,0,3,0,0,5,0,0,0,0,0,0,0,0,0,0,0,0,0,0,0,0,0,0,0,0,0,0,0,0,0,0,0,0,0,0,0,0,0,0,0,0,0,0,0,0,0,0,0,0,0,0,0,0,0,0,0,0,0,0,0,0,0,0,0,0,0,0,0,0,0,0,0,0,0,0,0,0,0,0,0,0,0,0,0,0,0,0,0,0,0,0,0,0,0,3,0,0,0,4,3,3,3,0,0,16,0,0,0,0,0,0,0,3,0,4,0,0,0,0,0,0,0,0,0,0,0,0,0,3,3,0,0,0,0,3,0,0,0,0,0,0,0,0,0,0,0,0,0,0,0,0,0,0,0,0,0,0,0,0,0,3,0,0,0,7,0,0,0,0,0,0,0,0,0,0,0,0,0,0,0,0,0,0,0,0
LGA15900,0,15,4,63,29,19,21,7,3,163,0,0,3,14,18,49,59,111,59,319,0,14,13,10,4,3,9,0,0,40,4,16,49,96,23,5,3,0,0,197,0,0,0,3,3,3,3,0,0,20,0,3,45,84,13,22,20,9,0,197,0,0,0,0,0,8,11,5,0,22,0,0,9,8,3,0,7,5,0,28,0,0,11,8,0,0,0,0,0,19,0,0,10,38,3,0,0,0,0,51,0,3,0,14,10,13,41,15,14,109,5,36,100,277,154,139,58,25,7,808,0,0,3,20,11,7,11,8,0,56,4,17,37,108,13,0,3,0,0,180,0,0,5,14,13,10,3,0,0,45,8,24,35,117,28,18,7,3,0,234,0,0,0,28,9,13,18,19,19,110,0,9,4,52,42,46,48,49,16,269,0,3,33,15,7,0,0,3,0,71,0,9,39,75,42,36,7,9,0,216
LGA15950,0,4,3,135,38,25,17,6,0,230,0,0,3,115,30,22,28,15,5,213,10,39,21,160,84,42,19,3,0,375,3,4,16,84,16,10,11,3,0,147,0,0,3,6,7,4,5,0,0,26,0,0,12,121,32,24,26,4,0,216,0,0,0,0,0,3,3,3,0,18,0,0,0,18,0,10,0,0,0,33,0,0,0,3,0,3,0,0,0,6,0,9,33,132,0,0,0,0,0,173,0,3,3,40,15,8,14,7,4,100,3,24,62,446,162,160,93,32,6,991,0,0,0,26,14,6,6,3,0,55,0,0,5,40,3,4,0,0,0,50,0,0,0,13,11,10,5,3,0,42,0,11,16,164,34,12,9,3,4,252,0,3,0,63,3,9,9,3,3,94,4,3,4,92,49,34,36,15,3,234,6,9,16,60,17,13,13,3,0,129,3,13,25,285,85,73,59,11,0,556
LGA15990,5,48,19,298,149,75,57,33,10,687,0,17,18,191,117,198,285,242,85,1153,4,24,40,68,58,36,19,7,3,254,4,9,34,145,38,47,26,10,0,323,0,0,0,30,37,23,18,9,5,119,0,6,15,66,57,49,45,15,0,251,0,0,0,3,7,12,7,11,0,43,0,0,0,10,6,8,3,0,0,26,0,0,0,4,3,0,7,5,0,16,0,5,55,252,4,3,3,0,0,325,4,28,23,82,89,54,130,95,56,571,18,131,198,1163,638,521,259,104,45,3083,0,0,7,53,38,20,28,18,6,168,0,0,8,27,8,5,3,0,0,48,0,0,0,27,42,23,7,11,3,112,8,44,61,264,104,65,18,15,3,573,0,6,5,58,20,51,38,9,7,194,4,44,30,229,197,154,135,70,32,894,17,72,39,42,35,26,21,5,0,262,11,98,141,712,386,219,132,44,15,1768
LGA16100,0,0,0,0,0,3,0,0,0,4,0,0,0,0,0,0,7,0,0,8,0,0,0,0,0,0,0,0,0,0,0,0,0,0,0,0,0,0,0,3,0,0,4,0,0,0,0,0,0,3,0,0,0,0,0,0,0,0,0,0,0,0,0,0,0,0,0,0,0,0,0,0,0,0,0,0,0,0,0,0,0,0,0,0,0,0,0,0,0,0,0,0,0,0,0,0,0,0,0,0,0,0,0,0,0,0,0,0,0,5,0,3,7,12,7,8,7,0,0,46,0,0,0,0,0,0,0,0,0,0,0,0,0,0,0,0,0,0,0,0,0,0,0,0,0,0,0,0,0,0,0,0,0,0,0,0,0,0,0,0,0,0,0,0,0,0,0,0,0,3,0,0,0,0,0,0,3,0,0,4,0,0,0,0,0,0,0,0,0,0,0,0,0,3,0,0,0,0,0,6
LGA16150,0,7,0,8,7,0,7,4,0,32,0,0,0,0,3,13,13,14,3,48,0,0,0,0,0,0,0,0,0,3,0,0,3,21,3,3,0,0,0,30,0,0,0,0,0,3,0,0,0,8,0,0,0,5,3,6,0,0,0,14,0,0,0,0,0,3,0,0,0,7,0,0,0,0,0,0,0,0,0,3,0,0,3,3,0,0,0,0,0,4,0,3,0,43,3,0,0,0,0,53,0,0,0,4,3,3,18,8,3,36,0,10,11,56,43,29,10,7,0,180,0,0,0,0,0,0,7,3,0,10,0,3,0,17,0,0,0,0,0,25,0,0,0,3,0,0,0,0,0,7,0,15,8,17,14,3,3,0,0,62,0,0,0,0,0,4,3,0,3,11,0,6,0,7,9,10,16,4,0,49,0,0,0,3,0,0,0,0,0,8,0,10,7,20,14,4,5,4,0,68
LGA16200,0,0,0,0,3,0,3,0,0,4,0,0,4,0,0,0,0,0,0,6,0,0,0,0,0,0,0,0,0,0,0,0,0,4,0,0,0,0,0,3,0,0,0,0,0,0,0,0,0,5,0,0,0,0,0,0,0,0,0,0,0,0,0,0,0,0,0,0,0,4,0,0,0,0,0,0,0,0,0,0,0,0,0,0,0,0,0,0,0,3,0,0,0,3,0,0,0,0,0,3,0,0,0,0,0,5,5,3,0,11,0,3,3,17,8,5,8,0,0,50,0,0,0,0,0,0,0,0,0,5,0,0,0,5,0,0,0,0,0,5,0,0,0,0,0,0,0,0,0,3,0,10,3,10,3,0,0,0,0,27,0,0,0,0,0,0,0,3,0,7,0,0,0,0,0,0,4,3,0,10,0,0,0,0,0,0,0,0,0,0,0,3,0,10,3,0,3,0,0,20
LGA16260,3,15,3,112,34,35,25,20,7,253,0,8,11,85,63,100,114,110,29,527,3,20,28,44,26,10,12,4,0,152,49,296,491,1791,783,516,226,99,14,4259,5,14,28,313,320,280,250,115,24,1361,10,53,82,426,138,163,134,49,10,1070,0,0,3,5,11,30,60,37,11,149,0,6,5,34,19,24,13,6,3,114,0,3,14,73,29,34,24,6,3,187,0,23,96,469,38,6,9,0,0,638,0,5,4,28,9,15,46,33,18,158,25,170,241,605,248,215,122,40,3,1661,0,3,0,17,11,11,20,11,4,70,30,92,126,541,71,38,8,6,0,909,0,0,9,26,11,12,7,3,0,63,23,104,122,759,222,150,70,22,4,1479,0,0,0,75,24,66,38,12,9,232,0,3,7,42,41,50,56,40,16,255,15,60,46,94,45,39,32,7,0,344,6,20,40,188,78,51,49,16,3,444
LGA16350,0,19,3,77,34,58,86,27,8,318,3,4,3,25,47,114,159,112,37,505,0,0,3,3,0,0,7,0,0,19,3,12,14,66,32,15,8,4,0,152,0,4,19,123,94,73,53,18,0,398,4,6,14,48,29,31,19,8,0,153,0,3,11,33,56,180,267,112,13,680,0,0,3,28,26,27,25,5,0,122,0,0,3,12,6,6,3,3,0,38,6,9,26,99,9,18,0,3,0,172,0,3,4,21,25,79,86,47,18,273,29,169,295,803,309,257,99,17,10,1977,0,0,0,22,29,38,47,16,0,159,12,35,48,159,50,38,16,0,0,358,0,0,4,21,10,5,0,0,0,38,14,111,148,642,290,267,106,26,0,1598,3,0,6,37,12,33,27,21,8,150,0,3,11,62,109,133,118,50,15,496,8,3,3,21,5,10,5,3,0,60,3,11,28,119,57,62,38,12,5,339
LGA16380,0,3,3,34,7,8,27,10,5,97,0,0,0,5,3,17,26,24,3,77,0,3,3,3,0,0,0,0,0,15,0,0,3,13,3,0,0,0,0,19,0,0,0,3,3,0,3,0,0,10,0,0,0,9,6,11,0,0,0,30,0,0,0,0,0,5,17,11,0,34,0,0,0,0,0,0,0,5,0,3,0,0,0,0,0,0,0,0,0,3,0,3,0,6,0,0,0,0,0,15,0,0,0,9,6,19,52,37,14,141,0,18,15,122,85,84,110,62,10,520,0,4,0,7,7,3,10,12,0,45,0,0,0,6,0,0,0,0,0,9,0,0,0,11,11,0,0,0,0,20,0,5,9,20,7,13,3,0,0,59,0,3,0,0,3,4,0,3,4,17,0,9,0,13,19,30,70,47,8,191,0,3,0,0,0,0,4,0,0,7,0,5,12,36,21,21,18,10,5,127
LGA16400,0,3,0,17,15,5,7,9,0,56,0,0,3,4,8,12,32,19,3,80,0,4,0,3,0,0,0,0,0,6,3,0,6,14,6,0,0,0,0,24,0,0,0,0,0,3,0,0,0,4,0,4,0,28,15,10,3,0,0,57,0,0,0,3,4,12,15,4,0,39,0,0,0,6,9,6,0,3,0,29,0,0,0,0,0,0,0,0,0,3,0,3,0,6,0,0,0,0,0,6,0,0,0,6,12,8,45,27,8,116,3,17,15,105,91,89,79,22,6,433,0,0,0,3,4,7,5,3,5,26,0,0,0,13,0,0,0,0,0,15,0,0,0,5,4,3,3,0,0,18,0,20,6,25,6,0,3,0,0,68,0,0,0,3,0,9,8,3,3,26,0,3,9,11,24,31,65,45,6,195,0,0,0,3,0,0,0,0,0,8,0,22,11,30,21,17,25,12,0,144
LGA16490,3,4,0,27,5,8,11,0,0,63,0,0,0,12,11,44,50,64,19,211,0,0,0,3,3,0,0,0,0,8,0,0,3,9,3,4,0,0,0,18,0,0,0,4,3,0,3,0,0,10,0,0,4,18,14,14,3,0,0,53,0,0,0,0,0,10,24,11,3,44,0,0,0,0,3,3,0,0,0,5,0,0,0,4,3,0,0,0,0,7,0,0,0,53,3,0,0,0,0,61,0,3,0,10,3,8,22,8,4,54,6,29,48,136,88,81,37,6,0,424,0,0,0,3,4,9,3,0,0,21,0,0,7,52,3,4,0,0,0,63,0,0,0,13,20,5,0,0,0,33,0,33,31,72,25,9,0,3,0,167,0,0,0,13,0,6,8,4,0,37,0,0,0,7,28,33,24,12,0,106,0,0,0,10,6,0,3,0,0,21,5,11,13,34,25,12,10,3,0,101
LGA16550,4,16,48,1154,122,45,44,14,13,1453,3,14,29,180,41,44,105,107,51,579,0,13,21,53,28,16,3,5,0,136,4,16,57,126,23,18,8,9,0,259,0,4,5,34,46,32,27,18,6,179,0,8,333,252,87,102,79,40,6,906,0,0,0,3,3,13,48,25,16,113,0,0,0,23,10,14,10,3,0,67,0,0,34,13,7,3,0,3,0,59,4,0,12,55,0,0,0,0,0,76,3,7,7,60,24,18,19,10,4,143,14,42,103,584,288,205,93,41,5,1384,0,0,10,61,21,5,19,11,3,133,3,0,44,89,4,8,3,0,0,150,0,0,0,18,29,8,4,4,0,59,0,16,77,232,54,35,14,7,3,433,0,4,0,80,23,52,33,14,21,228,0,17,12,173,66,75,61,18,11,428,5,20,121,130,27,21,11,6,5,346,0,30,103,308,231,91,52,46,19,877
LGA16610,0,0,0,4,3,0,4,0,0,16,0,0,0,0,0,4,4,3,3,19,0,0,0,0,0,0,0,0,0,0,0,0,0,0,0,0,0,0,0,0,0,0,0,0,0,0,0,0,0,3,0,0,0,3,0,0,0,0,0,3,0,0,0,0,0,0,7,0,0,6,0,0,0,0,0,0,0,0,0,0,0,0,0,0,3,0,0,0,0,3,0,0,0,0,0,0,0,0,0,0,0,0,0,3,0,8,13,10,0,32,0,4,8,17,14,30,18,5,0,92,0,0,0,0,0,0,0,0,0,4,0,0,0,0,0,0,0,0,0,3,0,0,0,0,0,4,0,0,0,3,0,5,3,7,3,0,0,0,0,13,0,0,0,0,0,0,0,0,0,0,0,0,0,0,4,3,4,8,0,20,0,0,0,0,0,0,0,0,0,3,0,0,3,3,3,3,3,0,0,16
LGA16650,0,6,6,92,39,9,16,6,7,192,0,0,17,76,36,72,125,159,87,574,0,3,9,55,10,10,6,3,0,94,0,7,15,84,24,12,6,0,0,142,4,28,57,439,385,257,159,54,17,1396,0,8,17,142,36,43,35,10,0,293,0,0,0,10,14,32,56,32,9,145,0,0,0,20,10,10,11,6,0,57,0,0,7,12,9,0,9,0,0,28,7,35,506,1559,44,10,0,0,0,2176,0,0,3,9,10,6,12,10,4,48,10,44,98,352,179,138,50,13,7,890,0,4,3,21,4,4,4,9,0,42,0,3,28,83,24,15,3,3,0,157,0,0,0,10,4,8,3,0,0,28,6,49,73,422,125,86,27,10,3,801,0,0,0,93,22,14,16,3,0,150,0,3,3,23,15,28,19,11,7,107,0,5,20,52,10,17,9,4,0,109,0,3,13,51,33,19,11,0,0,133
LGA16700,0,7,3,84,52,24,13,13,8,195,8,10,17,87,70,111,217,210,111,837,3,18,28,61,32,17,18,3,0,181,21,98,290,1043,293,222,130,41,9,2138,3,6,4,65,77,73,89,54,15,392,9,22,66,283,84,94,72,29,10,664,0,0,0,0,4,9,26,20,5,63,0,0,9,11,8,17,5,4,0,57,0,0,6,29,14,6,14,4,3,80,0,7,41,201,3,0,0,0,0,252,0,0,7,11,14,6,16,13,3,71,11,38,79,251,156,136,59,22,8,748,0,0,0,6,8,3,3,4,0,33,8,5,42,147,18,15,3,3,0,242,0,0,0,12,21,13,6,0,0,58,7,84,72,444,101,90,49,11,3,858,0,0,5,50,20,25,16,3,3,118,0,3,3,22,22,38,31,24,13,171,14,29,31,102,24,28,10,10,0,251,4,6,29,127,51,36,29,7,8,306
LGA16900,0,3,0,10,7,12,12,15,0,64,0,0,0,5,35,50,62,47,22,222,0,0,0,3,6,0,0,0,0,14,0,3,5,9,3,0,0,0,0,20,0,0,0,3,0,12,3,0,0,24,0,0,3,8,3,0,0,0,0,21,0,0,0,4,6,38,65,18,5,130,0,0,0,0,0,4,0,0,0,5,0,0,0,0,0,0,0,0,0,3,0,0,0,0,0,0,0,0,0,0,0,0,0,0,3,16,60,26,13,119,3,5,29,108,60,58,29,3,0,303,0,0,0,3,4,3,6,4,4,31,0,0,0,11,3,0,0,0,0,18,0,0,0,6,3,0,3,0,0,18,0,6,3,33,15,8,4,0,0,68,0,0,0,8,3,7,20,0,3,38,0,6,0,12,50,74,63,32,8,258,0,0,3,3,0,0,0,0,0,10,3,9,11,43,15,15,9,3,3,111
LGA16950,0,3,0,16,8,14,19,17,3,80,0,0,3,3,12,31,70,53,9,193,0,3,0,0,0,3,0,0,0,12,0,5,7,18,4,0,0,3,0,28,0,0,0,5,11,3,4,0,0,30,0,0,3,7,10,8,3,3,0,31,0,0,0,3,6,27,51,33,4,127,0,0,0,0,0,7,12,3,0,24,0,0,0,0,0,0,0,0,0,3,0,0,0,21,3,0,0,0,0,21,0,3,0,5,10,35,89,52,7,200,3,22,37,129,107,113,131,50,11,598,0,0,0,3,10,5,25,5,0,42,3,3,0,9,0,0,0,0,0,12,0,0,0,6,14,6,0,4,0,32,0,13,16,37,4,3,0,0,0,79,0,0,0,6,0,11,5,12,3,44,0,3,3,10,24,57,87,50,14,257,0,0,0,6,7,3,0,0,0,23,0,3,3,17,19,17,29,8,0,104
LGA17000,0,0,0,7,0,0,10,0,0,24,0,0,0,0,0,3,3,0,0,9,0,0,0,0,0,0,0,0,0,0,0,0,5,0,0,0,0,0,0,4,0,0,0,0,0,0,0,0,0,0,0,0,3,6,0,0,0,0,0,9,0,0,0,0,0,0,5,0,0,4,0,0,0,0,0,0,0,0,0,0,0,0,0,0,0,3,0,0,0,3,0,0,0,0,0,0,0,0,0,0,0,0,3,3,3,5,11,0,0,31,0,18,18,46,67,30,21,11,0,205,0,0,0,0,0,0,0,0,0,3,0,0,0,6,0,0,0,0,0,9,0,0,0,6,0,0,0,0,0,15,3,15,9,19,3,0,0,0,0,47,0,0,0,0,0,0,0,0,0,3,0,0,0,0,0,13,0,3,0,19,0,0,0,0,0,3,0,0,0,3,0,6,12,20,12,7,0,0,0,57
LGA17040,0,3,0,0,0,0,7,5,0,14,0,0,0,6,3,6,14,13,4,45,0,0,0,0,0,0,0,0,0,3,0,0,0,4,0,0,0,0,0,10,0,0,0,0,0,3,4,0,0,12,0,0,0,3,0,0,0,0,0,6,0,0,0,0,0,0,0,0,0,4,0,0,0,0,0,0,0,0,0,0,0,0,0,0,0,0,0,0,0,0,0,0,0,0,0,0,0,0,0,0,0,0,0,3,0,5,16,10,5,38,0,4,6,43,35,25,20,6,0,133,0,0,0,0,0,0,6,0,0,9,0,0,0,4,0,0,0,0,0,7,0,0,0,4,0,3,0,0,0,5,0,0,3,3,4,0,0,0,0,13,0,0,0,4,0,0,0,3,0,11,0,0,0,6,6,5,18,7,4,44,0,0,0,0,0,0,0,0,0,3,0,4,3,3,3,4,3,0,0,26
LGA17080,0,0,0,0,3,0,0,0,0,6,0,0,0,0,0,0,5,4,0,9,0,0,0,0,0,0,0,0,0,0,0,0,0,0,0,0,0,0,0,4,0,0,0,4,0,0,0,0,0,3,0,0,0,3,3,0,0,0,0,6,0,0,0,0,0,0,0,0,0,0,0,0,0,0,0,0,0,0,0,0,0,0,0,0,0,0,0,0,0,0,0,0,0,0,0,0,0,0,0,0,0,0,0,0,0,5,10,4,7,26,0,5,9,37,23,20,14,0,0,103,0,0,0,0,0,0,3,0,0,6,0,0,0,4,0,0,0,0,0,5,0,0,0,0,0,0,0,0,0,0,0,3,0,9,0,0,0,0,0,15,0,0,0,0,0,4,0,0,0,7,0,0,0,0,0,4,6,0,0,15,0,0,0,0,0,0,0,0,0,3,0,9,6,17,12,3,0,0,0,46
LGA17100,0,3,13,40,12,4,5,3,0,77,0,3,5,33,19,31,61,53,29,226,0,3,5,8,4,7,4,0,0,28,11,53,257,685,230,153,66,31,3,1488,0,0,8,58,93,70,62,30,7,333,0,6,14,60,24,26,27,15,0,170,0,0,0,0,0,3,0,3,0,11,0,0,0,10,0,6,0,0,0,16,0,5,5,14,13,5,4,3,0,47,3,10,181,471,12,10,0,3,0,686,0,0,0,0,0,0,0,3,0,8,0,12,34,61,18,24,17,8,0,171,0,0,0,4,4,0,0,0,0,13,3,10,42,70,28,13,6,0,0,163,0,0,3,4,0,3,3,0,0,21,5,7,18,136,40,17,8,0,3,235,0,0,0,10,0,5,4,4,0,34,0,0,0,3,0,4,10,7,3,22,3,4,6,21,3,12,10,9,0,55,0,0,4,15,10,4,5,5,0,48
LGA17150,5,31,7,177,89,43,39,19,12,428,0,4,10,50,79,108,171,133,46,613,0,8,12,17,14,4,0,0,0,57,0,7,15,36,11,9,3,6,0,85,0,0,3,55,76,83,79,15,8,320,3,3,11,60,34,54,39,21,4,238,0,0,3,5,9,38,74,33,7,181,0,0,0,3,21,28,12,3,0,70,0,0,0,3,0,0,4,0,0,18,0,7,17,67,13,0,0,0,0,112,0,5,6,35,19,35,77,45,30,259,14,69,140,618,357,282,127,45,13,1664,0,0,5,19,24,19,30,14,6,122,3,5,4,25,7,5,7,0,0,59,0,0,0,17,20,14,6,5,3,70,3,39,32,163,54,55,17,7,0,377,0,0,3,54,20,43,24,13,3,160,0,11,6,76,86,104,103,69,16,474,5,16,10,29,18,26,19,3,0,122,3,23,51,190,115,84,78,25,5,580
LGA17200,0,3,33,872,112,50,41,14,5,1136,0,3,127,752,67,55,83,46,23,1147,8,9,121,326,112,37,13,8,0,630,6,14,368,1103,73,34,13,18,0,1628,0,0,15,91,39,30,47,19,5,257,0,9,170,654,141,99,66,13,3,1148,0,0,0,10,8,7,27,14,5,73,0,0,10,40,15,9,4,3,0,85,0,0,53,34,13,11,4,3,0,114,0,0,52,154,16,8,0,0,0,227,3,3,24,166,34,33,35,11,13,314,11,29,218,1472,585,448,211,48,20,3042,0,0,9,94,30,8,14,7,0,169,0,0,46,110,8,3,3,0,0,172,0,0,6,46,25,12,6,4,0,97,0,14,66,544,111,50,27,8,3,819,3,0,11,177,16,32,30,16,0,288,0,0,39,298,100,78,52,22,3,597,3,10,97,329,61,41,26,8,0,578,3,3,55,411,102,81,50,17,0,717
LGA17310,0,3,0,8,3,7,7,0,0,27,0,3,0,0,4,5,3,3,3,22,0,0,0,0,0,0,0,0,0,5,0,3,58,59,0,0,0,0,0,118,0,0,0,0,0,3,0,0,0,5,0,0,0,16,3,0,0,4,0,18,0,0,0,0,0,0,5,0,0,12,0,0,0,0,0,0,0,0,0,0,0,0,10,17,0,0,0,0,0,24,0,0,3,15,3,0,0,0,0,26,0,0,3,0,0,8,14,10,4,36,0,12,16,62,44,42,29,5,4,210,0,0,0,0,0,3,0,0,0,7,0,0,0,13,0,3,0,0,0,20,0,0,3,12,8,3,0,0,0,25,3,29,37,87,24,0,0,0,0,179,0,0,0,3,0,3,3,0,0,8,0,3,0,3,10,11,23,3,4,58,0,3,3,3,8,0,0,0,0,23,4,9,8,24,19,9,0,0,0,66
LGA17350,0,0,0,0,0,0,0,0,0,0,0,0,0,0,0,0,3,0,0,3,0,0,0,0,0,0,0,0,0,0,0,0,0,0,0,0,0,0,0,0,0,0,0,0,0,0,0,0,0,0,0,0,0,0,0,0,0,0,0,0,0,0,0,0,0,0,0,0,0,0,0,0,0,0,0,0,0,0,0,0,0,0,0,0,0,0,0,0,0,0,0,0,0,0,0,0,0,0,0,0,0,0,0,0,0,0,3,0,0,4,0,0,0,3,0,0,0,3,0,9,0,0,0,0,0,0,0,0,0,0,0,0,0,0,0,0,0,0,0,0,0,0,0,0,0,0,0,0,0,0,0,4,3,4,3,0,0,0,0,15,0,0,0,0,0,0,0,0,0,0,0,0,0,0,0,0,0,0,0,3,0,0,0,0,0,0,0,0,0,0,0,0,0,0,0,0,0,0,0,0
LGA17400,0,0,0,0,0,0,5,0,0,7,0,0,0,0,0,3,4,6,0,8,0,3,0,0,0,0,0,0,0,3,0,0,0,0,0,0,0,0,0,0,0,0,0,0,0,0,0,0,0,0,0,0,0,0,0,0,0,0,0,0,0,0,0,0,0,0,0,0,0,0,0,0,0,0,0,0,0,0,0,0,0,0,0,0,0,0,0,0,0,0,0,0,0,0,0,0,0,0,0,0,0,0,0,0,0,7,8,0,0,15,0,0,0,5,13,15,11,0,0,42,0,0,0,0,0,0,0,0,0,0,0,0,0,0,0,0,0,0,0,0,0,0,0,0,0,3,0,0,0,3,0,0,0,0,3,0,0,0,0,3,0,0,0,0,0,0,3,0,0,3,0,0,0,0,3,0,7,0,0,9,0,0,0,0,0,0,0,0,0,0,0,0,0,3,0,0,0,0,0,8
LGA17420,0,32,14,87,52,43,40,22,3,303,0,9,7,46,58,130,199,117,50,615,3,12,20,10,13,7,3,3,0,63,5,125,134,411,251,139,65,31,4,1174,0,0,13,83,119,85,74,24,5,402,18,39,55,220,104,153,146,31,6,774,0,0,0,11,20,42,86,50,9,227,0,3,3,14,23,12,12,7,3,82,0,0,0,21,11,12,14,4,3,78,0,0,3,46,15,3,0,0,0,72,0,3,8,18,24,35,55,29,14,196,9,101,168,318,242,195,109,33,0,1172,0,0,0,13,19,16,11,10,3,74,3,31,34,143,60,47,21,0,3,340,0,0,5,23,19,15,3,0,0,63,3,46,88,335,199,216,122,22,4,1035,0,0,3,46,29,68,27,9,0,184,0,11,13,53,61,66,62,34,8,301,3,54,35,67,39,42,32,7,0,278,11,138,185,365,258,174,73,17,5,1224
LGA17550,3,9,3,21,20,11,20,16,5,99,0,3,3,11,12,22,41,31,13,120,0,4,4,34,8,0,7,3,0,56,0,3,5,7,0,3,0,0,0,23,0,0,0,0,0,3,4,0,0,6,0,0,0,6,13,10,4,0,0,34,0,0,0,0,0,10,17,13,3,37,0,0,0,5,3,3,8,0,0,18,0,0,0,0,0,0,0,0,0,3,0,0,3,10,0,0,0,0,0,13,0,0,3,6,8,28,55,45,14,160,4,57,58,322,196,224,191,112,30,1195,0,0,0,5,10,7,10,17,6,52,0,0,0,7,0,0,0,0,0,16,0,0,3,19,23,8,4,4,0,56,3,26,19,36,16,3,3,0,0,106,0,0,0,5,0,8,8,4,3,33,4,3,3,9,34,36,73,67,28,258,0,4,0,4,12,6,3,0,0,28,0,9,13,47,27,26,22,15,0,154
LGA17620,0,5,3,16,3,9,3,3,0,38,0,0,0,0,0,0,5,3,0,7,0,0,0,0,0,0,0,0,0,3,0,0,0,3,0,0,0,0,0,5,0,0,0,0,3,0,0,0,0,3,0,0,0,0,0,0,0,0,0,0,0,0,0,0,0,0,0,0,0,4,0,0,0,0,0,0,0,0,0,0,0,0,0,0,0,0,0,0,0,0,0,0,0,0,0,0,0,0,0,0,0,0,0,0,0,3,4,4,0,10,0,3,9,23,18,8,21,6,0,88,0,0,0,0,0,0,0,0,0,3,0,0,0,4,0,0,0,0,0,4,0,0,0,0,3,0,0,0,0,3,0,3,0,27,3,0,0,0,0,33,0,0,0,0,0,0,0,0,0,0,0,0,0,3,3,3,4,0,3,20,0,0,0,0,0,0,0,0,0,0,0,8,0,5,5,0,3,0,0,24
LGA17640,0,0,0,0,0,0,0,0,0,4,0,0,0,0,0,0,5,0,0,8,0,0,0,0,0,0,0,0,0,0,0,0,0,0,0,0,0,0,0,0,0,0,0,0,0,0,0,0,0,0,0,0,0,0,0,0,0,0,0,0,0,0,0,0,0,0,0,0,0,3,0,0,0,0,0,0,0,0,0,0,0,0,0,0,0,0,0,0,0,0,0,0,0,0,0,0,0,0,0,0,0,0,0,0,0,0,3,3,0,12,0,0,3,7,5,6,9,0,0,32,0,0,0,0,0,0,0,0,0,3,0,0,0,0,0,0,0,0,0,0,0,0,0,3,0,0,0,0,0,3,0,0,0,0,0,0,0,0,0,3,0,0,0,0,0,0,0,0,0,0,0,0,0,0,0,5,5,0,0,11,0,0,0,0,0,0,0,0,0,0,0,0,0,0,0,0,0,0,0,4
LGA17650,0,0,0,0,0,0,0,0,0,3,0,0,0,0,0,0,0,0,3,6,0,0,0,0,0,0,0,0,0,0,0,0,0,0,0,0,0,0,0,0,0,0,0,0,0,0,0,0,0,0,0,0,0,0,0,0,0,0,0,0,0,0,0,0,0,0,0,0,0,0,0,0,0,0,0,0,0,0,0,0,0,0,0,0,0,0,0,0,0,0,0,0,0,0,0,0,0,0,0,0,0,0,0,0,0,4,5,0,0,13,0,0,0,7,5,7,4,0,0,24,0,0,0,0,0,0,0,0,0,0,0,0,0,0,0,0,0,0,0,0,0,0,0,0,0,0,0,0,0,5,0,0,0,0,0,0,0,0,0,0,0,0,0,0,0,0,0,0,0,0,0,0,0,0,3,0,3,0,0,6,0,0,0,0,0,0,0,0,0,0,0,0,0,5,0,0,0,0,0,10
LGA17750,0,10,0,7,6,3,6,3,0,31,0,0,0,0,0,6,12,6,4,28,0,0,3,3,0,0,0,0,0,9,0,4,0,13,0,0,0,0,0,21,0,0,0,0,0,0,0,0,0,3,3,9,0,21,4,3,4,0,0,46,0,0,0,0,0,0,0,0,0,3,0,0,0,3,0,3,0,0,0,3,3,7,12,50,6,0,0,0,0,79,0,7,3,26,3,3,0,0,0,40,0,0,3,5,3,10,19,6,7,55,0,18,27,64,53,35,27,4,3,237,0,0,0,0,0,4,4,7,0,14,4,8,3,26,5,3,0,0,0,51,3,0,0,3,8,3,0,0,0,14,3,34,20,136,10,3,3,0,0,205,0,0,0,3,3,0,0,0,0,13,0,0,13,12,18,10,14,6,3,63,3,0,0,0,3,0,0,0,0,7,0,12,22,35,19,13,9,3,0,119
LGA17850,0,0,0,0,0,0,0,0,0,0,0,0,0,0,0,0,0,0,0,0,0,0,0,0,0,0,0,0,0,0,0,0,0,0,0,0,0,0,0,0,0,0,0,0,0,0,0,0,0,0,0,0,0,0,0,0,0,0,0,0,0,0,0,0,0,0,0,0,0,0,0,0,0,0,0,0,0,0,0,0,0,0,0,0,0,0,0,0,0,0,0,0,0,0,0,0,0,0,0,0,0,0,0,0,0,0,4,0,0,4,0,0,0,3,5,3,3,0,0,16,0,0,0,0,0,0,0,0,0,0,0,0,0,0,0,0,0,0,0,0,0,0,0,0,0,0,0,0,0,0,0,0,0,0,0,0,0,0,0,0,0,0,0,0,0,0,0,0,0,0,0,0,0,0,0,0,0,4,0,4,0,0,0,0,0,0,0,0,0,0,0,0,0,0,0,0,0,0,0,0
LGA17900,0,0,0,0,0,0,0,0,0,0,0,0,0,0,0,0,3,0,0,3,0,0,0,0,0,0,0,0,0,0,0,0,0,0,0,0,0,0,0,0,0,0,0,0,0,0,0,0,0,0,0,0,0,0,0,0,0,0,0,0,0,0,0,0,0,0,0,0,0,0,0,0,0,0,0,0,0,0,0,0,0,0,0,0,0,0,0,0,0,0,0,0,0,3,0,0,0,0,0,3,0,0,3,0,0,0,7,0,0,6,0,3,0,8,0,9,4,3,0,27,0,0,0,0,0,0,0,3,0,6,0,0,0,8,0,0,0,0,0,5,0,0,0,0,0,0,0,0,0,0,0,0,0,0,0,0,0,0,0,4,0,0,0,0,0,0,0,0,0,0,0,0,0,4,0,0,0,0,0,11,0,0,0,0,0,0,0,0,0,0,0,0,0,0,3,0,0,0,0,4
LGA17950,0,0,0,0,0,0,0,0,0,3,0,0,0,0,0,0,0,0,0,0,0,0,0,0,0,0,0,0,0,0,0,0,0,0,0,0,0,0,0,0,0,0,0,0,0,0,0,0,0,0,0,0,0,0,0,0,0,0,0,0,0,0,0,0,0,0,0,0,0,0,0,0,0,0,0,0,0,0,0,0,0,0,0,0,0,0,0,0,0,0,0,0,0,0,0,0,0,0,0,0,0,0,0,0,0,0,0,0,0,0,0,0,0,0,3,0,3,3,0,10,0,0,0,0,0,0,0,0,0,0,0,0,0,0,0,0,0,0,0,0,0,0,0,0,0,0,0,0,0,0,0,0,0,3,0,0,0,0,0,3,0,0,0,0,0,0,0,0,0,0,0,0,0,0,0,0,0,0,0,3,0,0,0,0,0,0,0,0,0,0,0,0,0,3,0,0,0,0,0,3
LGA18020,0,0,0,0,0,0,0,0,0,3,0,0,0,0,0,0,0,3,0,7,0,0,0,0,0,0,0,0,0,0,0,0,0,4,0,0,0,0,0,7,0,0,0,0,0,0,0,0,0,0,0,0,0,0,0,0,0,0,0,3,0,0,0,0,0,0,0,0,0,0,0,0,0,0,0,0,0,0,0,0,0,0,0,0,0,0,0,0,0,0,0,0,0,0,0,0,0,0,0,0,0,0,0,0,0,0,10,0,0,15,0,0,0,0,0,3,12,0,0,26,0,0,0,0,0,0,0,0,0,0,0,0,0,3,0,0,0,0,0,3,0,0,0,0,0,0,0,0,0,0,0,0,0,3,0,0,0,0,0,4,0,0,0,0,0,0,0,0,0,0,0,0,0,0,3,3,6,0,0,11,0,0,0,0,0,0,0,0,0,0,0,0,0,0,3,0,3,0,0,5
LGA18050,0,6,16,414,46,19,14,8,6,522,4,3,25,279,29,17,28,35,18,443,0,0,11,41,12,4,8,3,0,90,0,9,5,32,3,7,0,3,0,56,0,0,0,13,8,3,6,8,0,40,0,0,3,20,13,11,4,0,0,51,0,0,0,3,0,4,15,8,3,31,0,0,0,8,3,0,3,0,0,13,0,0,0,0,0,0,0,0,0,5,0,0,4,25,0,0,0,0,0,29,0,3,0,42,9,11,6,9,3,86,0,18,35,479,177,100,39,23,5,883,0,0,0,34,6,4,6,0,0,50,0,0,0,9,3,5,0,0,0,13,0,0,0,13,12,0,0,0,0,24,0,15,9,91,19,14,4,3,0,147,0,0,0,53,0,23,24,10,24,135,0,0,7,86,29,29,19,13,3,192,3,14,5,22,7,19,14,11,3,95,5,27,99,503,299,233,122,58,33,1377
LGA18100,0,0,0,0,0,0,0,0,0,0,0,0,0,0,0,0,0,0,0,3,0,0,0,0,0,0,0,0,0,0,0,0,0,0,0,0,0,0,0,0,0,0,0,0,0,0,0,0,0,0,0,0,0,0,0,0,0,0,0,3,0,0,0,0,0,0,3,0,0,3,0,0,0,0,0,0,0,0,0,0,0,0,0,0,0,0,0,0,0,0,0,0,0,0,0,0,0,0,0,0,0,0,0,0,0,0,0,0,0,0,0,0,0,0,3,3,0,0,0,8,0,0,0,0,0,0,0,0,0,0,0,0,0,0,0,0,0,0,0,0,0,0,0,0,0,0,0,0,0,0,0,0,0,3,0,0,0,0,0,4,0,0,0,0,0,0,0,0,0,0,0,0,0,0,0,0,0,0,0,6,0,0,0,0,0,0,0,0,0,0,0,0,0,0,0,0,0,0,0,0
LGA18200,0,0,0,0,0,0,0,0,0,0,0,0,0,0,0,4,11,8,0,27,0,0,0,0,0,0,0,0,0,0,0,0,0,0,0,0,0,0,0,0,0,0,0,0,0,0,0,0,0,0,0,0,0,3,0,0,0,0,0,3,0,0,0,0,0,0,0,0,0,3,0,0,0,0,0,0,0,0,0,0,0,0,0,0,0,0,0,0,0,0,0,0,0,0,0,0,0,0,0,0,0,0,0,0,0,0,3,0,0,7,0,0,8,8,8,9,6,0,0,40,0,3,0,0,0,0,0,0,0,5,0,0,0,0,0,0,0,0,0,0,0,0,0,0,0,0,0,0,0,0,0,0,0,0,0,0,0,0,0,4,0,0,0,0,0,0,0,0,0,0,0,0,0,0,3,0,4,0,0,5,0,0,0,0,0,0,0,0,0,0,0,0,0,0,0,0,0,0,0,0
LGA18230,0,3,0,15,0,3,4,3,0,28,0,0,0,0,0,0,10,3,4,17,0,3,0,0,0,0,0,0,0,5,0,0,4,22,0,0,0,0,0,30,0,0,0,5,0,0,7,3,0,16,0,0,0,11,6,4,0,0,0,21,0,0,0,0,0,3,3,0,0,9,0,0,0,0,0,0,0,0,0,4,0,0,0,3,0,0,0,0,0,3,0,7,3,100,0,0,0,0,0,108,0,0,0,3,0,0,14,6,7,23,0,16,17,58,38,27,38,3,3,207,0,3,4,3,3,0,4,0,0,17,3,4,5,26,4,3,0,0,0,39,0,0,0,0,3,3,0,0,0,6,0,17,3,32,18,0,0,0,0,68,0,0,0,0,0,0,0,0,0,3,0,0,4,10,3,4,7,6,3,37,0,0,3,0,0,0,4,0,0,12,0,0,8,15,7,14,4,0,0,38
LGA18250,0,8,0,71,43,22,19,6,10,170,0,0,5,27,16,26,39,71,40,225,25,91,38,195,132,47,29,3,0,561,9,53,181,487,154,56,37,14,0,991,0,0,3,22,23,25,26,20,4,121,3,17,30,207,64,65,49,24,9,456,0,0,0,0,0,0,0,0,0,10,0,0,0,9,4,8,3,0,0,19,0,0,3,3,0,0,3,0,3,14,0,5,33,153,5,0,0,3,0,193,0,10,5,21,18,13,11,11,6,81,8,41,49,211,155,114,65,10,11,665,0,0,0,9,11,5,3,0,0,36,7,7,7,33,6,3,6,0,0,70,0,3,3,20,30,25,18,18,11,118,3,22,24,197,42,23,13,3,0,333,0,0,3,35,8,13,9,6,7,78,0,7,3,28,39,18,18,9,3,130,18,48,15,75,30,18,14,8,0,218,4,11,28,141,48,54,36,11,7,343
LGA18350,0,3,0,13,11,12,21,10,0,70,0,0,4,14,11,20,33,14,7,110,0,0,0,3,0,0,0,0,0,9,0,0,4,4,0,0,0,0,0,14,3,0,0,3,8,0,5,0,0,16,0,0,4,0,3,4,8,0,0,15,0,0,0,0,0,7,20,6,0,32,0,0,0,3,0,0,0,0,0,7,0,0,0,0,0,0,0,0,0,4,0,3,0,63,0,0,0,0,0,65,0,0,0,3,5,20,38,21,3,92,0,4,11,55,59,67,83,31,3,317,0,0,0,0,10,4,14,3,0,31,0,0,0,0,0,0,0,3,0,3,0,0,0,0,3,0,0,0,0,10,0,6,7,15,3,3,0,0,0,46,0,0,0,4,4,5,17,3,3,32,0,0,0,10,21,30,53,32,10,162,0,10,0,0,0,0,3,7,0,18,0,5,9,25,19,18,21,13,0,106
LGA18400,0,0,4,21,14,20,18,4,0,80,0,0,0,4,15,25,45,23,7,120,0,0,3,0,0,0,0,0,0,3,0,0,0,5,3,0,0,0,0,9,0,0,0,13,21,23,7,9,0,63,0,0,0,3,4,3,0,0,0,12,0,0,0,3,4,34,39,8,0,91,0,0,0,4,3,0,4,0,0,11,0,0,0,0,0,0,0,3,0,3,0,0,0,0,0,0,0,0,0,4,0,0,0,4,3,21,21,9,5,69,0,8,8,76,58,44,22,13,0,229,0,0,0,11,3,7,8,5,3,33,0,0,0,3,0,0,0,0,0,11,0,0,0,5,3,3,0,0,0,13,0,3,3,7,3,0,0,0,0,21,0,0,0,3,5,7,8,0,0,18,0,0,0,15,20,36,24,14,3,116,0,0,0,0,4,7,0,0,0,7,0,7,7,32,19,7,11,4,0,75
LGA18450,0,33,4,70,43,24,32,34,4,252,0,5,10,53,73,231,300,406,191,1263,5,7,5,18,3,3,0,0,0,44,0,14,28,61,27,14,3,3,0,149,5,6,15,99,73,57,45,13,15,320,0,5,102,39,15,26,16,10,3,212,0,3,0,3,22,40,70,61,10,214,0,0,0,3,3,8,0,4,0,19,3,6,19,41,13,7,3,3,0,97,3,0,11,27,3,0,3,0,0,47,0,3,4,14,23,50,157,82,30,370,11,72,111,355,230,152,89,40,15,1063,0,10,3,12,16,14,25,12,3,87,0,12,58,92,11,8,4,0,0,182,0,3,8,14,19,11,3,0,0,51,4,40,30,140,35,39,14,0,3,307,0,0,0,34,8,44,24,25,14,152,0,6,14,43,132,150,179,131,43,702,12,5,4,13,7,10,3,3,0,54,0,11,35,110,50,41,26,16,3,285
LGA18500,0,4,5,149,18,12,9,7,0,202,0,0,7,75,21,13,28,27,10,184,3,3,5,14,7,3,9,0,0,40,0,5,6,19,14,7,3,0,0,51,0,0,0,12,18,5,6,4,0,44,0,0,5,37,19,22,17,7,0,108,0,0,0,0,0,3,6,0,0,13,0,0,0,7,0,0,0,0,0,7,0,0,0,4,0,0,0,3,0,8,4,0,7,4,0,0,0,0,0,14,0,3,0,30,6,6,18,3,0,65,0,21,49,231,135,121,76,22,8,660,0,0,0,10,4,3,3,4,0,31,0,0,0,8,4,0,0,0,0,8,0,4,6,11,9,5,0,0,0,28,0,7,7,42,12,6,3,0,0,82,0,0,0,29,0,13,28,15,23,107,0,0,4,59,35,18,13,14,4,147,5,23,16,27,13,12,7,3,0,107,6,21,49,304,160,206,162,65,29,1006
LGA18710,0,3,0,6,0,3,3,0,0,22,0,0,0,3,0,4,7,3,0,9,0,0,0,0,0,0,0,0,0,0,0,0,0,0,0,0,0,0,0,0,0,0,0,0,0,0,0,0,0,3,0,0,0,3,3,0,0,0,0,6,0,0,0,0,0,0,3,0,0,6,0,0,0,0,0,0,0,0,0,0,0,0,0,0,0,0,0,0,0,0,0,0,0,0,0,0,0,0,0,0,0,0,0,7,0,5,8,3,4,28,0,3,6,27,18,12,11,3,0,84,0,0,0,0,3,0,0,0,0,5,0,0,0,0,0,0,0,0,0,4,0,0,0,3,3,5,0,0,0,8,0,0,0,3,0,0,0,0,0,9,0,0,0,0,0,4,0,0,0,4,0,0,0,4,8,3,5,0,0,27,0,0,0,0,0,0,0,0,0,3,0,0,4,10,8,4,3,0,0,19
LGA19399,0,0,0,0,0,0,0,0,0,0,0,0,0,0,0,0,0,0,0,0,0,0,0,0,0,0,0,0,0,0,0,0,0,0,0,0,0,0,0,0,0,0,0,0,0,0,0,0,0,0,0,0,0,0,0,0,0,0,0,0,0,0,0,0,0,0,0,0,0,0,0,0,0,0,0,0,0,0,0,0,0,0,0,0,0,0,0,0,0,0,0,0,0,0,0,0,0,0,0,0,0,0,0,0,0,0,0,0,0,0,0,0,0,8,3,0,0,0,0,14,0,0,0,0,0,0,0,0,0,0,0,0,0,0,0,0,0,0,0,0,0,0,0,0,0,0,0,0,0,0,0,0,0,0,0,0,0,0,0,0,0,0,0,0,0,0,0,0,0,0,0,0,0,0,0,0,0,0,0,0,0,0,0,0,0,0,0,0,0,0,0,0,0,0,0,0,0,0,0,0
LGA19499,0,0,6,11,3,0,3,0,0,31,0,0,5,17,3,5,3,0,0,35,0,0,0,0,0,0,0,0,0,6,0,0,4,7,0,0,0,0,0,18,0,0,0,13,8,0,3,0,0,32,0,0,0,7,3,3,0,0,0,17,0,0,0,0,0,0,3,0,0,3,0,0,0,0,0,3,0,0,0,3,0,0,0,4,0,0,0,0,0,6,0,0,5,10,0,0,0,0,0,13,0,0,3,6,3,7,14,0,0,27,3,3,24,54,38,33,21,4,0,181,0,0,4,3,0,0,0,0,0,11,4,0,4,16,0,0,0,0,0,23,0,0,0,3,3,0,0,0,0,4,0,0,6,13,5,5,0,0,0,33,0,0,0,3,0,0,4,0,0,6,0,0,4,3,0,4,3,0,0,22,0,0,0,0,0,0,0,0,0,3,0,0,5,16,3,5,5,0,0,40
LGA19799,0,0,0,0,0,0,3,0,0,3,0,0,0,0,0,0,0,5,0,4,0,0,0,0,0,0,0,0,0,0,0,0,0,0,0,0,0,0,0,0,0,0,0,0,0,0,0,0,0,0,0,0,0,0,0,0,0,0,0,0,0,0,0,0,0,0,0,0,0,0,0,0,0,0,0,0,0,0,0,0,0,0,0,0,0,0,0,0,0,0,0,0,0,0,0,0,0,0,0,0,0,0,0,0,0,0,0,0,0,0,0,0,0,4,0,0,0,0,0,6,0,0,0,0,0,0,0,0,0,0,0,0,0,0,0,0,0,0,0,0,0,0,0,0,0,0,0,0,0,0,0,0,0,0,0,0,0,0,0,0,0,0,0,0,0,0,0,0,0,0,0,0,0,0,0,0,0,0,0,4,0,0,0,0,0,0,0,0,0,0,0,0,0,0,0,0,0,0,0,0
