LGA_CODE_2016,D_18_20_FPULPTW_MPTLF,D_18_20_FPULPTW_MPNLF,D_18_20_FPULPTW_MPLFSNS,D_18_20_FPULPTW_T,D_18_20_FPUT_MPEFT,D_18_20_FPUT_MPEPT,D_18_20_FPUT_MPEAW,D_18_20_FPUT_MPEHNS,D_18_20_FPUT_MPET,D_18_20_FPUT_MPULFTW,D_18_20_FPUT_MPULPTW,D_18_20_FPUT_MPUT,D_18_20_FPUT_MPTLF,D_18_20_FPUT_MPNLF,D_18_20_FPUT_MPLFSNS,D_18_20_FPUT_T,D_18_20_FPTLF_MPEFT,D_18_20_FPTLF_MPEPT,D_18_20_FPTLF_MPEAW,D_18_20_FPTLF_MPEHNS,D_18_20_FPTLF_MPET,D_18_20_FPTLF_MPULFTW,D_18_20_FPTLF_MPULPTW,D_18_20_FPTLF_MPUT,D_18_20_FPTLF_MPTLF,D_18_20_FPTLF_MPNLF,D_18_20_FPTLF_MPLFSNS,D_18_20_FPTLF_T,D_18_20_FPNLF_MPEFT,D_18_20_FPNLF_MPEPT,D_18_20_FPNLF_MPEAW,D_18_20_FPNLF_MPEHNS,D_18_20_FPNLF_MPET,D_18_20_FPNLF_MPULFTW,D_18_20_FPNLF_MPULPTW,D_18_20_FPNLF_MPUT,D_18_20_FPNLF_MPTLF,D_18_20_FPNLF_MPNLF,D_18_20_FPNLF_MPLFSNS,D_18_20_FPNLF_T,D_18_20_FPLFSNS_MPEFT,D_18_20_FPLFSNS_MPEPT,D_18_20_FPLFSNS_MPEAW,D_18_20_FPLFSNS_MPEHNS,D_18_20_FPLFSNS_MPET,D_18_20_FPLFSNS_MPULFTW,D_18_20_FPLFSNS_MPULPTW,D_18_20_FPLFSNS_MPUT,D_18_20_FPLFSNS_MPTLF,D_18_20_FPLFSNS_MPNLF,D_18_20_FPLFSNS_MPLFSNS,D_18_20_FPLFSNS_T,D_18_20_FPT_MPEFT,D_18_20_FPT_MPEPT,D_18_20_FPT_MPEAW,D_18_20_FPT_MPEHNS,D_18_20_FPT_MPET,D_18_20_FPT_MPULFTW,D_18_20_FPT_MPULPTW,D_18_20_FPT_MPUT,D_18_20_FPT_MPTLF,D_18_20_FPT_MPNLF,D_18_20_FPT_MPLFSNS,D_18_20_FPT_T,D_21_24_FPEFT_MPEFT,D_21_24_FPEFT_MPEPT,D_21_24_FPEFT_MPEAW,D_21_24_FPEFT_MPEHNS,D_21_24_FPEFT_MPET,D_21_24_FPEFT_MPULFTW,D_21_24_FPEFT_MPULPTW,D_21_24_FPEFT_MPUT,D_21_24_FPEFT_MPTLF,D_21_24_FPEFT_MPNLF,D_21_24_FPEFT_MPLFSNS,D_21_24_FPEFT_T,D_21_24_FPEPT_MPEFT,D_21_24_FPEPT_MPEPT,D_21_24_FPEPT_MPEAW,D_21_24_FPEPT_MPEHNS,D_21_24_FPEPT_MPET,D_21_24_FPEPT_MPULFTW,D_21_24_FPEPT_MPULPTW,D_21_24_FPEPT_MPUT,D_21_24_FPEPT_MPTLF,D_21_24_FPEPT_MPNLF,D_21_24_FPEPT_MPLFSNS,D_21_24_FPEPT_T,D_21_24_FPEAW_MPEFT,D_21_24_FPEAW_MPEPT,D_21_24_FPEAW_MPEAW,D_21_24_FPEAW_MPEHNS,D_21_24_FPEAW_MPET,D_21_24_FPEAW_MPULFTW,D_21_24_FPEAW_MPULPTW,D_21_24_FPEAW_MPUT,D_21_24_FPEAW_MPTLF,D_21_24_FPEAW_MPNLF,D_21_24_FPEAW_MPLFSNS,D_21_24_FPEAW_T,D_21_24_FPHNS_MPEFT,D_21_24_FPHNS_MPEPT,D_21_24_FPHNS_MPEAW,D_21_24_FPHNS_MPEHNS,D_21_24_FPHNS_MPET,D_21_24_FPHNS_MPULFTW,D_21_24_FPHNS_MPULPTW,D_21_24_FPHNS_MPUT,D_21_24_FPHNS_MPTLF,D_21_24_FPHNS_MPNLF,D_21_24_FPHNS_MPLFSNS,D_21_24_FPHNS_T,D_21_24_FPET_MPEFT,D_21_24_FPET_MPEPT,D_21_24_FPET_MPEAW,D_21_24_FPET_MPEHNS,D_21_24_FPET_MPET,D_21_24_FPET_MPULFTW,D_21_24_FPET_MPULPTW,D_21_24_FPET_MPUT,D_21_24_FPET_MPTLF,D_21_24_FPET_MPNLF,D_21_24_FPET_MPLFSNS,D_21_24_FPET_T,D_21_24_FPULFTW_MPEFT,D_21_24_FPULFTW_MPEPT,D_21_24_FPULFTW_MPEAW,D_21_24_FPULFTW_MPEHNS,D_21_24_FPULFTW_MPET,D_21_24_FPULFTW_MPULFTW,D_21_24_FPULFTW_MPULPTW,D_21_24_FPULFTW_MPUT,D_21_24_FPULFTW_MPTLF,D_21_24_FPULFTW_MPNLF,D_21_24_FPULFTW_MPLFSNS,D_21_24_FPULFTW_T,D_21_24_FPULPTW_MPEFT,D_21_24_FPULPTW_MPEPT,D_21_24_FPULPTW_MPEAW,D_21_24_FPULPTW_MPEHNS,D_21_24_FPULPTW_MPET,D_21_24_FPULPTW_MPULFTW,D_21_24_FPULPTW_MPULPTW,D_21_24_FPULPTW_MPUT,D_21_24_FPULPTW_MPTLF,D_21_24_FPULPTW_MPNLF,D_21_24_FPULPTW_MPLFSNS,D_21_24_FPULPTW_T,D_21_24_FPUT_MPEFT,D_21_24_FPUT_MPEPT,D_21_24_FPUT_MPEAW,D_21_24_FPUT_MPEHNS,D_21_24_FPUT_MPET,D_21_24_FPUT_MPULFTW,D_21_24_FPUT_MPULPTW,D_21_24_FPUT_MPUT,D_21_24_FPUT_MPTLF,D_21_24_FPUT_MPNLF,D_21_24_FPUT_MPLFSNS,D_21_24_FPUT_T,D_21_24_FPTLF_MPEFT,D_21_24_FPTLF_MPEPT,D_21_24_FPTLF_MPEAW,D_21_24_FPTLF_MPEHNS,D_21_24_FPTLF_MPET,D_21_24_FPTLF_MPULFTW,D_21_24_FPTLF_MPULPTW,D_21_24_FPTLF_MPUT,D_21_24_FPTLF_MPTLF,D_21_24_FPTLF_MPNLF,D_21_24_FPTLF_MPLFSNS,D_21_24_FPTLF_T,D_21_24_FPNLF_MPEFT,D_21_24_FPNLF_MPEPT,D_21_24_FPNLF_MPEAW,D_21_24_FPNLF_MPEHNS,D_21_24_FPNLF_MPET,D_21_24_FPNLF_MPULFTW,D_21_24_FPNLF_MPULPTW,D_21_24_FPNLF_MPUT,D_21_24_FPNLF_MPTLF,D_21_24_FPNLF_MPNLF,D_21_24_FPNLF_MPLFSNS,D_21_24_FPNLF_T,D_21_24_FPLFSNS_MPEFT,D_21_24_FPLFSNS_MPEPT,D_21_24_FPLFSNS_MPEAW,D_21_24_FPLFSNS_MPEHNS,D_21_24_FPLFSNS_MPET,D_21_24_FPLFSNS_MPULFTW,D_21_24_FPLFSNS_MPULPTW,D_21_24_FPLFSNS_MPUT,D_21_24_FPLFSNS_MPTLF,D_21_24_FPLFSNS_MPNLF,D_21_24_FPLFSNS_MPLFSNS,D_21_24_FPLFSNS_T,D_21_24_FPT_MPEFT,D_21_24_FPT_MPEPT,D_21_24_FPT_MPEAW,D_21_24_FPT_MPEHNS
LGA10050,4,0,0,4,0,0,0,0,7,3,0,5,5,0,0,5,191,24,0,0,215,9,0,8,224,3,0,228,24,5,0,0,30,0,0,0,34,15,0,49,0,0,0,0,0,0,0,0,0,0,0,0,216,28,3,0,249,9,4,10,259,21,0,280,24,0,0,0,24,0,0,0,27,0,0,27,25,3,0,0,31,0,0,0,31,0,0,30,0,0,0,0,3,0,0,0,3,0,0,3,0,0,0,0,0,0,0,0,0,0,0,0,51,3,3,0,58,0,0,0,59,0,0,64,0,0,0,0,0,0,0,0,0,0,0,0,0,0,0,0,0,0,0,0,0,0,0,0,0,0,0,0,0,0,0,0,0,0,0,0,51,3,3,0,58,0,0,0,62,0,0,62,7,3,0,0,7,0,0,0,7,14,0,17,0,0,0,0,0,0,0,0,0,0,0,0,55,11,3,0
LGA10130,0,0,0,0,0,0,0,0,0,0,0,0,3,0,0,3,85,11,0,0,94,4,0,4,102,7,0,110,8,0,0,0,11,0,0,0,14,6,0,14,0,0,0,0,0,0,0,0,0,0,0,0,95,11,0,0,109,4,0,4,109,10,0,127,11,4,0,0,8,0,0,0,8,0,0,9,10,0,0,0,10,0,0,0,10,0,0,10,0,0,0,0,0,0,0,0,0,0,0,0,0,0,0,0,0,0,0,0,0,0,0,0,19,4,0,0,23,0,0,0,23,0,0,22,0,0,0,0,0,0,0,0,0,0,0,0,0,0,0,0,0,0,0,0,0,0,0,0,0,0,0,0,0,0,0,0,0,0,0,0,19,4,0,0,23,0,0,0,23,0,0,22,0,0,0,0,0,0,0,0,0,3,0,3,0,0,0,0,0,0,0,0,0,0,0,0,19,4,0,0
LGA10250,3,0,0,3,0,0,0,0,3,0,0,0,3,0,0,4,135,23,3,3,163,0,3,4,165,7,0,176,11,8,0,0,17,0,0,0,17,10,0,30,0,0,0,0,0,0,0,0,0,0,0,0,145,34,3,3,185,0,3,4,187,17,0,205,18,3,0,0,25,0,0,0,24,0,0,24,16,0,0,0,16,0,0,0,21,4,0,26,0,0,0,0,3,0,0,0,3,0,0,3,0,0,0,0,0,0,0,0,0,0,0,0,39,3,0,0,44,5,0,5,42,4,0,53,0,0,0,0,0,0,0,0,0,0,0,0,0,0,0,0,3,0,0,0,3,0,0,3,0,0,0,0,3,0,0,0,3,0,0,3,39,3,0,0,46,5,0,5,49,4,0,52,0,3,0,0,5,0,0,0,5,3,0,6,0,0,0,0,0,0,0,0,0,0,0,0,37,8,3,0
LGA10300,0,0,0,0,0,0,0,0,0,0,0,0,0,0,0,0,5,0,0,0,5,0,0,0,5,0,0,5,0,0,0,0,0,0,0,0,0,0,0,0,0,0,0,0,0,0,0,0,0,0,0,0,3,0,0,0,4,0,0,0,4,0,0,4,0,0,0,0,0,0,0,0,0,0,0,0,0,0,0,0,0,0,0,0,0,0,0,0,0,0,0,0,0,0,0,0,0,0,0,0,0,0,0,0,0,0,0,0,0,0,0,0,0,0,0,0,0,0,0,0,0,0,0,0,0,0,0,0,0,0,0,0,0,0,0,0,0,0,0,0,0,0,0,0,0,0,0,0,0,0,0,0,0,0,0,0,0,0,0,0,0,0,0,0,0,0,0,0,0,0,0,0,0,0,0,0,0,0,0,0,0,0,0,0,0,0,0,0,0,0,0,0,0,0,0,0,3,0,0,0
LGA10470,0,0,0,0,3,0,0,0,3,0,0,0,3,0,0,3,145,11,0,0,154,3,0,5,162,6,0,163,16,3,0,0,20,3,3,7,28,0,0,29,0,0,0,0,0,0,0,0,0,0,0,0,159,17,0,0,176,3,3,4,187,6,0,196,24,0,0,0,26,0,0,0,28,0,0,31,17,3,0,0,19,0,0,0,19,0,0,27,0,0,0,0,0,0,0,0,0,0,0,0,0,0,0,0,0,0,0,0,0,0,0,3,43,4,0,0,52,0,0,0,54,3,0,56,0,0,0,0,0,0,0,0,0,0,0,0,0,0,0,0,0,0,0,0,0,0,0,0,0,0,0,0,0,0,0,0,0,0,0,0,43,4,0,0,52,0,0,0,54,3,0,56,8,0,0,0,8,0,0,0,8,3,0,13,0,0,0,0,0,0,0,0,0,0,0,0,51,3,0,0
LGA10550,0,0,0,0,0,0,0,0,0,0,0,0,0,0,0,0,44,12,3,4,64,0,0,0,64,0,0,64,6,3,0,0,8,0,0,0,8,0,0,11,0,0,0,0,0,0,0,0,0,0,0,3,49,19,3,5,71,0,0,0,71,5,3,76,4,0,0,0,4,0,0,0,4,0,0,4,3,0,0,0,0,0,0,0,0,0,0,3,0,0,0,0,0,0,0,0,0,0,0,0,0,0,0,0,0,0,0,0,0,0,0,0,4,0,0,0,7,0,0,0,7,3,0,11,0,0,0,0,0,0,0,0,0,0,0,0,0,0,0,0,0,0,0,0,0,0,0,0,0,0,0,0,0,0,0,0,0,0,0,0,6,0,0,0,11,0,0,0,11,3,0,12,4,0,0,0,4,0,0,0,4,0,0,4,0,0,0,0,0,0,0,0,0,0,0,0,12,0,0,0
LGA10600,0,0,0,0,0,0,0,0,0,0,0,0,0,0,0,0,29,7,3,0,34,0,0,0,34,6,0,35,0,3,0,0,3,0,0,0,3,3,0,9,0,0,0,0,0,0,0,0,0,0,0,0,29,4,3,0,35,0,0,0,35,5,0,42,0,0,0,0,0,0,0,0,0,0,0,0,0,0,0,0,0,0,0,0,0,0,0,0,0,0,0,0,0,0,0,0,0,0,0,0,0,0,0,0,0,0,0,0,0,0,0,0,0,0,0,0,0,0,0,0,0,3,0,5,0,0,0,0,0,0,0,0,0,0,0,0,0,0,0,0,0,0,0,0,0,0,0,0,0,0,0,0,0,0,0,0,0,0,0,0,0,0,0,0,0,0,0,0,0,3,0,5,0,0,0,0,0,0,0,0,0,3,0,3,0,0,0,0,0,0,0,0,0,0,0,0,0,0,0,0
LGA10650,0,0,0,0,0,0,0,0,0,0,0,0,0,0,0,0,13,0,0,0,14,0,0,0,14,0,0,18,4,0,0,0,4,0,0,0,4,0,0,4,0,0,0,0,0,0,0,0,0,0,0,0,19,0,0,0,18,0,0,0,18,0,0,18,3,0,0,0,3,0,0,0,3,0,0,3,3,0,0,0,3,0,0,0,3,0,0,3,0,0,0,0,0,0,0,0,0,0,0,0,0,0,0,0,0,0,0,0,0,0,0,0,7,0,0,0,7,0,0,0,7,0,0,7,0,0,0,0,0,0,0,0,0,0,0,0,0,0,0,0,0,0,0,0,0,0,0,0,0,0,0,0,0,0,0,0,0,0,0,0,7,0,0,0,7,0,0,0,7,0,0,7,0,0,0,0,0,0,0,0,0,0,0,0,0,0,0,0,0,0,0,0,0,0,0,0,7,0,0,0
LGA10750,77,8,0,81,89,29,4,3,126,18,3,21,147,10,0,155,2698,343,53,47,3144,95,21,120,3266,179,7,3455,656,139,17,27,846,39,12,51,899,294,0,1192,3,0,0,7,8,0,0,0,8,3,9,18,3359,478,73,81,3995,135,34,171,4166,479,15,4662,778,63,16,5,862,28,3,27,890,72,0,968,344,81,5,8,433,10,5,15,449,34,0,489,18,4,7,0,27,0,0,0,27,0,0,25,14,0,0,3,13,0,0,0,13,0,0,18,1150,145,24,16,1335,32,9,45,1382,112,4,1499,38,6,0,0,42,7,3,7,57,10,0,59,22,9,0,0,28,3,0,0,25,3,0,31,58,15,0,0,71,7,4,10,81,10,0,92,1205,154,24,16,1407,44,13,55,1463,126,4,1590,279,60,15,13,369,10,3,14,383,217,0,602,0,0,0,0,3,0,0,0,3,0,8,13,1491,216,43,31
LGA10800,0,0,0,0,0,0,0,0,0,0,0,0,0,0,0,0,6,3,0,0,11,0,0,0,11,0,0,10,0,0,0,0,3,0,0,0,3,0,0,3,0,0,0,0,0,0,0,0,0,0,0,0,7,3,0,0,10,0,0,0,13,0,0,14,0,0,0,0,0,0,0,0,0,0,0,0,0,0,0,0,0,0,0,0,0,0,0,0,0,0,0,0,0,0,0,0,0,0,0,0,0,0,0,0,0,0,0,0,0,0,0,0,3,0,0,0,3,0,0,0,3,0,0,3,0,0,0,0,0,0,0,0,0,0,0,0,0,0,0,0,0,0,0,0,0,0,0,0,0,0,0,0,0,0,0,0,0,0,0,0,3,0,0,0,3,0,0,0,3,0,0,3,0,0,0,0,0,0,0,0,0,0,0,0,0,0,0,0,0,0,0,0,0,0,0,0,3,0,0,0
LGA10850,0,0,0,0,0,0,0,0,0,0,0,0,0,0,0,0,22,3,3,0,29,0,0,0,29,0,0,31,4,0,0,0,3,0,0,0,3,0,0,6,0,0,0,0,0,0,0,0,0,0,0,0,30,8,3,0,33,0,0,0,33,3,0,36,5,0,0,0,5,0,0,0,5,0,0,5,5,0,0,0,5,0,0,0,5,0,0,5,0,0,0,0,0,0,0,0,0,0,0,0,0,0,0,0,0,0,0,0,0,0,0,0,8,0,0,0,8,0,0,0,8,0,0,8,0,0,0,0,0,0,0,0,0,0,0,0,0,0,0,0,0,0,0,0,0,0,0,0,0,0,0,0,0,0,0,0,0,0,0,0,8,0,0,0,8,0,0,0,8,0,0,8,0,0,0,0,0,0,0,0,0,0,0,0,0,0,0,0,0,0,0,0,0,0,0,0,8,0,0,0
LGA10900,7,0,0,6,11,0,0,0,14,0,0,0,15,0,0,16,470,60,0,0,532,10,3,12,546,42,0,586,67,12,3,0,85,0,0,0,82,18,0,101,0,0,0,0,0,0,0,0,0,0,0,0,543,71,6,4,619,9,3,15,631,53,0,687,103,20,4,0,128,4,0,3,130,22,0,147,96,13,0,4,107,0,0,3,108,13,0,117,3,0,0,0,4,0,0,0,4,0,0,4,0,0,0,0,3,0,0,0,3,0,0,3,198,31,3,3,241,3,3,7,242,31,0,276,0,0,0,0,0,0,0,0,0,0,0,0,3,0,0,0,3,0,0,0,3,0,0,3,4,0,0,0,4,0,0,0,4,0,0,4,202,31,3,3,241,3,3,7,247,31,0,275,28,6,0,0,35,0,0,0,35,11,0,48,0,0,0,0,0,0,0,0,0,0,0,0,229,41,3,3
LGA10950,0,0,0,0,0,0,0,0,0,0,0,0,0,0,0,0,3,0,0,0,3,0,0,0,3,0,0,3,0,0,0,0,0,0,0,0,0,0,0,0,0,0,0,0,0,0,0,0,0,0,0,0,3,0,0,0,6,0,0,0,6,0,0,6,0,0,0,0,0,0,0,0,0,0,0,0,0,0,0,0,0,0,0,0,0,0,0,0,0,0,0,0,0,0,0,0,0,0,0,0,0,0,0,0,0,0,0,0,0,0,0,0,0,0,0,0,0,0,0,0,0,0,0,0,0,0,0,0,0,0,0,0,0,0,0,0,0,0,0,0,0,0,0,0,0,0,0,0,0,0,0,0,0,0,0,0,0,0,0,0,0,0,0,0,0,0,0,0,0,0,0,0,0,0,0,0,0,0,0,0,0,0,0,0,0,0,0,0,0,0,0,0,0,0,0,0,0,0,0,0
LGA11100,8,0,0,8,14,0,0,0,14,3,0,7,22,0,0,22,295,52,4,8,362,8,5,15,370,13,0,386,36,9,0,0,48,0,0,0,48,20,0,68,0,0,0,0,0,0,0,0,0,0,0,4,329,60,4,8,407,12,5,11,419,35,0,460,84,12,0,3,99,0,0,0,99,10,0,109,37,5,3,0,51,0,0,0,51,12,0,57,3,0,5,0,11,0,0,0,11,0,0,11,0,0,0,0,3,0,0,0,3,3,0,4,125,18,7,7,154,0,0,0,158,24,0,184,0,0,0,0,0,3,0,3,3,0,0,3,3,0,0,0,3,4,0,4,3,0,0,3,3,0,0,0,3,6,0,6,9,0,0,9,125,18,7,7,160,3,0,3,167,24,0,186,31,10,0,0,39,3,0,3,41,16,0,60,0,0,0,0,0,0,0,0,0,0,0,0,155,33,7,7
LGA11150,0,0,0,0,0,0,0,0,0,0,0,0,0,0,0,0,0,0,0,0,0,0,0,0,0,0,0,0,0,0,0,0,0,0,0,0,0,0,0,0,0,0,0,0,0,0,0,0,0,0,0,0,0,0,0,0,0,0,0,0,0,0,0,0,0,0,0,0,0,0,0,0,0,0,0,0,0,0,0,0,0,0,0,0,0,0,0,0,0,0,0,0,0,0,0,0,0,0,0,0,0,0,0,0,0,0,0,0,0,0,0,0,0,0,0,0,0,0,0,0,0,0,0,0,0,0,0,0,0,0,0,0,0,0,0,0,0,0,0,0,0,0,0,0,0,0,0,0,0,0,0,0,0,0,0,0,0,0,0,0,0,0,0,0,0,0,0,0,0,0,0,0,0,0,0,0,0,0,0,0,0,0,0,0,0,0,0,0,0,0,0,0,0,0,0,0,0,0,0,0
LGA11200,0,0,0,0,0,0,0,0,0,0,0,0,0,0,0,0,3,0,0,0,3,0,0,0,3,0,0,3,0,0,0,0,0,0,0,0,0,0,0,0,0,0,0,0,0,0,0,0,0,0,0,0,3,0,0,0,3,0,0,0,3,0,0,5,0,0,0,0,0,0,0,0,0,0,0,0,0,0,0,0,0,0,0,0,0,0,0,0,0,0,0,0,0,0,0,0,0,0,0,0,0,0,0,0,0,0,0,0,0,0,0,0,0,0,0,0,0,0,0,0,0,0,0,0,0,0,0,0,0,0,0,0,0,0,0,0,0,0,0,0,0,0,0,0,0,0,0,0,0,0,0,0,0,0,0,0,0,0,0,0,0,0,0,0,0,0,0,0,0,0,0,0,0,0,0,0,0,0,0,0,0,0,0,0,0,0,0,0,0,0,0,0,0,0,0,0,0,0,0,0
LGA11250,0,0,0,0,0,0,0,0,0,0,0,0,0,0,0,0,21,0,0,0,20,0,0,0,20,4,0,24,4,3,0,0,3,0,0,0,7,3,0,12,0,0,0,0,0,0,0,0,0,0,0,0,20,3,0,0,25,0,0,0,30,4,0,36,0,0,0,0,0,0,0,0,0,0,0,3,0,0,0,0,0,0,0,0,0,0,0,0,0,0,0,0,0,0,0,0,0,0,0,0,0,0,0,0,0,0,0,0,0,0,0,0,3,0,0,0,3,0,0,0,3,0,0,3,0,0,0,0,0,0,0,0,0,0,0,0,0,0,0,0,0,0,0,0,0,0,0,0,0,0,0,0,0,0,0,0,0,0,0,0,3,0,0,0,3,0,0,0,3,0,0,4,0,0,0,0,0,0,0,0,0,0,0,0,0,0,0,0,0,0,0,0,0,0,0,0,3,0,0,0
LGA11300,10,0,0,7,10,3,0,0,14,0,0,0,14,3,0,15,305,37,8,5,353,7,0,11,361,40,0,399,60,16,0,3,80,5,3,7,90,24,0,114,0,0,0,0,0,0,0,0,0,0,3,3,366,51,8,11,431,12,3,17,449,63,3,511,74,4,0,3,83,0,0,0,86,10,0,90,59,18,0,0,80,0,0,0,80,8,0,87,0,0,3,0,3,0,0,0,3,0,0,4,3,0,0,0,3,0,0,0,3,0,0,3,142,19,3,3,171,0,0,0,171,15,0,189,0,0,0,0,0,3,0,3,3,0,0,3,0,0,0,0,3,0,0,0,3,0,0,3,0,0,0,0,3,3,0,3,9,0,0,9,147,19,3,3,175,3,3,5,178,15,0,192,40,11,0,0,57,3,0,3,60,16,0,79,0,0,0,0,0,0,0,0,0,0,0,0,186,32,3,6
LGA11350,3,0,0,3,3,0,0,0,3,0,0,0,3,0,0,4,53,13,0,3,69,3,0,3,70,9,0,76,4,4,0,0,7,0,0,0,13,4,0,18,3,0,0,0,3,0,0,0,3,0,0,3,58,17,3,7,82,4,0,4,85,9,0,96,5,0,3,0,10,0,0,0,10,0,0,13,12,4,0,0,15,0,0,0,15,0,0,15,0,0,0,0,0,0,0,0,0,0,0,0,0,0,0,0,0,0,0,0,0,0,0,0,16,5,5,0,28,0,0,0,28,0,0,27,0,0,0,0,0,0,0,0,0,0,0,0,0,0,0,0,0,0,0,0,0,0,0,0,0,0,0,0,0,0,0,0,0,0,0,0,16,5,5,0,28,0,0,0,28,0,0,29,0,0,0,0,0,0,0,0,0,0,0,3,0,0,0,0,0,0,0,0,0,0,0,0,16,5,5,0
LGA11400,0,0,0,0,0,0,0,0,0,0,0,0,0,0,0,0,52,4,0,0,56,3,0,3,56,0,0,56,7,0,0,0,6,0,0,0,6,0,0,6,0,0,0,0,0,0,0,0,0,0,0,0,56,4,0,0,62,3,0,3,64,0,0,64,3,0,0,0,5,0,0,0,5,0,0,3,3,0,0,0,4,0,0,0,4,0,0,7,0,0,0,0,0,0,0,0,0,0,0,0,0,0,0,0,0,0,0,0,0,0,0,0,3,3,0,0,11,0,0,0,11,3,0,14,0,0,0,0,0,0,0,0,0,0,0,0,0,0,0,0,0,0,0,0,0,0,0,0,0,0,0,0,0,0,0,0,0,0,0,0,8,3,0,0,9,0,0,0,9,3,0,10,0,0,0,0,0,0,0,0,0,0,0,0,0,0,0,0,0,0,0,0,0,0,0,0,8,3,0,0
LGA11450,10,0,0,10,18,0,0,0,18,0,0,0,16,0,0,16,602,40,13,7,659,11,0,14,669,30,0,700,89,15,0,3,103,3,0,3,108,14,0,124,3,0,0,0,3,0,0,0,3,0,0,3,692,54,13,10,764,14,0,15,780,44,0,822,137,5,0,0,142,3,0,4,150,8,0,156,96,8,3,3,110,3,0,3,114,10,0,118,7,3,6,0,18,0,0,0,18,0,0,18,4,0,0,0,4,0,0,0,4,0,0,4,246,19,8,3,275,4,0,9,280,15,0,294,11,0,0,0,11,0,0,0,11,0,0,11,0,0,0,0,0,0,0,0,0,0,0,0,10,0,0,0,10,0,0,0,10,0,0,10,254,19,8,3,281,4,0,9,289,15,0,308,38,3,0,4,43,3,0,3,50,13,0,65,0,0,0,0,0,0,0,0,0,0,3,3,286,26,8,5
LGA11500,28,4,0,31,40,3,0,5,51,5,3,8,59,3,0,64,965,109,10,32,1121,30,6,34,1155,97,0,1255,245,73,3,12,328,7,5,17,347,128,3,473,0,0,0,0,3,0,0,0,4,0,4,7,1210,178,16,48,1458,36,17,52,1507,222,7,1740,308,33,6,3,351,0,0,0,355,33,0,386,170,36,3,0,211,3,3,3,219,28,0,248,3,0,3,0,9,0,0,0,9,0,0,9,0,0,0,13,12,0,0,0,12,0,0,12,484,74,13,13,587,3,5,6,599,63,0,659,9,0,0,0,6,3,0,5,12,0,0,12,15,0,0,0,17,0,0,0,13,0,0,18,23,0,0,0,20,3,3,3,29,0,0,26,507,75,13,13,609,9,7,14,620,63,3,688,119,25,3,0,154,8,3,11,163,76,0,243,0,0,0,0,0,0,0,0,0,3,3,4,626,104,18,16
LGA11520,12,0,0,12,10,6,0,0,13,0,0,3,16,3,0,17,608,90,14,10,716,9,0,13,730,48,0,774,111,19,3,5,137,8,0,7,140,48,0,190,0,0,0,0,0,0,0,0,0,0,0,0,715,110,13,19,858,14,4,19,876,92,0,967,158,22,0,0,184,6,0,6,185,14,0,198,109,27,0,0,147,4,3,3,151,11,0,162,6,3,3,0,11,0,0,0,11,0,0,11,0,0,0,3,5,0,0,0,5,0,0,4,278,55,7,9,342,6,3,7,357,22,0,380,6,0,0,0,4,0,0,0,4,0,0,5,0,0,0,0,0,0,0,0,4,0,0,4,5,0,0,0,9,0,0,0,10,0,0,6,281,56,7,9,349,6,3,14,361,26,0,387,62,7,3,3,71,4,5,6,79,23,0,101,0,0,0,0,0,0,0,0,0,0,3,3,343,60,10,9
LGA11570,113,21,0,130,102,50,3,9,158,29,4,33,190,29,0,225,2198,487,50,71,2801,88,29,116,2917,295,8,3213,868,310,27,46,1252,57,19,71,1328,555,0,1885,3,0,0,3,3,0,0,0,3,3,17,21,3070,797,70,125,4054,144,46,187,4246,854,21,5125,609,86,7,13,710,11,0,12,727,66,0,791,390,132,8,12,544,8,3,12,550,68,5,626,10,3,4,0,16,0,0,0,16,4,0,26,7,0,0,28,39,0,0,0,39,3,0,43,1025,220,21,50,1315,21,7,24,1337,140,8,1488,8,6,0,3,19,7,0,7,26,11,0,39,28,16,0,0,48,4,3,7,54,12,0,73,43,27,0,3,71,16,3,14,86,22,0,107,1066,246,21,51,1382,29,9,41,1426,168,8,1596,416,155,11,20,612,23,9,33,644,353,4,1002,3,0,0,3,5,0,0,0,5,3,3,11,1485,402,33,82
LGA11600,0,0,0,0,0,0,0,0,0,0,0,0,0,0,0,0,0,0,0,0,0,0,0,0,0,0,0,0,0,0,0,0,0,0,0,0,0,0,0,0,0,0,0,0,0,0,0,0,0,0,0,0,0,0,0,0,0,0,0,0,0,0,0,0,0,0,0,0,0,0,0,0,0,0,0,0,0,0,0,0,0,0,0,0,0,0,0,0,0,0,0,0,0,0,0,0,0,0,0,0,0,0,0,0,0,0,0,0,0,0,0,0,0,0,0,0,0,0,0,0,0,0,0,0,0,0,0,0,0,0,0,0,0,0,0,0,0,0,0,0,0,0,0,0,0,0,0,0,0,0,0,0,0,0,0,0,0,0,0,0,0,0,0,0,0,0,0,0,0,0,0,0,0,0,0,0,0,0,0,0,0,0,0,0,0,0,0,0,0,0,0,0,0,0,0,0,0,0,0,0
LGA11650,29,3,0,35,49,3,0,0,54,5,3,5,62,3,0,63,1612,205,37,20,1880,37,4,39,1921,104,3,2027,242,31,8,7,289,5,0,8,300,80,0,376,0,0,0,0,0,0,0,0,0,0,3,3,1856,239,47,22,2168,39,9,48,2221,181,10,2408,338,40,4,0,389,7,0,7,397,24,0,422,307,62,5,0,377,13,3,13,391,34,0,421,7,3,10,0,17,0,0,0,17,3,0,19,3,0,0,0,4,0,0,0,4,3,0,5,653,105,23,10,791,15,3,24,807,64,0,877,6,0,0,0,6,0,0,0,8,0,0,9,14,0,0,0,14,0,0,0,14,3,0,13,20,0,0,0,21,0,0,0,21,3,0,26,667,105,21,10,803,17,3,24,828,69,3,897,106,20,10,0,131,5,0,7,139,55,0,189,0,0,0,0,0,0,0,0,0,0,0,0,773,126,33,8
LGA11700,0,0,0,0,0,0,0,0,0,0,0,0,0,0,0,0,0,0,0,0,0,0,0,0,0,0,0,0,0,0,0,0,0,0,0,0,0,0,0,0,0,0,0,0,0,0,0,0,0,0,0,0,0,0,0,0,0,0,0,0,0,0,0,4,0,0,0,0,0,0,0,0,0,0,0,0,0,0,0,0,0,0,0,0,0,0,0,0,0,0,0,0,0,0,0,0,0,0,0,0,0,0,0,0,0,0,0,0,0,0,0,0,0,0,0,0,0,0,0,0,0,0,0,0,0,0,0,0,0,0,0,0,0,0,0,0,0,0,0,0,0,0,0,0,0,0,0,0,0,0,0,0,0,0,0,0,0,0,0,0,0,0,0,0,0,0,0,0,0,0,0,0,0,0,0,0,0,0,0,0,0,0,0,0,0,0,0,0,0,0,0,0,0,0,0,0,0,0,0,0
LGA11720,3,3,0,7,3,0,0,0,8,0,0,0,8,3,0,9,142,19,5,5,173,3,0,5,183,27,0,204,26,0,3,0,32,0,0,0,33,15,0,49,0,0,0,0,0,0,0,0,0,0,0,0,176,23,6,3,209,3,0,5,215,38,0,252,22,0,0,0,28,3,0,3,28,4,0,33,21,3,0,0,29,0,0,0,29,8,0,32,0,0,3,0,3,0,0,0,3,0,0,3,0,0,0,0,0,0,0,0,0,0,0,0,45,3,4,0,61,3,0,3,63,6,0,70,0,0,0,0,0,0,0,0,0,0,0,0,0,0,0,0,0,0,0,0,0,0,0,0,0,0,0,0,0,0,0,0,0,0,0,0,47,3,4,0,61,3,0,3,63,12,0,71,13,0,0,0,13,5,0,5,18,4,0,19,0,0,0,0,0,0,0,0,0,0,0,0,59,3,4,0
LGA11730,3,0,0,3,4,0,0,0,4,3,0,3,3,0,0,3,89,8,3,0,105,4,0,3,110,13,0,122,22,0,0,0,26,0,0,0,26,12,0,35,0,0,0,0,0,0,0,0,0,0,0,0,111,12,3,0,128,4,0,3,129,22,0,155,5,0,0,0,3,0,0,0,3,0,0,6,6,0,0,0,10,0,0,0,10,0,0,8,0,0,0,0,0,0,0,0,0,0,0,0,0,0,0,0,0,0,0,0,0,0,0,0,7,3,0,0,9,0,0,0,9,4,0,11,0,0,0,0,0,0,0,0,0,0,0,0,0,0,0,0,0,0,0,0,0,0,0,0,0,0,0,0,0,0,0,0,0,0,0,0,7,3,0,0,9,0,0,0,9,4,0,11,0,0,0,0,0,0,0,0,0,3,0,4,0,0,0,0,0,0,0,0,0,0,0,0,10,3,0,0
LGA11750,0,0,0,0,0,0,0,0,0,0,0,0,0,0,0,0,3,0,0,0,3,0,0,0,3,0,0,3,0,0,0,0,0,0,0,0,0,0,0,0,0,0,0,0,0,0,0,0,0,0,0,0,3,0,0,0,10,0,0,0,10,0,0,10,0,0,0,0,0,0,0,0,0,0,0,0,0,0,0,0,0,0,0,0,0,0,0,0,0,0,0,0,0,0,0,0,0,0,0,0,0,0,0,0,0,0,0,0,0,0,0,0,0,0,0,0,3,0,0,0,3,0,0,3,0,0,0,0,0,0,0,0,0,0,0,0,0,0,0,0,0,0,0,0,0,0,0,0,0,0,0,0,0,0,0,0,0,0,0,0,0,0,0,0,3,0,0,0,3,0,0,3,0,0,0,0,0,0,0,0,0,0,0,0,0,0,0,0,0,0,0,0,0,0,0,0,0,0,0,0
LGA11800,3,3,0,8,3,3,0,0,3,0,0,0,5,0,0,7,168,41,6,4,219,6,3,7,229,26,0,252,21,3,0,0,22,3,0,3,26,22,0,46,0,0,0,0,0,0,0,0,0,0,0,0,191,45,6,4,247,12,3,9,254,49,0,304,33,4,0,0,32,0,0,0,32,0,0,35,12,7,3,0,27,0,0,0,27,0,0,26,0,0,0,0,3,0,0,0,3,0,0,3,0,0,0,0,0,0,0,0,0,0,0,0,44,8,4,0,59,0,0,0,59,3,0,67,0,0,0,0,0,0,0,0,0,0,0,0,0,0,0,0,0,0,0,0,0,0,0,0,0,0,0,0,0,0,0,0,0,0,0,0,44,13,4,0,65,0,0,0,65,3,0,63,8,0,0,0,8,0,0,0,8,12,0,24,0,0,0,0,0,0,0,0,0,0,0,0,52,13,4,0
LGA12000,0,0,0,0,0,0,0,0,0,0,0,0,0,0,0,0,10,0,0,0,12,0,0,0,12,0,0,8,3,0,0,0,3,0,0,0,3,0,0,4,0,0,0,0,0,0,0,0,0,0,0,0,12,0,0,0,13,0,0,0,13,3,0,12,0,0,0,0,0,0,0,0,0,0,0,3,3,0,0,0,3,0,0,0,3,0,0,3,0,0,0,0,0,0,0,0,0,0,0,0,0,0,0,0,0,0,0,0,0,0,0,0,3,0,0,0,3,0,0,0,3,0,0,7,0,0,0,0,0,0,0,0,0,0,0,0,0,0,0,0,0,0,0,0,0,0,0,0,0,0,0,0,0,0,0,0,0,0,0,0,3,0,0,0,3,0,0,0,3,0,0,7,0,0,0,0,0,0,0,0,0,0,0,0,0,0,0,0,0,0,0,0,0,0,0,0,3,0,0,0
LGA12150,0,0,0,0,0,0,0,0,0,0,0,0,0,0,0,0,3,0,0,0,3,0,0,0,4,0,0,4,0,0,0,0,0,0,0,0,0,0,0,0,0,0,0,0,0,0,0,0,0,0,0,0,4,0,0,0,4,0,0,0,4,0,0,4,0,0,0,0,0,0,0,0,0,0,0,0,0,0,0,0,0,0,0,0,0,0,0,0,0,0,0,0,0,0,0,0,0,0,0,0,0,0,0,0,0,0,0,0,0,0,0,0,0,0,0,0,0,0,0,0,0,0,0,0,0,0,0,0,0,0,0,0,0,0,0,0,0,0,0,0,0,0,0,0,0,0,0,0,0,0,0,0,0,0,0,0,0,0,0,0,0,0,0,0,0,0,0,0,0,0,0,0,0,0,0,0,0,0,0,0,0,0,0,0,0,0,0,0,0,0,0,0,0,0,0,0,0,0,0,0
LGA12350,0,0,0,0,0,0,0,0,0,0,0,0,0,0,0,0,33,5,0,0,41,3,0,3,39,3,0,44,4,0,0,0,4,0,0,0,4,3,0,6,0,0,0,0,0,0,0,0,0,0,0,0,37,5,0,0,45,3,0,3,44,3,0,51,4,0,0,0,4,0,0,0,4,0,0,4,0,0,0,0,0,0,0,0,0,0,0,0,0,0,0,0,0,0,0,0,0,0,0,0,0,0,0,0,0,0,0,0,0,0,0,0,4,0,0,0,4,0,0,0,4,0,0,4,0,0,0,0,0,0,0,0,0,0,0,0,0,0,0,0,0,0,0,0,0,0,0,0,0,0,0,0,0,0,0,0,0,0,0,0,4,0,0,0,4,0,0,0,4,0,0,4,0,0,0,0,0,0,0,0,0,0,0,0,0,0,0,0,0,0,0,0,0,0,0,0,4,0,0,0
LGA12380,62,15,0,79,45,19,0,3,74,15,13,30,104,32,0,139,1160,226,19,54,1465,57,26,83,1552,163,5,1721,533,227,14,41,810,36,24,62,867,438,6,1312,0,0,0,9,11,0,0,0,11,4,11,21,1696,455,33,101,2283,89,54,143,2429,604,22,3049,371,45,3,3,431,10,3,16,439,55,0,496,171,76,4,4,259,14,3,16,273,43,0,313,3,3,4,0,7,0,0,0,14,0,0,16,7,0,0,9,19,0,0,0,19,0,0,20,555,130,12,14,712,27,5,28,743,98,4,845,8,7,0,0,15,6,0,11,24,4,0,27,14,9,0,0,28,3,3,7,30,4,0,30,21,21,0,0,43,8,0,15,59,6,0,60,580,149,12,14,757,31,9,39,799,106,4,901,256,86,3,24,374,15,14,23,405,265,0,669,0,0,0,3,10,0,0,0,10,0,12,20,841,235,18,50
LGA12700,0,0,0,0,0,0,0,0,0,0,0,0,0,0,0,0,30,3,0,0,31,0,0,0,31,0,0,39,4,4,0,0,7,0,0,0,10,4,0,11,0,0,0,0,0,0,0,0,0,0,0,0,30,10,3,0,43,0,0,0,41,5,0,47,5,0,0,0,9,0,0,0,9,0,0,7,8,0,0,0,10,0,0,0,10,0,0,10,0,0,0,0,0,0,0,0,0,0,0,0,0,0,0,0,0,0,0,0,0,0,0,0,11,4,0,0,18,0,0,0,18,0,0,20,0,0,0,0,0,0,0,0,0,0,0,0,0,0,0,0,0,0,0,0,0,0,0,0,0,0,0,0,0,0,0,0,0,0,0,0,11,4,0,0,18,0,0,0,18,0,0,20,0,0,0,0,3,0,0,0,3,3,0,3,0,0,0,0,0,0,0,0,0,0,0,0,18,3,0,0
LGA12730,0,0,0,0,0,0,0,0,0,0,0,0,0,0,0,0,15,3,0,0,20,0,0,0,20,0,0,20,0,0,0,0,0,0,0,0,0,0,0,0,0,0,0,0,0,0,0,0,0,0,0,0,15,3,0,0,20,0,0,0,20,0,0,20,0,0,0,0,0,0,0,0,0,0,0,0,0,0,0,0,0,0,0,0,0,0,0,0,0,0,0,0,0,0,0,0,0,0,0,0,0,0,0,0,0,0,0,0,0,0,0,0,0,0,0,0,0,0,0,0,0,0,0,0,0,0,0,0,0,0,0,0,0,0,0,0,0,0,0,0,0,0,0,0,0,0,0,0,0,0,0,0,0,0,0,0,0,0,0,0,0,0,0,0,0,0,0,0,0,0,0,0,0,0,0,0,0,0,0,0,0,0,0,0,0,0,0,0,0,0,0,0,0,0,0,0,0,0,0,0
LGA12750,0,0,0,0,0,0,0,0,0,0,0,0,4,0,0,4,68,15,0,0,77,3,0,3,81,5,0,90,5,4,0,0,6,3,0,3,10,3,0,11,0,0,0,0,0,0,0,0,0,0,0,0,71,16,3,0,85,3,0,3,95,7,0,106,5,0,0,0,5,0,0,0,5,0,0,5,0,5,0,0,7,0,0,0,7,0,0,3,0,0,0,0,0,0,0,0,0,0,0,0,0,0,0,0,0,0,0,0,0,0,0,0,7,5,0,0,12,0,0,0,12,0,0,11,0,0,0,0,0,0,0,0,0,0,0,0,0,0,0,0,0,0,0,0,0,0,0,0,0,0,0,0,0,0,0,0,0,0,0,0,7,5,0,0,12,0,0,0,12,0,0,11,0,0,0,0,0,0,0,0,0,0,0,0,0,0,0,0,0,0,0,0,0,0,0,0,5,5,0,0
LGA12850,93,26,0,117,53,36,0,9,94,22,24,48,138,43,0,189,1079,274,20,46,1424,62,43,108,1534,235,6,1769,622,247,15,42,920,37,33,72,997,672,3,1674,4,0,0,3,10,0,0,0,10,0,14,27,1707,528,33,91,2354,101,82,180,2534,910,22,3469,383,40,3,8,434,6,0,8,438,56,0,496,189,71,3,3,263,9,8,18,286,54,0,335,9,4,5,0,17,0,0,0,17,0,0,17,8,0,0,13,19,0,0,0,25,4,0,30,587,111,8,19,733,18,14,29,762,111,0,873,12,13,0,0,20,7,0,6,22,11,0,37,22,13,0,0,40,5,11,20,54,14,0,73,29,23,0,0,55,11,13,20,83,25,0,101,622,138,8,22,789,22,29,49,839,140,0,980,312,129,7,30,472,26,20,38,514,455,0,970,0,0,0,3,3,0,0,0,3,0,6,14,935,262,16,50
LGA12870,0,0,0,0,0,0,0,0,0,0,0,0,0,0,0,0,26,3,0,0,31,0,0,0,31,0,0,36,4,0,0,0,4,0,0,0,4,0,0,3,0,0,0,0,0,0,0,0,0,0,0,0,33,3,0,0,35,0,0,0,35,3,0,35,0,0,0,0,0,0,0,0,0,0,0,0,6,0,0,0,6,0,0,0,6,0,0,9,0,0,0,0,0,0,0,0,0,0,0,0,0,0,0,3,3,0,0,0,3,0,0,3,6,0,0,4,7,0,0,0,7,0,0,12,0,0,0,0,0,0,0,0,0,0,0,0,0,0,0,0,0,0,0,0,0,0,0,0,0,0,0,0,0,0,0,0,0,0,0,0,6,0,0,4,7,0,0,0,7,0,0,12,0,0,0,0,0,0,0,0,0,0,0,0,0,0,0,0,0,0,0,0,0,0,0,0,6,0,0,4
LGA12900,0,0,0,0,0,0,0,0,0,0,0,0,0,0,0,0,27,3,0,0,24,0,0,0,24,0,0,24,0,0,0,0,3,0,0,0,3,0,0,4,0,0,0,0,0,0,0,0,0,0,0,0,25,4,0,0,28,0,0,0,28,0,0,28,0,0,0,0,0,0,0,0,0,0,0,0,0,0,0,0,0,0,0,0,0,0,0,0,0,0,0,0,0,0,0,0,0,0,0,0,0,0,0,0,0,0,0,0,0,0,0,0,0,0,0,0,3,0,0,0,3,0,0,3,0,0,0,0,0,0,0,0,0,0,0,0,0,0,0,0,0,0,0,0,0,0,0,0,0,0,0,0,0,0,0,0,0,0,0,0,0,0,0,0,3,0,0,0,3,0,0,3,0,0,0,0,0,0,0,0,0,0,0,0,0,0,0,0,0,0,0,0,0,0,0,0,0,0,0,0
LGA12930,51,0,0,53,33,19,3,4,61,8,3,16,77,9,0,83,1302,256,30,24,1615,29,14,40,1654,107,0,1764,301,77,6,9,399,13,6,21,417,97,0,518,3,0,0,0,3,0,0,0,3,0,3,3,1604,337,35,36,2016,45,17,65,2072,206,3,2283,333,38,3,4,377,10,0,9,390,37,0,424,238,59,7,3,298,14,0,11,318,30,0,343,7,0,5,0,14,0,0,0,16,0,0,16,7,0,0,7,13,0,0,0,13,3,0,19,588,96,15,14,717,24,7,26,742,63,0,806,5,3,0,0,8,0,0,3,12,4,0,16,4,3,0,0,12,0,0,0,12,3,0,12,10,11,0,0,22,0,0,3,22,4,0,28,598,109,16,17,738,24,4,30,763,74,0,836,136,48,0,3,190,6,4,11,198,76,0,273,3,0,0,0,4,0,0,0,3,0,0,5,735,155,13,24
LGA12950,0,0,0,0,0,0,0,0,0,0,0,0,0,0,0,0,5,5,0,0,10,0,0,0,10,0,0,10,0,0,0,0,0,0,0,0,0,0,0,0,0,0,0,0,0,0,0,0,0,0,0,0,5,5,0,0,10,0,0,0,11,0,0,11,3,0,0,0,3,0,0,0,3,0,0,3,0,0,0,0,0,0,0,0,0,0,0,0,0,0,0,0,0,0,0,0,0,0,0,0,0,0,0,0,0,0,0,0,0,0,0,0,4,0,0,0,4,0,0,0,4,0,0,4,0,0,0,0,0,0,0,0,0,0,0,0,0,0,0,0,0,0,0,0,0,0,0,0,0,0,0,0,0,0,0,0,0,0,0,0,4,0,0,0,4,0,0,0,4,0,0,4,0,0,0,0,0,0,0,0,0,0,0,0,0,0,0,0,0,0,0,0,0,0,0,0,4,0,0,0
LGA13010,0,0,0,0,0,0,0,0,0,0,0,0,0,0,0,3,17,3,0,0,15,0,0,0,16,3,0,25,0,0,0,0,0,0,0,0,0,0,0,0,0,0,0,0,0,0,0,0,0,0,0,0,17,3,0,0,15,0,0,0,16,5,0,24,0,0,0,0,0,0,0,0,0,0,0,0,0,0,0,0,0,0,0,0,0,0,0,0,0,0,0,0,0,0,0,0,0,0,0,0,0,0,0,0,0,0,0,0,0,0,0,0,3,0,0,0,3,0,0,0,3,0,0,3,0,0,0,0,0,0,0,0,0,0,0,0,0,0,0,0,0,0,0,0,0,0,0,0,0,0,0,0,0,0,0,0,0,0,0,0,3,0,0,0,3,0,0,0,3,0,0,3,0,0,0,0,0,0,0,0,0,0,0,0,0,0,0,0,0,0,0,0,0,0,0,0,3,0,0,0
LGA13310,0,0,0,0,0,0,0,0,0,0,0,0,0,0,0,0,71,6,0,0,82,0,0,0,82,4,0,86,7,0,0,0,9,4,0,4,14,8,0,19,0,0,0,0,0,0,0,0,0,0,0,0,77,6,0,0,86,4,0,4,94,6,0,102,21,0,0,0,21,0,0,0,21,0,0,21,7,0,0,0,8,0,0,0,8,0,0,14,0,0,0,0,3,0,0,0,3,0,0,3,0,0,0,0,0,0,0,0,0,0,0,0,26,3,0,0,29,0,0,0,29,0,0,29,3,0,0,0,3,0,0,0,3,0,0,3,0,0,0,0,0,0,0,0,0,0,0,0,3,0,0,0,3,0,0,0,3,0,0,3,27,3,0,0,31,0,0,0,31,0,0,34,3,0,0,0,8,0,0,0,8,0,0,5,0,0,0,0,0,0,0,0,0,0,0,0,35,5,0,0
LGA13340,0,0,0,0,3,0,0,0,3,0,0,0,3,0,0,3,43,3,0,0,50,0,0,0,50,0,0,56,0,0,0,0,0,0,0,0,0,0,0,6,0,0,0,0,0,0,0,0,0,0,0,0,48,6,0,0,54,0,0,0,54,4,0,57,3,0,0,0,3,0,0,0,3,0,0,3,7,0,0,0,11,0,0,0,11,0,0,9,0,0,0,0,0,0,0,0,0,0,0,0,0,0,0,0,0,0,0,0,0,0,0,0,10,0,0,0,11,0,0,0,11,0,0,17,0,0,0,0,0,0,0,0,0,0,0,0,0,0,0,0,0,0,0,0,0,0,0,0,0,0,0,0,0,0,0,0,0,0,0,0,10,0,0,0,11,0,0,0,11,0,0,17,0,0,0,0,0,0,0,0,0,0,0,0,0,0,0,0,0,0,0,0,0,0,0,0,14,0,0,0
LGA13450,0,0,0,0,0,0,0,0,0,0,0,0,0,0,0,0,46,9,0,0,55,0,0,0,60,6,0,61,11,0,0,0,13,0,0,0,14,4,0,19,0,0,0,0,3,0,0,0,3,0,0,3,64,10,0,0,74,0,0,3,75,9,0,84,3,0,0,0,4,0,0,0,7,0,0,7,4,3,0,0,3,0,0,0,3,0,0,3,0,0,0,0,0,0,0,0,0,0,0,0,0,0,0,0,0,0,0,0,0,0,0,0,6,0,0,0,11,0,0,0,12,0,0,12,0,0,0,0,0,0,0,0,0,0,0,0,0,0,0,0,0,0,0,0,0,0,0,0,0,0,0,0,0,0,0,0,0,0,0,0,6,0,0,0,11,0,0,0,12,0,0,12,3,0,0,0,3,0,0,0,3,0,0,6,0,0,0,0,0,0,0,0,0,0,0,0,13,5,0,0
LGA13510,0,0,0,0,0,0,0,0,0,0,0,0,0,0,0,0,23,3,0,0,34,0,0,0,34,0,0,34,3,0,0,0,3,0,0,0,3,3,0,4,0,0,0,0,0,0,0,0,0,0,0,0,27,3,0,0,32,0,0,0,32,3,0,35,6,0,0,0,6,0,0,0,6,0,0,6,4,0,0,0,4,0,0,0,4,0,0,4,0,0,0,0,0,0,0,0,0,0,0,0,0,0,0,0,0,0,0,0,0,0,0,0,12,0,0,0,12,0,0,0,12,0,0,12,0,0,0,0,0,0,0,0,0,0,0,0,0,0,0,0,0,0,0,0,0,0,0,0,0,0,0,0,0,0,0,0,0,0,0,0,12,0,0,0,12,0,0,0,12,0,0,12,0,0,0,0,0,0,0,0,0,0,0,0,0,0,0,0,0,0,0,0,0,0,0,0,14,0,0,0
LGA13550,0,0,0,0,0,0,0,0,0,0,0,0,0,0,0,0,22,0,0,0,24,0,0,0,24,0,0,26,5,0,0,0,5,0,0,0,5,0,0,8,0,0,0,0,0,0,0,0,0,0,0,0,22,0,0,0,26,0,0,0,26,3,0,31,0,0,0,0,0,0,0,0,0,0,0,0,0,0,0,0,0,0,0,0,0,0,0,0,0,0,0,0,0,0,0,0,0,0,0,0,0,0,0,0,0,0,0,0,0,0,0,0,0,0,0,0,0,0,0,0,0,0,0,0,0,0,0,0,0,0,0,0,0,0,0,0,0,0,0,0,0,0,0,0,0,0,0,0,0,0,0,0,0,0,0,0,0,0,0,0,0,0,0,0,0,0,0,0,0,0,0,0,0,0,0,0,0,0,0,0,0,0,0,0,0,0,0,0,0,0,0,0,0,0,0,0,0,0,0,0
LGA13660,0,0,0,0,0,0,0,0,0,0,0,0,0,0,0,0,9,0,0,0,9,0,0,0,9,0,0,9,0,0,0,0,0,0,0,0,0,0,0,0,0,0,0,0,0,0,0,0,0,0,0,0,9,0,0,0,9,0,0,0,9,0,0,11,0,0,0,0,0,0,0,0,0,0,0,0,0,0,0,0,0,0,0,0,0,0,0,0,0,0,0,0,0,0,0,0,0,0,0,0,0,0,0,0,0,0,0,0,0,0,0,0,0,0,0,0,0,0,0,0,0,0,0,0,0,0,0,0,0,0,0,0,0,0,0,0,0,0,0,0,0,0,0,0,0,0,0,0,0,0,0,0,0,0,0,0,0,0,0,0,0,0,0,0,0,0,0,0,0,0,0,0,0,0,0,0,0,0,0,0,0,0,0,0,0,0,0,0,0,0,0,0,0,0,0,0,0,0,0,0
LGA13800,0,0,0,4,8,3,0,0,12,0,0,0,8,3,0,15,383,39,3,8,424,0,0,0,424,20,0,451,77,4,0,0,83,0,0,0,83,16,0,98,0,0,0,0,0,0,0,0,0,0,0,0,457,43,6,8,508,0,0,0,510,34,0,548,95,7,0,0,101,4,0,4,104,6,0,114,80,4,0,0,84,0,0,0,87,0,0,88,4,0,0,0,8,0,0,0,8,0,0,8,0,0,0,0,0,0,0,0,0,0,0,3,177,18,0,0,193,6,0,6,195,11,0,205,3,0,0,0,3,0,0,0,3,0,0,3,3,0,0,0,3,0,0,0,3,0,0,3,7,0,0,0,7,0,0,0,8,0,0,9,180,18,0,0,201,6,0,6,203,8,0,213,16,3,0,0,14,3,0,3,20,5,0,28,0,0,0,0,0,0,0,0,0,0,0,0,193,18,0,0
LGA13850,0,0,0,0,0,0,0,0,0,0,0,0,0,0,0,0,4,0,0,0,3,0,0,0,3,0,0,7,0,0,0,0,3,0,0,0,3,0,0,3,0,0,0,0,0,0,0,0,0,0,0,0,6,0,0,0,9,0,0,0,9,0,0,9,0,0,0,0,0,0,0,0,0,0,0,0,0,0,0,0,0,0,0,0,0,0,0,0,0,0,0,0,0,0,0,0,0,0,0,0,0,0,0,0,0,0,0,0,0,0,0,0,0,0,0,0,0,0,0,0,0,0,0,0,0,0,0,0,0,0,0,0,0,0,0,0,0,0,0,0,0,0,0,0,0,0,0,0,0,0,0,0,0,0,0,0,0,0,0,0,0,0,0,0,0,0,0,0,0,0,0,0,0,0,0,0,0,0,0,0,0,0,0,0,0,0,0,0,0,0,0,0,0,0,0,0,0,0,0,0
LGA13910,0,0,0,0,0,0,0,0,0,0,0,0,0,0,0,0,33,6,0,0,41,0,0,0,46,4,0,52,5,0,3,0,13,0,0,0,13,0,0,12,0,0,0,0,0,0,0,0,0,0,0,3,40,6,3,0,52,0,0,0,56,3,0,62,5,0,0,0,5,0,0,0,5,0,0,5,7,0,0,0,7,0,0,0,7,0,0,7,0,0,0,0,0,0,0,0,0,0,0,0,0,0,0,0,0,0,0,0,0,0,0,0,11,0,0,0,15,0,0,0,15,0,0,15,0,0,0,0,0,0,0,0,0,0,0,0,0,0,0,0,0,0,0,0,0,0,0,0,0,0,0,0,0,0,0,0,0,0,0,0,11,0,0,0,15,0,0,0,15,0,0,15,0,0,0,0,0,0,0,0,0,0,0,0,0,0,0,0,0,0,0,0,0,0,0,0,18,0,0,0
LGA14000,33,8,0,38,42,10,0,0,53,7,0,7,60,9,0,73,1771,203,32,23,2018,63,9,70,2091,108,0,2200,337,47,5,3,394,10,3,13,409,44,0,453,3,0,0,0,8,0,0,0,8,3,0,6,2112,247,38,25,2422,76,15,87,2505,155,0,2664,440,44,3,4,496,17,5,18,510,42,0,556,365,61,3,3,431,11,0,11,442,37,0,477,11,0,6,0,19,0,0,0,19,0,0,21,3,0,0,4,6,0,0,0,6,0,0,6,810,110,12,13,949,27,5,31,980,82,0,1056,7,3,0,0,8,0,0,0,9,0,0,9,6,3,0,0,10,4,0,4,17,3,0,13,14,3,0,0,23,4,0,4,23,3,0,24,827,114,14,13,968,27,5,31,1001,84,0,1085,171,23,3,0,200,12,3,16,210,48,0,258,0,0,0,0,0,0,0,0,0,0,3,3,1000,140,17,14
LGA14100,0,0,0,0,0,0,0,0,0,0,0,0,0,0,0,0,151,10,0,3,160,7,0,4,169,7,0,178,36,7,0,3,44,3,0,3,47,13,0,58,0,0,0,0,0,0,0,0,0,0,0,0,181,14,3,3,204,4,0,6,216,16,0,233,46,3,0,0,46,3,4,3,51,4,0,60,41,0,0,0,44,0,0,0,44,4,0,41,0,0,0,0,3,0,0,0,3,0,0,3,0,0,0,3,3,0,0,0,3,0,0,3,85,6,0,3,96,4,4,3,97,3,0,105,0,0,0,0,0,0,0,0,0,0,0,0,0,0,0,0,0,0,0,0,0,0,0,0,0,0,0,0,0,0,0,0,0,0,0,0,85,6,0,3,96,4,4,3,97,8,0,107,7,3,0,0,13,0,0,0,13,3,0,19,0,0,0,0,0,0,0,0,0,0,0,0,92,13,0,4
LGA14170,25,3,0,28,25,7,0,0,34,7,0,5,39,3,0,35,719,113,15,7,849,18,8,32,878,87,0,969,125,28,5,6,169,5,0,5,171,53,0,222,0,0,0,0,0,0,0,0,0,0,0,0,839,143,14,15,1020,27,7,38,1053,143,3,1195,236,36,0,0,275,3,0,3,274,22,0,294,121,30,3,0,153,3,0,3,156,16,0,173,4,0,4,0,8,0,0,0,8,3,0,10,0,0,0,3,3,0,0,0,3,3,0,6,362,68,9,3,435,3,0,5,443,43,0,486,7,0,0,0,7,3,0,3,7,4,0,11,10,0,0,0,6,0,0,0,6,0,0,8,13,0,0,0,15,3,0,3,15,4,0,19,375,66,9,3,453,4,0,7,458,45,0,507,76,24,8,0,107,0,3,4,112,40,0,154,4,0,0,0,4,0,0,0,4,0,0,4,453,89,11,6
LGA14200,0,0,0,0,0,0,0,0,0,0,0,0,0,0,0,0,31,10,0,0,35,0,0,0,35,3,0,41,0,0,0,0,3,0,0,0,3,5,0,4,0,0,0,0,0,0,0,0,0,0,0,0,26,10,0,0,41,0,0,0,41,4,0,42,3,0,0,0,4,0,0,0,4,0,0,4,0,0,0,0,0,0,0,0,0,0,0,0,0,0,0,0,0,0,0,0,0,0,0,0,0,0,0,0,0,0,0,0,0,0,0,0,0,0,0,3,4,0,0,0,4,0,0,4,0,0,0,0,0,0,0,0,0,0,0,0,0,0,0,0,0,0,0,0,0,0,0,0,0,0,0,0,0,0,0,0,0,0,0,0,0,0,0,3,4,0,0,0,4,0,0,7,0,0,0,0,0,0,0,0,0,0,0,0,0,0,0,0,0,0,0,0,0,0,0,0,0,0,0,3
LGA14300,0,0,0,0,0,0,0,0,0,0,0,0,0,0,0,0,6,0,0,0,6,0,0,0,6,0,0,12,8,0,0,0,9,0,0,0,9,4,0,6,0,0,0,0,0,0,0,0,0,0,0,0,15,0,0,0,14,0,0,0,14,4,0,18,5,0,0,0,5,0,0,0,5,0,0,5,0,0,0,0,0,0,0,0,0,0,0,3,0,0,0,0,0,0,0,0,0,0,0,0,0,0,0,0,0,0,0,0,0,0,0,0,5,0,0,0,3,0,0,0,3,0,0,5,0,0,0,0,0,0,0,0,0,0,0,0,0,0,0,0,0,0,0,0,0,0,0,0,0,0,0,0,0,0,0,0,0,0,0,0,5,0,0,0,3,0,0,0,3,0,0,5,0,0,0,0,0,0,0,0,0,0,0,0,0,0,0,0,0,0,0,0,0,0,0,0,5,0,0,0
LGA14350,0,0,0,0,0,0,0,0,0,0,0,0,0,0,0,0,44,9,0,3,59,0,0,3,62,4,0,68,9,4,0,0,13,0,0,0,13,4,0,20,0,0,0,0,0,0,0,0,0,0,0,0,57,14,0,3,78,0,0,3,81,8,0,87,3,0,0,0,6,0,0,0,6,0,0,8,3,0,0,0,3,0,0,0,3,0,0,4,0,0,0,0,0,0,0,0,0,0,0,0,0,0,0,0,0,0,0,0,0,0,0,0,5,3,0,0,12,0,0,0,9,0,0,14,0,0,0,0,0,0,0,0,0,0,0,0,0,0,0,0,0,0,0,0,0,0,0,0,0,0,0,0,0,0,0,0,0,0,0,0,9,3,0,0,11,0,0,0,13,0,0,17,4,0,0,0,8,0,0,0,8,0,0,8,0,0,0,0,0,0,0,0,0,0,0,0,13,3,0,0
LGA14400,0,0,0,3,0,0,0,0,0,0,0,0,0,0,0,4,147,14,5,5,178,3,0,4,177,6,0,189,17,3,0,0,20,0,0,0,23,4,0,26,0,0,0,0,0,0,0,0,0,0,0,3,162,16,5,5,195,3,3,3,202,8,0,211,25,5,0,0,29,0,0,0,29,3,0,29,26,9,0,0,31,0,0,0,35,7,0,45,0,3,0,0,3,0,0,0,3,0,0,3,0,0,0,0,0,0,0,0,0,0,0,0,53,13,0,0,70,0,0,0,67,9,0,80,0,0,0,0,0,0,0,0,0,0,0,0,0,0,0,0,0,0,0,0,0,0,0,0,0,0,0,0,0,0,0,0,0,0,0,3,53,15,0,0,72,0,0,0,70,14,0,84,15,3,0,0,13,0,0,0,19,11,0,26,0,0,0,0,0,0,0,0,0,0,0,0,61,20,4,0
LGA14500,32,6,0,42,43,6,0,0,46,4,0,4,48,9,0,56,1619,185,36,29,1856,56,11,58,1923,101,4,2023,413,34,9,4,457,13,11,21,486,85,0,566,5,0,0,0,5,0,0,0,5,0,5,7,2033,216,39,34,2320,65,19,85,2409,186,4,2594,425,59,5,7,490,14,0,18,508,41,0,549,388,62,5,3,457,12,0,15,471,22,0,497,6,0,4,0,11,0,0,0,11,0,0,10,6,0,0,9,10,0,0,0,10,0,0,10,822,121,10,17,967,24,8,32,998,68,0,1069,8,0,0,0,8,0,0,0,8,0,0,8,10,3,0,0,16,4,0,4,19,0,0,22,14,3,0,0,18,5,0,5,26,4,0,26,837,126,10,17,990,25,8,30,1022,69,0,1097,195,36,0,5,232,7,0,7,246,62,0,304,0,0,0,0,0,0,0,0,0,0,0,0,1030,160,17,16
LGA14550,0,0,0,0,0,0,0,0,0,0,0,0,0,0,0,0,23,3,0,0,28,0,0,0,28,5,0,33,3,0,0,0,3,0,0,0,3,3,0,6,0,0,0,0,0,0,0,0,0,0,0,0,28,3,0,0,30,0,0,0,30,6,0,37,6,0,0,0,6,0,0,0,6,0,0,6,0,0,0,0,0,0,0,0,0,0,0,0,0,0,0,0,0,0,0,0,0,0,0,0,0,0,0,0,0,0,0,0,0,0,0,0,7,0,0,0,7,0,0,0,7,0,0,7,0,0,0,0,0,0,0,0,0,0,0,0,0,0,0,0,0,0,0,0,0,0,0,0,0,0,0,0,0,0,0,0,0,0,0,0,7,0,0,0,7,0,0,0,7,0,0,7,0,0,0,0,0,0,0,0,0,0,0,0,0,0,0,0,0,0,0,0,0,0,0,0,7,0,0,0
LGA14600,0,0,0,0,0,0,0,0,0,0,0,0,0,0,0,0,0,0,0,0,0,0,0,0,0,0,0,0,0,0,0,0,0,0,0,0,0,0,0,4,0,0,0,0,0,0,0,0,0,0,0,0,3,0,0,0,3,0,0,0,3,0,0,5,0,0,0,0,0,0,0,0,0,0,0,0,0,0,0,0,0,0,0,0,0,0,0,0,0,0,0,0,0,0,0,0,0,0,0,0,0,0,0,0,0,0,0,0,0,0,3,3,0,0,0,0,0,0,0,0,0,0,3,7,0,0,0,0,0,0,0,0,0,0,0,0,0,0,0,0,0,0,0,0,0,0,0,0,0,0,0,0,0,0,0,0,0,0,0,0,0,0,0,0,0,0,0,0,0,0,3,7,0,0,0,0,0,0,0,0,0,0,0,0,0,0,0,0,0,0,0,0,0,0,0,0,0,0,0,0
LGA14650,25,0,0,25,35,7,0,0,39,5,0,5,44,0,0,44,1051,134,24,12,1227,29,4,33,1258,101,0,1355,160,17,5,0,186,7,0,7,195,58,0,252,0,0,0,0,0,0,0,0,0,0,0,0,1217,147,28,14,1407,34,8,42,1449,156,0,1609,218,23,4,0,247,3,0,3,252,26,0,284,228,31,4,3,264,4,0,6,275,32,0,304,8,0,8,0,10,0,0,0,10,0,0,10,0,0,0,3,3,0,0,0,3,0,0,3,449,53,13,12,534,5,3,11,538,63,4,600,0,3,0,0,3,0,0,0,3,0,0,4,4,0,0,0,5,0,0,0,8,0,0,8,4,4,0,0,7,0,0,0,9,0,0,10,454,58,18,12,541,5,4,12,547,61,4,614,76,15,0,3,96,0,5,7,103,27,0,127,0,0,0,0,0,0,0,0,0,0,0,3,530,71,19,15
LGA14700,10,0,0,10,9,3,0,0,17,0,0,0,13,0,0,13,294,46,3,3,350,14,0,14,362,24,0,387,62,12,3,0,81,0,0,0,76,8,0,83,0,0,0,0,0,0,0,0,0,0,0,0,357,60,3,3,432,13,0,13,445,28,0,476,81,4,0,0,87,3,0,3,89,7,0,97,81,8,0,0,92,0,0,0,95,8,0,99,0,0,0,0,0,0,0,0,0,0,0,0,0,0,0,0,0,0,0,0,0,0,0,0,161,16,0,0,175,3,0,3,182,19,0,204,0,0,0,0,0,0,0,0,0,0,0,0,3,0,0,0,3,0,0,0,3,0,0,3,3,0,0,0,3,0,0,0,3,0,0,3,164,16,0,0,183,3,0,3,187,19,0,204,36,6,0,0,38,0,0,0,38,7,0,43,0,0,0,0,0,0,0,0,0,0,0,0,194,20,0,0
LGA14750,0,0,0,0,0,0,0,0,0,0,0,0,0,0,0,0,21,0,0,0,27,0,0,0,27,0,0,24,4,0,0,0,4,0,0,0,4,3,0,7,0,0,0,0,0,0,0,0,0,0,0,0,22,0,0,0,29,0,0,0,29,7,0,34,3,0,0,0,3,0,0,0,3,0,0,3,0,0,0,0,0,0,0,0,0,0,0,0,0,0,0,0,0,0,0,0,0,0,0,0,0,0,0,0,0,0,0,0,0,0,0,0,3,0,0,0,3,0,0,0,3,0,0,3,0,0,0,0,0,0,0,0,0,0,0,0,0,0,0,0,0,0,0,0,0,0,0,0,0,0,0,0,0,0,0,0,0,0,0,0,3,0,0,0,3,0,0,0,3,0,0,3,0,0,0,0,0,0,0,0,0,0,0,0,0,0,0,0,0,0,0,0,0,0,0,0,3,0,0,0
LGA14850,3,0,0,3,0,3,0,0,3,0,0,0,3,0,0,3,119,34,3,0,157,0,3,3,160,10,0,172,13,4,0,0,21,0,0,0,19,13,0,36,0,0,0,0,0,0,0,0,0,0,3,3,136,40,3,0,181,3,3,3,185,24,3,207,23,3,0,0,19,3,0,3,22,0,0,22,15,0,0,0,14,0,0,0,15,0,0,21,0,0,0,0,0,0,0,0,0,0,0,0,0,0,0,0,0,0,0,0,0,0,0,0,33,4,0,0,41,3,0,0,42,0,0,46,0,0,0,0,0,0,0,0,0,0,0,0,0,0,0,0,0,0,0,0,0,0,0,0,0,0,0,0,0,0,0,0,0,0,0,0,33,4,0,0,41,3,0,0,42,0,0,46,4,0,0,0,4,4,0,4,3,3,0,6,0,0,0,0,0,0,0,0,0,0,0,0,40,4,0,0
LGA14870,0,0,0,0,0,0,0,0,0,0,0,0,3,0,0,3,47,3,0,0,52,3,0,3,54,0,0,62,13,0,0,0,15,0,0,0,12,3,0,18,0,0,0,0,0,0,0,0,0,0,0,0,56,3,0,0,64,6,0,6,68,9,0,80,7,0,0,0,7,0,0,0,10,0,0,10,3,3,0,0,6,0,0,0,6,0,0,6,0,0,0,0,0,0,0,0,0,0,0,0,0,0,0,0,0,0,0,0,0,0,0,0,12,3,0,0,15,0,0,0,20,0,0,20,0,0,0,0,0,0,0,0,0,0,0,0,0,0,0,0,0,0,0,0,0,0,0,0,0,0,0,0,0,0,0,0,0,0,0,0,16,3,0,0,14,0,0,0,15,0,0,15,0,0,0,0,0,0,0,0,0,4,0,3,0,0,0,0,0,0,0,0,0,0,0,0,13,6,0,0
LGA14900,44,8,0,53,46,27,0,6,74,5,4,12,85,14,0,99,1662,251,36,39,1993,49,13,68,2060,147,5,2213,488,126,14,32,655,39,16,50,703,412,3,1119,0,0,0,0,0,0,0,0,0,0,7,16,2148,380,46,68,2650,89,25,118,2769,562,17,3344,509,45,4,4,568,11,4,13,583,51,0,630,239,57,5,0,299,9,0,8,305,35,0,337,12,0,8,0,22,0,0,0,23,0,0,27,12,0,0,5,20,0,0,0,20,3,0,24,774,106,13,8,902,18,4,24,930,88,0,1020,7,0,0,0,8,3,0,3,12,3,0,10,8,3,0,0,16,0,7,6,23,7,0,25,15,7,0,0,21,3,7,12,32,11,0,43,785,110,13,8,925,26,13,36,963,99,0,1056,216,51,5,8,279,17,8,25,309,260,0,571,0,0,0,0,0,0,0,0,0,0,0,3,1007,166,23,24
LGA14920,0,0,0,0,0,0,0,0,0,0,0,0,0,0,0,0,16,0,0,0,13,0,0,0,13,3,0,15,4,0,0,0,4,0,0,0,4,0,0,4,0,0,0,0,0,0,0,0,0,0,0,0,15,0,0,0,22,0,0,0,22,3,0,23,0,0,0,0,0,0,0,0,0,0,0,0,0,0,0,0,0,0,0,0,0,0,0,0,0,0,0,0,0,0,0,0,0,0,0,0,0,0,0,0,0,0,0,0,0,0,0,0,3,0,0,0,3,0,0,0,3,0,0,3,0,0,0,0,0,0,0,0,0,0,0,0,0,0,0,0,0,0,0,0,0,0,0,0,0,0,0,0,0,0,0,0,0,0,0,0,6,0,0,0,6,0,0,0,6,0,0,6,0,0,0,0,0,0,0,0,0,0,0,0,0,0,0,0,0,0,0,0,0,0,0,0,6,0,0,0
LGA14950,0,0,0,0,0,0,0,0,0,0,0,0,0,0,0,0,5,0,0,0,6,0,0,0,6,0,0,6,0,0,0,0,0,0,0,0,0,0,0,0,0,0,0,0,0,0,0,0,0,0,0,0,5,4,0,0,4,0,0,0,4,0,0,9,3,0,0,0,4,0,0,0,4,0,0,4,3,0,0,0,3,0,0,0,3,0,0,3,0,0,0,0,0,0,0,0,0,0,0,0,0,0,0,0,0,0,0,0,0,0,0,0,6,0,0,0,3,0,0,0,3,0,0,3,0,0,0,0,0,0,0,0,0,0,0,0,0,0,0,0,0,0,0,0,0,0,0,0,0,0,0,0,0,0,0,0,0,0,0,0,6,0,0,0,3,0,0,0,3,0,0,3,3,0,0,0,3,0,0,0,3,0,0,3,0,0,0,0,0,0,0,0,0,0,0,0,6,0,0,0
LGA15050,9,3,0,12,15,0,0,0,16,3,0,4,16,3,0,20,405,38,5,6,451,5,0,10,456,26,0,482,46,9,3,0,56,3,0,3,62,10,0,74,0,0,0,0,0,0,0,0,0,0,0,0,446,42,5,11,504,9,3,10,523,36,0,555,69,0,0,0,76,5,3,5,81,16,0,93,65,4,0,0,73,0,0,0,75,8,0,78,0,0,3,0,3,0,0,0,3,0,0,3,0,0,0,0,0,0,0,0,0,0,0,0,138,9,3,0,149,5,3,8,156,22,0,174,0,0,0,0,0,0,0,0,0,0,0,0,8,0,0,0,8,0,0,0,8,0,0,8,7,0,0,0,7,0,0,0,7,0,0,7,142,9,3,0,158,5,3,8,159,22,0,178,25,5,3,0,29,0,0,0,29,3,0,35,0,0,0,0,0,0,0,0,0,0,0,0,168,12,7,0
LGA15240,0,0,0,0,3,3,0,0,6,3,0,3,7,0,0,7,141,43,5,0,188,4,0,4,194,18,0,211,24,11,0,0,36,0,0,0,36,22,0,53,0,0,0,0,0,0,0,0,0,0,0,3,162,50,5,3,220,4,0,4,228,38,0,267,15,0,0,0,20,0,0,0,20,0,0,22,20,3,0,0,23,0,0,0,23,0,0,24,0,0,0,0,0,0,0,0,0,0,0,0,0,0,0,0,0,0,0,0,0,0,0,0,35,4,0,0,38,0,0,0,38,3,0,45,0,0,0,0,0,0,0,0,0,0,0,0,0,0,0,0,0,0,0,0,0,0,0,0,0,0,0,0,0,0,0,0,0,0,0,0,35,8,0,0,42,0,0,0,42,8,0,43,8,3,0,0,10,0,0,0,10,7,0,17,0,0,0,0,0,0,0,0,0,0,0,0,39,9,0,0
LGA15270,0,0,0,0,0,0,0,0,0,0,0,0,0,0,0,0,39,4,0,3,51,6,0,6,50,6,0,55,5,0,0,0,3,0,0,0,3,3,0,7,0,0,0,0,0,0,0,0,0,0,0,0,44,4,0,3,51,6,0,6,58,8,0,63,3,0,0,0,3,0,0,0,3,0,0,3,3,0,0,0,3,0,0,0,3,0,0,3,0,0,0,0,0,0,0,0,0,0,0,0,0,0,0,0,0,0,0,0,0,0,0,0,8,0,0,0,8,0,0,0,8,0,0,9,0,0,0,0,0,0,0,0,0,0,0,0,0,0,0,0,0,0,0,0,0,0,0,0,0,0,0,0,0,0,0,0,0,0,0,0,8,0,0,0,8,0,0,0,8,0,0,9,0,0,0,0,0,0,0,0,0,0,0,0,0,0,0,0,0,0,0,0,0,0,0,0,8,0,0,0
LGA15300,0,0,0,0,0,0,0,0,0,0,0,0,0,0,0,0,13,3,0,0,14,0,0,0,14,0,0,14,0,0,0,0,0,0,0,0,0,0,0,0,0,0,0,0,0,0,0,0,0,0,0,0,13,3,0,0,14,0,0,0,14,0,0,14,0,0,0,0,0,0,0,0,0,0,0,0,4,0,0,0,4,0,0,0,4,0,0,4,0,0,0,0,0,0,0,0,0,0,0,0,0,0,0,0,0,0,0,0,0,0,0,0,4,0,0,0,3,0,0,0,3,0,0,3,0,0,0,0,0,0,0,0,0,0,0,0,0,0,0,0,0,0,0,0,0,0,0,0,0,0,0,0,0,0,0,0,0,0,0,0,4,0,0,0,3,0,0,0,3,0,0,3,0,0,0,0,0,0,0,0,0,0,0,0,0,0,0,0,0,0,0,0,0,0,0,0,4,0,0,0
LGA15350,3,0,0,3,9,0,0,0,9,0,0,0,9,3,0,9,192,32,5,0,230,3,4,7,236,15,0,242,105,15,0,3,126,0,0,3,132,11,0,146,0,0,0,0,0,0,0,0,0,0,0,0,296,50,9,3,358,4,3,11,368,27,0,389,45,6,0,0,54,6,3,9,61,0,0,61,39,13,0,0,50,0,0,0,56,3,0,53,0,0,3,0,7,0,0,0,7,0,0,4,0,0,0,0,0,0,0,0,0,0,0,0,94,15,3,0,111,8,3,11,117,3,0,125,0,0,0,0,0,0,0,0,0,0,0,0,3,0,0,0,3,0,0,0,6,0,0,6,3,0,0,0,3,0,0,0,5,0,0,5,94,18,3,0,115,8,3,8,124,3,0,131,41,13,0,3,66,0,0,3,69,4,0,71,0,0,0,0,0,0,0,0,0,0,0,0,138,36,0,3
LGA15520,0,0,0,0,0,0,0,0,0,0,0,0,0,0,0,0,34,3,0,0,39,0,0,0,39,0,0,44,3,0,0,0,3,0,0,0,3,3,0,8,0,0,0,0,0,0,0,0,0,0,0,0,36,3,0,0,47,0,0,0,47,4,0,51,0,0,0,0,0,0,0,0,0,0,0,0,3,3,0,0,5,0,0,0,5,0,0,3,0,0,0,0,0,0,0,0,0,0,0,0,0,0,0,0,0,0,0,0,0,0,0,0,3,3,0,0,5,0,0,0,5,0,0,3,0,0,0,0,0,0,0,0,0,0,0,0,0,0,0,0,0,0,0,0,0,0,0,0,0,0,0,0,0,0,0,0,0,0,0,0,3,3,0,0,5,0,0,0,5,0,0,3,0,0,0,0,0,0,0,0,0,0,0,0,0,0,0,0,0,0,0,0,0,0,0,0,3,3,0,0
LGA15560,0,0,0,0,0,0,0,0,0,0,0,0,0,0,0,0,9,0,0,0,9,0,0,0,8,0,0,12,0,0,0,0,0,0,0,0,0,0,0,0,0,0,0,0,0,0,0,0,0,0,0,0,9,0,0,0,9,0,0,0,8,0,0,12,0,0,0,0,0,0,0,0,0,0,0,0,0,0,0,0,0,0,0,0,0,0,0,0,0,0,0,0,0,0,0,0,0,0,0,0,0,0,0,0,0,0,0,0,0,0,0,0,3,0,0,0,3,0,0,0,3,0,0,3,0,0,0,0,0,0,0,0,0,0,0,0,0,0,0,0,0,0,0,0,0,0,0,0,0,0,0,0,0,0,0,0,0,0,0,0,3,0,0,0,3,0,0,0,3,0,0,3,0,0,0,0,0,0,0,0,0,0,0,0,0,0,0,0,0,0,0,0,0,0,0,0,3,0,0,0
LGA15650,0,0,0,0,0,0,0,0,0,0,0,0,0,0,0,0,40,8,0,0,48,4,0,4,47,0,0,52,3,0,0,0,3,0,0,0,3,3,0,7,0,0,0,0,0,0,0,0,0,0,0,0,41,11,0,0,47,4,0,4,55,6,0,58,3,0,0,0,5,0,0,0,5,0,0,5,0,0,0,0,0,0,0,0,0,0,0,0,0,0,0,0,0,0,0,0,0,0,0,0,0,0,0,3,3,0,0,0,3,0,0,3,3,0,0,3,11,0,0,0,11,0,0,11,0,0,0,0,0,0,0,0,0,0,0,0,0,0,0,0,0,0,0,0,0,0,0,0,0,0,0,0,0,0,0,0,0,0,0,0,3,0,0,3,11,0,0,0,11,0,0,11,0,0,0,0,0,0,0,0,0,0,0,0,0,0,0,0,0,0,0,0,0,0,0,0,3,0,0,3
LGA15700,0,0,0,0,0,0,0,0,0,0,0,0,0,3,0,3,22,3,0,0,25,0,0,0,25,8,0,41,5,0,0,0,7,0,0,0,7,8,0,11,0,0,0,0,0,0,0,0,0,0,0,0,29,5,0,0,34,0,0,0,34,14,0,48,4,3,0,0,4,0,0,0,4,0,0,7,3,0,0,0,3,0,0,0,3,0,0,3,0,0,0,0,0,0,0,0,0,0,0,0,0,0,0,0,0,0,0,0,0,0,0,0,9,3,0,0,7,0,0,0,7,0,0,6,0,0,0,0,0,0,0,0,0,0,0,0,0,0,0,0,0,0,0,0,0,0,0,0,0,0,0,0,0,0,0,0,0,0,0,0,9,3,0,0,7,0,0,0,7,0,0,6,0,0,0,0,0,0,0,0,0,4,0,3,0,0,0,0,0,0,0,0,0,0,0,0,10,3,0,0
LGA15750,4,0,0,4,0,0,0,0,0,3,0,3,5,0,0,5,24,0,0,0,24,3,0,3,27,0,0,27,8,0,0,0,8,0,0,0,8,0,0,9,0,0,0,0,0,0,0,0,0,0,0,0,32,0,0,0,32,3,0,3,37,0,0,38,4,0,0,0,4,0,0,0,4,0,0,4,0,0,0,0,0,0,0,0,0,0,0,0,0,0,0,0,0,0,0,0,0,0,0,0,0,0,0,0,0,0,0,0,0,0,0,0,4,0,0,0,4,0,0,0,4,0,0,4,0,0,0,0,0,0,0,0,0,0,0,0,0,0,0,0,0,0,0,0,0,0,0,0,0,0,0,0,0,0,0,0,0,0,0,0,4,0,0,0,4,0,0,0,4,0,0,4,0,0,0,0,0,0,0,0,0,0,0,0,0,0,0,0,0,0,0,0,0,0,0,0,4,0,0,0
LGA15800,0,0,0,0,0,0,0,0,0,0,0,0,0,0,0,0,12,0,0,0,8,0,0,0,8,0,0,8,0,0,0,0,0,0,0,0,0,0,0,0,0,0,0,0,0,0,0,0,0,0,0,0,12,0,0,0,8,0,0,0,8,0,0,8,0,0,0,0,0,0,0,0,0,0,0,0,0,0,0,0,0,0,0,0,0,0,0,0,0,0,0,0,0,0,0,0,0,0,0,0,0,0,0,0,0,0,0,0,0,0,0,0,0,0,0,0,0,0,0,0,0,0,0,0,0,0,0,0,0,0,0,0,0,0,0,0,0,0,0,0,0,0,0,0,0,0,0,0,0,0,0,0,0,0,0,0,0,0,0,0,0,0,0,0,0,0,0,0,0,0,0,0,0,0,0,0,0,0,0,0,0,0,0,3,0,0,0,0,0,0,0,0,0,0,0,0,4,0,0,0
LGA15850,0,0,0,0,0,0,0,0,0,0,0,0,0,0,0,0,12,3,0,0,13,0,0,0,13,0,0,13,0,0,0,0,0,0,0,0,0,0,0,0,0,0,0,0,0,0,0,0,0,0,0,0,12,3,0,0,16,0,0,0,16,0,0,15,3,0,0,0,3,0,0,0,3,0,0,3,0,0,0,0,0,0,0,0,0,0,0,0,0,0,0,0,0,0,0,0,0,0,0,0,0,0,0,0,0,0,0,0,0,0,0,0,7,0,0,0,7,0,0,0,7,0,0,7,0,0,0,0,0,0,0,0,0,0,0,0,0,0,0,0,0,0,0,0,0,0,0,0,0,0,0,0,0,0,0,0,0,0,0,0,7,0,0,0,7,0,0,0,7,0,0,7,0,0,0,0,0,0,0,0,0,0,0,0,0,0,0,0,0,0,0,0,0,0,0,0,4,0,0,0
LGA15900,7,3,0,11,15,0,0,0,18,5,0,5,18,4,0,26,652,93,11,13,759,26,4,27,792,55,0,849,105,17,0,0,125,3,0,3,126,35,0,168,4,0,0,0,4,0,0,0,4,0,0,4,760,110,6,13,888,30,4,31,923,95,4,1017,145,16,0,0,161,7,0,12,173,22,0,193,146,11,3,0,166,3,0,6,168,18,0,192,7,0,0,0,7,0,0,0,7,0,0,8,0,0,0,0,0,0,0,0,0,0,0,0,300,29,3,4,332,12,0,12,351,42,0,386,0,0,0,0,0,0,0,0,0,0,0,0,7,0,0,0,7,0,0,0,7,0,0,7,8,0,0,0,8,0,0,0,8,0,0,8,304,29,4,4,342,12,0,12,356,42,0,395,58,13,0,0,69,3,0,5,72,32,0,108,0,0,0,0,0,0,0,0,0,0,0,0,365,42,8,4
LGA15950,9,0,0,9,6,0,0,0,6,0,3,3,11,0,0,11,209,36,9,3,252,6,3,7,262,13,0,276,51,3,3,0,63,0,0,0,63,4,0,62,0,0,0,0,0,0,0,0,0,0,0,0,257,38,9,3,309,5,3,7,319,17,0,337,62,11,0,0,75,0,0,0,78,3,0,77,60,19,0,0,82,3,0,5,79,6,0,88,0,0,3,0,7,0,0,0,7,0,0,6,0,0,0,0,0,0,0,0,0,0,0,0,127,28,3,0,156,0,3,4,161,11,0,176,0,0,0,0,0,0,0,0,0,0,0,0,3,0,0,0,3,0,0,0,3,0,0,3,5,0,0,0,5,0,0,0,5,0,0,5,130,28,3,0,164,3,3,3,171,11,0,183,26,12,0,0,35,0,3,5,41,9,0,46,0,0,0,0,0,0,0,0,0,0,0,0,155,36,4,0
LGA15990,41,3,0,43,47,0,0,0,51,8,3,11,64,4,0,70,1960,248,30,21,2264,46,9,55,2320,122,0,2444,330,41,7,3,388,15,0,15,394,67,0,463,0,0,0,0,3,0,0,0,3,0,3,6,2291,295,39,24,2648,60,9,69,2719,189,7,2914,409,53,3,0,469,4,3,8,480,29,0,507,437,113,7,6,556,9,0,13,570,37,0,607,7,0,7,0,20,0,0,0,20,0,0,20,6,0,0,4,12,0,0,0,12,0,0,12,865,169,16,14,1063,19,7,19,1080,63,0,1144,3,0,0,0,4,4,0,4,9,0,0,9,9,0,0,0,12,0,3,3,15,0,0,11,13,0,0,0,12,4,3,3,23,0,0,23,876,170,17,14,1077,19,11,29,1103,60,0,1165,133,36,0,0,172,5,3,11,184,52,3,235,0,0,0,0,0,0,0,0,0,0,0,0,1009,207,18,17
LGA16100,0,0,0,0,0,0,0,0,0,0,0,0,0,0,0,0,16,0,0,0,19,0,0,0,18,0,0,18,0,0,0,0,0,0,0,0,0,0,0,3,0,0,0,0,0,0,0,0,0,0,0,0,14,0,0,0,17,0,0,0,22,0,0,22,0,0,0,0,0,0,0,0,0,0,0,0,0,0,0,0,0,0,0,0,0,0,0,0,0,0,0,0,0,0,0,0,0,0,0,0,0,0,0,0,0,0,0,0,0,0,0,0,0,0,0,0,0,0,0,0,0,0,0,0,0,0,0,0,0,0,0,0,0,0,0,0,0,0,0,0,0,0,0,0,0,0,0,0,0,0,0,0,0,0,0,0,0,0,0,0,0,0,0,0,0,0,0,0,0,0,0,0,0,0,0,0,0,0,0,0,0,0,0,0,0,0,0,0,0,0,0,0,0,0,0,0,0,0,0,0
LGA16150,0,0,0,0,0,0,0,0,0,0,0,0,4,0,0,3,135,9,5,3,145,4,0,10,149,11,0,161,10,5,0,3,18,0,0,0,18,7,0,26,0,0,0,0,0,0,0,0,0,0,0,0,142,10,5,6,164,4,0,10,170,12,0,184,20,0,0,0,15,0,0,0,19,3,0,22,8,0,0,0,9,0,0,0,6,0,0,12,0,0,0,0,0,0,0,0,0,0,0,0,0,0,0,0,0,0,0,0,0,0,0,0,26,0,0,0,26,3,0,3,26,4,0,32,0,0,0,0,0,0,0,0,0,0,0,3,0,0,0,0,0,0,0,0,0,0,0,0,0,0,0,0,0,0,0,0,0,0,0,3,25,0,0,0,30,3,0,3,27,4,0,32,0,3,0,0,3,0,0,0,3,0,0,3,0,0,0,0,0,0,0,0,0,0,0,0,25,3,0,0
LGA16200,0,0,0,0,0,0,0,0,0,0,0,0,0,0,0,0,30,5,0,0,36,0,0,0,36,3,0,41,3,0,0,0,3,0,0,0,3,4,0,10,0,0,0,0,0,0,0,0,0,0,0,0,30,5,0,0,41,0,0,0,41,4,0,44,0,0,0,0,3,0,0,0,3,0,0,3,4,0,0,0,4,0,0,0,4,0,0,3,0,0,0,0,0,0,0,0,0,0,0,0,0,0,0,0,0,0,0,0,0,0,0,0,4,0,0,0,5,0,0,0,5,0,0,4,0,0,0,0,0,0,0,0,0,0,0,0,0,0,0,0,0,0,0,0,0,0,0,0,0,0,0,0,0,0,0,0,0,0,0,0,4,0,0,0,5,0,0,0,8,0,0,10,4,0,0,0,4,0,0,0,4,0,0,4,0,0,0,0,0,0,0,0,0,0,0,0,10,0,0,0
LGA16260,54,3,0,56,53,18,0,0,70,7,4,11,85,9,0,94,1666,287,21,27,2004,57,20,81,2082,138,0,2218,436,104,7,19,570,22,9,31,597,147,0,746,0,0,0,3,3,0,0,0,3,0,0,3,2104,393,29,51,2574,81,29,110,2685,281,6,2970,441,53,8,3,502,17,8,20,527,57,0,587,303,82,3,6,402,12,6,16,418,44,0,455,5,3,3,0,10,0,0,0,10,0,0,10,4,0,0,12,17,0,0,0,17,0,0,19,760,139,15,19,935,30,12,42,972,102,0,1077,10,0,0,0,10,8,0,8,13,0,0,19,6,5,0,0,14,3,0,4,16,4,0,17,13,5,0,0,20,8,0,11,29,9,0,38,771,144,16,19,954,35,12,45,998,107,0,1108,218,46,3,3,273,6,3,11,281,95,0,384,0,0,0,0,0,0,0,0,0,0,5,5,991,195,16,21
LGA16350,26,3,0,24,34,3,0,0,39,0,0,0,40,3,0,50,1174,110,18,25,1326,20,0,24,1355,86,0,1442,222,31,3,3,264,12,3,16,277,75,3,352,0,0,0,3,3,0,0,0,3,0,3,5,1399,138,23,30,1588,34,5,45,1635,159,10,1803,294,26,3,0,318,8,3,10,327,31,0,358,195,33,0,4,230,3,0,3,235,22,0,257,13,0,4,0,14,0,0,0,14,3,0,18,3,3,0,5,13,0,0,0,13,0,0,13,507,54,6,11,579,8,3,11,592,54,0,644,4,0,0,0,4,0,0,0,5,0,0,6,3,3,0,0,6,0,0,0,6,0,0,6,10,3,0,0,10,0,0,0,15,0,0,10,511,64,6,11,595,11,3,8,601,52,0,661,107,14,3,0,132,6,0,11,139,41,0,177,0,0,0,5,5,0,0,0,5,0,0,5,624,76,13,14
LGA16380,3,0,0,6,5,0,0,0,9,0,0,0,9,3,0,7,198,28,4,4,235,3,0,3,238,17,0,252,28,12,6,0,44,3,0,3,42,12,0,60,0,0,0,0,0,0,0,0,0,0,0,0,231,35,9,4,273,3,0,6,280,29,0,311,16,0,0,0,16,0,0,0,22,0,0,18,12,3,0,0,17,0,0,0,17,4,0,22,0,0,0,0,0,0,0,0,0,0,0,0,0,0,0,0,0,0,0,0,0,0,0,0,34,3,0,0,34,0,0,0,38,3,0,42,0,0,0,0,0,0,0,0,0,0,0,0,0,0,0,0,0,0,0,0,3,0,0,3,3,0,0,0,3,0,0,0,3,0,0,3,34,3,0,0,35,3,0,3,37,3,0,40,3,0,0,0,7,0,0,0,8,7,0,13,0,0,0,0,0,0,0,0,0,0,0,0,42,3,0,0
LGA16400,6,0,0,6,7,0,3,0,6,0,0,0,6,0,0,14,244,37,16,0,291,7,4,8,300,21,3,328,40,11,4,0,56,0,0,0,57,7,0,67,0,0,0,0,0,0,0,0,0,0,0,0,285,44,12,0,346,10,5,9,357,36,4,393,41,7,0,0,52,0,0,0,56,8,0,62,45,8,3,3,56,0,0,3,60,3,0,60,0,3,0,0,3,0,0,0,3,0,0,3,0,0,0,0,0,0,0,0,0,0,0,0,85,20,4,3,111,0,0,7,113,8,0,124,0,0,0,0,0,0,0,0,0,0,0,0,0,0,0,0,0,0,0,0,0,0,0,0,0,0,0,0,0,0,0,0,0,0,0,0,85,20,4,3,114,0,0,7,115,8,0,126,18,0,0,0,20,0,0,0,20,9,0,33,0,0,0,0,0,0,0,0,0,0,0,0,106,18,4,3
LGA16490,0,0,0,3,3,0,0,0,3,0,0,0,3,0,0,3,333,32,9,0,372,3,3,5,378,31,0,408,36,6,0,0,40,0,0,0,40,13,0,55,0,3,0,0,3,0,0,0,3,0,0,3,365,41,9,0,419,3,3,8,423,41,0,463,92,7,0,0,97,0,0,0,97,9,0,107,40,5,0,0,51,0,0,0,50,7,0,54,3,0,0,0,3,0,0,0,3,0,0,3,4,0,0,0,4,0,0,0,4,0,0,4,141,17,0,0,158,0,0,0,159,11,0,169,0,0,0,0,0,0,0,0,0,0,0,0,0,0,0,0,0,0,0,0,0,0,0,0,3,0,0,0,3,0,0,0,3,0,0,3,145,17,0,0,161,0,0,0,163,13,0,176,11,3,0,0,11,0,0,0,16,5,0,19,0,0,0,0,0,0,0,0,0,0,0,0,155,18,0,0
LGA16550,20,0,0,20,27,3,0,0,24,3,0,3,32,0,0,32,826,102,9,9,948,8,7,13,963,47,0,1009,124,27,5,3,162,3,0,3,161,38,0,203,0,0,0,0,0,0,0,0,0,0,0,6,951,135,14,14,1109,12,9,16,1126,86,3,1218,219,32,3,3,257,5,0,9,265,34,0,296,166,42,0,4,212,6,0,5,221,9,0,228,0,0,0,0,7,0,0,0,7,3,0,12,7,0,0,0,7,0,0,0,7,0,0,9,395,75,7,6,484,10,0,10,498,45,0,544,0,0,0,0,4,0,0,0,4,0,0,4,4,0,0,0,9,0,0,0,6,0,0,6,5,3,0,0,7,0,0,0,8,0,0,8,399,72,7,6,495,10,3,13,504,45,0,549,71,22,4,0,94,0,0,3,99,26,0,124,0,0,0,0,0,0,0,0,0,0,0,0,469,95,14,6
LGA16610,0,0,0,0,0,0,0,0,0,0,0,0,0,0,0,0,48,9,3,0,59,0,0,3,64,12,0,72,11,6,0,0,16,0,0,0,16,14,0,22,0,0,0,0,0,0,0,0,0,0,0,0,54,11,3,0,73,0,0,3,80,23,0,97,3,0,0,0,3,0,0,0,3,0,0,4,5,0,0,0,4,0,0,0,4,0,0,6,0,0,0,0,0,0,0,0,0,0,0,0,0,0,0,0,0,0,0,0,0,0,0,0,7,0,0,0,7,0,0,0,7,0,0,11,0,0,0,0,0,0,0,0,0,0,0,0,0,0,0,0,0,0,0,0,0,0,0,0,0,0,0,0,0,0,0,0,0,0,0,0,6,0,0,0,14,0,0,0,14,0,0,15,0,3,0,0,0,0,0,0,0,0,0,3,0,0,0,0,0,0,0,0,0,0,0,0,12,5,0,0
LGA16650,14,4,0,21,13,3,0,0,18,8,7,11,28,9,0,42,626,115,8,16,765,17,7,28,795,72,0,869,152,69,3,12,226,7,3,5,235,77,0,316,0,0,0,0,0,0,0,0,0,0,3,0,773,184,12,24,989,27,15,37,1029,150,4,1185,168,17,3,3,190,3,0,3,197,23,0,219,87,28,0,0,114,0,0,0,114,10,0,123,11,0,7,0,11,0,0,0,11,3,0,18,3,0,0,6,15,0,0,0,14,0,0,14,264,40,4,9,328,5,0,5,331,40,0,369,8,0,0,0,6,0,0,0,6,0,0,6,4,4,0,0,9,0,0,0,9,3,0,8,12,4,0,0,14,0,0,0,16,3,0,22,278,51,4,9,343,9,0,9,352,38,0,385,64,32,6,5,103,8,3,6,113,56,0,175,0,0,0,0,0,0,0,0,0,0,0,0,341,78,10,13
LGA16700,35,3,0,37,30,3,0,0,35,3,3,10,41,3,0,45,897,142,13,11,1064,29,9,31,1099,66,0,1166,160,38,0,7,201,11,4,12,215,62,0,271,0,0,0,0,0,0,0,0,0,0,0,3,1060,181,20,13,1269,35,6,47,1313,125,5,1438,262,31,0,3,292,11,0,11,303,23,0,327,178,52,3,0,230,9,3,9,246,13,0,260,3,0,3,0,4,0,0,0,4,3,0,8,0,0,0,8,10,0,0,0,10,0,0,10,438,81,6,15,546,17,3,20,571,43,0,611,5,0,4,0,12,3,0,3,17,0,0,13,5,3,0,0,9,4,0,8,12,6,0,14,13,3,4,0,15,9,0,10,30,5,0,29,450,85,11,15,563,22,5,28,595,44,0,645,111,24,0,0,136,3,0,3,144,43,0,180,0,0,0,0,0,0,0,0,0,0,3,3,563,109,15,15
LGA16900,3,0,0,9,9,0,0,0,7,0,0,0,7,0,0,11,375,46,3,5,428,7,0,15,442,37,0,477,73,8,0,3,82,7,0,7,88,17,0,102,0,0,0,0,0,0,0,0,0,0,0,0,445,53,8,13,509,13,0,16,525,59,0,587,75,7,3,0,80,0,0,0,82,13,0,87,60,9,0,0,73,4,0,3,78,4,0,84,0,0,0,0,3,0,0,0,3,0,0,3,0,0,0,0,0,0,0,0,0,0,0,0,137,14,3,3,159,4,3,3,161,15,0,178,0,0,0,0,0,0,0,0,0,0,0,3,0,0,0,0,0,0,0,0,0,0,0,0,3,0,0,0,3,0,0,0,3,0,0,3,139,14,3,3,164,4,3,3,165,20,0,182,28,3,3,3,43,0,0,0,44,13,0,48,0,0,0,0,0,0,0,0,0,0,0,0,167,25,4,3
LGA16950,3,0,0,3,0,0,0,0,3,3,0,3,4,0,0,4,242,34,16,11,298,3,0,6,306,22,0,326,38,3,0,0,44,0,0,0,46,12,0,57,0,0,0,0,0,0,0,0,0,0,0,0,280,38,17,12,342,3,3,4,350,33,0,384,34,8,3,0,40,0,0,0,41,3,0,42,27,5,0,0,31,0,0,0,31,4,0,32,0,0,0,0,0,0,0,0,0,0,0,0,0,0,0,0,0,0,0,0,0,0,0,0,57,13,3,0,71,0,0,0,76,11,0,81,0,0,0,0,0,0,0,0,0,0,0,0,0,0,0,0,0,0,0,0,0,0,0,0,0,0,0,0,0,0,0,0,0,0,0,0,57,11,3,0,76,0,0,0,76,11,0,83,13,3,0,0,15,0,0,0,15,12,0,23,0,0,0,0,0,0,0,0,0,0,0,0,70,17,4,0
LGA17000,5,0,0,7,0,0,0,0,3,0,0,4,6,0,0,9,98,13,0,0,109,3,0,5,117,5,0,118,15,3,0,0,19,0,0,0,23,0,0,23,0,0,0,0,0,0,0,0,0,0,0,0,116,12,3,0,132,3,0,3,141,5,0,140,13,3,0,0,15,0,0,0,15,0,0,14,15,0,0,0,15,0,0,0,15,3,0,16,0,0,0,0,0,0,0,0,0,0,0,0,0,0,0,0,0,0,0,0,0,0,0,0,28,3,0,0,34,0,0,0,37,6,0,38,0,0,0,0,0,0,0,0,0,0,0,0,0,0,0,0,0,0,0,0,0,0,0,0,0,0,0,0,0,0,0,0,0,0,0,0,28,3,0,0,34,0,0,0,37,6,0,38,3,0,0,0,6,0,0,0,6,0,0,6,0,0,0,0,0,0,0,0,0,0,0,0,38,3,0,0
LGA17040,0,0,0,0,0,0,0,0,0,0,0,0,0,0,0,0,44,6,0,0,57,0,0,0,57,0,0,59,3,0,0,0,4,0,0,0,4,0,0,3,0,0,0,0,0,0,0,0,0,0,0,0,49,10,0,0,58,0,0,0,58,4,0,66,12,0,0,0,10,0,0,0,10,0,0,10,5,0,0,0,3,0,0,0,3,0,0,3,0,0,0,0,0,0,0,0,0,0,0,0,0,0,0,0,0,0,0,0,0,0,0,0,9,0,3,0,17,0,0,0,17,0,0,17,0,0,0,0,0,0,0,0,0,0,0,0,0,0,0,0,0,0,0,0,0,0,0,0,0,0,0,0,0,0,0,0,0,0,0,0,9,0,3,0,17,0,0,0,17,0,0,17,3,0,0,0,3,0,0,0,3,0,0,3,0,0,0,0,0,0,0,0,0,0,0,0,17,0,3,0
LGA17080,0,0,0,0,0,0,0,0,0,0,0,0,0,0,0,0,29,3,0,0,30,0,0,0,31,0,0,31,7,0,0,0,8,0,0,0,8,0,0,8,0,0,0,0,0,0,0,0,0,0,0,0,35,3,3,0,42,0,0,0,41,0,0,41,6,0,0,0,6,0,0,0,6,0,0,6,0,0,0,0,0,0,0,0,0,0,0,0,0,0,0,0,0,0,0,0,0,0,0,0,0,0,0,0,0,0,0,0,0,0,0,0,6,0,0,0,6,0,0,0,6,0,0,6,0,0,0,0,0,0,0,0,0,0,0,0,0,0,0,0,0,0,0,0,0,0,0,0,0,0,0,0,0,0,0,0,0,0,0,0,6,0,0,0,6,0,0,0,6,0,0,6,0,0,0,0,0,0,0,0,0,0,0,0,0,0,0,0,0,0,0,0,0,0,0,0,8,0,0,0
LGA17100,5,0,0,9,11,0,0,0,12,3,0,3,21,0,0,21,415,60,4,10,492,7,3,11,504,32,0,535,109,32,6,8,147,9,6,16,165,32,0,197,0,0,0,0,3,0,0,0,3,0,0,8,527,89,10,20,641,16,8,26,667,65,0,739,126,13,0,0,138,0,4,4,144,8,0,146,84,29,0,0,116,7,0,6,119,4,0,125,9,0,3,0,15,0,0,0,15,0,0,15,3,0,0,3,3,0,0,0,3,0,0,3,222,45,4,7,272,7,5,10,275,11,0,293,0,0,0,0,4,0,0,0,4,0,0,4,3,0,0,0,5,0,0,0,8,0,0,8,4,0,0,0,5,0,0,0,11,0,0,11,223,46,4,7,275,7,3,10,283,11,0,296,53,18,3,0,72,0,0,0,70,28,0,101,0,0,0,4,3,0,0,0,3,0,0,3,273,61,11,9
LGA17150,21,5,0,23,25,9,4,0,32,0,0,0,36,3,0,35,2083,221,45,31,2378,21,13,30,2409,104,7,2517,320,39,10,7,372,4,0,4,376,57,0,432,0,0,0,5,5,0,0,0,5,0,3,8,2401,264,48,43,2752,21,13,33,2789,160,9,2953,479,41,8,3,533,4,4,7,543,44,0,593,492,56,13,5,564,7,0,7,576,37,0,614,14,0,7,3,23,0,3,3,22,0,0,25,8,0,0,9,10,0,0,0,10,0,0,10,983,103,24,20,1133,19,3,19,1155,90,0,1242,4,0,0,0,4,0,0,0,4,0,0,3,4,0,0,0,12,0,0,0,12,3,0,9,7,0,0,0,15,0,0,0,15,0,0,16,997,105,27,20,1145,19,3,19,1165,92,0,1253,135,27,5,0,167,0,0,3,166,52,0,220,0,0,0,3,3,0,0,0,3,0,3,3,1128,130,33,25
LGA17200,9,0,0,13,9,0,0,0,11,0,0,3,17,0,0,17,276,49,5,4,330,11,3,11,346,45,0,390,62,13,0,3,75,0,0,0,80,28,0,108,0,0,0,0,0,0,0,0,0,0,3,3,336,61,5,7,410,11,3,18,420,74,3,500,90,12,0,0,101,0,3,3,100,9,0,112,52,13,0,0,64,0,0,0,68,5,0,74,0,0,3,0,3,0,0,0,3,0,0,3,0,0,0,3,5,0,0,0,5,0,0,5,143,19,3,3,171,0,5,3,173,16,0,190,0,0,0,0,0,0,0,0,0,0,0,3,7,0,0,0,9,0,0,0,8,3,0,12,12,0,0,0,7,0,0,0,13,3,0,16,151,22,3,3,178,3,5,3,183,17,0,205,31,4,0,0,37,3,0,3,45,25,0,70,0,0,0,0,0,0,0,0,0,0,0,0,181,29,3,3
LGA17310,0,0,0,0,3,0,0,0,3,0,0,0,3,0,0,3,120,17,3,0,137,0,0,0,142,5,0,145,20,0,0,0,21,0,0,0,21,6,0,31,0,0,0,0,0,0,0,0,0,0,0,0,135,20,3,3,159,0,0,0,161,17,0,179,12,3,0,0,16,0,0,0,16,3,0,20,7,0,0,0,7,0,0,0,7,0,0,7,0,0,0,0,0,0,0,0,0,0,0,0,0,0,0,0,0,0,0,0,0,0,0,0,20,3,0,0,29,0,0,0,29,3,0,31,0,0,0,0,0,0,0,0,0,0,0,0,0,0,0,0,0,0,0,0,0,0,0,0,0,0,0,0,0,0,0,0,0,0,0,0,20,3,0,0,29,0,0,0,29,3,0,31,3,0,0,0,3,0,0,0,3,0,0,4,0,0,0,0,0,0,0,0,0,0,0,0,25,3,0,0
LGA17350,0,0,0,0,0,0,0,0,0,0,0,0,0,0,0,0,18,0,0,0,15,0,0,0,15,0,0,21,0,0,0,0,0,0,0,0,0,0,0,3,0,0,0,0,0,0,0,0,0,0,0,0,16,0,0,0,17,0,0,0,17,3,0,18,0,0,0,0,0,0,0,0,0,0,0,0,0,0,0,0,0,0,0,0,0,0,0,0,0,0,0,0,0,0,0,0,0,0,0,0,0,0,0,0,0,0,0,0,0,0,0,0,0,0,0,0,0,0,0,0,0,0,0,0,0,0,0,0,0,0,0,0,0,0,0,0,0,0,0,0,0,0,0,0,0,0,0,0,0,0,0,0,0,0,0,0,0,0,0,0,0,0,0,0,0,0,0,0,0,0,0,0,0,0,0,0,0,0,0,0,0,3,0,3,0,0,0,0,0,0,0,0,0,0,0,0,0,0,0,0
LGA17400,0,0,0,0,0,0,0,0,0,0,0,0,0,0,0,0,7,0,0,0,9,0,0,0,9,0,0,11,0,0,0,0,3,0,0,0,3,0,0,3,0,0,0,0,0,0,0,0,0,0,0,0,3,3,0,0,8,0,0,0,8,0,0,14,0,0,0,0,3,0,0,0,3,0,0,3,0,0,0,0,0,0,0,0,0,0,0,0,0,0,0,0,0,0,0,0,0,0,0,0,0,0,0,0,0,0,0,0,0,0,0,0,0,0,0,0,3,0,0,0,3,0,0,0,0,0,0,0,0,0,0,0,0,0,0,0,0,0,0,0,0,0,0,0,0,0,0,0,0,0,0,0,0,0,0,0,0,0,0,0,0,0,0,0,3,0,0,0,3,0,0,0,0,0,0,0,0,0,0,0,0,0,0,0,0,0,0,0,0,0,0,0,0,0,0,0,0,0,0,0
LGA17420,46,7,0,50,58,9,0,0,67,3,0,3,71,8,0,74,2135,215,26,28,2408,55,7,61,2464,108,0,2577,403,37,7,8,461,18,3,18,481,58,0,539,0,0,0,3,4,0,0,0,4,0,3,4,2540,255,34,37,2871,73,8,80,2943,171,3,3121,540,60,3,3,608,21,5,32,638,42,0,684,357,56,0,3,417,15,0,15,431,31,0,459,10,7,7,0,20,0,0,0,20,0,0,20,0,0,0,4,12,0,0,0,12,0,0,8,917,123,14,9,1056,37,5,42,1103,74,0,1176,8,0,0,0,8,3,0,4,13,0,0,12,19,3,0,0,20,0,0,0,24,0,0,22,26,3,0,0,30,8,0,6,37,4,0,37,937,125,14,9,1087,41,9,51,1136,75,0,1210,220,29,0,6,253,8,3,17,268,51,0,317,0,3,0,0,4,0,0,0,4,0,3,9,1158,155,16,18
LGA17550,5,0,0,5,9,0,0,0,10,3,0,3,10,0,0,10,272,52,5,12,339,5,6,12,348,25,0,370,39,10,0,0,45,0,0,0,47,29,0,77,0,0,0,0,0,0,0,0,0,0,0,0,309,62,5,11,387,8,6,13,400,49,0,451,43,12,0,0,52,4,0,4,61,13,0,67,38,9,3,0,50,0,0,0,50,7,0,62,0,0,0,0,0,0,0,0,0,0,0,0,0,0,0,0,0,0,0,0,0,0,0,0,85,21,3,0,112,4,0,4,109,16,0,133,0,0,0,0,0,0,0,0,0,0,0,0,0,0,0,0,0,0,0,0,0,0,0,0,0,0,0,0,0,0,0,0,0,0,0,0,85,17,3,0,107,4,0,4,111,16,0,131,13,3,0,0,20,0,0,0,21,8,0,27,0,0,0,0,0,0,0,0,0,0,0,0,98,25,3,0
LGA17620,0,0,0,0,0,0,0,0,0,0,0,0,0,0,0,0,25,3,0,0,31,0,0,0,31,0,0,31,7,0,0,0,7,0,0,0,7,0,0,5,0,0,0,0,0,0,0,0,0,0,3,3,32,3,0,0,37,0,0,0,36,0,3,36,3,0,0,0,3,0,0,0,3,0,0,3,0,0,0,0,0,0,0,0,0,0,0,0,0,0,0,0,0,0,0,0,0,0,0,0,0,0,0,0,0,0,0,0,0,0,0,0,3,0,0,0,3,0,0,0,3,0,0,3,0,0,0,0,0,0,0,0,0,0,0,0,0,0,0,0,0,0,0,0,0,0,0,0,0,0,0,0,0,0,0,0,0,0,0,0,3,0,0,0,3,0,0,0,3,0,0,3,0,0,0,0,0,0,0,0,0,0,0,0,0,0,0,0,0,0,0,0,0,0,0,0,3,0,0,0
LGA17640,0,0,0,0,0,0,0,0,0,0,0,0,0,0,0,0,20,3,0,0,20,0,0,0,20,0,0,20,0,0,0,0,3,0,0,0,3,3,0,5,0,0,0,0,0,0,0,0,0,0,0,0,21,3,0,0,23,0,0,0,23,3,0,28,7,0,0,0,7,0,0,0,7,0,0,7,0,0,0,0,0,0,0,0,0,0,0,3,0,0,0,0,0,0,0,0,0,0,0,0,0,0,0,0,0,0,0,0,0,0,0,0,3,0,0,0,3,0,0,0,3,0,0,7,0,0,0,0,0,0,0,0,0,0,0,0,0,0,0,0,0,0,0,0,0,0,0,0,0,0,0,0,0,0,0,0,0,0,0,0,3,0,0,0,3,0,0,0,3,0,0,7,0,0,0,0,0,0,0,0,0,0,0,0,0,0,0,0,0,0,0,0,0,0,0,0,3,0,0,0
LGA17650,0,0,0,0,0,0,0,0,0,0,0,0,0,0,0,0,16,3,0,0,21,0,0,0,21,0,0,19,0,0,0,0,3,0,0,0,3,3,0,3,0,0,0,0,0,0,0,0,0,0,0,0,19,3,0,0,24,0,0,0,24,7,0,25,0,0,0,0,0,0,0,0,3,0,0,3,0,0,0,0,0,0,0,0,0,0,0,0,0,0,0,0,0,0,0,0,0,0,0,0,0,0,0,0,0,0,0,0,0,0,0,0,0,0,0,0,3,0,0,0,3,0,0,3,0,0,0,0,0,0,0,0,0,0,0,0,0,0,0,0,0,0,0,0,0,0,0,0,0,0,0,0,0,0,0,0,0,0,0,0,0,0,0,0,3,0,0,0,3,0,0,3,0,0,0,0,0,0,0,0,0,0,0,0,0,0,0,0,0,0,0,0,0,0,0,0,0,0,0,0
LGA17750,0,0,0,0,4,0,0,0,4,0,0,0,4,0,0,4,219,22,6,0,250,0,3,7,249,18,0,269,29,4,0,0,34,5,0,0,34,11,0,50,0,0,0,0,0,0,0,0,0,0,0,0,242,33,6,3,281,8,3,6,286,28,0,319,36,4,0,0,45,0,0,0,45,4,0,47,32,4,0,0,38,0,0,0,38,0,0,39,0,0,0,0,0,0,0,0,0,0,0,0,0,0,0,0,0,0,0,0,0,0,0,0,66,9,0,0,79,0,0,0,80,3,0,85,0,0,0,0,0,0,0,0,0,0,0,0,0,0,0,0,0,0,0,0,0,0,0,0,0,0,0,0,0,0,0,0,0,0,0,0,72,9,0,0,79,0,0,0,79,3,0,88,5,0,0,0,5,0,0,0,5,5,0,10,0,0,0,0,0,0,0,0,0,0,0,0,73,9,0,0
LGA17850,0,0,0,0,0,0,0,0,0,0,0,0,0,0,0,0,8,0,0,0,8,0,0,0,8,0,0,8,0,0,0,0,0,0,0,0,0,0,0,0,0,0,0,0,0,0,0,0,0,0,0,0,8,0,0,0,8,0,0,0,8,0,0,8,3,0,0,0,3,0,0,0,3,0,0,3,0,0,0,0,0,0,0,0,0,0,0,0,0,0,0,0,0,0,0,0,0,0,0,0,0,0,0,0,0,0,0,0,0,0,0,0,3,0,0,0,3,0,0,0,3,0,0,3,0,0,0,0,0,0,0,0,0,0,0,0,0,0,0,0,0,0,0,0,0,0,0,0,0,0,0,0,0,0,0,0,0,0,0,0,3,0,0,0,3,0,0,0,3,0,0,3,0,0,0,0,0,0,0,0,0,0,0,0,0,0,0,0,0,0,0,0,0,0,0,0,3,0,0,0
LGA17900,0,0,0,0,0,0,0,0,0,0,0,0,0,0,0,0,0,0,0,0,3,0,0,0,3,0,0,3,0,0,0,0,0,0,0,0,0,0,0,0,0,0,0,0,0,0,0,0,0,0,0,0,0,0,0,0,3,0,0,0,3,0,0,3,0,0,0,0,4,0,0,0,4,0,0,4,0,0,0,0,0,0,0,0,0,0,0,0,0,0,0,0,0,0,0,0,0,0,0,0,0,0,0,0,0,0,0,0,0,0,0,0,0,0,0,0,4,0,0,0,4,0,0,4,0,0,0,0,0,0,0,0,0,0,0,0,0,0,0,0,0,0,0,0,0,0,0,0,0,0,0,0,0,0,0,0,0,0,0,0,0,0,0,0,4,0,0,0,4,0,0,4,0,0,0,0,0,0,0,0,0,0,0,0,0,0,0,0,0,0,0,0,0,0,0,0,0,0,0,0
LGA17950,0,0,0,0,0,0,0,0,0,0,0,0,0,0,0,0,6,0,0,0,8,0,0,0,8,0,0,8,0,0,0,0,0,0,0,0,0,0,0,0,0,0,0,0,0,0,0,0,0,0,0,0,6,0,0,0,8,0,0,0,8,0,0,8,0,0,0,0,0,0,0,0,0,0,0,0,0,0,0,0,0,0,0,0,0,0,0,0,0,0,0,0,0,0,0,0,0,0,0,0,0,0,0,0,0,0,0,0,0,0,0,0,0,0,0,0,0,0,0,0,0,0,0,0,0,0,0,0,0,0,0,0,0,0,0,0,0,0,0,0,0,0,0,0,0,0,0,0,0,0,0,0,0,0,0,0,0,0,0,0,0,0,0,0,0,0,0,0,0,0,0,0,0,0,0,0,0,0,0,0,0,0,0,0,0,0,0,0,0,0,0,0,0,0,0,0,0,0,0,0
LGA18020,0,0,0,0,0,0,0,0,0,0,0,0,0,0,0,0,16,3,0,0,22,0,0,0,22,0,0,22,3,0,0,0,5,0,0,0,5,3,0,7,0,0,0,0,0,0,0,0,0,0,0,0,18,4,3,0,27,0,0,0,27,4,0,33,0,0,0,0,0,0,0,0,0,0,0,0,4,3,0,0,3,0,0,0,3,0,0,3,0,0,0,0,0,0,0,0,0,0,0,0,0,0,0,0,0,0,0,0,0,0,0,0,4,3,0,0,3,0,0,0,3,0,0,3,0,0,0,0,0,0,0,0,0,0,0,0,0,0,0,0,0,0,0,0,0,0,0,0,0,0,0,0,0,0,0,0,0,0,0,0,4,3,0,0,3,0,0,0,3,0,0,3,0,0,0,0,0,0,0,0,0,0,0,0,0,0,0,0,0,0,0,0,0,0,0,0,4,3,0,0
LGA18050,7,0,0,8,4,3,0,0,9,0,0,0,9,0,0,7,336,46,4,4,394,11,5,12,404,21,0,428,77,7,0,0,88,0,0,4,92,12,0,102,0,0,0,4,4,0,0,0,4,0,0,4,413,57,4,10,486,9,3,15,497,29,0,526,99,9,0,0,111,7,0,5,111,16,0,130,101,17,0,0,118,3,0,3,120,13,0,135,0,0,3,0,0,0,0,0,0,0,0,0,0,0,0,0,0,0,0,0,0,0,0,0,201,22,6,0,227,9,0,6,240,26,0,264,0,0,0,0,0,0,0,0,0,0,0,0,10,0,0,0,10,0,0,0,10,0,0,10,10,0,0,0,10,0,0,0,10,0,0,10,207,22,6,0,240,9,0,6,247,26,0,273,31,11,0,0,38,0,0,0,38,9,0,51,0,0,0,0,0,0,0,0,0,0,0,0,235,32,5,0
LGA18100,0,0,0,0,0,0,0,0,0,0,0,0,0,0,0,0,8,3,0,0,11,0,0,0,11,3,0,11,0,0,0,0,0,0,0,0,0,0,0,0,0,0,0,0,0,0,0,0,0,0,0,0,8,3,0,0,11,0,0,0,11,3,0,11,0,0,0,0,0,0,0,0,0,0,0,0,0,0,0,0,0,0,0,0,0,0,0,0,0,0,0,0,0,0,0,0,0,0,0,0,0,0,0,0,0,0,0,0,0,0,0,0,0,0,0,0,0,0,0,0,0,0,0,0,0,0,0,0,0,0,0,0,0,0,0,0,0,0,0,0,0,0,0,0,0,0,0,0,0,0,0,0,0,0,0,0,0,0,0,0,0,0,0,0,0,0,0,0,0,0,0,0,0,0,0,0,0,0,0,0,0,0,0,0,0,0,0,0,0,0,0,0,0,0,0,0,0,0,0,0
LGA18200,0,0,0,0,0,0,0,0,0,0,0,0,0,0,0,0,18,4,0,0,18,0,0,0,18,0,0,20,0,0,0,0,0,0,0,0,0,0,0,0,0,0,0,0,0,0,0,0,0,0,0,0,22,4,0,0,20,0,0,0,20,0,0,22,0,0,0,0,0,0,0,0,0,0,0,0,3,0,0,0,5,0,0,0,5,0,0,5,0,0,0,0,0,0,0,0,0,0,0,0,0,0,0,0,0,0,0,0,0,0,0,0,5,0,0,0,5,0,0,0,5,0,0,5,0,0,0,0,0,0,0,0,0,0,0,0,0,0,0,0,0,0,0,0,0,0,0,0,0,0,0,0,0,0,0,0,0,0,0,0,5,0,0,0,5,0,0,0,5,0,0,5,0,0,0,0,0,0,0,0,0,0,0,0,0,0,0,0,0,0,0,0,0,0,0,0,5,0,0,0
LGA18230,0,0,0,4,3,0,0,0,3,0,0,0,3,0,0,3,112,9,3,0,130,0,0,0,133,8,0,139,11,0,0,0,9,0,0,0,10,6,0,17,0,0,0,0,0,0,0,0,0,0,0,0,124,10,3,0,139,0,0,0,146,17,0,155,11,3,0,0,16,0,0,0,16,0,0,12,6,0,0,0,8,0,0,0,8,3,0,12,0,0,0,0,0,0,0,0,0,0,0,0,0,0,0,0,0,0,0,0,0,0,0,0,20,3,0,0,25,0,0,0,25,5,0,32,3,0,0,0,3,0,0,0,3,0,0,3,0,0,0,0,0,0,0,0,0,0,0,0,3,0,0,0,3,0,0,0,3,0,0,3,23,3,0,0,29,0,0,0,29,5,0,28,5,0,0,0,5,0,0,0,5,0,0,3,0,0,0,0,0,0,0,0,0,0,0,0,29,3,0,0
LGA18250,12,0,0,10,16,4,0,0,18,3,0,3,19,0,0,22,536,77,11,6,638,23,6,26,664,61,0,717,134,20,0,3,159,3,3,7,168,45,0,219,0,0,0,0,0,0,0,0,0,0,0,0,673,103,11,11,800,28,10,34,832,107,0,942,151,17,3,0,169,5,0,5,176,22,0,192,130,29,3,0,161,0,0,0,159,25,0,184,6,0,3,0,11,0,0,0,11,0,0,11,0,0,0,4,8,0,0,0,8,0,0,8,289,46,5,4,342,5,0,9,349,43,0,398,8,0,0,0,8,3,0,3,6,0,0,10,3,0,0,0,4,3,0,3,8,3,0,12,9,0,0,0,9,7,0,7,18,4,0,21,293,46,8,4,350,10,0,12,363,48,0,415,79,20,0,0,102,0,0,0,102,22,0,126,0,0,0,0,0,0,0,0,0,0,0,0,371,70,7,3
LGA18350,0,0,0,0,3,0,0,0,3,0,0,0,3,0,0,3,145,18,0,0,170,0,0,3,172,12,0,184,30,3,0,0,30,0,0,0,30,3,0,38,0,0,0,0,0,0,0,0,0,0,0,0,174,20,0,0,200,0,0,3,204,18,0,216,19,4,0,0,20,0,0,0,20,3,0,22,24,3,0,0,28,0,0,0,28,3,0,31,0,0,0,0,0,0,0,0,0,0,0,0,0,0,0,0,0,0,0,0,0,0,0,0,44,5,0,0,50,0,0,0,50,3,0,56,0,0,0,0,0,0,0,0,0,0,0,3,0,0,0,0,0,0,0,0,0,0,0,0,0,0,0,0,0,0,0,0,0,0,0,3,44,5,0,0,50,0,0,0,52,8,0,59,14,0,0,0,14,0,0,0,16,3,0,14,0,0,0,0,0,0,0,0,0,0,0,0,58,5,0,0
LGA18400,10,0,0,11,10,0,0,0,13,0,0,0,13,0,0,17,314,30,7,5,348,8,0,3,354,17,0,370,59,11,3,0,70,0,0,0,70,11,4,85,0,0,0,0,0,0,0,0,0,0,0,0,371,38,7,5,423,8,0,3,428,30,4,456,61,6,3,0,68,3,0,3,71,0,0,72,75,10,0,0,80,0,0,0,87,3,0,89,3,0,0,0,3,0,0,0,3,0,0,4,0,0,0,3,3,0,0,0,3,0,0,4,132,14,3,3,151,4,0,4,158,7,0,165,0,0,0,0,0,0,0,0,0,0,0,3,0,0,0,0,0,0,0,0,0,0,0,0,6,0,0,0,9,0,0,0,9,0,0,5,138,16,3,3,162,4,0,4,163,5,0,172,25,6,3,0,27,0,0,0,27,4,0,37,0,0,0,0,0,0,0,0,0,0,0,0,163,19,3,3
LGA18450,20,3,0,22,22,3,0,0,32,3,0,5,34,3,0,38,1219,154,30,5,1403,32,11,41,1448,114,0,1562,207,30,4,3,247,6,4,12,259,87,3,355,5,0,0,0,8,0,0,0,8,0,3,9,1430,184,35,7,1659,38,16,50,1712,198,7,1921,251,34,3,0,289,6,3,11,296,29,0,332,288,40,9,0,341,0,3,6,343,25,0,370,12,0,4,0,14,0,0,0,16,3,0,15,0,0,0,3,3,0,0,0,3,3,0,9,546,75,14,4,646,13,7,18,663,63,3,726,7,0,0,0,7,0,0,0,7,0,0,8,9,3,0,0,6,0,0,0,6,3,0,13,12,3,0,0,14,0,0,0,14,4,0,20,558,77,14,4,658,14,7,20,673,69,3,742,103,7,4,0,119,3,0,3,124,61,0,185,0,0,0,0,0,0,0,0,0,0,0,0,659,89,21,8
LGA18500,5,0,0,5,3,0,0,0,8,0,0,0,8,0,0,8,259,57,4,3,323,8,0,8,333,15,3,351,132,20,0,0,155,3,0,3,155,22,0,180,3,0,0,0,6,0,0,0,6,0,0,6,397,73,4,8,483,12,3,11,494,38,3,531,102,9,3,0,115,3,0,3,113,7,0,120,75,17,4,0,96,3,0,3,100,8,0,104,0,0,0,0,0,0,0,0,0,0,0,0,0,0,0,0,0,0,0,0,0,0,0,0,182,24,3,0,209,5,0,5,213,11,0,229,3,0,0,0,3,0,0,0,3,0,0,3,0,0,0,0,4,0,0,0,4,0,0,4,8,0,0,0,5,0,0,0,5,0,0,5,189,23,3,0,217,5,0,5,223,11,0,232,75,15,3,3,95,3,0,5,95,15,0,109,0,0,0,0,0,0,0,0,0,0,0,0,257,39,4,4
LGA18710,0,0,0,0,0,0,0,0,0,0,0,0,0,0,0,0,90,9,3,3,103,0,0,0,103,3,0,107,6,3,0,0,9,0,0,0,9,6,0,17,0,0,0,0,0,0,0,0,0,0,0,0,98,9,3,3,115,0,0,0,115,5,0,118,18,0,0,0,21,0,0,0,21,0,0,21,14,0,0,0,16,0,0,0,16,0,0,16,0,0,0,0,0,0,0,0,0,0,0,0,0,0,0,3,3,0,0,0,3,0,0,3,33,0,0,3,40,0,0,0,40,0,0,40,0,0,0,0,0,0,0,0,0,0,0,0,0,0,0,0,0,0,0,0,0,0,0,0,0,0,0,0,0,0,0,0,0,0,0,0,33,0,0,3,40,0,0,0,40,0,0,40,4,0,0,0,4,0,0,0,4,4,0,4,0,0,0,0,0,0,0,0,0,0,0,0,32,6,0,3
LGA19399,0,0,0,0,0,0,0,0,0,0,0,0,0,0,0,0,3,0,0,0,3,0,0,0,3,0,0,3,0,0,0,0,0,0,0,0,0,0,0,0,0,0,0,0,0,0,0,0,0,0,0,0,3,0,0,0,3,0,0,0,3,0,0,3,0,0,0,0,0,0,0,0,0,0,0,0,0,0,0,0,0,0,0,0,0,0,0,0,0,0,0,0,0,0,0,0,0,0,0,0,0,0,0,0,0,0,0,0,0,0,0,0,0,0,0,0,0,0,0,0,0,0,0,0,0,0,0,0,0,0,0,0,0,0,0,0,0,0,0,0,0,0,0,0,0,0,0,0,0,0,0,0,0,0,0,0,0,0,0,0,0,0,0,0,0,0,0,0,0,0,0,0,0,0,0,0,0,0,0,0,0,0,0,0,0,0,0,0,0,0,0,0,0,0,0,0,0,0,0,0
LGA19499,0,0,0,0,0,0,0,0,0,0,0,0,0,0,0,0,0,0,0,0,0,0,0,0,0,0,0,0,0,0,0,0,0,0,0,0,0,0,0,0,0,0,0,0,0,0,0,0,0,0,0,0,0,0,0,0,0,0,0,0,0,0,0,0,0,0,0,0,0,0,0,0,0,0,0,0,0,0,0,0,0,0,0,0,0,0,0,0,0,0,0,0,0,0,0,0,0,0,0,0,0,0,0,0,0,0,0,0,0,0,0,0,0,0,0,0,0,0,0,0,0,0,0,0,0,0,0,0,0,0,0,0,0,0,0,0,0,0,0,0,0,0,0,0,0,0,0,0,0,0,0,0,0,0,0,0,0,0,0,0,0,0,0,0,0,0,0,0,0,0,0,0,0,0,0,0,0,0,0,0,0,0,0,0,0,0,0,0,0,0,0,0,0,0,0,0,0,0,0,0
LGA19799,0,0,0,0,0,0,0,0,0,0,0,0,0,0,0,0,0,0,0,0,0,0,0,0,0,0,0,0,0,0,0,0,0,0,0,0,0,0,0,0,0,0,0,0,0,0,0,0,0,0,0,0,0,0,0,0,0,0,0,0,0,0,0,0,0,0,0,0,0,0,0,0,0,0,0,0,0,0,0,0,0,0,0,0,0,0,0,0,0,0,0,0,0,0,0,0,0,0,0,0,0,0,0,0,0,0,0,0,0,0,0,0,0,0,0,0,0,0,0,0,0,0,0,0,0,0,0,0,0,0,0,0,0,0,0,0,0,0,0,0,0,0,0,0,0,0,0,0,0,0,0,0,0,0,0,0,0,0,0,0,0,0,0,0,0,0,0,0,0,0,0,0,0,0,0,0,0,0,0,0,0,0,0,0,0,0,0,0,0,0,0,0,0,0,0,0,0,0,0,0
