LGA_CODE_2016,Ireland_2011,Ireland_2012,Ireland_2013,Ireland_2014,Ireland_2015,Ireland_2016,Ireland_Yr_arrival_NS,Ireland_Tot,Italy_Before_1946,Italy_1946_1955,Italy_1956_1965,Italy_1966_1975,Italy_1976_1985,Italy_1986_1995,Italy_1996_2005,Italy_2006_2010,Italy_2011,Italy_2012,Italy_2013,Italy_2014,Italy_2015,Italy_2016,Italy_Yr_arrival_NS,Italy_Tot,Japan_Before_1946,Japan_1946_1955,Japan_1956_1965,Japan_1966_1975,Japan_1976_1985,Japan_1986_1995,Japan_1996_2005,Japan_2006_2010,Japan_2011,Japan_2012,Japan_2013,Japan_2014,Japan_2015,Japan_2016,Japan_Yr_arrival_NS,Japan_Tot,Korea_Rep_Sth_Before_1946,Korea_Rep_Sth_1946_1955,Korea_Rep_Sth_1956_1965,Korea_Rep_Sth_1966_1975,Korea_Rep_Sth_1976_1985,Korea_Rep_Sth_1986_1995,Korea_Rep_Sth_1996_2005,Korea_Rep_Sth_2006_2010,Korea_Republic_South_2011,Korea_Republic_South_2012,Korea_Republic_South_2013,Korea_Republic_South_2014,Korea_Republic_South_2015,Korea_Republic_South_2016,Korea_Repub_Sth_arrival_ns,Korea_Republic_South_Tot,Lebanon_Before_1946,Lebanon_1946_1955,Lebanon_1956_1965,Lebanon_1966_1975,Lebanon_1976_1985,Lebanon_1986_1995,Lebanon_1996_2005,Lebanon_2006_2010,Lebanon_2011,Lebanon_2012,Lebanon_2013,Lebanon_2014,Lebanon_2015,Lebanon_2016,Lebanon_Yr_arrival_NS,Lebanon_Tot,Malaysia_Before_1946,Malaysia_1946_1955,Malaysia_1956_1965,Malaysia_1966_1975,Malaysia_1976_1985,Malaysia_1986_1995,Malaysia_1996_2005,Malaysia_2006_2010,Malaysia_2011,Malaysia_2012,Malaysia_2013,Malaysia_2014,Malaysia_2015,Malaysia_2016,Malaysia_Yr_arrival_ns,Malaysia_Tot,Malta_Before_1946,Malta_1946_1955,Malta_1956_1965,Malta_1966_1975,Malta_1976_1985,Malta_1986_1995,Malta_1996_2005,Malta_2006_2010,Malta_2011,Malta_2012,Malta_2013,Malta_2014,Malta_2015,Malta_2016,Malta_Yr_arrival_NS,Malta_Tot,Netherlands_Before_1946,Netherlands_1946_1955,Netherlands_1956_1965,Netherlands_1966_1975,Netherlands_1976_1985,Netherlands_1986_1995,Netherlands_1996_2005,Netherlands_2006_2010,Netherlands_2011,Netherlands_2012,Netherlands_2013,Netherlands_2014,Netherlands_2015,Netherlands_2016,Netherlands_Yr_arrival_ns,Netherlands_Tot,New_Zealand_Before_1946,New_Zealand_1946_1955,New_Zealand_1956_1965,New_Zealand_1966_1975,New_Zealand_1976_1985,New_Zealand_1986_1995,New_Zealand_1996_2005,New_Zealand_2006_2010,New_Zealand_2011,New_Zealand_2012,New_Zealand_2013,New_Zealand_2014,New_Zealand_2015,New_Zealand_2016,New_Zealand_Yr_arrival_ns,New_Zealand_Tot,Pakistan_Before_1946,Pakistan_1946_1955,Pakistan_1956_1965,Pakistan_1966_1975,Pakistan_1976_1985,Pakistan_1986_1995,Pakistan_1996_2005,Pakistan_2006_2010,Pakistan_2011,Pakistan_2012,Pakistan_2013,Pakistan_2014,Pakistan_2015,Pakistan_2016,Pakistan_Yr_arrival_NS,Pakistan_Tot,Philippines_Before_1946,Philippines_1946_1955,Philippines_1956_1965,Philippines_1966_1975,Philippines_1976_1985,Philippines_1986_1995,Philippines_1996_2005,Philippines_2006_2010,Philippines_2011,Philippines_2012,Philippines_2013,Philippines_2014,Philippines_2015,Philippines_2016,Philippines_Yr_arrival_ns,Philippines_Tot,Poland_Before_1946,Poland_1946_1955,Poland_1956_1965,Poland_1966_1975,Poland_1976_1985,Poland_1986_1995,Poland_1996_2005,Poland_2006_2010,Poland_2011,Poland_2012,Poland_2013,Poland_2014,Poland_2015,Poland_2016,Poland_Yr_arrival_NS,Poland_Tot,Singapore_Before_1946,Singapore_1946_1955,Singapore_1956_1965,Singapore_1966_1975,Singapore_1976_1985,Singapore_1986_1995,Singapore_1996_2005,Singapore_2006_2010,Singapore_2011,Singapore_2012,Singapore_2013,Singapore_2014,Singapore_2015,Singapore_2016,Singapore_Yr_arrival_ns,Singapore_Tot
LGA10050,0,4,0,0,0,3,0,66,4,15,35,11,3,0,0,0,0,0,0,0,0,0,0,73,0,0,0,0,0,3,3,4,0,0,0,0,0,3,0,18,0,0,0,0,0,3,6,10,0,0,0,0,3,0,0,34,0,0,0,8,0,0,6,3,0,0,0,0,0,0,0,13,0,0,0,6,3,6,4,11,3,0,0,0,3,5,0,43,0,3,3,3,0,0,0,0,0,0,0,0,0,0,0,13,0,79,66,14,9,3,6,4,0,0,0,4,0,3,8,197,0,7,22,63,113,92,87,58,16,21,4,17,8,6,24,540,0,0,0,0,0,0,3,7,0,3,0,5,3,0,4,32,0,0,0,0,34,44,47,62,18,19,15,6,12,10,10,283,0,10,8,0,3,0,0,0,0,0,0,0,0,0,4,37,0,0,0,7,0,3,3,0,0,0,0,0,3,3,0,21
LGA10130,0,3,0,0,0,0,0,34,0,8,3,4,0,3,0,3,0,0,0,0,0,0,3,23,0,0,0,0,0,3,13,4,0,0,0,0,0,0,3,29,0,0,0,0,0,0,5,0,0,0,0,4,4,0,0,12,0,4,0,0,0,0,0,0,3,0,0,0,0,0,0,6,0,0,0,3,3,3,5,4,0,0,3,0,3,10,0,39,0,0,0,0,0,0,0,0,0,0,0,0,0,0,0,3,0,14,26,3,3,0,5,3,0,3,0,0,0,0,3,64,0,7,12,42,56,42,56,38,14,8,12,6,7,7,15,313,0,0,0,0,0,0,8,9,0,0,0,3,9,3,0,32,0,0,0,0,6,20,15,26,0,7,15,18,32,16,6,154,0,3,0,0,0,0,0,0,0,0,0,0,0,0,0,10,0,0,0,3,0,0,4,4,4,0,0,0,0,0,3,24
LGA10250,0,0,0,0,0,3,3,71,0,37,21,3,9,0,4,4,0,0,0,0,0,0,9,92,0,0,0,3,7,3,13,17,3,4,3,0,0,0,3,58,0,0,0,0,5,3,0,7,0,0,0,0,3,3,0,25,0,0,0,0,0,0,0,0,0,0,0,0,0,0,0,4,0,0,6,10,10,9,4,3,0,0,0,0,0,0,3,52,0,17,4,4,0,4,0,0,0,0,0,0,0,0,0,27,0,53,33,8,20,3,10,7,3,3,3,0,0,0,7,152,9,9,29,97,157,98,96,75,13,17,7,12,9,13,37,657,0,0,0,0,0,0,0,0,0,0,0,0,0,0,0,6,0,0,4,0,15,23,18,21,8,4,0,0,4,0,3,110,0,4,3,0,3,0,0,0,0,0,0,0,0,0,0,20,0,0,3,7,0,4,3,3,0,0,0,0,3,0,0,25
LGA10300,0,0,0,0,0,0,0,3,0,9,12,0,0,0,0,0,0,0,0,0,0,0,3,22,0,0,0,0,0,0,0,0,0,0,0,0,0,0,0,0,0,0,0,0,0,0,0,0,0,0,0,0,0,0,0,3,0,0,0,0,0,0,0,0,0,0,0,0,0,0,0,0,0,0,0,0,0,0,0,0,0,0,0,3,5,0,0,12,0,0,0,0,0,0,0,0,0,0,0,0,0,0,0,0,0,0,0,0,0,0,0,0,0,0,0,0,0,0,0,0,0,0,0,3,4,0,0,3,0,0,0,0,0,0,0,13,0,0,0,0,0,0,0,0,0,0,0,0,0,0,0,0,0,0,0,0,0,3,0,0,0,0,0,0,0,0,0,3,0,0,0,0,0,0,0,0,0,0,0,0,0,0,0,0,0,0,0,0,0,0,0,0,0,0,0,0,0,0,0,0
LGA10470,0,5,3,0,0,0,3,61,5,4,15,9,0,0,0,0,0,0,0,0,0,0,3,46,0,0,3,3,0,5,13,0,0,0,0,4,0,0,0,26,0,0,0,0,0,0,3,11,0,0,0,0,0,3,9,24,0,0,0,13,0,8,0,0,0,0,0,0,0,0,11,38,0,0,3,5,5,3,7,3,3,0,0,0,0,0,3,46,0,4,8,5,0,0,3,0,0,0,0,0,0,0,0,26,0,37,27,10,13,6,0,0,0,0,0,0,0,0,0,104,0,0,8,46,72,83,82,51,4,6,14,10,4,5,49,436,0,0,0,0,0,5,0,15,3,0,0,3,0,0,0,30,0,0,0,0,14,20,24,15,14,11,14,5,17,7,17,155,0,3,4,0,3,0,0,0,0,0,0,0,0,0,0,19,0,0,0,3,0,0,5,3,0,0,0,0,0,0,3,22
LGA10550,0,0,0,0,0,0,6,61,0,10,17,8,3,0,3,0,0,0,0,0,0,0,0,54,0,3,0,0,0,0,3,7,0,0,0,0,0,0,3,23,0,0,0,0,0,0,7,3,0,0,0,0,0,0,0,17,0,0,0,0,0,0,0,0,0,0,0,0,0,0,0,3,0,0,3,6,5,4,0,3,0,0,0,0,0,0,0,31,0,8,11,3,3,0,0,0,0,0,0,0,0,0,0,30,0,82,59,17,16,7,9,3,0,0,3,0,0,0,9,204,3,3,20,78,115,47,38,26,7,3,3,0,3,5,20,375,0,0,0,0,0,0,0,0,0,0,0,0,0,0,0,3,0,0,4,3,12,32,20,7,3,6,12,3,5,4,8,120,0,4,3,0,4,0,0,0,0,0,0,0,0,0,0,25,0,0,0,3,3,3,0,0,0,0,0,0,3,0,3,16
LGA10600,0,0,0,0,0,0,0,24,0,0,0,3,0,0,0,0,0,0,0,0,0,0,0,11,0,0,0,0,0,0,0,0,0,0,0,0,0,0,0,5,0,0,0,0,0,0,0,0,0,0,0,0,0,0,0,3,0,0,0,0,0,0,0,0,0,0,0,0,0,0,0,0,0,0,0,3,0,6,0,0,0,0,0,0,0,0,0,14,0,3,0,0,0,0,0,0,0,0,0,0,0,0,0,0,3,16,10,13,11,0,4,10,0,0,0,0,0,0,0,67,0,3,16,22,48,45,13,3,4,0,0,0,0,0,8,169,0,0,0,0,0,0,0,0,0,0,0,0,0,0,0,0,0,0,0,0,3,6,0,7,0,0,3,0,0,0,3,20,0,0,3,0,0,0,0,0,0,0,0,0,0,0,0,5,0,0,0,4,0,0,3,0,0,0,0,0,0,0,0,7
LGA10650,0,0,0,0,0,0,0,7,0,3,3,3,0,0,0,0,0,0,0,0,0,0,0,9,0,0,0,0,0,0,0,0,0,0,0,0,0,0,0,0,0,0,0,0,0,0,0,0,0,0,0,0,0,0,0,3,0,0,0,0,0,0,0,0,0,0,0,0,0,0,0,0,0,0,0,0,0,0,0,0,0,0,0,0,3,5,3,21,0,0,0,0,0,0,0,0,0,0,0,0,0,0,0,3,0,12,18,3,0,0,5,0,0,0,0,0,0,0,3,42,0,0,0,12,20,14,23,12,0,5,0,0,0,0,7,93,0,0,0,0,0,0,0,0,0,0,0,0,0,0,0,0,0,0,0,0,7,8,8,3,0,3,0,0,12,5,3,44,0,0,0,0,0,0,0,0,0,0,0,0,0,0,0,3,0,0,0,0,0,0,0,0,0,0,0,0,0,0,0,0
LGA10750,23,42,13,6,9,7,9,613,5,198,463,385,68,20,40,18,8,0,9,13,9,0,57,1291,0,3,3,4,5,28,48,30,10,3,3,3,8,3,4,145,0,0,0,14,156,385,474,257,29,34,25,22,28,12,37,1478,0,16,64,432,325,429,275,111,31,11,17,16,14,8,91,1845,0,3,23,79,187,398,266,211,26,30,26,34,21,13,33,1341,0,552,801,524,210,78,20,12,4,0,0,3,0,0,69,2269,0,145,181,52,38,12,23,12,3,0,0,3,4,3,21,492,4,8,45,212,796,1347,2494,1270,236,342,339,235,215,108,393,8040,0,0,0,21,116,515,1044,848,236,280,240,295,258,162,105,4111,0,0,19,256,1742,7996,4904,3323,623,643,572,551,525,328,412,21917,0,149,63,45,263,222,98,22,13,11,3,3,3,5,30,932,0,4,11,39,52,113,161,70,14,12,15,14,27,12,10,541
LGA10800,0,0,0,0,0,0,0,4,0,0,0,0,0,0,0,0,0,0,0,0,0,0,0,3,0,0,0,0,0,0,0,0,0,0,0,0,0,0,0,0,0,0,0,0,0,0,0,0,0,0,0,0,0,0,0,0,0,0,0,0,0,0,0,0,0,0,0,0,0,0,0,0,0,0,0,0,0,0,0,0,0,0,0,0,0,0,0,0,0,0,0,0,0,0,0,0,0,0,0,0,0,0,0,3,0,3,0,0,0,0,0,0,0,0,0,0,0,0,0,8,0,4,4,0,0,11,3,6,0,0,0,0,0,0,0,32,0,0,0,0,0,0,0,0,0,0,0,0,0,0,0,0,0,0,0,0,0,0,0,9,0,7,0,0,0,0,0,20,0,0,0,0,0,0,0,0,0,0,0,0,0,0,0,0,0,0,0,0,0,0,0,0,0,0,0,0,0,0,0,0
LGA10850,0,0,0,0,0,0,0,7,0,0,0,0,0,0,0,0,0,0,0,0,0,0,0,0,0,0,0,0,0,0,0,0,0,0,0,0,0,0,0,0,0,0,0,0,0,0,0,0,0,0,0,0,0,0,0,0,0,0,0,0,0,0,0,0,0,0,0,0,0,0,0,3,0,0,0,0,0,0,0,0,0,0,0,0,0,0,0,0,0,0,4,0,0,0,0,0,0,0,0,0,0,0,0,4,0,9,0,4,0,3,0,0,0,0,0,0,0,0,0,19,0,3,0,17,18,8,12,7,0,8,0,0,0,0,3,75,0,0,0,0,0,0,0,0,0,0,0,0,0,0,0,0,0,0,0,0,3,0,0,9,0,0,0,0,0,0,0,13,0,0,0,0,3,0,0,0,0,0,0,0,0,0,0,8,0,0,0,0,0,0,0,0,0,0,0,0,0,0,0,0
LGA10900,3,3,3,0,0,0,13,283,0,36,56,42,8,5,0,8,0,0,0,0,0,0,12,174,0,3,4,9,10,28,22,17,3,0,0,6,0,0,7,106,0,0,0,0,12,15,18,14,0,5,0,0,13,9,5,93,0,0,4,13,6,9,10,3,0,0,4,0,0,0,0,51,0,0,9,36,35,37,14,7,3,3,0,0,4,8,4,158,0,34,25,16,5,3,3,0,0,0,0,0,0,0,0,87,0,113,105,42,39,14,18,7,5,3,3,3,0,0,6,359,7,18,56,159,322,237,188,61,12,8,0,4,10,0,38,1121,0,0,0,9,3,3,3,0,0,0,0,0,0,0,3,26,0,0,0,12,45,72,37,38,0,4,7,19,7,9,3,258,0,8,10,22,69,42,19,3,0,0,0,0,0,0,0,179,0,0,3,9,8,4,17,3,0,3,0,0,3,5,0,67
LGA10950,0,0,0,0,0,0,0,3,0,0,0,0,0,0,0,0,0,0,0,0,0,0,0,0,0,0,0,0,0,0,0,0,0,0,0,0,0,0,0,0,0,0,0,0,0,0,0,0,0,0,0,0,0,0,0,0,0,0,0,0,0,0,0,0,0,0,0,0,0,0,0,0,0,0,0,0,0,0,0,0,0,0,0,0,0,0,0,0,0,0,0,0,0,0,0,0,0,0,0,0,0,0,0,0,0,0,0,0,0,0,0,0,0,0,0,0,0,0,0,0,0,0,0,0,4,5,3,3,3,0,0,0,0,0,0,18,0,0,0,0,3,0,0,0,3,0,0,0,0,0,0,7,0,0,0,0,0,0,0,3,0,0,0,0,0,3,0,7,0,0,0,0,0,0,0,0,0,0,0,0,0,0,0,0,0,0,0,0,0,0,0,0,0,0,0,0,0,0,0,0
LGA11100,63,46,25,31,21,13,15,463,3,42,129,72,27,14,8,14,3,5,8,12,7,0,16,352,0,0,0,7,9,29,38,23,5,9,10,6,3,0,3,147,0,0,0,0,9,40,59,36,7,7,3,8,13,4,8,200,0,3,8,86,33,22,13,7,0,0,0,0,3,0,3,174,0,0,7,18,48,105,80,63,12,19,22,28,19,20,16,454,0,72,59,32,14,0,0,0,0,0,0,0,0,0,11,191,0,11,3,3,6,9,8,7,0,0,0,0,0,0,0,54,0,0,9,71,154,158,197,112,23,26,35,19,20,17,37,878,0,0,3,3,7,26,25,19,5,13,9,12,11,8,6,150,0,0,0,47,119,300,178,179,31,36,37,56,35,16,43,1080,0,3,3,4,44,28,16,17,0,3,7,3,14,0,7,143,0,0,3,11,9,14,36,18,6,7,0,6,6,3,0,133
LGA11150,0,0,0,0,0,0,0,3,0,0,0,0,0,0,0,0,0,0,0,0,0,0,0,0,0,0,0,0,0,0,0,0,0,0,0,0,0,0,0,0,0,0,0,0,0,0,0,0,0,0,0,0,0,0,0,0,0,0,0,0,0,0,0,0,0,0,0,0,0,0,0,0,0,0,0,0,0,0,0,0,0,0,0,0,0,0,0,0,0,0,0,0,0,0,0,0,0,0,0,0,0,0,0,0,0,0,0,0,0,0,3,0,0,0,0,0,0,0,0,3,0,0,0,0,0,3,0,3,0,0,0,0,0,0,0,12,0,0,0,0,0,0,0,3,0,0,0,0,0,0,0,4,0,0,0,0,0,3,3,0,0,0,0,0,0,0,0,3,0,0,0,0,0,0,0,0,0,0,0,0,0,0,0,0,0,0,0,0,0,0,0,0,0,0,0,0,0,0,0,0
LGA11200,0,0,0,0,0,0,0,0,0,0,0,0,0,0,0,0,0,0,0,0,0,0,0,0,0,0,0,0,0,0,0,0,0,0,0,0,0,0,0,0,0,0,0,0,0,0,0,0,0,0,0,0,0,0,0,0,0,0,0,0,0,0,0,0,0,0,0,0,0,0,0,0,0,0,0,0,0,0,0,0,0,0,0,0,0,0,0,0,0,0,0,0,0,0,0,0,0,0,0,0,0,0,0,0,0,0,0,0,0,0,0,0,0,0,0,0,0,0,0,0,0,0,0,0,0,0,0,0,0,0,0,0,0,0,0,3,0,0,0,0,0,0,0,0,0,0,0,0,0,0,0,0,0,0,0,0,0,0,0,0,0,0,0,0,0,0,0,0,0,0,0,0,0,0,0,0,0,0,0,0,0,0,0,0,0,0,0,0,0,0,0,0,0,0,0,0,0,0,0,0
LGA11250,0,0,0,0,0,0,0,12,3,12,9,3,0,0,0,0,0,0,0,0,0,0,3,30,0,0,0,0,0,0,0,0,0,0,0,0,0,0,7,7,0,0,0,0,0,4,0,0,0,0,0,0,0,0,0,3,0,0,0,0,0,0,0,0,0,0,0,0,0,0,0,0,0,0,0,0,0,0,0,0,0,0,0,0,0,0,0,3,0,15,0,0,0,0,0,0,0,0,0,0,0,0,0,19,0,3,7,0,0,0,0,0,0,0,0,0,0,0,0,19,0,0,0,11,13,8,16,8,3,3,3,4,0,0,3,72,0,0,0,0,0,0,0,0,0,0,0,0,3,0,0,3,0,0,0,0,12,17,11,13,6,23,15,4,7,4,9,124,0,0,0,0,0,0,0,0,0,0,0,0,0,0,0,0,0,0,0,0,0,0,0,0,0,0,0,0,0,0,0,0
LGA11300,11,6,6,9,3,0,4,168,0,174,412,277,22,12,16,12,3,10,16,16,12,3,53,1023,0,0,0,4,6,12,28,11,3,4,3,8,11,3,7,102,0,0,0,8,100,191,282,218,51,60,87,60,79,39,75,1238,0,15,62,196,92,92,50,20,7,3,6,0,12,0,33,589,0,0,6,13,43,56,44,36,11,9,17,22,23,17,30,312,0,10,21,3,3,0,0,0,0,0,0,0,0,0,5,43,0,4,3,3,0,0,0,0,0,0,0,0,0,0,0,15,0,4,8,21,52,64,93,33,19,14,9,10,12,4,13,358,0,0,0,3,5,3,20,16,7,3,8,3,16,10,0,87,0,0,3,9,61,89,71,57,21,13,28,33,37,21,7,438,0,9,7,9,28,12,14,3,0,5,0,6,9,0,8,113,0,0,0,6,6,31,15,19,3,9,0,9,5,6,0,115
LGA11350,0,0,0,0,0,3,5,76,0,14,21,8,3,10,16,16,7,8,5,11,4,3,11,135,0,4,0,0,5,21,34,26,0,4,10,5,14,7,8,142,0,0,0,0,3,0,3,3,0,0,0,0,0,5,0,15,0,0,0,3,0,0,0,0,0,0,0,0,0,0,0,5,0,4,0,6,3,5,0,3,0,0,0,0,0,0,0,27,0,5,7,0,0,4,3,0,0,0,0,0,0,0,0,17,0,30,33,9,18,9,23,3,0,4,0,0,0,3,6,150,4,4,36,89,174,110,128,76,9,21,9,19,12,17,47,752,0,0,0,3,0,0,0,0,0,0,0,0,0,0,0,3,0,0,4,4,5,5,14,3,0,4,0,4,3,0,7,57,0,0,3,0,8,4,3,0,3,0,0,3,0,0,5,31,0,0,0,9,3,0,0,0,0,0,0,0,0,0,0,15
LGA11400,0,0,0,0,0,0,0,13,0,5,5,3,0,0,0,0,0,0,0,0,0,0,0,14,0,0,0,0,0,0,0,0,0,0,0,0,0,0,0,3,0,0,0,0,0,4,0,0,0,0,0,0,0,0,0,3,0,0,0,0,0,0,0,0,0,0,0,0,0,0,0,3,0,0,0,3,3,0,0,0,0,0,0,0,0,0,0,6,0,0,0,0,0,0,0,0,0,0,0,0,0,0,0,5,0,8,3,0,0,0,3,0,0,0,0,0,0,0,3,16,0,0,9,15,21,26,21,8,0,3,3,0,0,3,11,116,0,0,0,0,0,0,0,0,0,0,0,0,0,0,0,3,0,0,0,0,3,3,3,11,0,3,0,0,3,0,3,36,0,0,0,0,0,0,3,0,0,0,0,0,0,0,0,3,0,0,0,0,0,0,0,0,0,0,0,0,0,0,0,0
LGA11450,24,23,5,12,6,8,4,260,0,104,178,157,27,10,4,0,0,0,0,3,8,4,26,523,0,0,0,0,0,3,7,0,3,0,0,0,0,0,3,21,0,0,0,0,3,5,13,9,9,0,0,0,0,3,0,50,0,0,21,67,59,51,43,11,0,0,0,0,0,0,14,267,0,3,5,4,26,37,13,10,3,0,0,0,6,3,4,119,0,89,107,34,25,17,0,6,5,0,0,0,0,0,26,315,0,45,44,17,19,9,8,0,0,0,0,0,0,0,9,154,7,5,22,59,200,227,262,101,25,28,35,33,27,8,41,1069,0,0,0,4,9,31,49,33,3,6,3,6,0,7,0,153,0,0,0,11,66,201,102,57,8,18,11,25,21,6,15,543,0,7,7,12,42,37,19,9,0,0,0,0,0,0,4,146,0,0,0,11,6,5,13,7,0,0,0,6,0,0,0,63
LGA11500,11,16,7,0,0,6,16,328,0,98,142,149,23,14,14,15,0,0,6,3,0,0,21,481,0,8,3,0,3,15,29,13,0,5,4,0,0,3,0,84,0,0,0,0,11,35,42,35,3,4,0,3,6,3,4,153,0,4,17,273,205,259,178,89,9,20,15,10,3,7,44,1135,0,0,17,49,67,120,71,56,6,6,6,4,19,7,9,429,3,93,86,48,14,8,0,3,3,0,0,0,0,0,8,271,3,63,106,23,29,6,9,5,3,0,0,0,0,0,9,252,4,6,32,150,451,788,1238,528,172,135,201,119,115,69,228,4247,0,0,0,6,17,165,295,239,53,55,53,60,93,35,32,1099,0,0,0,70,395,1439,973,573,103,104,100,103,102,54,94,4111,0,17,17,6,227,123,46,23,0,5,0,5,0,0,5,477,0,0,0,19,14,20,27,17,0,7,0,0,3,8,0,123
LGA11520,48,35,25,9,13,5,14,530,21,625,1573,896,113,52,60,43,9,33,41,42,29,15,109,3668,0,0,0,4,23,33,52,37,6,11,14,16,10,6,5,216,0,0,0,19,211,386,759,645,130,180,165,152,233,112,139,3125,0,22,42,154,90,56,21,20,9,0,3,3,0,4,11,436,0,3,20,57,154,156,106,82,13,32,27,12,32,19,16,724,3,50,36,23,7,0,0,0,0,0,0,0,0,0,3,130,0,22,18,4,13,11,19,8,0,3,5,3,0,3,3,109,7,14,38,104,225,187,312,158,42,47,31,16,25,10,30,1251,0,0,0,3,10,17,16,31,14,13,4,20,8,7,8,156,0,0,0,24,102,212,99,93,16,19,46,27,30,24,29,712,0,19,17,9,50,32,17,19,3,3,10,7,0,0,3,182,0,0,9,19,39,24,58,36,8,3,3,22,19,7,3,245
LGA11570,14,16,10,16,10,10,24,552,17,654,1464,1061,130,60,74,50,14,21,28,36,15,4,151,3785,0,4,0,5,22,67,107,63,16,9,11,15,13,8,15,358,4,0,3,63,460,790,953,423,61,89,62,74,81,34,106,3211,6,159,736,4569,3984,4133,2814,1384,239,221,271,270,210,92,740,19818,0,0,23,79,236,355,284,171,44,76,125,109,139,79,137,1860,0,213,171,83,27,7,7,3,0,0,0,0,0,0,34,539,0,53,47,28,11,10,20,15,3,0,0,0,0,0,8,200,9,17,38,179,507,776,1243,603,168,128,185,152,115,57,284,4455,0,0,0,19,60,336,826,906,276,411,389,582,607,315,140,4853,0,0,8,85,433,1189,845,595,129,156,155,153,146,82,139,4114,0,91,75,48,158,100,61,23,3,9,10,5,10,0,30,628,0,0,13,38,61,81,94,64,7,6,5,11,16,6,11,423
LGA11600,0,0,0,0,3,0,0,7,0,4,0,0,0,0,0,0,0,0,0,0,0,0,0,9,0,0,0,0,0,0,0,0,0,0,0,0,0,0,0,3,0,0,0,0,0,0,0,0,0,0,0,0,9,3,5,19,0,0,0,0,0,0,0,0,0,0,0,0,0,0,0,0,0,0,0,0,0,0,0,0,0,0,0,0,0,0,0,0,0,0,3,0,0,0,0,0,0,0,0,0,0,0,0,4,0,3,0,0,0,0,0,0,0,0,0,0,0,0,0,3,0,0,0,0,3,0,6,12,0,0,0,0,0,0,0,29,0,0,0,0,0,0,0,0,0,0,0,0,0,0,0,0,0,0,0,0,0,0,0,8,0,0,0,4,0,3,0,14,0,0,0,0,0,0,0,0,0,0,0,0,0,0,0,0,0,0,0,0,0,0,0,0,0,0,0,0,0,0,0,0
LGA11650,22,36,8,12,0,9,35,1052,16,225,310,188,30,14,12,20,6,6,7,3,0,0,44,888,0,3,3,9,22,52,98,37,5,7,5,5,10,0,11,273,0,0,0,3,42,101,187,150,23,8,17,13,22,11,5,577,0,13,22,65,26,21,14,11,0,0,0,0,0,0,10,192,5,6,34,60,72,67,46,34,11,11,7,8,17,6,24,414,4,258,223,93,17,12,8,3,0,0,0,0,0,0,24,640,8,340,278,124,70,41,45,40,4,3,3,12,0,0,38,1000,31,61,185,685,1374,1106,1061,412,80,90,47,55,56,39,238,5506,0,0,3,6,7,22,18,26,5,5,3,6,19,13,8,137,0,0,14,59,229,490,303,250,38,65,88,65,59,24,69,1752,0,31,33,21,110,56,38,27,3,0,9,0,3,0,7,339,0,3,16,38,28,20,37,20,5,4,12,7,3,5,8,197
LGA11700,0,0,0,0,0,0,0,0,0,0,0,0,0,0,0,0,0,0,0,0,0,0,0,0,0,0,0,0,0,0,0,0,0,0,0,0,0,0,0,0,0,0,0,0,0,0,0,0,0,0,0,0,0,0,0,0,0,0,0,0,0,0,0,0,0,0,0,0,0,0,0,0,0,0,0,0,0,0,0,0,0,0,0,0,0,0,0,0,0,0,0,0,0,0,0,0,0,0,0,0,0,0,0,0,0,3,0,0,0,0,0,0,0,0,0,0,0,0,0,3,0,0,0,0,0,3,4,0,0,0,0,0,0,0,0,9,0,0,0,0,0,0,0,0,0,0,0,0,0,0,0,0,0,0,0,0,0,0,0,0,0,0,0,0,0,0,0,3,0,0,0,0,0,0,0,0,0,0,0,0,0,0,0,0,0,0,0,0,0,0,0,0,0,0,0,0,0,0,0,0
LGA11720,0,3,0,0,0,0,4,53,0,7,12,9,3,0,0,0,0,0,0,0,0,3,0,39,0,0,0,3,4,0,3,0,0,0,0,0,0,0,0,10,0,0,0,0,0,0,3,8,3,0,0,3,3,0,0,15,0,0,0,3,3,0,0,0,0,0,0,0,0,0,9,19,0,0,4,4,6,6,4,7,0,0,0,0,0,0,7,42,0,13,8,3,0,0,0,0,0,0,0,0,0,0,3,24,0,31,18,11,5,4,5,0,3,0,0,0,0,0,0,81,3,3,13,73,112,92,75,64,21,7,0,8,3,0,49,519,0,0,0,0,0,0,0,0,7,0,3,0,0,0,0,17,0,0,0,0,22,43,27,22,11,18,8,14,0,3,13,179,0,9,4,0,0,3,3,4,0,0,0,0,0,0,3,20,0,0,0,3,0,3,0,4,0,0,0,0,0,0,0,9
LGA11730,0,0,0,0,0,0,3,41,0,8,10,8,0,0,5,0,0,0,0,0,0,0,0,38,0,7,0,0,0,0,8,5,0,3,0,0,0,0,0,21,0,0,0,0,0,0,0,0,0,0,0,0,0,0,0,4,0,0,0,0,0,0,0,0,0,0,0,0,0,0,0,3,0,0,8,11,3,3,0,0,0,0,0,0,0,3,0,35,0,9,9,0,0,0,0,0,0,0,0,0,0,0,3,26,0,68,38,20,14,5,0,11,0,0,0,0,0,0,7,162,4,8,20,105,161,107,61,20,6,11,0,10,5,0,43,560,0,0,0,0,0,0,0,7,0,0,3,0,0,0,0,10,0,0,0,5,16,32,25,25,9,7,9,6,5,6,6,154,0,0,0,0,0,3,0,0,0,0,0,0,0,0,0,10,0,0,3,5,0,0,0,0,0,0,0,0,0,0,0,8
LGA11750,0,3,0,0,0,0,0,15,0,0,3,0,0,0,0,0,0,0,0,0,0,0,0,3,0,0,0,0,0,0,0,0,0,0,0,0,0,0,0,0,0,0,0,0,0,0,0,0,0,0,0,0,0,0,0,0,0,0,0,0,0,0,0,0,0,0,0,0,0,0,0,0,0,0,0,0,0,0,0,0,0,0,0,0,0,0,0,5,0,0,0,0,0,0,0,0,0,0,0,0,0,0,0,0,0,0,0,0,0,0,0,0,0,0,0,0,0,0,0,9,0,0,0,3,9,13,24,6,7,0,0,0,3,0,0,68,0,0,0,0,0,0,0,5,0,0,0,0,0,0,0,5,0,0,0,0,3,4,0,3,0,0,0,0,0,0,3,12,0,0,0,0,0,0,0,0,0,0,0,0,0,0,0,0,0,0,0,0,0,0,0,0,0,0,0,0,0,0,0,0
LGA11800,12,12,0,0,0,0,3,158,0,45,43,14,0,3,0,8,0,0,0,0,0,0,12,134,0,0,0,3,0,9,11,13,8,8,0,3,6,0,6,67,0,0,0,0,0,7,13,3,0,3,0,3,10,7,9,59,0,3,3,3,0,0,0,0,0,0,0,0,0,3,0,19,0,5,3,14,11,10,3,13,0,4,5,9,15,7,8,121,0,21,17,0,0,0,0,0,0,0,0,0,0,0,3,45,0,90,65,35,23,3,12,6,0,0,0,0,0,0,12,240,3,6,51,152,268,171,169,94,16,25,16,6,14,10,38,1037,0,0,0,0,0,5,0,3,0,3,7,18,9,8,0,65,0,0,0,3,31,55,54,44,20,11,14,20,18,5,19,302,0,3,14,9,17,10,5,3,0,0,0,0,3,0,0,64,0,0,0,0,3,0,0,3,0,3,3,0,0,0,3,26
LGA12000,0,0,0,0,0,0,0,0,0,0,0,0,0,0,0,0,0,0,0,0,0,0,0,0,0,0,0,0,0,0,0,0,0,0,0,0,0,0,0,0,0,0,0,0,0,0,0,0,0,0,0,0,0,0,0,0,0,0,0,0,0,0,0,0,0,0,0,0,0,0,0,0,0,0,0,0,0,0,0,0,0,0,0,0,0,0,0,6,0,0,0,0,0,0,0,0,0,0,0,0,0,0,0,0,0,4,3,0,0,0,3,0,0,0,0,0,0,0,0,10,0,0,0,0,7,4,0,3,0,0,0,0,0,0,0,18,0,0,0,0,0,0,7,0,0,0,0,0,0,0,0,7,0,0,0,0,0,0,0,0,0,0,0,0,0,0,0,0,0,0,0,0,0,0,0,0,0,0,0,0,0,0,0,0,0,0,0,0,0,0,3,0,0,0,0,0,0,0,0,3
LGA12150,0,0,0,0,0,0,0,3,0,0,0,3,0,0,0,0,0,0,0,0,0,0,0,3,0,0,0,0,0,0,0,0,0,0,0,0,0,0,0,0,0,0,0,0,0,0,0,0,0,0,0,0,0,0,0,0,0,0,0,0,0,0,0,0,0,0,0,0,0,0,0,0,0,0,0,0,0,0,0,0,0,0,0,0,0,0,0,0,0,0,0,0,0,0,0,0,0,0,0,0,0,0,0,0,0,0,0,0,0,0,0,0,0,0,0,0,0,0,0,3,0,0,0,0,3,5,3,4,0,0,0,0,0,0,0,15,0,0,0,0,0,0,0,0,0,0,0,0,0,0,0,3,0,0,0,0,0,0,0,0,0,0,0,0,0,0,0,3,0,0,0,0,0,0,0,0,0,0,0,0,0,0,0,5,0,0,0,0,0,0,0,0,0,0,0,0,0,0,0,0
LGA12350,0,0,0,0,0,0,0,18,0,5,4,0,0,0,0,0,0,0,0,0,0,0,4,19,0,4,0,0,0,0,0,0,0,0,0,0,0,0,0,4,0,0,0,0,0,0,0,0,0,0,0,0,0,0,0,5,0,0,0,0,0,0,0,0,0,0,0,0,0,0,0,0,0,0,0,0,0,0,0,0,0,0,0,0,0,0,0,6,0,3,3,0,3,0,0,0,0,0,0,0,0,0,0,8,0,12,10,7,3,0,0,0,0,0,0,0,0,0,3,38,0,0,0,12,18,17,13,3,3,0,0,0,0,0,3,72,0,0,0,0,0,0,0,0,0,0,0,0,0,0,0,0,0,0,0,0,3,10,5,0,0,3,0,0,3,0,7,28,0,4,0,0,3,0,0,0,0,0,0,0,0,0,0,3,0,0,0,3,0,0,0,0,0,0,0,0,0,0,0,5
LGA12380,9,13,7,7,0,3,9,274,7,236,534,316,40,25,23,17,8,3,9,7,3,0,54,1297,0,0,0,3,17,28,39,14,4,4,3,6,8,4,11,135,0,0,0,15,242,616,1174,889,141,219,222,219,269,175,178,4369,7,71,329,2348,1831,2255,1812,765,163,107,137,135,109,63,450,10587,0,0,5,37,106,219,201,114,22,39,39,45,50,55,45,975,9,502,521,221,53,7,3,0,0,0,0,0,0,0,65,1383,0,27,38,17,3,3,3,11,0,3,0,0,0,0,3,100,8,14,19,81,270,405,792,427,113,113,99,71,92,39,145,2695,0,0,3,13,74,288,551,770,236,536,677,565,542,307,90,4653,0,3,9,73,403,1212,821,576,127,159,166,148,123,83,114,4023,0,51,23,16,94,79,23,9,3,0,8,3,0,0,15,326,3,0,7,12,27,50,57,49,3,11,3,17,19,18,3,275
LGA12700,0,0,0,0,0,0,0,10,0,0,0,0,0,0,0,0,0,0,0,0,0,0,0,8,0,0,0,0,0,0,0,0,0,0,0,0,0,0,0,0,0,0,0,0,0,0,3,0,0,0,0,0,0,0,0,3,0,0,0,0,0,0,0,0,0,0,0,0,0,0,0,0,0,0,3,0,3,0,0,3,0,0,0,0,0,0,0,8,0,0,0,0,0,0,0,0,0,0,0,0,0,0,0,0,0,6,6,0,0,0,0,0,0,0,0,0,0,0,0,14,0,0,3,15,12,7,12,0,0,0,0,0,0,0,3,49,0,0,0,0,0,0,0,0,0,0,0,0,0,0,0,0,0,0,0,0,0,3,0,0,0,0,0,0,0,0,0,12,0,0,0,0,0,0,0,0,0,0,0,0,0,0,0,0,0,0,0,0,0,0,0,0,0,0,0,0,0,0,0,0
LGA12730,0,0,0,0,0,3,0,8,0,11,7,0,0,0,0,0,0,0,0,0,0,3,3,22,0,0,0,0,0,0,0,4,0,0,0,0,0,0,0,4,0,0,0,0,0,0,0,0,0,0,0,10,3,0,0,14,0,0,0,0,0,0,0,0,0,0,0,0,0,0,0,0,0,0,0,0,0,0,0,3,0,0,0,0,0,0,0,6,0,0,0,0,0,0,0,0,0,0,0,0,0,0,0,0,0,4,8,3,0,0,0,0,0,0,0,0,0,0,0,20,0,0,0,10,7,12,12,3,0,4,3,3,4,3,7,70,0,0,0,0,0,0,0,3,0,0,0,0,0,0,0,3,0,0,0,0,0,0,6,4,0,0,0,3,0,3,0,18,0,0,0,0,0,0,0,0,0,0,0,0,0,0,0,0,0,0,0,0,0,0,0,0,0,0,0,0,0,0,0,0
LGA12750,0,3,0,0,0,0,0,75,0,26,40,30,0,0,3,0,0,0,0,0,0,0,3,109,0,0,0,0,0,0,0,0,0,0,0,0,0,0,3,8,0,0,0,0,0,0,5,0,0,0,0,0,0,0,0,9,0,0,0,3,3,0,0,0,0,0,0,0,0,0,0,8,0,0,10,3,3,0,0,0,0,0,0,0,0,0,0,27,0,26,30,4,0,0,0,0,0,0,0,0,0,0,0,60,0,80,62,20,11,3,7,0,0,0,0,0,0,0,3,189,3,10,37,105,112,85,48,22,0,0,4,3,3,0,20,454,0,0,0,0,0,0,0,0,0,0,0,0,0,0,0,0,0,0,3,0,14,25,13,21,7,3,5,12,0,3,3,104,0,12,9,4,3,0,0,0,0,0,0,0,0,0,0,38,0,0,3,0,0,0,4,3,0,0,0,0,0,0,0,12
LGA12850,0,0,0,3,0,0,3,129,20,657,1428,921,159,59,25,18,6,3,14,8,7,5,145,3476,0,4,0,0,4,6,17,11,4,3,3,0,0,0,0,58,0,0,0,5,20,24,12,15,3,3,0,3,7,3,8,96,0,7,50,489,568,482,387,190,26,31,27,36,43,34,99,2472,0,0,5,17,101,165,77,57,15,21,13,10,23,5,36,539,0,304,392,175,51,14,11,3,0,0,0,0,0,0,41,981,0,21,48,14,3,9,9,0,0,0,3,0,5,0,4,120,0,0,16,51,167,407,849,447,113,184,129,136,126,46,131,2807,0,0,0,10,20,33,38,73,8,27,15,35,37,23,5,325,0,0,3,64,453,804,419,232,53,77,71,43,55,36,76,2381,0,71,47,32,158,94,33,9,0,4,0,5,3,0,24,485,0,0,0,7,30,26,21,4,0,4,0,0,0,0,8,96
LGA12870,0,0,0,3,0,0,0,12,0,7,3,4,0,0,0,0,0,0,0,0,0,0,0,16,0,0,0,0,0,0,0,3,0,0,0,0,0,0,0,5,0,0,0,0,0,0,0,0,0,0,0,0,13,5,0,14,0,0,0,0,0,0,0,0,0,0,0,0,0,0,0,0,0,0,0,0,0,0,0,0,0,0,0,0,0,0,4,3,0,3,4,0,0,0,0,0,0,0,0,0,0,0,0,8,0,14,6,6,3,0,5,0,0,0,0,0,0,0,3,39,0,0,4,17,19,21,22,5,4,3,3,4,0,0,4,106,0,0,0,0,0,0,0,0,0,0,0,0,3,0,0,10,0,0,0,0,3,7,9,14,6,0,0,3,3,0,0,48,0,0,0,3,0,0,0,0,0,0,0,0,0,0,0,6,0,0,0,0,0,0,0,0,0,0,0,0,0,0,0,0
LGA12900,0,0,0,0,0,0,0,3,0,3,7,6,0,0,3,0,0,0,0,0,5,0,0,19,0,0,0,0,0,0,0,0,0,0,0,0,0,0,0,3,0,0,0,0,0,0,0,0,0,0,0,0,0,0,0,3,0,0,0,0,0,0,0,0,0,0,0,0,0,0,0,0,0,0,0,4,0,0,0,0,0,0,0,0,0,0,0,4,0,0,0,0,0,0,0,0,0,0,0,0,0,0,0,3,0,5,3,0,0,0,0,0,0,0,0,0,0,0,0,13,0,0,5,6,3,12,5,10,0,3,0,0,0,0,3,55,0,0,0,0,0,0,0,0,0,0,0,0,0,0,0,0,0,0,0,0,3,4,4,3,0,13,0,0,0,0,0,35,0,0,0,0,0,0,0,0,0,0,0,0,0,0,0,0,0,0,0,0,0,0,0,0,0,0,0,0,0,0,0,0
LGA12930,6,18,12,7,3,11,8,285,14,216,494,226,45,15,16,15,3,6,9,19,6,4,35,1140,0,0,0,6,18,59,88,42,9,23,3,11,17,6,15,302,0,0,3,9,52,103,161,84,16,20,23,21,25,18,23,546,0,23,83,396,295,375,188,95,23,9,19,27,21,14,60,1631,0,0,24,91,182,330,250,139,32,37,29,39,38,39,35,1260,0,97,78,29,6,4,0,0,0,0,0,0,0,0,8,220,0,29,34,16,9,5,10,10,3,0,0,0,0,0,3,113,7,3,42,139,300,382,681,254,61,55,44,40,50,39,92,2179,0,0,0,4,8,29,41,48,5,19,14,23,27,14,0,233,0,0,3,52,180,465,367,421,107,117,133,147,124,78,59,2248,0,20,13,6,50,36,32,19,9,7,4,3,12,0,7,217,0,4,3,36,49,69,85,51,7,8,15,11,14,9,0,351
LGA12950,0,0,0,0,0,0,0,3,0,0,0,0,0,0,0,0,0,0,0,0,0,0,0,0,0,0,0,0,0,0,0,0,0,0,0,0,0,0,0,0,0,0,0,0,0,0,0,0,0,0,0,0,0,0,0,0,0,0,3,0,0,0,0,0,0,0,0,0,0,0,0,3,0,0,0,0,0,0,0,0,0,0,0,0,0,0,0,0,0,0,0,0,0,0,0,0,0,0,0,0,0,0,0,0,0,3,8,0,0,0,0,0,0,0,0,0,0,0,0,7,0,0,0,0,0,3,11,0,0,0,0,0,0,0,0,21,0,0,0,0,0,0,0,0,0,0,0,0,0,0,0,0,0,0,0,0,4,5,0,0,0,0,3,0,0,0,3,13,0,0,0,0,0,0,0,0,0,0,0,0,0,0,0,0,0,0,0,0,0,0,0,0,0,0,0,0,0,0,0,0
LGA13010,0,0,0,0,0,0,0,11,0,0,0,3,0,0,0,0,0,0,0,0,0,0,0,3,0,0,0,0,0,0,0,0,0,0,0,0,0,0,0,8,0,0,0,0,0,0,0,0,0,0,0,0,0,0,0,6,0,0,0,0,0,0,0,0,0,0,0,0,0,0,0,0,0,0,0,0,0,0,0,0,0,0,0,0,0,0,0,7,0,0,0,0,0,0,0,0,0,0,0,0,0,0,0,5,0,8,3,3,3,5,0,0,0,0,0,0,0,0,3,27,0,0,3,13,16,16,11,0,3,0,0,0,0,0,6,73,0,0,0,0,0,0,0,0,0,0,0,0,0,0,3,3,0,0,0,0,0,4,5,0,3,3,0,3,0,0,3,23,0,0,0,0,0,0,0,0,0,0,0,0,0,0,0,0,0,0,0,0,0,0,0,0,0,0,0,0,0,0,0,6
LGA13310,0,5,3,5,0,0,3,43,0,12,21,11,0,0,0,0,0,0,0,0,3,0,5,57,0,0,0,0,0,0,4,0,0,0,0,0,0,0,0,7,0,0,0,0,0,0,5,3,3,0,0,0,15,23,6,66,0,3,0,12,4,6,0,4,0,0,0,0,0,0,12,38,0,0,0,9,8,5,3,0,0,0,0,0,0,0,0,29,0,5,10,0,0,0,0,0,0,0,0,0,0,0,4,22,0,26,24,3,8,3,3,7,0,0,0,0,0,0,6,88,0,10,11,47,67,53,41,27,13,6,5,7,6,0,30,314,0,0,0,0,0,0,0,12,0,0,0,8,0,3,0,24,0,0,0,4,13,23,18,31,14,3,10,19,14,9,4,152,0,3,0,0,8,0,0,0,0,0,0,0,0,0,3,21,0,0,0,0,4,3,0,0,0,0,0,0,0,0,0,13
LGA13340,3,3,3,0,0,0,0,21,0,3,3,0,0,0,0,0,0,0,0,0,0,0,0,3,0,0,0,0,0,0,0,3,0,0,0,0,0,0,0,9,0,0,0,0,0,0,3,0,0,0,0,0,0,0,0,3,0,0,0,0,0,0,0,0,0,0,0,0,0,0,0,0,0,0,0,0,0,0,0,0,0,0,0,0,0,0,0,5,0,3,0,0,0,0,0,0,0,0,0,0,0,0,0,6,0,13,15,3,7,0,0,0,0,0,0,0,0,0,3,44,0,0,4,13,16,21,12,9,0,3,0,0,0,5,3,89,0,0,0,0,0,0,0,0,0,0,0,0,0,0,0,0,0,0,0,0,4,3,4,5,3,0,3,3,0,0,0,24,0,0,0,0,0,0,0,0,0,0,0,0,0,0,0,0,0,0,0,0,0,0,0,0,0,0,0,0,0,0,0,0
LGA13450,4,3,0,0,0,0,0,28,40,425,315,131,9,7,8,0,0,0,3,9,7,6,92,1055,0,0,0,0,0,0,0,0,0,0,0,0,0,0,4,4,0,0,0,0,0,4,5,3,0,0,0,0,8,0,6,23,0,0,0,7,0,0,0,0,0,0,0,0,0,0,3,15,0,0,0,0,0,0,3,0,0,0,9,5,40,24,11,85,0,0,0,0,4,0,0,8,0,0,0,0,0,0,0,8,0,8,4,0,5,0,5,0,0,0,0,0,0,0,0,28,0,0,0,16,21,61,148,53,24,15,19,25,18,4,26,432,0,0,0,0,0,0,11,34,12,14,14,11,11,3,3,121,0,0,0,0,17,39,23,61,7,22,5,17,10,4,11,222,0,0,0,0,0,0,0,0,0,0,0,0,0,0,0,4,0,0,0,0,0,3,3,0,0,0,0,0,0,0,0,7
LGA13510,0,0,0,0,0,0,0,10,0,0,3,3,0,0,0,0,0,0,0,0,0,0,0,4,0,0,0,0,0,0,0,0,0,0,0,0,0,0,0,0,0,0,0,0,0,0,0,0,0,0,0,0,0,0,0,0,0,5,0,0,0,0,0,0,0,0,0,0,0,0,0,5,0,0,0,0,0,0,0,0,0,0,0,0,0,0,0,7,0,3,0,3,0,0,0,0,0,0,0,0,0,0,0,6,0,11,3,3,0,0,0,0,0,0,0,0,0,0,0,16,0,0,0,6,11,15,12,6,4,3,0,0,3,0,0,76,0,0,0,0,0,0,0,0,0,0,0,0,0,0,0,0,0,0,0,0,0,0,0,11,0,10,10,5,3,0,3,39,0,3,0,0,0,0,0,0,0,0,0,0,0,0,0,4,0,0,0,3,0,0,0,0,0,0,0,0,0,0,0,3
LGA13550,0,0,0,0,0,0,0,9,0,3,0,0,0,0,0,0,0,0,0,0,0,0,0,9,0,0,0,0,0,0,0,0,0,0,0,0,3,0,0,3,0,0,0,0,0,0,0,0,0,0,0,0,6,3,0,10,0,0,0,0,0,0,0,0,0,0,0,0,0,0,0,0,0,0,0,0,0,3,0,0,0,0,0,0,0,0,0,0,0,3,0,0,0,0,0,0,0,0,0,0,0,0,0,7,0,10,3,0,0,0,0,0,0,0,0,0,0,0,0,10,0,0,0,8,19,3,15,17,0,14,0,3,5,0,7,93,0,0,0,0,0,0,0,3,0,0,0,0,0,0,0,5,0,0,0,0,3,3,4,3,0,6,5,9,3,0,6,43,0,0,0,0,0,0,0,0,0,0,0,0,0,0,0,5,0,0,0,0,0,0,0,0,0,0,0,0,0,0,0,0
LGA13660,0,0,0,0,0,0,0,3,0,0,0,0,0,0,0,0,0,0,0,0,0,0,0,0,0,0,0,0,0,0,0,0,0,0,0,0,0,0,0,0,0,0,0,0,0,0,0,0,0,0,0,0,0,0,0,4,0,0,0,0,0,0,0,0,0,0,0,0,0,0,0,0,0,0,0,0,0,0,0,0,0,0,0,0,0,0,0,0,0,0,0,0,0,0,0,0,0,0,0,0,0,0,0,0,0,0,0,0,0,0,0,0,0,0,0,0,0,0,0,9,0,0,0,0,6,3,8,3,0,0,0,0,0,0,3,25,0,0,0,0,0,0,0,0,0,0,0,0,0,0,0,0,0,0,0,0,0,0,0,0,0,3,0,0,0,0,0,12,0,0,0,0,0,0,0,0,0,0,0,0,0,0,0,0,0,0,0,0,0,0,0,0,0,0,0,0,0,0,0,0
LGA13800,0,6,3,0,0,0,8,181,0,46,54,48,8,4,5,0,0,0,0,0,0,0,11,191,0,3,0,4,0,0,3,5,0,0,0,0,0,0,3,21,0,0,0,0,3,27,6,3,0,0,0,0,0,0,0,42,0,8,3,23,9,19,8,3,0,0,0,0,0,0,0,79,0,0,12,32,30,10,8,3,0,0,3,0,3,0,3,105,4,130,142,105,41,12,6,8,0,0,0,0,0,0,20,475,0,62,101,24,17,10,9,7,0,0,0,3,3,0,11,245,4,3,25,96,187,169,190,60,15,29,3,10,8,5,29,833,0,0,0,0,3,3,5,3,0,0,0,0,0,0,0,26,0,0,0,12,30,72,48,41,12,5,11,13,6,7,8,261,0,3,6,10,6,12,6,0,3,0,0,0,0,0,4,43,0,0,9,9,3,5,4,0,0,0,0,0,0,0,0,35
LGA13850,0,0,0,0,0,0,0,0,0,6,8,0,0,0,0,0,0,0,0,0,0,0,3,19,0,0,0,0,0,0,0,0,0,0,0,0,0,0,0,0,0,0,0,0,0,0,0,0,0,0,0,0,0,0,0,0,0,0,0,0,0,0,0,0,0,0,0,0,0,0,0,0,0,0,0,0,0,0,0,0,0,0,0,0,0,0,0,0,0,0,0,0,0,0,0,0,0,0,0,0,0,0,0,0,0,3,4,0,0,0,0,0,0,0,0,0,0,0,0,4,0,0,0,0,3,6,3,3,0,0,3,3,0,3,0,37,0,0,0,0,0,0,0,3,0,0,0,0,0,0,0,6,0,0,0,0,0,4,0,0,0,0,0,0,0,0,0,5,0,0,0,0,0,0,0,0,0,0,0,0,0,0,0,0,0,0,0,0,0,0,0,0,0,0,0,0,0,0,0,0
LGA13910,0,0,0,0,0,3,0,15,0,3,13,3,8,0,0,0,0,0,0,0,0,0,4,26,0,0,0,0,0,0,0,0,0,0,0,0,0,0,0,0,0,0,0,0,0,0,0,0,0,3,0,0,0,0,0,3,0,0,0,4,14,12,14,4,0,0,0,0,0,6,7,66,0,0,3,0,0,0,0,3,0,0,0,0,0,0,0,9,0,3,0,0,0,0,0,0,0,0,0,0,0,0,0,9,0,12,18,3,7,0,8,0,0,0,0,0,0,0,3,54,0,4,11,23,36,32,23,4,0,7,5,3,0,0,11,152,0,0,0,0,0,0,0,0,0,0,0,0,0,0,0,0,0,0,0,0,3,10,3,20,3,3,0,0,3,0,0,50,0,0,0,0,0,0,0,0,0,0,0,0,0,0,0,3,0,0,0,0,0,0,0,0,0,0,0,0,0,0,0,4
LGA14000,13,10,3,4,4,3,14,403,13,140,274,159,28,15,16,20,0,0,5,0,3,3,28,705,0,0,3,17,43,116,162,73,14,24,23,7,8,16,21,527,0,0,0,21,165,519,883,662,94,60,72,81,52,18,47,2671,0,54,119,152,75,90,42,11,3,3,0,5,3,0,19,588,3,9,34,128,309,478,283,220,57,61,35,49,36,26,38,1774,0,31,33,16,0,0,3,0,0,0,0,0,0,0,3,93,0,70,73,40,41,30,74,27,0,0,0,3,6,0,11,383,11,20,94,245,405,369,545,206,36,45,33,34,17,15,62,2146,0,0,0,12,28,76,124,35,21,33,23,31,22,32,8,453,0,0,5,79,186,415,344,308,58,86,83,48,86,67,41,1812,0,9,13,10,142,113,32,14,0,4,0,7,9,0,11,363,0,3,13,44,70,140,194,113,14,20,13,26,16,12,20,714
LGA14100,0,0,0,0,3,0,0,83,4,39,80,30,4,4,9,0,0,0,0,3,0,0,3,174,0,0,0,3,3,13,10,8,0,6,0,0,3,0,0,42,0,0,0,10,14,27,17,6,0,5,3,0,0,0,0,80,0,5,3,14,8,5,5,0,0,0,0,0,0,0,0,46,0,0,3,14,20,21,11,5,6,0,0,0,0,0,0,84,0,5,9,4,0,0,0,0,0,0,0,0,0,0,0,12,0,13,3,5,7,0,0,14,0,0,0,0,0,0,4,37,0,0,10,30,43,45,43,12,3,7,0,0,0,0,8,210,0,0,0,0,0,0,0,0,0,0,0,0,0,0,0,4,0,0,0,4,12,22,11,3,0,0,3,0,0,0,9,64,3,0,7,3,14,3,8,3,3,0,0,0,3,0,8,49,0,0,4,9,10,4,6,5,3,0,0,4,3,0,0,57
LGA14170,94,85,46,40,19,7,32,1350,12,448,1139,705,120,67,81,85,27,66,86,113,92,40,151,3222,0,3,6,18,39,108,181,83,20,21,26,19,19,31,21,596,0,0,0,7,146,140,180,121,16,22,24,37,20,24,71,809,9,33,130,387,203,104,55,22,3,3,11,3,6,3,90,1066,0,0,14,92,185,236,149,91,23,42,32,29,38,34,33,1010,0,73,89,53,14,12,7,3,0,0,0,0,0,0,8,252,0,41,35,24,25,15,57,52,14,21,9,7,16,15,13,333,9,15,93,315,759,735,1038,458,112,153,124,109,73,54,110,4160,0,0,0,5,8,14,22,33,6,5,14,8,13,4,0,132,0,0,5,58,248,557,297,281,71,96,103,87,116,70,75,2068,0,17,29,22,133,86,69,35,16,8,18,10,21,9,27,489,0,3,15,38,68,81,79,53,7,7,14,20,22,20,17,441
LGA14200,0,0,0,0,0,0,0,14,0,6,7,3,0,0,0,0,0,0,0,0,0,0,3,24,0,0,0,0,0,0,3,0,0,0,0,0,0,0,3,11,0,0,0,0,0,0,0,6,0,3,3,3,5,0,0,21,0,0,0,0,0,0,0,0,0,0,0,0,0,0,0,0,0,0,0,0,0,0,0,0,0,0,0,0,0,0,0,8,0,0,0,0,0,0,0,0,0,0,0,0,0,0,0,3,0,10,5,3,0,0,0,0,0,0,0,0,0,0,0,24,3,0,3,8,30,23,15,5,3,0,0,0,0,0,7,94,0,0,0,0,0,0,0,0,0,0,0,0,0,0,0,0,0,0,0,0,8,13,6,43,10,34,22,17,14,0,6,176,0,0,0,0,0,0,0,0,0,0,0,0,0,0,0,5,0,0,0,0,0,0,0,0,0,0,0,0,0,0,0,0
LGA14300,0,0,0,0,0,0,3,3,0,0,0,0,0,0,0,0,0,0,0,0,0,0,0,3,0,0,0,0,0,0,0,0,0,0,0,0,0,0,0,0,0,0,0,0,0,0,0,0,0,0,0,0,3,3,10,15,0,0,0,0,0,0,0,0,0,0,0,0,0,0,8,7,0,0,0,0,0,0,0,0,0,0,0,0,0,0,3,3,0,0,0,0,0,0,0,0,0,0,0,0,0,0,0,3,0,0,0,0,0,0,0,0,0,0,0,0,0,0,0,5,0,0,0,3,13,16,7,3,0,0,0,0,0,0,23,66,0,0,0,0,0,0,0,0,0,0,0,0,0,0,0,0,0,0,0,0,0,0,0,3,0,3,3,0,0,0,3,15,0,0,0,0,0,0,0,0,0,0,0,0,0,0,0,0,0,0,0,0,0,0,0,0,0,0,0,0,0,0,3,5
LGA14350,0,0,0,0,0,0,0,25,0,3,7,0,0,0,0,0,0,0,0,3,0,0,0,13,0,0,0,0,0,0,3,3,0,0,0,0,0,0,0,12,0,0,0,0,0,3,0,3,0,0,0,0,0,0,0,10,0,3,0,3,0,0,0,0,0,0,0,0,0,0,0,5,0,0,3,0,0,3,4,0,0,0,0,0,0,0,0,16,0,9,7,0,0,0,0,0,0,0,0,0,0,0,3,23,0,22,16,8,4,0,3,0,0,0,0,0,0,0,3,59,4,6,8,47,77,52,27,4,3,4,3,0,0,0,26,262,0,0,0,0,0,0,6,0,5,0,0,0,0,0,0,8,0,0,0,0,9,28,20,12,5,4,11,8,6,12,4,121,0,0,0,0,4,0,0,0,0,0,0,0,0,0,3,11,0,0,0,4,0,0,3,3,0,0,0,0,0,0,0,5
LGA14400,0,4,3,5,0,0,8,84,0,20,40,15,3,3,3,0,0,0,0,0,0,0,3,93,0,0,0,0,0,0,3,8,0,0,0,0,0,0,0,12,0,0,0,0,0,4,6,0,0,0,0,0,0,0,0,11,0,0,0,0,0,0,0,0,0,0,0,0,0,0,0,3,0,0,0,0,6,0,5,0,0,0,0,0,0,0,0,18,0,10,12,0,0,0,0,0,0,0,0,0,0,0,0,29,0,27,16,6,4,0,5,4,0,0,0,0,0,0,5,65,3,3,22,36,75,33,58,38,5,19,10,5,0,0,10,317,0,0,0,0,0,0,0,0,0,0,0,0,0,0,0,0,0,0,0,3,9,6,3,3,0,0,0,0,3,0,3,29,0,3,3,3,6,3,0,0,0,0,0,0,0,0,0,13,0,0,0,0,3,3,0,0,0,0,0,3,0,0,0,11
LGA14500,15,13,10,3,14,0,13,407,10,96,122,50,9,15,26,15,3,5,0,0,6,3,16,377,0,0,12,26,75,178,179,64,21,38,28,40,54,36,41,786,0,0,4,27,199,586,730,456,75,66,89,61,38,66,79,2481,0,11,22,47,25,19,11,3,0,0,0,0,0,0,5,143,4,4,49,150,320,327,206,200,42,13,27,29,19,8,16,1429,0,6,12,7,5,3,0,0,0,0,0,0,0,0,0,37,5,61,42,26,39,25,43,54,10,3,13,23,6,7,13,372,25,42,117,272,328,364,536,217,56,53,53,40,47,26,67,2237,0,0,5,9,25,30,19,4,4,4,5,9,9,11,0,144,0,0,10,46,83,124,84,79,22,26,32,21,17,20,15,574,0,24,24,15,72,41,34,16,0,0,6,8,0,3,3,243,5,11,31,32,92,102,177,152,25,24,43,24,23,11,19,756
LGA14550,0,0,0,0,0,0,0,10,0,3,0,0,0,0,0,0,0,0,0,0,0,0,0,7,0,0,0,0,0,0,5,0,0,3,0,0,0,0,3,12,0,0,0,0,0,0,0,3,0,0,0,0,0,0,0,3,0,0,0,0,0,0,0,0,0,0,0,0,0,0,0,0,0,0,3,0,0,0,0,0,0,0,0,0,0,0,0,5,0,0,0,3,0,0,0,0,0,0,0,0,0,0,0,4,0,10,7,0,0,0,6,0,0,0,0,0,0,0,0,21,0,0,6,22,36,29,19,3,3,0,0,0,0,0,11,136,0,0,0,0,0,0,0,0,0,0,0,0,0,0,0,0,0,0,0,0,0,7,4,4,0,3,0,0,3,0,0,29,0,0,0,0,0,0,0,0,0,0,0,0,0,0,0,5,0,0,0,0,0,0,0,0,0,0,0,3,0,0,0,3
LGA14600,0,0,0,0,0,0,0,3,0,0,0,0,0,0,0,0,0,0,0,0,0,0,0,0,0,0,0,0,0,0,0,0,0,0,0,0,0,0,0,0,0,0,0,0,0,0,0,0,0,0,0,0,0,0,0,0,0,0,0,0,0,0,0,4,0,0,0,0,0,0,0,6,0,0,0,0,0,0,0,0,0,0,0,0,0,0,0,0,0,0,0,0,0,0,0,0,0,0,0,0,0,0,0,0,0,0,0,0,0,0,0,0,0,0,0,0,0,0,0,3,0,0,0,3,12,4,8,3,0,3,0,3,0,0,0,35,0,0,0,0,0,0,0,3,0,0,0,0,0,0,0,3,0,0,0,0,0,3,0,0,0,6,4,15,0,0,5,35,0,0,0,0,0,0,0,0,0,0,0,0,0,0,0,0,0,0,0,0,0,0,0,0,0,0,0,0,0,0,0,0
LGA14650,9,30,9,3,0,0,4,321,4,91,153,79,11,9,9,13,0,0,3,0,0,0,35,415,0,0,4,7,4,7,19,9,0,0,4,5,0,7,3,82,0,0,0,3,19,39,41,39,4,4,10,5,6,9,6,182,0,4,0,17,9,3,0,3,0,0,0,0,0,0,0,43,0,3,20,62,78,41,25,33,8,5,7,6,8,3,7,306,0,53,38,10,8,0,0,0,0,0,3,0,0,0,5,115,0,253,124,40,37,9,19,8,3,0,12,0,3,0,15,527,20,43,109,283,500,429,405,182,51,37,19,45,13,15,101,2266,0,0,0,0,5,5,12,35,4,11,3,3,4,0,0,83,0,0,5,17,91,184,107,102,30,38,25,25,28,14,23,695,0,65,15,20,40,30,11,6,0,0,0,0,0,0,13,200,4,0,6,18,11,5,15,6,0,0,0,3,0,0,0,80
LGA14700,22,17,10,7,12,6,9,238,8,32,30,28,3,9,14,16,7,6,5,8,11,4,14,192,0,0,0,3,23,73,88,40,12,19,26,21,27,12,20,359,0,0,0,3,19,48,82,73,10,10,10,16,24,10,13,312,0,4,4,17,17,10,0,3,0,0,0,0,0,0,4,61,3,0,16,43,102,120,81,52,12,9,11,8,13,9,9,484,0,3,0,9,0,0,0,0,0,0,0,0,0,4,0,19,0,22,9,3,6,3,16,11,10,0,0,0,0,0,3,84,0,13,32,62,131,120,204,76,16,25,14,17,17,12,18,757,0,0,0,0,6,7,5,12,9,4,0,4,13,0,0,63,0,0,0,11,37,76,63,66,19,14,22,33,28,21,6,404,0,0,13,12,48,12,19,18,0,6,0,3,3,3,4,132,0,0,3,12,25,22,37,23,0,0,11,17,9,4,7,174
LGA14750,0,0,0,0,0,0,0,0,4,58,76,23,0,0,0,0,0,0,0,0,0,0,13,185,0,3,0,0,0,0,0,0,0,0,0,0,0,0,0,5,0,0,0,0,0,0,3,0,0,0,0,0,0,0,0,3,0,0,0,0,0,0,0,0,0,0,0,0,0,0,0,0,0,0,0,0,0,0,3,4,0,0,0,0,4,0,0,14,0,0,0,0,0,0,0,0,0,0,0,0,0,0,0,0,0,4,0,0,0,0,0,0,0,0,0,0,0,0,0,6,0,0,3,11,14,19,13,12,4,7,5,3,6,0,16,108,0,0,0,0,0,0,0,0,0,3,4,0,0,0,0,6,0,0,0,0,0,3,3,4,0,9,11,29,25,7,0,92,0,0,0,0,4,0,0,0,0,0,0,0,0,0,0,4,0,0,0,0,0,0,0,0,0,0,0,0,0,0,0,0
LGA14850,0,3,3,0,0,0,0,51,9,76,42,19,3,8,4,0,0,0,0,0,0,0,6,172,0,0,0,3,0,5,12,11,0,0,0,0,0,0,5,42,0,0,0,0,3,6,3,8,0,0,0,0,3,3,0,28,0,0,0,0,0,0,0,0,0,0,0,0,0,0,0,3,0,0,4,16,5,9,11,10,0,0,0,0,0,0,0,49,0,3,4,0,0,0,0,0,0,0,0,0,0,0,0,7,0,20,32,18,13,3,17,3,0,0,0,0,3,0,3,116,3,6,17,70,166,96,80,31,17,5,3,0,0,0,18,528,0,0,0,0,0,3,5,4,3,0,8,0,0,0,0,26,0,0,0,0,13,25,33,34,3,9,14,7,9,0,6,160,0,3,4,3,9,0,0,0,0,0,0,0,0,0,3,20,0,0,3,3,3,3,0,0,0,0,0,0,0,0,0,15
LGA14870,0,0,0,0,0,0,0,31,0,13,11,14,0,4,0,0,0,0,0,0,0,0,3,52,0,0,0,0,0,3,0,0,0,0,0,0,0,0,0,3,0,0,0,0,0,3,0,0,0,0,0,0,0,0,3,6,0,0,0,3,3,0,8,0,0,0,0,0,0,0,6,19,0,0,0,7,5,0,5,0,0,0,0,0,0,0,3,25,0,4,3,0,0,0,0,0,0,0,0,0,0,0,0,12,0,18,20,13,3,3,0,0,0,0,0,0,0,0,3,57,0,0,5,34,54,24,21,15,0,10,5,0,8,3,25,208,0,0,0,0,0,0,0,0,0,0,0,0,0,0,0,3,0,0,0,0,8,26,23,16,0,0,0,4,3,0,3,94,0,6,4,3,10,0,0,0,0,0,0,0,0,0,4,19,0,0,0,0,0,3,0,0,0,0,0,0,0,0,0,6
LGA14900,3,13,9,8,0,0,6,200,9,501,966,698,151,64,74,25,8,7,19,18,20,4,121,2682,0,0,7,0,6,21,19,12,3,3,4,0,5,3,3,87,0,0,0,0,24,37,55,37,6,6,3,4,4,8,12,196,0,6,64,687,812,1052,720,352,73,50,55,75,57,19,148,4169,0,0,14,26,81,174,124,77,12,8,12,11,19,10,15,588,0,191,257,135,51,19,6,0,0,0,0,0,0,0,24,685,0,40,54,15,7,6,11,3,3,0,6,0,0,0,5,151,0,0,23,84,352,562,1039,501,105,147,136,121,130,45,173,3414,0,0,0,6,38,205,372,275,54,76,83,71,61,36,22,1310,0,0,3,58,446,1799,714,452,86,65,63,65,75,48,71,3945,0,26,36,23,255,246,56,20,0,3,0,3,5,0,9,692,0,0,4,21,17,48,26,34,5,7,0,5,0,4,4,164
LGA14920,0,0,0,0,0,0,0,3,0,0,4,0,0,0,0,0,0,0,0,0,0,0,0,9,0,0,0,0,0,0,0,0,0,0,0,0,0,0,0,0,0,0,0,0,0,0,0,0,0,3,0,0,0,0,0,6,0,0,0,0,0,0,0,0,0,0,0,0,0,0,0,0,0,0,0,0,0,0,0,0,0,0,0,0,0,0,0,0,0,0,0,0,0,0,0,0,0,0,0,0,0,0,0,0,0,7,3,0,0,0,0,0,0,0,0,0,0,0,0,13,0,0,6,7,12,13,8,9,6,0,0,0,0,0,0,52,0,0,0,0,0,0,0,0,0,0,0,0,0,0,0,0,0,0,0,0,0,0,3,0,0,3,0,0,3,0,0,10,0,0,0,0,0,0,0,0,0,0,0,0,0,0,0,0,0,0,0,0,0,0,0,0,0,0,0,0,0,0,0,3
LGA14950,0,0,0,0,0,0,0,0,0,0,0,0,0,0,0,0,0,0,0,0,0,0,0,0,0,0,0,0,0,0,3,0,0,0,0,0,0,0,0,3,0,0,0,0,0,0,0,0,0,0,0,0,0,0,0,0,0,0,0,0,0,0,0,0,0,0,0,0,0,0,0,0,0,0,0,3,0,0,0,0,0,0,0,0,0,0,0,7,0,0,0,0,0,0,0,0,0,0,0,0,0,0,0,0,0,0,3,0,0,0,0,0,0,0,0,0,0,0,0,8,0,0,0,3,3,3,8,0,0,0,0,0,0,0,3,28,0,0,0,0,0,0,0,0,0,0,0,0,0,0,0,0,0,0,0,0,0,0,0,0,0,0,0,0,0,0,0,0,0,0,0,0,0,0,0,0,0,0,0,0,0,0,0,0,0,0,0,0,0,0,0,0,0,0,0,0,0,0,0,0
LGA15050,6,3,9,0,0,0,0,82,0,16,27,12,0,0,0,4,0,0,0,0,0,0,3,66,0,0,0,3,0,3,3,5,0,0,0,0,0,0,0,12,0,0,0,0,3,8,3,10,3,7,5,0,0,0,3,41,0,0,0,3,0,0,0,0,0,0,0,0,0,0,0,10,0,0,5,25,11,10,10,5,3,0,3,0,3,3,7,88,0,10,13,4,0,0,0,0,0,0,0,0,0,0,0,31,0,49,40,9,3,0,5,3,0,0,0,0,0,0,0,118,4,5,15,61,183,129,148,92,41,22,10,14,15,17,27,782,0,0,0,7,3,3,14,10,0,3,7,0,6,0,0,58,0,0,0,7,50,85,49,57,14,15,24,26,10,3,15,359,0,29,4,6,14,5,5,0,0,0,0,0,0,0,0,67,0,0,3,3,0,0,0,7,4,0,0,0,0,0,0,18
LGA15240,0,0,0,0,3,0,9,131,3,50,41,23,3,0,0,3,0,0,3,0,0,0,4,132,0,0,0,0,0,3,11,4,0,0,0,0,0,0,0,23,0,0,0,0,0,9,8,7,0,4,3,0,4,6,0,43,0,0,5,4,4,0,0,0,0,0,0,0,0,0,0,21,0,0,12,15,16,3,7,0,4,3,0,0,0,3,3,59,0,48,21,14,7,0,0,0,0,0,0,0,0,0,7,100,0,148,102,47,28,4,15,6,0,0,0,0,3,0,4,347,10,23,52,197,240,162,116,42,14,8,11,4,7,0,56,946,0,0,0,0,0,0,0,5,0,0,3,0,0,0,0,11,0,0,0,7,47,73,43,44,14,18,18,10,12,3,19,304,0,17,10,3,18,4,3,0,0,0,0,0,0,0,4,64,0,0,3,3,0,6,0,0,0,0,0,0,0,0,0,19
LGA15270,0,0,3,0,0,0,0,30,0,3,11,10,0,0,0,0,0,0,0,0,0,0,7,32,0,0,0,0,0,0,4,0,0,0,0,0,3,0,0,8,0,0,0,0,3,0,0,0,0,0,7,0,0,0,0,13,0,3,0,0,0,0,0,0,0,0,0,0,0,0,0,6,0,0,3,3,3,0,0,0,0,0,0,0,0,0,0,17,0,5,8,6,0,0,0,0,0,0,0,0,0,0,3,20,0,27,21,8,7,3,0,0,0,0,0,0,0,0,0,65,3,4,14,27,63,41,29,24,3,5,0,3,0,0,15,231,0,0,0,0,0,0,0,0,0,0,0,0,0,0,0,0,0,0,0,0,8,15,19,12,0,5,7,4,6,0,5,78,0,4,10,0,0,0,0,0,0,0,0,0,0,0,0,16,0,0,0,0,0,0,0,0,0,0,0,0,0,0,0,3
LGA15300,0,3,0,0,0,0,0,10,0,0,0,3,0,0,0,0,0,0,0,3,0,3,0,8,0,0,0,0,0,0,0,0,0,0,0,0,0,0,0,3,0,0,0,0,0,0,0,0,4,0,0,0,0,0,0,3,0,0,0,0,0,0,0,0,0,0,0,0,0,0,0,8,0,0,0,0,0,0,0,3,0,0,0,0,0,0,3,5,0,0,0,0,0,0,0,0,0,0,0,0,0,0,0,0,0,6,5,0,0,0,0,0,0,0,0,0,0,0,0,11,0,0,3,7,13,18,20,5,7,3,4,4,3,0,3,90,0,0,0,0,0,0,0,0,0,0,0,0,0,0,0,0,0,0,0,0,9,8,3,9,3,3,6,13,7,0,0,50,0,0,0,0,0,0,0,0,0,0,0,0,0,0,0,3,0,0,0,0,0,0,0,0,0,0,0,0,0,0,0,0
LGA15350,13,23,3,8,0,15,4,210,0,22,35,21,3,6,10,11,0,11,9,4,17,0,6,160,0,0,0,8,13,38,60,28,7,3,8,8,14,0,8,194,0,0,0,4,7,21,28,16,0,3,3,0,5,3,0,89,0,0,5,4,3,8,0,0,0,0,0,0,0,0,0,23,0,0,9,9,46,19,17,16,3,0,3,13,0,4,5,146,0,5,0,3,0,0,0,0,0,0,0,0,0,0,0,10,0,17,3,11,15,9,14,7,0,11,10,14,10,6,3,123,13,13,35,100,142,122,174,82,26,19,18,12,20,12,18,801,0,0,0,0,0,3,3,6,0,0,5,0,0,0,0,15,0,0,0,4,29,33,21,25,11,3,7,6,12,9,0,151,0,3,7,4,23,11,9,11,3,0,5,0,6,3,0,93,0,4,0,11,15,9,34,22,13,0,4,4,8,4,0,126
LGA15520,0,0,0,0,0,0,0,12,0,9,13,4,0,0,0,0,0,0,4,0,0,0,6,36,0,0,0,0,0,0,0,0,0,0,0,0,6,0,0,4,0,0,0,0,0,0,0,0,0,0,0,0,0,0,0,0,0,0,0,0,0,0,0,0,0,0,0,0,0,0,0,0,0,0,0,0,0,3,3,0,0,0,0,0,0,0,0,15,0,3,7,0,0,0,0,0,0,0,0,0,0,0,0,11,0,13,16,0,3,0,0,0,0,0,0,0,0,0,3,38,0,0,6,14,14,15,19,15,0,8,0,0,0,0,3,90,0,0,0,0,0,0,0,0,0,0,0,0,0,0,0,3,0,0,0,0,0,7,3,11,12,0,9,6,3,3,0,55,0,0,0,0,0,0,0,0,0,0,0,0,0,0,0,0,0,0,0,0,0,0,0,0,0,0,0,0,0,0,0,3
LGA15560,3,3,0,0,0,0,0,11,0,3,3,0,0,0,0,0,0,0,3,0,0,0,0,14,0,0,0,0,0,0,0,0,0,0,0,0,0,0,0,0,0,0,0,0,0,0,3,0,0,0,0,0,0,0,0,3,0,0,0,0,0,0,0,0,0,0,0,0,0,0,0,0,0,0,0,0,0,0,0,0,0,0,0,0,3,0,0,3,0,0,3,0,0,0,0,0,0,0,0,0,0,0,0,4,0,0,7,0,0,0,0,0,0,0,0,0,0,0,0,11,0,0,0,0,8,4,10,10,0,0,0,0,3,0,0,31,0,0,0,0,0,0,0,0,0,0,0,0,0,0,0,0,0,0,0,0,0,3,0,0,0,0,3,0,3,0,0,15,0,0,0,0,0,0,0,0,0,0,0,0,0,0,0,0,0,0,0,0,0,0,0,0,0,0,0,0,0,0,0,0
LGA15650,0,6,0,3,4,3,7,53,0,0,3,0,0,0,0,0,0,0,0,0,0,0,0,3,0,0,0,0,0,0,6,0,0,0,0,0,0,0,0,4,0,0,0,0,0,0,3,0,0,0,0,0,0,0,0,3,0,0,0,0,4,0,0,0,0,0,0,0,0,0,0,9,0,0,0,3,7,0,0,0,0,0,0,0,3,0,7,19,0,3,0,0,3,0,0,0,0,0,0,0,0,0,0,5,0,15,4,4,0,0,3,0,0,0,0,0,0,0,0,27,0,0,4,14,31,49,39,28,16,4,11,3,3,3,13,218,0,0,0,0,0,0,0,0,0,0,0,0,0,0,0,3,0,0,0,0,0,13,5,30,4,14,9,13,12,14,0,108,0,0,0,0,0,0,0,0,0,0,0,0,0,0,0,3,0,0,0,0,0,0,0,0,0,0,0,0,0,0,0,5
LGA15700,0,3,0,0,0,0,0,34,0,6,11,3,0,0,0,0,0,0,0,0,0,0,0,27,0,0,0,0,0,0,4,0,0,0,0,0,0,0,0,9,0,0,0,0,0,0,0,0,0,0,0,0,0,0,0,3,0,0,3,4,0,0,0,0,0,0,0,0,0,0,0,7,0,0,0,7,0,0,0,0,0,0,0,0,0,0,0,15,0,8,5,0,0,0,0,0,0,0,0,0,0,0,0,6,0,26,20,6,4,0,0,0,0,0,0,0,0,0,3,60,0,3,10,45,70,44,34,11,0,3,0,3,0,0,13,245,0,0,0,0,0,0,0,0,0,0,0,0,0,0,0,0,0,0,0,0,8,10,11,9,0,0,0,0,6,0,3,42,0,0,0,0,0,0,0,0,0,0,0,0,0,0,0,7,0,0,3,3,0,0,0,0,0,0,0,0,0,0,0,9
LGA15750,0,0,0,0,0,0,0,11,0,0,3,0,0,0,0,0,0,0,0,0,0,0,0,6,0,0,0,0,0,0,0,0,0,0,0,0,0,0,0,3,0,0,0,0,0,0,0,0,0,0,0,0,0,0,0,0,0,0,0,0,0,0,0,0,0,0,0,0,0,0,0,0,0,0,0,0,0,0,0,0,0,0,0,0,0,0,0,3,0,0,0,0,0,0,0,0,0,0,0,0,0,0,0,0,0,9,3,4,4,0,0,0,3,0,0,0,0,0,0,25,0,0,0,13,18,19,16,11,4,0,0,0,0,0,3,86,0,0,0,0,0,0,0,4,0,0,0,3,0,0,0,8,0,0,0,0,0,10,9,15,0,0,3,0,4,0,3,49,0,0,0,0,0,0,0,0,0,0,0,0,0,0,0,3,0,0,0,0,0,0,0,0,0,0,0,0,0,0,0,6
LGA15800,0,0,0,0,0,0,0,0,0,4,0,0,0,0,0,0,0,0,0,0,0,0,4,16,0,0,0,0,0,0,0,0,0,0,0,0,0,0,0,0,0,0,0,0,0,0,0,0,0,0,0,0,0,0,0,4,0,0,0,0,0,0,0,0,0,0,0,0,0,0,0,0,0,0,0,0,0,0,0,0,0,0,0,0,0,0,0,3,0,0,0,0,0,0,0,0,0,0,0,0,0,0,0,0,0,6,0,0,0,0,0,0,0,0,0,0,0,0,0,14,0,0,0,0,3,7,6,3,0,0,3,0,0,4,0,30,0,0,0,0,0,0,0,0,0,0,0,0,0,0,0,3,0,0,0,0,0,0,3,0,0,0,3,6,3,0,0,12,0,0,0,0,0,0,0,0,0,0,0,0,0,0,0,0,0,0,0,0,0,0,0,0,0,0,0,0,0,0,0,0
LGA15850,0,0,0,0,0,0,0,6,0,3,0,0,0,0,0,0,0,0,0,0,0,0,0,5,0,0,0,0,0,0,0,0,0,0,0,0,0,0,0,0,0,0,0,0,0,0,0,0,0,0,0,0,0,0,0,0,0,0,0,0,0,0,0,0,0,0,0,0,0,0,0,0,0,0,0,0,0,0,0,0,0,0,0,0,0,0,0,3,0,0,0,0,0,0,0,0,0,0,0,0,0,0,0,0,0,3,0,0,0,0,0,0,0,0,0,0,0,0,0,9,0,0,0,10,10,4,0,0,0,0,0,0,0,0,0,25,0,0,0,0,0,0,0,0,0,0,0,0,0,0,0,0,0,0,0,0,0,3,0,0,0,0,0,0,0,0,0,3,0,0,0,0,0,0,0,0,0,0,0,0,0,0,0,0,0,0,0,0,0,0,0,0,0,0,0,0,0,0,0,0
LGA15900,19,20,14,5,8,0,8,300,3,160,296,81,14,9,12,7,0,6,6,6,3,0,50,651,0,3,4,4,3,24,21,14,9,6,3,3,7,12,7,122,0,0,0,0,22,37,85,101,36,30,22,15,17,23,23,397,0,0,0,10,3,3,11,3,0,0,0,0,0,0,0,33,0,3,17,46,49,47,53,65,15,11,24,13,36,40,7,428,0,10,14,4,3,0,0,3,0,0,0,0,0,0,4,47,0,93,40,17,15,14,7,3,0,0,9,4,9,3,5,227,5,14,60,163,382,255,301,162,48,58,24,35,17,23,81,1624,0,0,0,3,5,3,32,36,8,21,40,37,32,11,13,250,0,0,3,12,115,186,111,128,30,50,39,56,45,23,20,812,0,52,37,18,67,39,5,8,0,0,3,3,8,0,19,268,0,0,4,18,18,12,13,8,0,8,11,24,33,18,6,173
LGA15950,42,23,25,20,9,13,3,462,3,47,44,29,11,3,36,41,24,23,23,27,25,17,11,363,0,3,3,24,52,149,240,140,45,64,69,70,95,41,44,1027,0,0,0,3,42,98,114,90,11,7,19,15,12,15,4,444,0,3,6,21,10,3,7,3,3,0,0,0,0,0,3,62,3,0,11,49,132,116,109,65,18,11,11,11,10,13,4,559,0,12,5,3,0,3,0,0,0,0,0,0,0,0,0,29,0,35,19,16,13,16,22,21,13,9,3,12,19,5,8,201,8,14,57,189,295,306,410,268,90,98,60,72,68,43,57,2024,0,0,0,0,0,3,9,18,3,14,0,11,16,3,3,87,0,0,6,27,68,143,105,92,36,32,40,28,40,40,19,673,3,11,9,12,36,30,32,31,6,12,13,32,17,3,0,247,3,3,7,24,50,53,63,33,7,4,9,8,13,4,8,302
LGA15990,67,33,53,39,29,11,27,1369,21,377,686,529,62,70,83,82,26,44,48,67,41,19,109,2266,0,3,18,43,75,185,230,114,36,13,23,23,20,32,35,858,0,0,0,7,101,195,189,113,25,23,24,21,39,22,19,780,0,4,28,61,63,33,24,8,5,0,0,0,4,0,8,245,3,5,38,98,135,129,89,34,8,5,11,10,8,0,14,607,0,30,27,25,10,3,10,8,0,0,0,0,0,0,7,114,0,308,188,99,84,49,148,88,28,27,34,51,25,18,46,1200,34,68,236,590,1041,999,1470,664,168,144,131,108,114,79,174,6027,0,0,0,5,8,14,10,14,3,7,4,5,4,0,4,75,0,3,6,63,157,381,344,289,49,62,53,75,57,43,49,1627,0,20,21,18,136,90,60,53,14,18,14,17,9,5,19,499,3,4,28,59,50,66,127,79,20,16,18,13,18,11,21,524
LGA16100,3,0,0,0,0,0,0,10,0,4,3,5,0,0,0,0,0,0,0,0,0,0,0,11,0,0,0,0,0,0,0,0,0,0,0,0,0,0,0,0,0,0,0,0,0,0,0,0,0,0,0,0,0,0,0,3,0,0,0,0,0,0,0,0,0,0,0,0,0,0,4,7,0,0,0,0,0,0,0,0,0,0,0,0,0,0,0,0,0,0,0,0,0,0,0,0,0,0,0,0,0,0,0,0,0,6,5,0,4,0,0,0,0,0,0,0,0,0,0,11,0,0,0,9,22,9,19,13,3,4,0,0,4,0,8,93,0,0,0,0,0,0,0,0,0,0,0,0,0,0,0,0,0,0,0,0,0,0,0,0,0,0,0,0,0,0,0,6,0,0,0,0,0,0,0,0,0,0,0,0,0,0,0,3,0,0,0,0,0,0,0,0,0,0,0,0,0,0,0,0
LGA16150,5,3,0,0,3,0,0,45,0,20,35,26,0,6,0,0,0,0,5,0,0,0,5,101,0,0,0,0,0,4,6,4,0,0,0,0,0,0,0,12,0,0,0,0,0,6,12,14,0,0,7,3,4,0,0,62,0,0,0,0,0,0,0,0,0,0,0,0,0,0,3,5,0,0,0,5,4,8,7,4,0,0,0,0,0,0,0,34,0,3,3,0,0,0,0,0,0,0,0,0,0,0,0,4,0,37,26,8,3,0,3,0,0,0,0,0,0,0,0,84,0,4,13,51,69,54,59,39,16,12,4,10,3,9,19,368,0,0,0,0,0,0,5,10,4,5,0,0,7,7,0,37,0,0,0,5,20,34,28,43,7,15,10,11,11,0,4,182,0,15,3,0,4,0,0,3,0,0,0,0,0,0,3,34,0,0,0,0,0,3,0,6,0,0,5,0,0,0,0,17
LGA16200,0,0,0,0,0,0,0,16,0,0,0,4,0,0,0,0,0,0,0,3,0,0,0,6,0,0,0,0,0,0,0,0,0,0,0,0,0,0,0,0,0,0,0,0,0,0,4,0,0,0,0,0,0,0,0,11,0,0,0,0,0,0,0,3,0,0,0,0,0,0,0,7,0,0,0,0,0,0,0,0,3,0,0,0,0,0,0,6,0,3,0,0,0,0,0,0,0,0,0,0,0,0,0,3,0,16,14,0,0,0,0,0,0,0,0,0,0,0,3,31,0,0,0,10,20,17,15,13,7,3,0,0,0,0,3,86,0,0,0,0,0,0,3,3,4,0,0,0,0,0,0,9,0,0,0,0,3,10,5,16,5,11,10,5,4,5,4,85,0,6,0,0,0,0,0,0,0,0,0,0,0,0,0,6,0,0,0,0,0,0,0,0,0,0,0,0,0,0,0,3
LGA16260,16,27,15,8,13,0,21,470,9,163,287,236,39,16,20,38,4,21,22,27,16,5,52,968,0,0,3,5,17,82,140,67,15,8,12,22,27,11,37,463,0,0,0,58,570,1696,2881,1890,288,276,267,254,286,145,269,8882,6,97,216,687,493,542,279,124,9,17,21,23,19,14,147,2688,0,3,25,152,323,584,372,373,64,67,73,73,83,43,65,2299,0,128,88,60,16,10,0,3,0,0,0,0,0,0,20,319,0,81,72,25,15,20,30,24,7,3,3,0,3,3,17,294,12,15,53,157,445,516,795,415,122,139,102,81,90,56,169,3166,0,0,0,6,44,102,233,224,68,146,140,200,238,119,40,1559,0,0,5,98,334,884,602,639,168,167,189,178,175,118,88,3636,0,29,21,17,186,122,48,42,7,9,10,4,8,3,21,526,0,3,12,41,83,133,172,126,34,18,24,30,21,22,15,723
LGA16350,21,24,15,12,3,0,23,614,7,176,308,257,46,24,15,8,3,3,7,3,3,7,43,902,0,5,0,0,4,6,23,12,4,0,0,3,0,3,5,65,0,0,0,6,29,42,107,89,3,7,7,8,0,11,7,320,0,10,24,160,119,158,130,47,3,5,9,8,6,5,49,717,0,0,24,54,58,66,50,34,3,18,14,4,7,0,21,353,3,331,437,227,131,50,19,12,4,0,3,0,0,0,53,1263,0,139,209,73,42,15,18,8,0,0,4,0,0,0,21,535,3,11,30,176,500,756,1072,470,117,139,129,108,94,53,210,3867,0,5,3,16,32,79,149,157,33,33,33,43,44,20,13,663,0,0,3,79,418,1291,770,535,107,99,114,113,110,71,91,3797,0,41,42,22,101,69,46,22,0,0,7,0,3,0,6,360,0,0,3,24,26,25,33,22,0,5,4,4,0,3,8,158
LGA16380,8,15,3,3,6,3,7,187,0,31,34,26,5,0,0,4,3,3,0,0,0,0,11,118,0,0,3,8,0,3,11,8,0,3,0,0,3,0,3,46,0,0,0,0,7,3,11,15,3,0,0,3,0,5,0,42,0,3,0,7,3,0,0,0,0,0,0,0,0,0,0,16,3,0,12,6,15,5,9,9,3,3,0,0,0,0,0,61,3,36,25,11,0,0,0,0,0,0,0,0,0,0,5,74,0,131,75,22,25,10,15,3,0,0,0,0,0,0,15,298,10,18,70,161,282,149,169,82,5,18,23,4,11,6,48,1061,0,0,0,0,0,0,3,4,0,0,3,0,0,0,0,9,0,0,3,6,27,56,48,42,13,5,14,19,8,0,20,251,0,13,7,3,4,4,6,3,0,0,0,0,0,0,3,49,0,4,3,5,3,3,0,8,0,0,0,0,0,0,0,27
LGA16400,6,3,0,7,0,0,7,107,3,36,36,20,8,3,6,0,0,0,0,0,0,0,3,123,0,0,0,0,3,3,11,6,0,0,0,0,0,0,0,30,0,0,0,0,3,3,12,18,0,3,3,0,0,3,3,47,0,0,0,5,0,3,0,0,0,0,0,0,0,0,0,11,0,0,21,34,44,13,3,3,0,0,0,0,0,0,10,127,0,33,31,9,0,0,0,0,0,0,0,0,0,0,4,80,0,103,64,24,11,3,15,13,0,0,0,0,0,0,3,232,10,8,42,131,182,149,150,72,24,27,8,11,13,10,46,877,0,0,0,0,0,0,9,0,0,0,0,0,0,0,0,16,0,0,0,3,34,51,41,47,16,3,6,9,20,3,8,241,0,13,6,3,6,4,3,3,0,0,0,0,0,0,0,48,0,3,0,7,3,4,5,0,0,0,0,0,0,0,0,28
LGA16490,6,8,3,0,3,3,3,104,3,70,180,104,12,5,0,4,0,0,0,3,0,0,11,396,0,0,0,0,7,6,7,3,4,0,3,0,0,0,0,28,0,0,0,0,7,13,7,13,0,0,3,3,0,3,4,50,0,0,0,3,0,7,3,0,0,0,0,4,0,0,0,26,0,0,13,22,16,19,18,15,4,0,0,0,0,0,6,118,0,33,25,9,3,0,0,0,0,0,0,0,0,0,5,80,0,34,34,14,5,4,4,7,0,4,0,5,5,0,3,116,0,3,28,78,170,128,161,84,22,11,25,16,19,6,27,784,0,0,3,6,0,3,13,33,11,5,7,7,12,0,0,98,0,0,0,3,35,53,64,101,34,35,29,42,23,16,7,454,0,8,17,10,21,21,3,3,0,0,0,3,0,0,4,89,0,0,3,10,10,11,9,4,0,0,0,0,0,0,0,50
LGA16550,312,279,236,185,156,78,57,2806,17,147,268,174,37,15,50,63,21,44,61,60,46,12,58,1079,0,3,7,12,18,95,114,74,14,10,18,11,21,8,19,443,0,0,3,14,31,94,144,116,23,23,24,33,13,36,36,584,6,19,39,94,64,51,21,17,3,4,8,4,0,3,31,366,3,0,33,153,273,361,189,172,49,41,90,113,187,194,33,1885,3,112,94,36,0,0,3,0,0,0,0,0,0,0,6,264,3,33,28,21,17,16,27,40,13,15,4,23,16,27,12,295,5,14,72,220,427,455,600,341,80,82,80,74,81,53,103,2692,0,0,0,7,5,9,21,17,12,11,19,26,28,41,10,211,0,3,8,45,141,255,173,191,48,62,67,47,57,39,41,1178,7,35,45,22,138,110,67,44,3,8,21,11,8,11,17,554,3,0,15,43,65,78,116,86,31,31,54,67,68,53,25,731
LGA16610,3,0,0,0,0,0,0,30,0,13,7,0,0,0,0,0,0,0,0,0,0,0,3,21,0,0,0,0,0,0,0,0,0,0,0,0,0,0,0,3,0,0,0,0,0,0,0,3,0,0,0,0,0,0,0,4,0,0,0,0,0,0,0,0,0,0,0,0,0,0,0,3,0,0,0,3,0,0,0,0,0,0,0,0,0,0,0,13,0,3,3,0,0,0,0,0,0,0,0,0,0,0,0,12,0,15,15,8,3,0,4,3,0,0,0,0,0,0,0,48,0,4,3,34,61,37,27,23,0,4,3,0,0,3,17,218,0,0,0,0,0,0,0,0,0,0,0,0,0,3,0,10,0,0,0,0,15,18,21,32,3,3,0,3,3,3,6,111,0,0,0,0,0,0,0,0,0,0,0,0,0,0,0,5,0,0,0,4,0,0,0,0,0,0,0,0,0,0,0,7
LGA16650,26,23,20,9,7,3,7,343,3,167,454,234,41,25,35,33,7,14,16,26,11,7,100,1170,0,0,5,4,17,69,96,46,8,15,8,15,16,11,16,341,0,0,0,3,33,53,70,65,15,15,20,15,18,21,20,342,0,18,60,452,639,709,346,169,16,47,22,36,38,14,144,2716,0,0,9,26,97,152,115,65,16,17,14,17,31,18,21,604,4,120,101,47,15,8,0,0,0,0,0,0,0,0,15,314,0,33,10,9,6,7,14,9,0,3,0,0,0,0,0,93,4,5,26,90,239,302,471,241,55,54,39,38,41,33,61,1706,0,0,0,3,10,25,51,46,4,28,19,14,19,22,8,245,0,0,6,58,171,455,339,345,79,108,109,98,97,78,56,2012,0,6,11,7,56,46,38,46,11,10,6,26,17,10,3,292,0,0,0,18,27,44,66,31,4,16,5,4,9,7,7,234
LGA16700,4,17,10,10,4,11,17,346,15,367,581,357,39,24,34,34,20,15,24,25,22,18,88,1647,0,8,5,5,41,107,180,99,25,15,10,23,22,23,15,577,0,0,0,21,262,789,1281,957,145,195,201,208,214,114,159,4545,0,28,77,254,184,134,47,24,6,4,9,6,3,0,22,796,0,3,20,95,272,356,260,155,31,45,47,55,73,42,24,1481,0,60,42,19,12,3,0,0,0,0,0,0,0,0,8,134,0,33,28,18,11,14,19,5,0,0,4,4,0,0,5,143,13,8,39,142,250,258,334,151,46,34,39,52,31,7,51,1447,0,0,0,7,15,29,57,65,20,36,32,47,54,33,16,402,0,0,4,53,178,413,290,409,106,127,105,141,129,39,61,2058,0,3,9,10,84,67,28,27,3,5,11,11,10,0,6,269,0,3,7,41,75,82,122,66,13,16,26,25,24,33,9,544
LGA16900,11,12,0,0,0,0,0,129,0,59,181,115,16,10,3,6,0,4,3,0,0,0,12,412,0,0,0,0,3,7,4,4,0,3,0,0,0,0,0,29,0,0,0,3,0,4,9,14,0,0,0,3,3,3,4,49,0,0,5,16,12,7,0,5,0,0,0,0,0,0,0,53,0,0,6,3,3,7,12,10,0,3,0,0,3,0,3,51,0,63,124,44,13,0,0,5,0,0,0,0,0,0,17,262,0,127,92,11,5,7,3,3,0,0,0,0,0,0,14,264,3,5,25,69,106,135,137,66,17,19,4,0,3,4,17,606,0,0,0,5,3,0,10,8,4,0,3,3,0,0,0,47,0,0,0,8,54,89,37,55,4,0,7,7,5,6,12,296,0,8,13,3,51,15,5,4,0,0,0,0,0,0,0,104,0,0,0,4,0,3,8,9,0,0,0,0,7,3,4,34
LGA16950,3,0,0,0,0,0,12,176,0,64,116,62,13,9,5,0,0,0,3,0,0,3,30,299,0,0,0,0,4,9,19,4,0,3,0,0,3,5,3,48,0,0,0,0,6,9,16,9,0,4,0,3,0,0,3,44,0,3,3,9,5,0,0,0,0,0,0,0,0,0,13,43,0,3,12,15,8,3,15,4,0,3,0,0,0,0,3,71,0,101,67,32,5,3,0,0,0,0,0,0,0,0,11,216,3,155,136,30,26,13,12,14,0,0,0,0,0,0,10,404,19,8,55,220,328,193,153,64,24,15,12,8,23,0,86,1196,0,3,0,0,0,3,0,0,0,0,0,14,3,0,3,20,0,0,0,4,47,87,60,40,11,21,7,24,25,13,26,361,0,19,16,11,31,13,0,5,0,0,0,3,0,0,6,99,3,6,5,14,7,3,9,3,0,0,0,0,0,0,4,46
LGA17000,3,8,0,0,0,0,0,38,0,3,3,3,0,0,0,0,0,0,0,0,0,0,0,15,0,0,0,0,0,0,0,0,0,0,0,0,0,0,0,3,0,0,0,0,0,3,0,3,0,0,0,0,0,0,0,8,0,3,0,0,0,0,0,0,0,0,0,0,0,0,0,6,0,0,3,3,4,0,0,3,0,0,0,0,3,0,0,19,0,4,3,0,0,0,0,0,0,0,0,0,0,0,0,10,0,19,16,3,4,0,8,3,0,0,0,0,0,3,0,50,0,0,10,31,81,94,76,68,19,13,10,0,0,0,18,429,0,0,0,0,0,0,0,4,0,0,0,0,0,0,0,11,0,0,0,0,6,24,12,27,14,9,16,9,14,0,3,129,0,3,3,0,0,0,0,0,0,0,0,0,0,0,0,7,0,0,0,0,0,0,3,0,0,0,0,0,0,0,0,7
LGA17040,3,0,0,0,0,0,0,38,3,24,38,4,0,0,3,0,0,0,0,0,0,0,5,84,0,0,0,0,0,3,3,0,3,0,0,0,0,0,3,17,0,0,0,0,0,3,8,4,0,0,0,4,4,0,0,20,0,3,10,10,3,0,0,0,0,0,0,0,0,0,0,24,0,0,3,3,0,0,0,0,0,0,0,0,0,0,3,20,0,0,3,0,5,0,0,0,0,0,0,0,0,0,0,6,0,29,19,9,9,3,4,0,0,0,0,0,0,0,3,83,0,7,8,52,58,55,36,15,4,11,3,0,3,0,21,269,0,0,0,0,0,0,0,0,0,0,0,0,3,0,0,8,0,0,0,0,9,10,9,4,0,0,3,4,0,0,0,41,0,7,8,0,6,10,3,0,0,0,0,3,0,0,4,32,0,0,0,4,3,0,0,0,0,0,0,0,0,0,0,10
LGA17080,0,0,0,0,0,0,0,14,0,3,3,3,0,0,0,0,0,0,0,0,0,0,0,8,0,0,0,0,0,0,3,0,0,0,0,0,0,0,0,3,0,0,0,0,3,0,0,0,0,0,0,0,0,0,3,5,0,0,0,0,0,0,0,0,0,0,0,0,0,0,3,3,0,0,0,0,0,0,0,4,0,0,0,0,0,0,3,13,0,0,0,0,0,0,0,0,0,0,0,0,0,0,0,0,0,17,13,0,0,0,0,3,0,4,0,0,0,0,7,42,0,3,10,13,38,39,28,25,3,7,6,0,3,0,18,189,0,0,0,0,0,0,0,0,0,0,0,0,3,3,0,9,0,0,0,0,0,7,0,22,5,3,0,5,0,0,4,49,0,0,0,0,3,0,0,0,0,0,0,0,0,0,0,11,0,0,0,0,0,0,0,0,0,0,0,0,0,0,3,6
LGA17100,7,8,4,12,4,4,3,138,7,83,163,119,21,3,7,8,0,4,7,10,10,5,28,472,0,0,0,0,3,12,24,7,0,4,8,7,4,8,4,87,0,0,0,20,238,407,805,571,125,127,147,180,189,129,152,3095,0,34,62,166,116,137,60,19,9,3,4,3,4,0,24,653,0,0,17,25,76,88,54,46,9,14,11,14,22,7,17,390,0,13,12,3,3,0,0,0,0,0,0,0,0,0,0,28,0,4,8,0,0,0,0,0,0,0,0,0,0,0,0,24,0,3,6,33,45,40,93,42,16,14,4,3,12,5,13,331,0,0,0,3,8,26,65,33,6,11,15,23,31,16,3,251,0,0,4,11,39,116,93,63,31,28,40,49,33,27,28,553,0,4,6,3,17,11,5,7,0,0,0,4,4,0,3,67,0,3,0,8,19,20,30,11,5,3,9,0,3,4,9,122
LGA17150,21,33,26,9,12,6,21,840,10,248,438,236,34,19,25,17,12,7,21,6,13,3,57,1143,0,4,3,4,18,56,98,39,11,12,0,0,5,7,0,258,0,0,0,3,34,50,69,35,7,7,3,3,3,4,9,228,0,22,65,228,123,92,45,18,0,0,3,0,3,0,19,621,0,0,21,83,143,136,75,37,11,8,4,14,8,4,17,564,0,156,106,34,14,9,5,3,0,0,0,0,0,0,15,354,0,174,120,47,24,19,37,19,9,6,11,7,0,4,13,495,29,32,92,288,549,627,831,380,76,82,52,67,48,28,96,3258,0,0,0,17,8,21,17,18,3,9,8,9,7,3,3,108,0,0,19,77,180,284,196,155,45,46,33,41,48,18,36,1182,0,19,20,21,143,82,58,21,9,9,8,11,7,0,6,410,0,5,18,31,57,57,55,24,6,0,3,3,6,3,12,285
LGA17200,189,204,142,120,141,69,41,1943,0,68,112,101,36,35,97,183,91,138,201,228,235,121,102,1748,0,0,3,16,42,196,356,218,53,96,118,117,171,178,171,1733,0,0,0,15,123,238,541,602,161,207,240,280,346,409,334,3493,0,13,33,123,57,63,32,14,3,3,11,14,6,9,15,419,0,0,35,114,274,394,444,315,62,79,123,128,170,112,80,2332,0,46,51,21,8,3,5,3,0,0,0,0,3,0,0,137,4,42,32,21,31,32,56,54,24,25,33,46,65,45,27,538,8,23,83,328,743,823,1179,704,214,241,240,233,258,174,174,5425,0,0,0,0,8,26,27,30,14,10,17,29,41,22,6,236,0,0,4,52,198,510,234,217,79,77,76,89,110,116,54,1820,3,13,26,23,122,95,83,70,22,26,26,37,43,29,15,616,3,0,17,42,100,140,242,161,37,44,64,98,110,96,45,1211
LGA17310,5,9,3,0,0,0,3,60,0,12,12,12,0,0,0,0,0,0,0,0,0,0,5,37,0,0,0,0,0,0,3,0,0,0,0,0,3,0,0,15,0,0,0,0,0,4,6,13,5,3,0,6,52,47,37,175,0,0,3,0,3,3,0,0,0,0,0,0,0,0,0,11,0,3,4,4,3,3,8,8,0,0,4,3,3,0,0,51,0,8,4,3,3,0,0,0,0,0,0,0,0,0,0,17,0,44,18,5,0,3,7,3,0,0,0,0,0,0,0,90,4,8,15,49,103,68,58,37,18,18,7,7,0,3,17,418,0,0,0,0,0,0,7,14,3,0,5,0,0,0,0,32,0,0,0,0,10,41,22,89,11,50,59,58,45,14,18,421,0,0,0,0,3,3,0,0,0,0,3,0,0,0,0,16,0,0,4,8,4,0,8,14,0,3,3,4,10,3,0,56
LGA17350,0,0,0,0,0,0,0,4,0,4,4,3,0,0,0,0,0,0,0,0,0,0,0,8,0,0,0,0,0,0,0,0,0,0,0,0,0,0,0,0,0,0,0,0,0,0,0,0,0,0,0,0,0,0,0,0,0,0,0,3,0,0,0,0,0,0,0,0,0,0,0,0,0,0,0,0,0,0,0,0,0,0,0,0,0,0,0,0,0,0,0,0,0,0,0,0,0,0,0,0,0,0,0,0,0,9,5,0,0,0,0,0,0,0,0,0,0,0,0,8,0,0,0,3,3,3,4,3,0,0,5,0,0,0,0,22,0,0,0,0,0,0,0,0,0,0,0,0,0,0,0,0,0,0,0,0,0,0,0,18,3,3,0,3,3,0,0,37,0,0,0,0,0,0,0,0,0,0,0,0,0,0,0,0,0,0,0,0,0,0,0,0,0,0,0,0,0,0,0,0
LGA17400,0,0,0,0,0,0,0,11,0,4,8,3,0,0,0,0,0,0,0,0,0,0,3,19,0,0,0,0,0,0,0,0,3,0,0,0,0,0,0,8,0,0,0,0,0,0,0,0,0,0,0,0,0,0,0,0,0,0,0,0,0,0,0,0,0,0,0,0,0,0,0,0,0,0,0,0,0,0,0,0,0,0,0,0,0,0,0,4,0,0,0,0,0,0,0,0,0,0,0,0,0,0,0,0,0,4,10,4,0,0,0,0,0,0,0,0,0,0,0,22,0,0,0,20,33,19,10,4,0,0,0,0,0,0,4,95,0,0,0,0,0,0,0,0,0,0,0,0,0,0,0,0,0,0,0,0,3,3,3,3,3,0,4,0,0,0,0,22,0,0,0,0,5,0,0,0,0,0,0,0,0,0,0,5,0,0,0,0,0,0,0,0,0,0,0,0,0,0,0,0
LGA17420,37,31,38,12,17,10,5,561,18,260,398,215,46,15,26,17,0,3,3,6,12,7,67,1096,0,5,3,12,13,26,68,25,3,12,14,5,9,3,0,192,0,0,0,14,135,588,755,561,87,88,69,41,46,28,45,2463,0,27,80,211,139,166,89,30,8,0,3,0,0,7,16,778,4,0,30,141,310,502,283,211,32,38,39,40,29,19,22,1695,3,148,146,66,41,16,6,3,0,0,3,0,0,0,14,453,0,100,86,38,23,25,30,29,3,4,0,4,12,3,10,361,9,7,57,181,400,408,615,284,39,68,41,55,33,19,60,2281,0,0,0,17,61,138,204,85,26,32,15,21,32,31,9,684,0,0,9,123,456,885,422,244,29,33,39,48,40,26,47,2386,0,22,18,23,175,112,43,14,0,3,11,0,4,0,9,429,0,0,8,37,83,122,114,109,14,17,25,23,18,6,13,597
LGA17550,7,11,7,0,3,0,14,191,5,54,52,27,8,6,4,0,6,3,3,3,4,0,17,202,0,3,3,3,4,26,54,33,8,5,3,3,7,10,5,164,0,0,0,0,0,7,5,12,0,0,3,3,0,3,0,42,0,0,3,3,0,0,0,0,0,0,0,0,0,0,0,14,0,0,14,27,15,16,9,3,0,0,0,0,0,0,9,91,0,42,20,3,0,0,0,0,0,0,0,0,0,0,7,76,0,121,84,20,17,18,23,7,0,0,3,0,0,0,19,306,8,19,65,260,575,505,530,246,51,65,34,30,30,18,112,2530,0,0,0,0,0,0,9,7,0,0,0,0,0,0,0,16,0,0,0,6,63,77,65,77,28,23,16,41,24,13,37,467,0,7,13,4,7,10,6,7,0,0,3,0,0,0,3,62,3,0,0,11,7,7,7,3,3,0,0,0,0,0,6,54
LGA17620,7,4,3,3,0,7,0,66,0,6,0,4,0,0,0,0,0,0,0,0,0,0,0,14,0,0,0,0,0,0,0,0,0,0,0,0,0,0,0,3,0,0,0,0,0,0,0,4,0,0,0,0,0,0,0,9,0,0,0,0,0,0,0,3,0,0,0,0,0,0,0,4,0,0,5,0,0,0,0,3,0,0,0,0,0,0,0,11,0,3,0,0,0,0,0,0,0,0,0,0,0,0,0,6,0,10,3,0,0,0,0,0,0,0,0,0,0,0,0,22,0,0,5,23,38,24,29,20,6,0,12,3,3,3,15,184,0,0,0,0,0,0,3,0,0,0,0,0,0,0,0,3,0,0,0,0,6,6,3,3,0,8,17,16,13,0,5,84,0,0,0,0,0,0,0,0,0,0,0,0,0,0,0,0,0,0,0,0,0,0,0,0,0,0,0,0,0,0,0,3
LGA17640,4,0,0,0,0,0,0,13,0,4,3,0,0,0,0,0,0,0,0,0,0,0,0,9,0,0,0,0,0,0,0,0,0,0,0,0,0,0,0,0,0,0,0,0,0,0,0,0,0,0,0,0,0,0,0,0,0,0,0,0,0,0,0,0,0,0,0,0,0,0,0,5,0,0,0,0,0,0,0,0,0,0,0,0,0,0,0,0,0,4,3,0,0,0,0,0,0,0,0,0,0,0,0,5,0,5,3,0,0,3,0,0,0,0,0,0,0,0,3,12,0,0,0,14,19,7,9,14,3,0,0,3,0,0,5,69,0,0,0,0,0,0,0,0,0,0,0,0,0,0,0,0,0,0,0,3,0,3,0,0,0,0,0,0,0,0,0,7,0,0,0,0,0,0,0,0,0,0,0,0,0,0,0,4,0,0,0,0,0,0,0,0,0,0,0,0,0,0,0,0
LGA17650,0,0,0,0,0,0,0,4,0,3,0,0,3,0,0,0,0,0,0,0,0,0,0,6,0,0,0,0,0,0,0,0,0,0,0,0,0,0,0,4,0,0,0,0,0,0,0,0,0,0,0,0,0,0,0,0,0,0,0,0,0,0,0,0,0,0,0,0,0,0,0,0,0,0,0,0,3,0,0,0,0,0,0,0,0,0,0,4,0,0,0,0,0,0,0,0,0,0,0,0,0,0,0,0,0,5,5,0,4,0,0,0,0,0,0,0,0,0,0,15,0,0,3,11,21,4,12,0,0,6,0,0,0,0,3,59,0,0,0,0,0,0,0,0,0,0,0,0,0,0,0,0,0,0,0,0,0,0,3,0,0,0,0,0,0,0,0,4,0,0,0,0,0,0,0,0,0,0,0,0,0,0,0,0,0,0,0,3,0,0,0,0,0,0,0,0,0,0,0,4
LGA17750,11,17,3,0,0,0,0,82,0,14,20,5,0,0,0,0,0,0,0,0,0,3,4,50,0,4,0,0,0,0,9,0,4,0,0,0,0,0,0,19,0,0,0,0,5,7,9,18,3,6,0,3,12,0,0,63,0,0,0,0,0,0,0,0,0,0,0,0,0,0,0,13,0,0,9,9,13,20,16,8,5,4,3,6,4,3,8,113,0,8,0,0,3,0,0,0,0,0,0,0,0,0,0,10,0,43,30,9,4,0,10,0,0,0,0,0,0,0,0,104,3,3,22,59,78,57,99,40,21,13,7,15,7,6,13,442,0,0,0,0,3,3,13,19,8,9,3,8,11,0,4,92,0,0,0,0,18,33,27,57,18,40,53,86,59,17,12,423,0,4,0,0,4,3,0,3,0,5,0,0,0,0,3,26,0,0,0,3,4,0,4,7,0,0,6,0,0,0,0,29
LGA17850,0,0,0,0,0,0,0,0,0,0,0,0,0,0,0,0,0,0,0,0,0,0,0,0,0,0,0,0,0,0,0,0,0,0,0,0,0,0,0,0,0,0,0,0,0,0,0,0,0,0,0,0,0,0,0,0,0,0,0,0,0,0,0,0,0,0,0,0,0,0,0,0,0,0,0,0,0,0,0,0,0,0,0,0,0,0,0,3,0,0,0,0,0,0,0,0,0,0,0,0,0,0,0,0,0,0,0,0,0,0,0,0,0,0,0,0,0,0,0,4,0,0,0,3,4,10,3,7,0,4,0,0,0,0,0,30,0,0,0,0,0,0,0,0,0,0,0,0,0,0,0,0,0,0,0,0,0,0,0,0,0,0,0,0,0,0,0,3,0,0,0,0,0,0,0,0,0,0,0,0,0,0,0,0,0,0,0,0,0,0,0,0,0,0,0,0,0,0,0,0
LGA17900,0,0,0,0,0,0,0,4,0,0,0,0,0,0,0,0,0,0,0,0,0,0,0,3,0,0,0,0,0,0,0,0,0,0,0,0,0,0,0,0,0,0,0,0,0,0,0,3,0,0,0,0,0,0,0,3,0,0,0,0,0,0,0,0,0,0,0,0,0,0,0,0,0,0,0,0,0,0,0,0,0,0,0,0,0,0,0,0,0,0,0,0,0,0,0,0,0,0,0,0,0,0,0,3,0,6,3,0,0,0,0,0,0,0,0,0,0,0,0,11,0,0,3,7,14,14,8,10,3,0,0,0,0,0,3,58,0,0,0,0,0,0,0,10,3,0,0,0,0,0,0,14,0,0,0,0,0,9,0,19,0,0,3,6,3,0,0,39,0,0,0,0,0,0,0,0,0,0,0,0,0,0,0,3,0,0,0,0,0,0,0,0,0,0,0,0,0,0,0,0
LGA17950,0,0,0,0,0,0,0,12,0,0,0,0,0,0,0,0,0,0,0,0,0,0,0,0,0,0,0,0,0,0,0,0,0,0,0,0,0,0,0,0,0,0,0,0,0,0,0,0,0,0,0,0,0,0,0,0,0,0,0,0,0,0,0,0,0,0,0,0,0,0,0,0,0,0,0,0,0,0,0,0,0,0,0,0,0,0,0,0,0,0,0,0,0,0,0,0,0,0,0,0,0,0,0,0,0,0,0,0,0,0,0,0,0,0,0,0,0,0,0,0,0,0,0,5,3,4,0,0,0,0,0,0,0,0,3,15,0,0,0,0,0,0,0,0,0,0,0,0,0,0,0,0,0,0,0,0,0,0,0,0,0,0,3,0,0,0,0,7,0,0,0,0,0,0,0,0,0,0,0,0,0,0,0,0,0,0,0,0,0,0,0,0,0,0,0,0,0,0,0,0
LGA18020,0,0,0,0,0,0,0,3,0,0,5,0,0,0,0,0,0,0,0,0,0,0,0,8,0,0,0,0,0,0,0,0,0,0,0,0,0,0,0,0,0,0,0,0,0,0,0,0,0,0,0,0,0,0,0,7,0,0,0,0,0,0,0,0,0,0,0,0,0,0,0,0,0,0,0,0,3,0,0,0,0,0,0,0,0,0,0,10,0,0,0,0,0,0,0,0,0,0,0,0,0,0,0,0,0,5,5,8,0,0,0,0,0,0,0,0,0,0,0,26,0,0,6,16,12,13,16,0,0,0,0,0,0,0,0,64,0,0,0,0,0,0,0,3,0,0,0,0,0,0,0,3,0,0,0,0,0,5,3,7,4,3,0,0,0,0,0,26,0,0,0,0,0,0,0,0,0,0,0,0,0,0,0,5,0,0,0,3,0,0,0,0,0,0,0,0,0,0,0,3
LGA18050,96,82,100,78,82,37,23,1024,3,69,117,48,10,19,48,109,39,64,101,89,45,33,26,831,0,0,5,5,23,48,76,46,13,18,13,20,4,14,14,306,0,0,0,0,16,30,35,39,6,3,4,6,13,10,3,168,0,0,4,27,11,12,11,0,4,0,0,0,3,0,4,82,0,0,6,17,42,42,14,14,0,0,4,0,3,3,3,153,0,30,16,5,0,3,0,0,0,0,0,0,0,0,3,60,0,12,21,6,4,12,17,23,11,5,12,15,15,8,6,181,8,6,24,116,263,248,386,249,80,73,76,64,61,49,61,1754,0,0,0,3,0,3,11,7,0,0,0,0,0,0,0,28,0,0,0,15,30,64,61,77,22,23,30,34,18,12,14,407,18,44,54,13,56,25,36,22,5,11,9,12,16,5,8,341,0,0,31,29,32,26,32,27,3,3,10,4,5,3,3,212
LGA18100,0,0,0,0,0,0,0,0,0,0,3,0,0,0,0,0,0,0,0,0,0,0,0,3,0,0,0,0,0,0,0,0,0,0,0,0,0,0,0,0,0,0,0,0,0,0,0,0,0,0,0,0,0,0,0,0,0,0,0,0,0,0,0,0,0,0,0,0,0,0,0,0,0,0,0,0,0,0,0,0,0,0,0,0,0,0,0,3,0,3,0,0,0,0,0,0,0,0,0,0,0,0,0,3,0,3,6,0,0,0,0,0,0,0,0,0,0,0,0,9,0,0,3,4,9,4,0,0,0,0,0,0,0,0,3,21,0,0,0,0,0,0,0,0,0,0,0,0,0,0,0,0,0,0,0,0,3,0,3,0,0,0,0,3,0,0,0,17,0,0,0,0,0,0,0,0,0,0,0,0,0,0,0,0,0,0,0,0,0,0,0,0,0,0,0,0,0,0,0,0
LGA18200,0,0,0,0,0,0,0,0,0,11,17,10,0,0,0,0,0,0,0,0,0,0,0,46,0,0,0,0,0,0,0,0,0,0,0,0,0,0,0,0,0,0,0,0,0,0,0,0,0,0,0,0,0,0,0,0,0,0,0,0,0,0,0,0,0,0,0,0,0,0,0,0,0,0,0,0,0,0,0,0,0,0,0,0,0,0,3,3,0,3,0,0,0,0,0,0,0,0,0,0,0,0,0,3,0,5,3,0,0,0,0,0,0,0,0,0,0,0,0,9,0,0,4,8,16,15,15,0,0,0,3,0,0,0,3,65,0,0,0,0,0,0,0,0,0,0,0,0,0,0,0,0,0,0,0,0,0,3,3,3,0,0,0,0,0,0,0,14,0,0,0,0,0,0,0,0,0,0,0,0,0,0,0,3,0,0,0,0,0,0,0,0,0,0,0,0,0,0,0,3
LGA18230,5,0,0,0,0,0,0,43,0,9,13,4,0,0,0,0,0,3,0,0,0,0,3,41,0,0,0,0,0,0,0,0,0,0,0,0,3,3,0,9,0,0,0,0,0,4,3,12,0,0,5,3,4,10,4,49,0,0,9,6,3,3,0,0,0,0,0,0,0,0,8,27,0,0,3,6,4,5,7,5,0,0,0,0,0,3,3,43,0,8,0,0,3,0,0,0,0,0,0,0,0,0,0,8,0,28,23,9,0,0,3,0,0,3,0,0,0,0,0,66,5,3,19,51,60,79,58,29,17,20,7,5,10,0,31,397,0,0,0,0,0,0,3,15,10,11,5,6,13,8,8,72,0,0,0,0,8,18,34,58,9,18,19,14,17,0,6,213,0,0,0,0,0,3,0,0,0,0,0,0,0,0,0,14,0,0,0,0,3,3,6,4,0,0,0,0,0,0,0,21
LGA18250,17,14,8,7,3,0,7,308,10,83,166,93,19,10,10,14,3,11,6,9,6,7,20,470,0,0,14,18,78,251,311,181,54,51,80,112,124,84,75,1425,0,0,0,12,76,244,559,532,88,92,124,125,140,98,98,2199,0,6,18,118,59,33,16,9,3,0,3,0,0,0,6,272,0,3,13,68,216,244,182,133,24,21,32,30,33,31,21,1053,0,7,0,5,4,0,0,3,0,0,0,0,0,0,0,22,0,31,24,5,13,7,16,17,0,0,6,4,10,3,0,143,11,10,36,136,220,214,357,156,59,47,39,24,21,28,29,1381,0,0,0,5,4,20,18,19,7,10,9,19,22,6,0,130,0,0,0,18,74,153,119,156,61,50,38,61,93,34,22,897,0,17,12,9,41,25,21,14,5,6,6,11,3,11,0,176,3,0,8,32,70,62,94,66,28,18,17,32,32,23,19,503
LGA18350,3,5,0,0,0,0,6,117,3,44,47,41,15,0,8,8,0,0,0,0,4,0,9,180,0,3,0,7,0,0,7,3,0,0,0,0,3,3,0,33,0,0,0,0,3,7,9,6,0,0,3,0,0,0,3,28,0,0,0,14,3,3,3,0,0,0,0,0,0,3,0,33,0,0,3,16,6,4,3,3,0,0,0,0,0,0,3,44,0,22,20,12,4,0,0,0,0,0,0,0,0,0,0,63,0,72,54,24,16,11,4,3,0,3,0,0,0,0,3,196,5,23,61,116,209,121,72,34,15,10,8,6,8,5,28,716,0,0,0,3,0,0,0,0,0,0,0,0,0,0,0,10,0,0,0,8,16,21,10,23,3,0,4,15,13,6,7,136,0,14,14,6,31,6,4,0,0,0,0,0,0,0,4,73,0,0,3,3,5,4,8,10,0,0,0,4,3,0,0,45
LGA18400,0,0,0,0,0,0,0,147,0,39,83,39,14,10,0,0,0,0,0,0,0,0,23,206,0,0,0,0,0,3,3,0,3,0,0,0,0,0,0,9,0,0,0,0,0,3,3,3,0,0,0,0,0,0,0,18,0,0,14,27,21,27,9,0,0,3,0,0,3,0,5,115,0,0,8,3,12,6,4,3,0,0,3,0,0,0,0,33,0,46,58,20,20,13,0,0,0,0,0,0,0,0,12,166,0,23,48,26,15,4,5,8,0,0,3,0,0,0,3,134,0,5,14,51,121,95,85,33,17,4,11,0,3,3,21,473,0,0,0,0,0,5,0,0,3,0,0,0,3,0,0,15,0,0,0,4,12,43,20,10,0,0,6,0,8,0,7,105,0,7,4,0,16,3,0,0,0,0,0,0,0,0,0,40,0,0,3,5,0,4,0,3,3,0,0,0,0,0,0,28
LGA18450,11,42,15,0,4,0,19,472,16,469,1259,516,55,26,34,17,0,14,13,10,15,7,166,2617,0,9,3,3,6,29,39,17,10,3,5,9,10,10,10,173,0,0,0,5,17,36,89,53,28,17,11,14,17,11,17,308,3,18,19,150,111,124,71,45,9,3,18,15,0,6,23,617,0,0,18,37,45,38,35,30,6,17,18,42,73,51,13,415,3,131,153,48,11,0,0,5,0,0,0,0,0,0,25,389,0,361,195,58,30,17,23,19,5,0,7,7,3,0,28,739,14,23,51,236,433,346,428,246,70,48,76,44,32,14,103,2158,0,0,0,4,6,11,28,48,10,17,24,25,47,20,7,260,0,0,0,24,203,300,161,122,35,39,54,40,41,15,31,1056,0,54,36,27,111,60,31,14,0,5,0,3,6,0,14,354,0,3,7,14,12,7,20,27,0,3,4,3,5,7,4,123
LGA18500,40,26,24,24,27,11,7,388,7,53,51,40,25,19,24,24,11,6,24,19,17,8,15,344,0,0,0,12,14,27,39,14,3,3,9,11,3,7,6,154,0,0,0,3,13,30,33,18,9,0,5,3,3,9,5,130,0,7,3,18,12,7,3,4,0,0,5,0,0,0,3,66,3,0,11,36,64,47,31,15,5,0,4,5,10,4,3,242,0,12,0,0,5,3,0,0,0,0,0,0,0,0,0,27,0,27,11,8,7,3,8,25,0,7,6,3,8,4,4,135,7,26,56,156,213,223,278,178,75,53,56,54,46,36,47,1501,0,0,0,6,0,3,3,3,0,0,0,0,0,0,0,18,0,0,3,10,23,49,42,54,13,19,14,11,22,10,12,275,14,75,49,3,36,24,15,4,3,3,6,4,7,3,7,240,0,5,10,21,39,29,42,30,3,11,13,14,15,11,13,252
LGA18710,4,13,0,0,0,0,0,43,0,3,4,5,3,0,3,0,0,0,0,0,0,0,0,18,0,3,0,0,0,0,0,0,0,0,0,0,0,0,0,8,0,0,0,3,0,0,0,0,0,0,0,0,0,0,0,3,0,0,0,7,0,0,0,0,0,0,0,0,0,0,0,9,0,0,0,0,4,0,3,0,0,0,0,0,0,0,4,13,0,7,3,0,0,0,0,0,0,0,0,0,0,0,0,5,0,12,14,10,10,3,6,0,0,0,0,0,0,0,0,64,3,0,6,29,38,25,32,32,3,0,6,0,3,3,3,189,0,0,0,0,0,0,5,0,0,0,0,0,0,0,0,8,0,0,0,0,4,3,3,4,0,0,0,0,0,0,0,23,0,0,0,0,3,4,0,0,0,0,0,0,0,0,0,10,0,0,0,3,0,3,3,0,0,0,0,0,0,0,0,12
LGA19399,0,0,0,0,0,0,0,0,0,0,0,0,0,0,0,0,0,0,0,0,0,0,0,0,0,0,0,0,0,0,0,0,0,0,0,0,0,0,0,0,0,0,0,0,0,0,0,0,0,0,0,0,0,0,0,0,0,0,0,0,0,0,0,0,0,0,0,0,0,0,0,0,0,0,0,0,0,0,0,0,0,0,0,0,0,0,0,0,0,0,0,0,0,0,0,0,0,0,0,0,0,0,0,0,0,0,0,0,0,0,0,0,0,0,0,0,0,0,0,0,0,0,3,0,5,4,6,7,0,0,0,0,0,0,0,22,0,0,0,0,0,0,0,0,0,0,0,0,0,0,0,0,0,0,0,0,0,0,0,0,0,0,0,0,0,0,0,0,0,0,0,0,0,0,0,0,0,0,0,0,0,0,0,0,0,0,0,0,0,0,0,0,0,0,0,0,0,0,0,0
LGA19499,0,0,3,0,4,14,7,45,0,3,6,3,3,0,0,0,0,3,0,7,7,6,8,49,0,0,0,0,0,0,0,3,0,0,0,0,3,0,3,12,0,0,0,0,0,0,4,5,0,4,0,3,9,3,8,39,0,0,3,8,8,7,7,5,0,0,0,0,0,0,3,33,0,0,0,0,5,3,7,8,0,0,0,0,4,4,14,43,0,0,0,0,0,0,0,0,0,0,0,0,0,0,0,12,0,16,6,3,0,0,0,3,0,0,0,0,4,8,3,48,0,0,4,15,51,42,56,30,3,6,0,4,14,3,84,324,0,0,0,0,0,0,0,0,0,0,0,3,4,23,0,32,0,0,0,0,5,21,4,3,0,3,3,3,14,16,12,89,0,0,0,0,4,3,0,0,0,0,0,0,3,0,4,18,0,0,0,0,0,0,0,0,0,3,0,0,0,0,3,13
LGA19799,0,0,0,0,3,0,0,3,0,3,0,3,0,0,0,0,0,0,0,0,0,0,0,7,0,0,0,0,0,0,0,0,0,0,0,0,0,0,0,0,0,0,0,0,0,3,0,0,0,0,0,0,0,0,0,3,0,0,0,0,0,0,0,0,0,0,0,0,0,0,0,0,0,0,0,0,0,0,0,0,0,0,0,0,0,0,0,0,0,0,0,0,0,0,0,0,0,0,0,0,0,0,0,3,0,3,0,0,0,0,0,0,0,0,0,0,0,0,0,3,0,0,0,0,0,0,4,0,0,0,0,0,0,0,9,18,0,0,0,0,0,0,0,0,0,0,0,0,0,0,0,0,0,0,0,0,0,0,0,0,0,0,0,0,0,0,0,3,0,0,0,0,0,0,0,0,0,0,0,0,0,0,0,0,0,0,0,0,0,0,0,0,0,0,0,0,0,0,0,0
