LGA_CODE_2016,D_5_9_FPET_MPTLF,D_5_9_FPET_MPNLF,D_5_9_FPET_MPLFSNS,D_5_9_FPET_T,D_5_9_FPULFTW_MPEFT,D_5_9_FPULFTW_MPEPT,D_5_9_FPULFTW_MP_EAW,D_5_9_FPULFTW_MP_E_HNS,D_5_9_FPULFTW_MPET,D_5_9_FPULFTW_MPULFTW,D_5_9_FPULFTW_MPULPTW,D_5_9_FPULFTW_MPUT,D_5_9_FPULFTW_MPTLF,D_5_9_FPULFTW_MPNLF,D_5_9_FPULFTW_MPLFSNS,D_5_9_FPULFTW_T,D_5_9_FPULPTW_MPEFT,D_5_9_FPULPTW_MPEPT,D_5_9_FPULPTW_MPEAW,D_5_9_FPULPTW_MP_E_HNS,D_5_9_FPULPTW_MPET,D_5_9_FPULPTW_MPULFTW,D_5_9_FPULPTW_MPULPTW,D_5_9_FPULPTW_MPUT,D_5_9_FPULPTW_MPTLF,D_5_9_FPULPTW_MPNLF,D_5_9_FPULPTW_MPLFSNS,D_5_9_FPULPTW_T,D_5_9_FPUT_MPEFT,D_5_9_FPUT_MPEPT,D_5_9_FPUT_MPEAW,D_5_9_FPUT_MPEHNS,D_5_9_FPUT_MPET,D_5_9_FPUT_MPULFTW,D_5_9_FPUT_MPULPTW,D_5_9_FPUT_MPUT,D_5_9_FPUT_MPTLF,D_5_9_FPUT_MPNLF,D_5_9_FPUT_MPLFSNS,D_5_9_FPUT_T,D_5_9_FPTLF_MPEFT,D_5_9_FPTLF_MPEPT,D_5_9_FPTLF_MPEAW,D_5_9_FPTLF_MPEHNS,D_5_9_FPTLF_MPET,D_5_9_FPTLF_MPULFTW,D_5_9_FPTLF_MPULPTW,D_5_9_FPTLF_MPUT,D_5_9_FPTLF_MPTLF,D_5_9_FPTLF_MPNLF,D_5_9_FPTLF_MPLFSNS,D_5_9_FPTLF_T,D_5_9_FPNLF_MPEFT,D_5_9_FPNLF_MPEPT,D_5_9_FPNLF_MPEAW,D_5_9_FPNLF_MPEHNS,D_5_9_FPNLF_MPET,D_5_9_FPNLF_MPULFTW,D_5_9_FPNLF_MPULPTW,D_5_9_FPNLF_MPUT,D_5_9_FPNLF_MPTLF,D_5_9_FPNLF_MPNLF,D_5_9_FPNLF_MPLFSNS,D_5_9_FPNLF_T,D_5_9_FPLFSNS_MPEFT,D_5_9_FPLFSNS_MPEPT,D_5_9_FPLFSNS_MPEAW,D_5_9_FPLFSNS_MPEHNS,D_5_9_FPLFSNS_MPET,D_5_9_FPLFSNS_MPULFTW,D_5_9_FPLFSNS_MPULPTW,D_5_9_FPLFSNS_MPUT,D_5_9_FPLFSNS_MPTLF,D_5_9_FPLFSNS_MPNLF,D_5_9_FPLFSNS_MPLFSNS,D_5_9_FPLFSNS_T,D_5_9_FPT_MPEFT,D_5_9_FPT_MPEPT,D_5_9_FPT_MPEAW,D_5_9_FPT_MPEHNS,D_5_9_FPT_MPET,D_5_9_FPT_MPULFTW,D_5_9_FPT_MPULPTW,D_5_9_FPT_MPUT,D_5_9_FPT_MPTLF,D_5_9_FPT_MPNLF,D_5_9_FPT_MPLFSNS,D_5_9_FPT_T,D_10_12_FPEFT_MPEFT,D_10_12_FPEFT_MPEPT,D_10_12_FPEFT_MPEAW,D_10_12_FPEFT_MPEHNS,D_10_12_FPEFT_MPET,D_10_12_FPEFT_MPULFTW,D_10_12_FPEFT_MPULPTW,D_10_12_FPEFT_MPUT,D_10_12_FPEFT_MPTLF,D_10_12_FPEFT_MPNLF,D_10_12_FPEFT_MPLFSNS,D_10_12_FPEFT_T,D_10_12_FPEPT_MPEFT,D_10_12_FPEPT_MPEPT,D_10_12_FPEPT_MPEAW,D_10_12_FPEPT_MPEHNS,D_10_12_FPEPT_MPET,D_10_12_FPEPT_MPULFTW,D_10_12_FPEPT_MPULPTW,D_10_12_FPEPT_MPUT,D_10_12_FPEPT_MPTLF,D_10_12_FPEPT_MPNLF,D_10_12_FPEPT_MPLFSNS,D_10_12_FPEPT_T,D_10_12_FPEAW_MPEFT,D_10_12_FPEAW_MPEPT,D_10_12_FPEAW_MPEAW,D_10_12_FPEAW_MPEHNS,D_10_12_FPEAW_MPET,D_10_12_FPEAW_MPULFTW,D_10_12_FPEAW_MPULPTW,D_10_12_FPEAW_MPUT,D_10_12_FPEAW_MPTLF,D_10_12_FPEAW_MPNLF,D_10_12_FPEAW_MPLFSNS,D_10_12_FPEAW_T,D_10_12_FPHNS_MPEFT,D_10_12_FPHNS_MPEPT,D_10_12_FPHNS_MPEAW,D_10_12_FPHNS_MPEHNS,D_10_12_FPHNS_MPET,D_10_12_FPHNS_MPULFTW,D_10_12_FPHNS_MPULPTW,D_10_12_FPHNS_MPUT,D_10_12_FPHNS_MPTLF,D_10_12_FPHNS_MPNLF,D_10_12_FPHNS_MPLFSNS,D_10_12_FPHNS_T,D_10_12_FPET_MPEFT,D_10_12_FPET_MPEPT,D_10_12_FPET_MPEAW,D_10_12_FPET_MPEHNS,D_10_12_FPET_MPET,D_10_12_FPET_MPULFTW,D_10_12_FPET_MPULPTW,D_10_12_FPET_MPUT,D_10_12_FPET_MPTLF,D_10_12_FPET_MPNLF,D_10_12_FPET_MPLFSNS,D_10_12_FPET_T,D_10_12_FPULFTW_MPEFT,D_10_12_FPULFTW_MPEPT,D_10_12_FPULFTW_MPEAW,D_10_12_FPULFTW_MPEHNS,D_10_12_FPULFTW_MPET,D_10_12_FPULFTW_MPULFTW,D_10_12_FPULFTW_MPULPTW,D_10_12_FPULFTW_MPUT,D_10_12_FPULFTW_MPTLF,D_10_12_FPULFTW_MPNLF,D_10_12_FPULFTW_MPLFSNS,D_10_12_FPULFTW_T,D_10_12_FPULPTW_MPEFT,D_10_12_FPULPTW_MPEPT,D_10_12_FPULPTW_MPEAW,D_10_12_FPULPTW_MPEHNS,D_10_12_FPULPTW_MPET,D_10_12_FPULPTW_MPULFTW,D_10_12_FPULPTW_MPULPTW,D_10_12_FPULPTW_MPUT,D_10_12_FPULPTW_MPTLF,D_10_12_FPULPTW_MPNLF,D_10_12_FPULPTW_MPLFSNS,D_10_12_FPULPTW_T,D_10_12_FPUT_MPEFT,D_10_12_FPUT_MPEPT,D_10_12_FPUT_MPEAW,D_10_12_FPUT_MPEHNS,D_10_12_FPUT_MPET,D_10_12_FPUT_MPULFTW,D_10_12_FPUT_MPULPTW,D_10_12_FPUT_MPUT,D_10_12_FPUT_MPTLF,D_10_12_FPUT_MPNLF,D_10_12_FPUT_MPLFSNS,D_10_12_FPUT_T,D_10_12_FPTLF_MPEFT,D_10_12_FPTLF_MPEPT,D_10_12_FPTLF_MPEAW,D_10_12_FPTLF_MPEHNS,D_10_12_FPTLF_MPET,D_10_12_FPTLF_MPULFTW,D_10_12_FPTLF_MPULPTW,D_10_12_FPTLF_MPUT,D_10_12_FPTLF_MPTLF,D_10_12_FPTLF_MPNLF,D_10_12_FPTLF_MPLFSNS,D_10_12_FPTLF_T,D_10_12_FPNLF_MPEFT,D_10_12_FPNLF_MPEPT,D_10_12_FPNLF_MPEAW,D_10_12_FPNLF_MPEHNS
LGA10050,1525,64,0,1590,4,6,0,0,7,0,0,0,9,3,0,10,30,4,0,0,31,0,0,0,37,0,0,41,34,8,0,0,46,3,0,3,50,5,0,52,1364,149,29,19,1554,15,3,19,1575,71,0,1648,293,61,6,11,364,15,0,16,384,72,3,456,0,0,0,0,0,0,0,0,0,0,10,10,1656,209,36,24,1919,30,7,39,1960,139,15,2113,317,25,8,0,350,4,3,9,357,19,0,382,471,48,3,0,517,6,0,9,527,17,0,544,14,7,3,0,29,0,0,0,31,3,0,28,3,0,0,0,5,0,0,0,5,0,0,5,801,77,19,5,905,11,7,13,918,40,0,958,3,3,0,0,6,0,0,0,8,0,0,8,12,0,0,0,10,0,0,0,12,0,0,18,12,3,0,0,17,3,0,3,24,0,0,26,816,81,23,4,922,15,7,15,942,39,0,982,136,28,0,0
LGA10130,778,46,0,830,0,6,0,0,5,3,0,3,12,8,0,17,7,4,0,4,12,0,0,0,17,0,0,17,11,5,0,4,23,8,0,8,27,8,0,33,691,82,14,8,798,7,0,9,805,51,0,857,187,30,3,7,229,9,3,9,245,83,0,327,0,0,0,0,0,0,0,0,0,0,3,10,879,115,24,17,1032,15,3,22,1049,131,8,1194,206,28,3,0,233,5,0,9,239,9,0,253,214,35,0,3,254,0,0,0,255,9,0,264,9,3,0,0,13,0,0,0,13,0,0,13,5,0,0,0,7,0,0,0,7,0,0,5,432,67,3,3,510,8,0,10,513,20,0,533,3,0,0,0,3,3,0,3,5,0,0,10,4,0,0,5,13,0,0,0,16,0,0,16,8,0,0,5,18,3,0,3,20,3,0,21,441,71,3,14,524,12,0,9,534,23,0,559,90,10,0,4
LGA10250,1212,45,0,1256,3,4,0,0,8,0,0,0,9,0,0,11,18,6,0,0,29,0,0,3,34,0,0,31,22,10,0,0,37,4,0,3,38,3,0,44,976,204,21,24,1227,20,3,28,1250,46,0,1294,254,48,10,6,313,15,0,15,333,42,3,376,0,0,0,0,0,0,0,0,0,0,7,9,1233,252,25,37,1541,38,3,45,1587,91,9,1682,221,43,3,3,267,5,0,5,274,9,0,281,290,72,6,6,371,0,3,3,378,10,3,390,7,3,3,0,9,0,0,0,9,0,0,13,3,0,0,3,7,0,0,0,7,0,0,7,520,111,13,13,656,8,3,8,663,24,3,689,9,0,0,0,5,0,0,0,5,0,0,5,14,5,0,0,16,0,0,0,18,0,0,15,20,5,0,0,25,0,0,0,26,0,0,23,538,122,13,13,682,6,3,9,687,21,3,714,95,26,0,0
LGA10300,84,0,0,87,0,0,0,0,0,0,0,0,0,0,0,0,0,0,0,0,0,0,0,0,0,0,0,0,0,0,0,0,0,0,0,0,0,0,0,6,82,3,0,0,88,0,0,0,89,3,0,90,33,6,0,0,39,3,0,3,43,0,0,43,3,3,0,0,8,0,0,0,8,0,0,8,117,10,0,3,127,5,0,5,133,3,0,138,23,0,0,0,19,0,0,0,19,0,0,19,21,0,0,0,26,0,0,0,26,0,0,26,0,0,0,0,0,0,0,0,0,0,0,0,0,0,0,0,0,0,0,0,0,0,0,0,46,3,0,0,51,0,0,0,51,0,0,51,0,0,0,0,0,0,0,0,0,0,0,0,0,0,0,0,0,0,0,0,0,0,0,0,0,0,0,0,0,0,0,0,0,0,0,0,48,3,0,0,48,0,0,0,48,0,0,48,12,0,0,0
LGA10470,1397,59,0,1453,14,0,0,0,14,0,0,0,18,3,0,18,21,4,0,0,26,3,0,3,32,0,0,32,35,4,0,0,39,3,0,3,41,0,0,49,1252,128,30,9,1422,19,0,17,1440,58,0,1501,288,41,9,8,341,16,0,15,360,70,3,436,0,0,0,0,0,0,0,0,0,0,3,3,1537,171,42,16,1766,31,3,36,1797,131,10,1935,366,39,5,4,416,3,0,3,424,16,0,443,342,39,3,3,394,7,3,8,398,11,0,409,23,0,8,0,32,0,0,0,32,0,0,31,4,0,0,5,5,0,0,0,5,0,0,5,734,76,18,14,842,7,3,11,855,36,0,886,9,0,0,0,9,0,0,0,9,0,0,9,13,0,0,0,13,0,0,0,10,0,0,15,17,0,0,0,17,0,0,0,20,0,0,25,756,76,18,14,866,7,0,11,879,35,0,915,117,17,3,7
LGA10550,878,51,3,928,3,0,0,0,3,0,0,0,7,0,0,11,11,3,0,3,22,0,0,0,24,0,0,24,18,3,0,3,24,7,0,4,31,0,0,32,683,162,30,8,884,14,8,26,907,55,3,960,175,36,6,3,222,11,0,8,230,40,0,273,4,0,0,0,4,0,0,0,4,0,3,5,863,200,34,12,1109,24,7,36,1139,93,3,1240,158,38,3,0,203,3,0,5,206,11,0,219,223,54,14,4,292,4,0,4,297,14,0,313,14,0,7,0,18,0,0,0,18,0,0,18,4,0,0,4,10,0,0,0,10,0,0,7,399,93,22,5,520,7,3,12,527,33,0,559,5,0,0,0,5,0,0,0,5,0,0,5,11,0,0,0,14,0,0,0,13,0,0,13,12,0,0,0,16,0,0,0,21,0,0,22,413,92,23,5,533,6,3,11,547,30,0,580,78,25,4,0
LGA10600,344,17,0,363,3,4,0,0,6,0,0,0,8,0,0,8,3,3,0,0,6,0,0,0,6,0,0,6,9,5,0,0,12,0,0,0,16,0,0,16,247,94,3,3,350,6,0,5,356,17,0,376,83,22,7,0,107,10,0,10,119,22,4,140,0,0,0,0,0,0,0,0,0,0,0,3,329,114,7,3,459,12,0,15,474,44,3,520,61,6,0,0,69,0,0,0,69,5,0,74,65,33,0,0,103,3,0,3,103,6,0,111,0,0,0,0,0,0,0,0,0,0,0,0,3,0,0,0,3,0,0,0,3,0,0,3,130,45,0,0,170,3,0,3,176,14,0,191,0,0,0,0,0,0,0,0,5,0,0,5,10,0,0,0,10,0,0,0,10,0,0,10,13,0,0,0,13,0,0,0,14,0,0,14,137,45,0,0,179,5,0,5,189,14,0,206,26,15,3,3
LGA10650,261,20,0,281,5,0,0,0,4,0,0,0,4,0,0,6,3,0,0,0,3,0,0,0,3,0,0,3,6,0,0,0,5,0,0,0,5,0,0,6,243,8,6,0,267,0,0,5,268,18,0,289,49,3,0,0,58,7,0,7,60,10,0,69,0,0,0,0,0,0,0,0,0,0,0,0,297,18,12,0,319,6,0,4,329,28,0,356,56,0,0,0,56,0,0,0,56,9,0,65,72,3,6,0,84,3,0,3,85,3,0,89,4,0,0,0,3,0,0,0,3,0,0,3,0,0,0,0,0,0,0,0,0,0,0,0,131,3,11,0,147,3,0,3,148,14,0,163,0,0,0,0,0,0,0,0,0,0,0,0,0,0,0,0,0,0,0,0,0,0,0,0,0,0,0,0,0,0,0,0,0,0,0,0,138,3,11,0,150,0,0,0,151,14,0,163,16,0,0,0
LGA10750,12063,429,15,12513,239,50,6,9,304,39,3,43,346,31,0,376,416,72,0,4,493,41,5,45,538,20,3,565,661,122,6,14,799,79,8,87,891,53,3,938,11049,1228,130,214,12621,266,63,330,12952,477,16,13451,4368,762,59,150,5344,191,47,234,5577,890,23,6489,36,4,0,30,72,0,3,3,69,7,75,155,15452,1997,188,391,18036,461,105,567,18603,1379,120,20095,2958,283,15,35,3295,78,15,98,3388,149,3,3543,2467,285,29,29,2812,39,14,45,2859,102,3,2968,76,15,20,0,108,5,0,5,111,4,0,120,46,9,0,53,104,3,0,3,108,14,6,132,5553,590,64,114,6322,119,25,151,6470,275,9,6758,107,27,0,3,140,26,0,28,165,17,0,182,178,39,0,0,219,19,6,22,244,28,0,272,290,64,0,4,356,47,9,54,411,46,0,454,5838,652,68,121,6682,170,34,198,6884,317,12,7211,1899,365,32,54
LGA10800,241,6,0,250,0,0,0,0,0,0,0,0,0,0,0,0,0,0,0,0,0,0,0,0,0,3,0,3,0,0,0,0,0,0,0,0,0,3,0,3,207,19,3,10,241,0,0,0,241,5,0,248,49,8,0,3,61,0,0,4,66,13,0,76,0,0,0,3,3,0,0,0,3,0,0,3,260,32,3,19,304,0,0,4,312,19,0,326,42,10,0,0,53,0,0,0,53,0,0,53,66,12,0,0,77,0,0,0,77,0,0,81,3,0,0,0,3,0,0,0,3,0,0,3,0,0,0,0,0,0,0,0,0,0,0,0,111,16,0,5,132,0,0,0,132,0,0,137,0,0,0,0,0,0,0,0,0,0,0,0,0,0,0,0,0,0,0,0,0,0,0,0,0,0,0,0,0,0,0,0,0,0,0,0,111,19,0,5,133,0,0,0,133,0,0,138,17,3,0,0
LGA10850,289,9,0,304,0,0,0,0,0,0,0,0,0,0,0,0,3,0,0,0,5,0,0,0,5,0,0,5,10,0,0,0,9,0,0,0,9,0,0,9,269,21,8,4,294,0,0,0,300,9,0,308,51,6,0,0,58,4,0,4,61,7,0,70,0,0,0,0,0,0,0,0,0,0,0,0,322,28,10,3,359,4,0,4,364,17,3,379,70,3,0,0,76,0,0,0,74,3,0,79,90,5,0,0,104,3,0,3,107,3,0,104,3,0,0,0,5,0,0,0,5,0,0,5,0,0,0,0,0,0,0,0,0,0,0,3,165,8,4,0,182,3,0,3,180,6,0,190,3,0,0,0,3,0,0,0,3,0,0,3,3,0,0,0,3,0,0,0,3,0,0,3,3,0,0,0,3,0,0,0,3,0,0,3,169,8,4,0,182,3,0,3,187,6,0,191,23,4,0,0
LGA10900,2616,117,4,2732,8,0,0,0,9,0,0,0,14,5,0,19,67,9,0,4,84,4,0,3,87,6,0,91,69,13,0,7,92,6,0,5,101,11,0,107,2285,314,37,22,2664,36,14,51,2718,126,4,2846,670,80,16,11,773,12,5,16,792,63,0,853,5,0,0,3,4,0,0,0,4,5,5,16,2963,396,54,37,3448,49,17,66,3509,191,7,3710,550,75,11,0,637,3,3,5,643,40,0,681,797,98,13,12,923,10,4,8,934,23,3,958,36,0,3,0,39,0,0,0,39,3,0,43,6,0,0,3,6,0,0,0,6,0,0,8,1392,173,29,17,1610,13,3,20,1624,60,3,1689,11,3,0,0,15,0,0,0,15,0,0,12,32,0,0,0,34,0,0,0,34,3,0,33,41,3,0,0,45,0,0,0,46,6,0,48,1427,175,28,21,1652,13,6,20,1673,66,3,1741,303,46,3,4
LGA10950,75,3,0,82,0,0,0,0,0,0,0,0,0,0,0,0,0,0,0,0,0,0,0,0,0,0,0,0,0,0,0,0,0,0,0,0,0,0,0,0,69,5,0,5,78,3,0,3,76,3,0,83,16,3,0,0,19,4,0,4,24,5,0,32,0,0,0,0,0,0,0,0,0,0,3,3,90,10,0,3,98,8,0,8,106,8,4,112,23,3,0,0,25,0,0,0,23,0,0,23,30,9,0,0,36,3,0,3,34,3,0,37,0,0,5,0,5,0,0,0,5,0,0,5,0,0,0,0,0,0,0,0,0,0,0,0,44,11,5,0,61,4,0,4,62,3,0,61,0,0,0,0,0,0,0,0,3,0,0,3,0,0,0,0,0,0,0,0,0,0,0,0,0,0,0,0,0,0,0,0,3,0,0,3,47,11,5,0,63,5,0,5,63,3,0,64,6,0,0,0
LGA11100,1444,32,0,1474,15,0,0,0,16,3,0,3,22,0,0,27,22,9,0,5,38,3,0,3,38,3,0,39,43,9,0,5,55,7,0,8,65,3,0,69,1259,166,20,26,1472,31,3,37,1505,30,3,1539,330,69,4,10,411,10,5,13,424,75,0,500,4,0,0,3,3,0,0,0,3,0,4,12,1595,236,22,36,1890,37,6,46,1936,109,13,2055,328,33,5,0,369,6,0,8,373,13,0,389,334,34,3,3,381,7,0,4,387,16,0,402,8,0,3,0,9,0,0,0,9,0,0,11,7,0,0,0,9,0,0,0,9,0,0,9,678,69,10,9,759,14,3,15,772,27,3,808,6,3,0,0,8,3,3,5,15,0,0,15,20,4,0,0,23,0,0,0,24,0,0,27,27,6,0,0,28,3,3,5,32,0,0,36,707,74,10,9,789,12,8,19,809,32,3,845,154,35,0,4
LGA11150,85,4,0,89,0,0,0,0,0,0,0,0,0,0,0,0,0,0,0,0,0,0,0,0,0,0,0,0,0,0,0,0,0,0,0,0,0,0,0,0,72,9,0,0,85,0,0,0,85,4,0,89,11,0,0,0,11,3,0,6,15,8,0,27,0,0,0,0,0,0,0,0,0,0,0,0,83,9,0,0,95,8,0,7,103,13,0,116,18,3,0,0,21,0,0,0,23,0,0,23,16,0,0,0,17,0,0,0,17,0,0,16,0,0,0,0,0,0,0,0,0,0,0,0,0,0,0,0,0,0,0,0,0,0,0,0,30,8,0,0,42,0,0,0,41,0,0,43,0,0,0,0,0,0,0,0,0,0,0,0,0,0,0,0,0,0,0,0,0,0,0,0,0,0,0,0,0,0,0,0,0,0,0,0,30,8,0,0,42,0,0,0,41,0,0,43,3,0,0,0
LGA11200,41,13,0,50,0,0,0,0,0,0,0,0,0,0,0,0,0,3,0,0,3,0,0,0,3,0,0,3,0,3,0,0,3,0,0,0,3,0,0,3,31,6,0,0,36,3,0,4,42,13,0,56,3,0,0,0,3,0,0,3,10,8,0,11,0,0,0,0,0,0,0,0,0,0,0,0,39,8,0,0,42,4,4,6,49,19,0,68,8,0,0,0,8,0,0,0,8,4,0,6,3,0,0,0,7,0,0,0,7,0,0,8,0,0,0,0,0,0,0,0,0,0,0,0,0,0,0,0,0,0,0,0,0,0,0,0,8,3,0,0,12,0,0,0,13,3,0,16,0,0,0,0,0,3,0,3,3,0,0,3,0,0,0,0,0,0,0,0,0,0,0,3,0,0,0,0,0,3,0,3,6,0,0,6,8,3,0,0,18,3,0,3,21,7,0,24,4,0,0,0
LGA11250,369,25,0,395,4,0,0,0,4,5,0,5,9,0,0,9,12,0,0,0,8,0,0,0,14,0,0,14,13,0,0,0,13,9,0,9,18,0,0,18,329,20,3,12,365,14,3,23,391,25,0,411,76,14,8,10,104,8,3,10,116,37,0,149,0,0,0,0,0,0,0,0,0,0,3,3,398,40,7,22,469,25,6,34,501,63,3,572,93,4,4,0,106,7,0,7,111,7,0,116,83,3,3,4,98,3,0,3,100,8,0,105,5,0,0,0,5,0,0,0,7,0,0,11,0,0,0,3,3,0,0,0,7,0,0,3,186,9,7,4,209,6,0,12,224,16,0,240,5,3,0,0,3,0,0,0,3,0,0,3,0,0,0,0,0,0,0,0,0,0,0,0,6,3,0,0,8,0,0,0,8,0,0,8,194,15,7,4,216,6,0,12,233,16,0,248,34,3,0,0
LGA11300,861,35,4,900,10,0,0,0,12,0,0,3,16,0,0,16,24,0,0,0,32,0,3,4,33,0,0,31,35,0,0,0,41,3,4,5,48,0,0,46,751,105,15,12,879,23,14,36,912,31,4,950,198,51,6,5,262,10,5,16,279,52,0,331,0,0,0,3,3,0,0,0,3,0,0,6,949,154,16,23,1137,32,15,50,1193,84,4,1283,198,25,5,0,227,9,0,10,241,12,0,256,209,36,0,4,255,5,4,11,265,9,0,270,4,0,3,0,12,0,0,0,12,0,0,12,4,0,0,3,10,0,0,0,10,0,0,7,417,60,6,8,501,15,3,23,521,27,0,551,0,0,0,0,0,0,0,0,5,0,0,5,4,0,0,0,9,0,0,0,11,0,0,11,5,0,0,0,7,0,0,3,9,0,0,9,426,61,7,8,511,20,6,26,534,27,0,563,93,21,5,4
LGA11350,846,48,3,900,4,0,0,0,8,4,0,4,6,0,0,6,5,3,0,3,12,0,3,3,20,0,0,21,12,10,0,3,23,4,3,7,24,0,0,29,582,227,14,25,850,20,3,24,878,51,3,928,133,46,11,3,193,7,3,11,202,37,3,240,0,4,0,0,3,0,0,0,3,0,0,3,718,276,25,29,1045,25,7,33,1081,89,6,1173,135,43,0,0,180,0,0,3,181,8,0,191,205,81,9,3,295,5,0,9,298,23,0,321,3,4,4,0,18,0,0,0,18,0,0,18,3,0,0,5,9,0,0,0,7,0,0,12,350,126,13,7,500,6,0,9,506,30,0,540,0,3,0,0,6,0,0,0,6,0,0,6,4,3,0,0,9,3,0,3,13,0,0,9,4,3,0,0,13,3,0,3,18,0,0,19,357,131,13,11,511,11,0,12,524,29,0,557,55,30,3,0
LGA11400,591,20,0,609,4,0,0,0,4,0,0,0,4,0,0,4,10,0,0,0,10,3,0,3,9,0,0,9,14,0,0,0,14,3,0,3,18,0,0,18,513,59,14,14,599,5,0,5,605,20,0,627,86,17,9,8,117,6,0,11,120,19,0,142,0,0,0,0,0,0,0,0,0,0,4,4,599,82,17,19,713,16,0,12,727,39,4,774,128,10,0,3,141,5,0,5,147,12,0,156,166,17,0,5,193,0,3,3,193,3,0,196,3,3,3,0,7,0,0,0,10,0,0,9,0,0,0,0,3,0,0,0,3,0,0,3,302,28,6,13,343,8,3,7,354,14,0,369,3,0,0,0,3,0,0,0,3,0,0,3,4,0,0,0,4,0,0,0,6,0,0,6,5,0,0,0,5,0,0,0,12,0,0,12,305,28,6,13,353,7,3,8,357,14,0,378,45,3,4,3
LGA11450,3645,54,0,3703,38,3,0,0,40,0,0,0,40,5,0,44,93,9,3,4,108,0,0,0,108,7,0,110,129,7,3,5,145,0,0,0,147,8,0,153,3378,286,55,48,3767,21,6,30,3797,57,0,3860,897,65,15,25,1000,12,3,17,1018,81,4,1101,0,0,0,8,10,0,0,0,10,0,6,11,4278,347,64,82,4779,35,12,47,4822,135,14,4973,832,63,6,9,909,9,0,10,919,29,0,947,943,80,5,8,1044,10,0,12,1048,21,3,1077,35,0,11,0,44,0,0,0,44,3,0,44,22,0,0,22,47,0,0,0,47,0,0,46,1828,145,25,40,2043,18,0,18,2062,49,9,2113,11,4,0,0,19,0,0,0,17,0,0,17,44,3,0,3,53,0,0,0,52,4,0,57,62,4,0,0,71,0,0,0,72,4,0,71,1889,153,25,45,2114,21,3,22,2138,46,9,2190,406,39,4,7
LGA11500,4137,248,9,4392,113,19,0,0,137,22,3,24,164,10,0,169,198,32,0,3,237,18,3,30,264,12,3,283,309,49,3,7,372,47,8,51,422,21,3,451,3747,520,66,69,4402,128,29,160,4563,269,11,4841,1905,388,33,81,2407,79,23,101,2515,512,3,3027,17,0,0,4,15,3,0,3,20,9,37,67,5669,913,102,151,6828,209,56,260,7093,796,51,7936,980,118,10,16,1129,15,10,31,1158,93,0,1247,918,141,14,13,1092,11,9,20,1115,79,3,1197,36,7,8,0,54,0,0,0,54,3,0,58,16,5,0,17,36,3,0,3,39,8,0,45,1953,276,34,40,2312,33,22,50,2361,178,3,2543,64,17,0,0,83,14,3,18,96,3,0,100,73,13,0,7,90,7,3,7,97,11,0,108,137,30,0,4,168,18,3,26,195,15,0,206,2084,308,34,47,2478,50,22,80,2556,192,7,2748,842,180,8,45
LGA11520,2760,62,0,2828,16,0,0,0,17,3,0,3,24,0,0,20,75,8,3,0,85,6,4,12,94,0,0,95,90,12,3,0,101,13,4,17,115,0,0,122,2537,223,25,27,2811,59,10,71,2880,62,0,2948,649,90,11,4,756,13,8,15,771,81,5,855,0,0,0,3,9,0,0,0,9,0,3,9,3189,317,35,35,3574,68,14,85,3661,146,8,3812,577,44,3,3,624,13,3,15,640,25,0,663,651,72,8,9,740,13,3,17,754,23,0,784,21,0,3,0,24,0,0,0,24,3,0,26,10,0,0,3,7,0,0,0,7,0,0,10,1260,113,13,14,1398,27,5,35,1433,54,5,1484,13,0,0,0,20,3,0,3,19,0,0,19,26,7,0,0,36,9,0,9,37,0,0,37,43,5,0,0,52,10,0,10,58,0,0,58,1302,116,13,14,1449,37,5,41,1492,54,5,1544,272,41,3,6
LGA11570,8382,512,22,8912,104,40,6,3,151,36,4,47,194,17,0,214,284,111,3,15,410,37,15,58,463,25,0,493,387,145,8,15,557,74,22,100,659,43,0,706,7215,1221,104,182,8721,235,78,321,9035,552,26,9618,4435,1684,114,283,6513,359,79,436,6951,1694,60,8707,32,21,0,20,68,3,0,3,74,19,107,201,11682,2925,212,487,15305,594,156,752,16063,2265,195,18526,1836,243,15,16,2111,64,21,91,2204,159,6,2365,1960,396,18,23,2398,53,20,70,2472,163,0,2637,45,18,19,0,83,0,0,0,80,7,0,94,49,20,0,41,111,0,0,0,113,6,0,121,3889,673,56,83,4702,122,40,165,4869,337,10,5213,79,33,0,0,108,23,3,28,137,5,0,142,140,55,0,6,201,15,17,31,237,35,5,271,217,90,0,5,312,43,17,58,368,38,5,415,4104,756,57,91,5017,162,62,221,5241,375,12,5629,1987,758,48,144
LGA11600,88,3,0,97,0,0,0,0,0,0,0,0,0,0,0,0,0,0,0,0,0,0,0,0,0,0,0,0,0,0,0,0,0,0,0,0,0,0,0,0,74,0,6,7,91,0,0,0,91,3,0,93,15,4,0,0,22,0,0,0,22,4,0,24,3,0,0,0,3,0,0,0,3,0,0,3,94,5,3,8,119,0,0,0,119,11,0,128,25,3,0,0,29,0,0,0,29,0,0,28,29,4,3,0,31,0,0,0,31,0,0,35,0,0,0,0,0,0,0,0,0,0,0,0,0,0,0,0,0,0,0,0,0,0,0,0,49,3,3,0,59,0,0,0,59,4,0,64,0,0,0,0,0,0,0,0,0,0,0,0,0,0,0,0,0,0,0,0,0,0,0,0,0,0,0,0,0,0,0,0,0,0,0,0,50,3,3,0,64,0,0,0,64,4,0,62,13,3,0,0
LGA11650,9867,427,15,10312,83,14,0,0,99,14,0,12,113,19,0,127,327,37,8,6,369,23,0,18,388,16,0,405,406,50,7,3,470,33,0,37,506,31,0,533,8830,1011,181,150,10158,163,45,208,10369,453,15,10844,2599,333,83,73,3080,99,13,112,3193,412,7,3608,18,4,0,10,36,0,0,0,36,3,20,54,11442,1338,263,228,13277,263,58,322,13596,869,43,14510,1851,240,27,20,2138,29,7,38,2173,128,0,2303,3108,323,45,23,3504,39,16,49,3558,118,4,3682,89,11,25,0,125,3,4,7,134,6,0,138,27,3,0,28,61,0,0,0,61,7,7,66,5081,574,94,76,5829,70,25,98,5922,257,9,6191,63,6,3,3,72,4,0,5,79,9,0,88,148,17,0,3,166,8,0,8,176,18,0,195,211,20,3,7,238,17,0,18,251,25,0,280,5290,594,97,80,6064,85,27,114,6176,281,9,6469,1196,170,35,33
LGA11700,30,3,0,33,3,0,0,0,3,0,0,0,3,0,0,3,0,0,0,0,0,0,0,0,0,0,0,0,3,0,0,0,3,0,0,0,3,0,0,3,23,3,0,0,25,0,3,3,27,3,0,31,7,3,0,0,13,3,0,3,14,11,0,18,0,0,0,0,0,0,0,0,0,0,0,0,28,4,0,0,41,3,3,5,40,12,0,58,3,0,0,0,7,0,0,0,7,0,0,7,3,0,0,0,3,0,0,0,3,3,0,3,0,0,0,0,0,0,0,0,0,0,0,0,0,0,0,0,0,0,0,0,0,0,0,0,5,0,0,0,10,0,0,0,10,3,0,13,0,0,0,0,0,0,0,0,0,0,0,0,0,0,0,0,0,0,0,0,0,0,0,0,0,0,0,0,0,0,0,0,0,0,0,0,5,0,0,0,10,0,0,0,10,6,0,10,4,0,0,0
LGA11720,1517,80,3,1606,9,3,0,0,15,11,0,11,22,12,0,32,35,7,0,0,48,0,0,0,44,10,0,53,41,12,0,0,56,13,0,13,69,15,0,82,1321,163,37,27,1546,42,0,47,1590,98,3,1694,514,78,5,18,608,33,6,40,648,152,0,800,7,0,0,0,7,0,0,0,7,0,8,12,1836,232,43,47,2161,76,3,86,2244,249,14,2504,257,21,8,0,289,14,0,14,305,22,0,328,421,60,9,4,491,16,0,16,508,24,0,533,17,0,7,0,29,0,0,0,29,3,0,27,5,0,0,6,14,0,0,0,14,0,0,14,697,83,24,17,818,32,0,32,852,50,0,896,4,3,0,0,7,9,0,9,12,4,0,17,20,4,0,6,28,0,0,0,28,9,0,39,25,5,0,6,38,9,0,9,42,10,0,53,722,88,24,19,854,34,0,34,891,60,0,952,206,38,8,6
LGA11730,1117,76,3,1198,14,0,0,0,14,9,3,11,28,3,0,37,34,4,0,0,42,10,3,13,55,0,3,56,53,5,0,0,56,18,4,23,81,4,3,94,926,186,11,21,1147,45,7,54,1202,85,4,1287,311,67,10,10,394,16,7,25,417,115,0,533,3,7,0,0,7,0,0,0,7,0,0,6,1238,253,22,31,1550,58,13,76,1624,195,7,1827,248,43,0,4,288,9,0,11,299,22,0,317,308,70,11,3,391,3,3,11,398,28,0,430,10,0,3,0,10,0,0,0,10,3,0,14,5,3,0,0,13,3,0,3,11,0,4,15,568,118,14,9,705,13,3,21,722,52,6,778,8,3,0,0,7,4,0,3,19,3,0,16,13,0,0,0,15,3,0,3,19,3,0,24,22,0,0,0,23,11,0,10,37,3,0,39,586,123,14,9,727,23,7,28,762,56,6,822,145,25,3,3
LGA11750,152,5,0,157,3,0,0,0,3,0,0,0,3,0,0,3,0,0,0,0,0,0,0,0,0,0,0,0,3,0,0,0,3,0,0,0,3,0,0,3,138,7,7,3,157,0,0,0,155,5,0,161,68,4,5,4,76,0,0,0,83,13,0,92,0,0,0,0,0,0,0,0,0,0,0,5,211,10,12,8,242,0,0,0,240,19,0,262,29,4,0,0,30,0,0,0,30,0,0,30,30,3,0,0,33,0,0,0,33,0,0,33,0,3,0,0,4,0,0,0,4,0,0,4,0,0,0,0,0,0,0,0,0,0,0,0,62,6,0,0,69,0,0,0,69,0,0,69,0,0,0,0,0,0,0,0,0,0,0,0,4,0,0,0,4,0,0,0,4,0,0,4,5,0,0,0,5,0,0,0,5,0,0,5,64,6,0,0,75,0,0,0,75,0,0,75,25,0,0,0
LGA11800,2122,111,5,2231,12,6,0,0,24,10,3,7,33,0,0,29,41,3,4,0,49,12,8,17,71,3,0,69,54,8,4,0,75,19,11,25,103,3,0,104,1750,320,35,30,2137,50,28,82,2218,113,5,2336,479,83,3,16,586,20,7,23,606,123,0,736,0,0,0,3,8,3,0,3,9,0,7,16,2234,409,36,52,2731,70,35,105,2837,240,17,3089,404,58,3,0,473,11,3,13,485,37,0,526,583,119,11,10,721,8,3,10,729,37,0,776,17,0,8,0,24,0,0,0,24,0,0,25,5,0,0,7,12,0,0,0,14,0,0,15,1004,176,18,17,1223,19,11,31,1253,82,3,1338,7,3,0,0,13,9,0,9,16,0,0,16,27,0,4,0,33,3,0,10,37,4,0,42,33,4,4,0,39,16,0,16,59,4,0,59,1042,182,23,16,1266,36,11,42,1310,82,3,1397,174,35,5,10
LGA12000,126,3,0,128,0,0,0,0,0,0,0,0,0,0,0,4,0,0,0,0,0,0,4,4,4,0,0,4,0,0,0,0,0,0,4,4,3,0,0,3,108,18,0,0,131,0,4,7,132,3,0,134,43,3,0,0,44,4,0,4,51,9,0,56,0,0,0,0,0,0,0,0,0,0,0,0,152,20,0,5,178,8,4,6,181,7,0,191,32,10,0,0,44,0,0,0,44,0,0,44,48,0,0,0,53,0,0,0,53,3,0,52,0,0,0,0,3,0,0,0,3,0,0,3,0,0,0,0,0,0,0,0,0,0,0,0,79,11,0,8,95,0,0,0,95,3,0,97,0,0,0,0,0,0,0,0,0,0,0,4,0,0,0,0,0,0,0,0,0,0,0,0,0,0,0,0,0,0,0,0,3,0,0,3,81,11,0,8,94,0,0,0,96,0,0,103,20,3,0,3
LGA12150,83,3,0,86,0,0,0,0,0,0,0,0,0,0,0,0,0,0,0,0,0,0,0,0,0,0,0,0,0,0,0,0,0,0,0,0,0,0,0,0,69,6,0,3,85,0,4,4,91,3,0,92,15,0,0,0,14,4,0,4,21,14,0,35,0,0,0,0,0,0,0,0,0,0,0,0,87,10,3,3,103,4,4,4,113,15,3,128,27,3,0,0,28,0,0,0,28,0,0,34,25,0,0,0,23,0,0,0,23,0,0,24,0,0,0,0,0,0,0,0,0,0,0,0,0,0,0,3,0,0,0,0,0,0,0,3,54,0,0,3,57,0,0,0,57,4,0,59,0,0,0,0,0,3,0,3,3,0,0,3,0,0,0,0,0,0,0,0,0,0,0,0,0,0,0,0,0,3,0,3,3,0,0,3,54,0,0,3,59,3,0,3,63,4,0,64,3,0,0,0
LGA12350,326,15,0,336,3,0,0,0,3,0,0,0,0,0,0,4,3,0,0,0,3,0,0,0,0,0,0,0,3,0,0,0,3,0,0,0,4,0,0,5,282,34,3,5,328,3,0,3,333,16,0,346,78,3,0,9,91,5,0,6,98,18,0,118,0,0,0,0,0,0,0,0,0,5,0,5,357,42,3,12,414,11,3,11,432,36,0,464,85,0,0,0,92,0,0,0,93,3,0,96,111,23,0,3,136,0,0,0,136,3,3,146,3,3,0,0,3,0,0,0,3,0,0,3,0,0,0,0,3,0,0,0,3,0,0,3,206,27,5,0,233,0,0,0,239,7,3,249,0,0,0,0,0,0,0,0,0,0,0,0,4,0,0,0,3,0,0,0,9,0,0,9,3,0,0,0,9,0,0,0,5,0,0,11,205,27,5,3,239,3,0,3,246,11,3,257,43,4,0,0
LGA12380,4923,286,13,5227,157,29,5,9,198,26,10,36,228,10,0,244,199,50,4,14,264,32,12,47,304,17,0,328,356,81,3,19,457,65,16,79,535,31,0,568,4361,729,53,115,5257,161,47,205,5461,317,15,5796,2897,1195,67,187,4352,243,88,330,4682,1361,54,6094,33,9,0,19,62,0,3,4,68,6,54,126,7294,1935,116,321,9673,404,139,538,10209,1684,123,12021,1034,137,11,3,1193,36,8,44,1238,94,3,1329,997,214,5,11,1226,24,8,26,1255,84,3,1339,27,9,10,0,45,3,0,3,49,6,0,53,16,5,0,29,53,0,0,0,53,8,3,66,2078,366,25,42,2512,62,16,77,2591,185,9,2789,60,15,0,0,71,20,0,19,89,10,0,100,101,32,4,4,141,17,12,31,171,3,0,172,160,46,3,4,215,34,12,45,262,15,0,271,2234,415,25,46,2727,97,29,124,2855,195,10,3062,1139,485,30,93
LGA12700,312,10,0,326,3,0,0,0,3,0,0,0,3,0,0,3,4,0,0,0,5,0,0,0,5,0,3,9,6,0,0,0,10,0,0,0,10,0,3,13,268,34,9,0,318,8,0,8,323,10,3,332,76,13,7,0,89,6,0,6,96,13,0,108,0,0,0,0,0,0,0,0,0,0,4,4,342,49,11,3,405,13,0,13,416,24,3,438,35,6,0,0,40,0,0,0,44,0,0,39,89,18,4,0,110,0,0,0,110,0,0,117,0,0,0,0,3,0,0,0,3,0,0,3,0,0,0,4,4,0,0,0,4,0,0,7,125,25,4,4,157,0,0,0,158,5,0,161,0,0,0,0,0,0,0,0,0,0,0,0,3,0,0,0,3,0,0,0,3,0,0,3,5,0,0,0,5,0,0,0,5,0,0,5,125,25,4,4,166,0,0,0,163,5,0,169,27,3,3,0
LGA12730,287,8,0,294,0,0,0,0,0,0,0,0,0,0,0,0,3,0,0,3,11,0,0,0,8,0,0,8,9,0,0,3,11,0,0,0,9,0,0,9,257,25,4,8,293,0,0,0,297,8,0,303,45,6,3,4,51,3,0,3,54,11,3,72,0,0,0,0,0,0,0,0,0,0,0,0,304,33,7,8,349,4,0,4,354,15,6,377,74,8,3,0,82,0,0,0,82,4,0,88,75,5,0,0,78,0,0,0,79,11,0,88,0,0,0,0,0,0,0,0,0,0,0,0,0,0,0,0,3,0,0,0,3,0,0,3,150,13,3,0,167,0,0,0,168,14,0,182,0,0,0,0,0,0,0,0,0,0,0,0,3,0,0,0,3,0,0,0,4,0,0,4,3,0,0,0,3,0,0,0,4,0,0,4,149,13,3,0,170,0,0,4,170,14,0,184,20,0,3,0
LGA12750,773,53,3,831,5,0,0,0,5,3,0,3,10,3,0,12,12,8,0,0,19,3,0,3,21,0,0,21,22,8,0,0,33,6,0,6,33,3,0,36,605,158,14,6,782,20,4,22,809,54,3,870,155,42,7,7,210,17,5,26,231,55,8,298,0,3,0,0,3,0,0,0,3,0,8,9,766,195,21,9,996,39,13,50,1041,114,18,1173,167,23,4,0,195,3,0,7,198,19,0,216,213,66,3,0,278,3,3,11,288,22,3,314,13,3,0,0,12,0,0,0,12,0,0,17,0,0,0,3,3,0,0,0,3,3,0,6,388,94,5,4,494,11,3,14,500,42,3,545,3,0,0,0,3,0,0,0,6,0,0,3,3,3,0,0,10,0,0,0,8,0,0,8,6,3,0,0,8,3,0,3,11,0,0,11,395,95,5,4,499,14,3,14,516,38,3,560,72,24,7,3
LGA12850,3278,275,10,3570,43,16,3,3,66,25,7,35,97,15,0,120,134,41,0,3,181,25,17,43,223,27,0,245,180,51,6,5,243,54,26,79,317,41,0,366,2762,515,44,63,3384,148,69,214,3603,317,10,3927,2041,821,40,125,3027,146,73,225,3255,1640,35,4929,14,0,0,20,33,4,0,8,41,15,100,152,4820,1336,83,216,6452,304,141,441,6892,1976,149,9012,844,100,6,8,951,26,11,41,993,101,5,1102,721,199,5,13,941,23,9,36,981,100,8,1090,21,6,4,0,35,0,0,5,39,0,0,40,18,3,0,20,37,4,0,4,43,3,0,50,1605,308,16,43,1966,59,23,84,2051,210,17,2281,33,20,4,3,53,20,3,21,73,6,0,82,62,39,0,0,100,14,19,33,139,18,0,155,97,61,4,3,154,28,21,57,211,26,0,239,1701,365,16,44,2126,87,52,140,2264,239,17,2517,1041,448,20,54
LGA12870,376,14,0,389,0,0,0,0,0,0,0,0,0,0,0,0,12,0,0,0,13,0,0,0,13,0,0,13,15,0,0,0,17,0,0,0,17,0,0,17,348,25,3,9,388,0,0,0,392,14,0,402,99,4,3,0,110,0,0,0,110,10,0,123,0,0,0,0,0,0,0,0,0,0,3,3,449,33,10,11,496,0,0,0,502,26,3,527,83,12,0,0,94,3,0,3,98,3,0,97,109,12,3,3,124,0,0,0,124,5,0,127,4,0,0,0,4,0,0,0,4,0,0,4,0,0,0,0,0,0,0,0,0,0,0,3,193,21,4,0,223,3,0,3,225,8,0,234,0,0,0,0,0,0,0,0,0,0,0,0,4,0,0,0,6,0,0,0,6,0,0,3,3,0,0,0,8,0,0,0,8,0,0,9,202,25,4,0,226,3,0,3,232,5,0,238,54,3,3,0
LGA12900,327,18,0,349,3,0,0,0,3,3,0,3,3,0,0,8,4,0,0,0,4,0,0,0,4,0,0,4,6,0,0,0,6,3,0,3,7,0,0,11,290,28,5,8,331,4,3,4,340,22,0,360,67,11,5,0,77,3,0,6,79,9,0,91,0,3,0,0,3,0,0,0,3,0,0,3,359,40,8,8,411,10,4,11,420,25,0,448,75,3,0,0,72,0,0,0,72,0,0,74,76,10,0,0,82,0,0,0,84,6,0,90,3,0,0,0,4,0,0,0,4,0,0,4,0,0,0,0,0,0,0,0,0,0,0,0,148,10,0,3,167,0,0,0,165,11,0,172,3,0,0,0,3,4,0,4,6,0,0,6,3,3,0,0,7,0,0,0,7,0,0,7,3,3,0,0,4,4,0,4,8,0,0,8,153,12,0,3,167,4,0,8,173,11,0,185,11,0,0,0
LGA12930,4319,166,3,4489,40,4,0,0,43,4,4,6,53,9,0,61,125,18,0,5,144,4,3,9,155,5,0,163,164,21,0,5,193,16,6,16,208,18,0,225,3827,469,47,75,4417,86,22,109,4524,188,3,4714,1303,244,28,39,1609,35,7,46,1649,205,3,1860,9,3,4,5,26,0,0,0,26,0,11,30,5145,718,72,115,6050,122,32,152,6201,389,13,6602,904,107,4,9,1030,19,9,29,1053,60,3,1111,1085,163,10,8,1265,12,5,22,1286,48,0,1329,24,4,6,3,35,0,0,0,35,6,0,45,17,8,0,22,42,0,0,0,42,0,0,47,2030,279,23,44,2372,37,14,50,2424,111,3,2534,20,5,0,0,27,5,0,5,26,4,0,34,78,7,0,0,91,5,4,13,97,5,0,109,94,11,0,5,115,9,4,16,124,13,0,138,2132,289,23,46,2488,47,16,65,2548,120,3,2669,608,112,10,18
LGA12950,135,10,0,142,0,0,0,0,0,0,0,0,0,0,0,0,0,0,0,0,0,0,0,0,0,0,0,0,0,0,0,0,0,0,0,0,0,0,0,0,118,10,0,3,134,3,0,3,137,10,0,143,40,3,4,0,45,3,0,3,46,4,0,53,0,0,0,0,0,0,0,0,0,0,0,0,158,12,3,3,180,7,0,7,185,12,0,195,22,0,0,0,22,0,0,0,22,0,0,20,33,5,0,0,39,0,0,0,39,0,0,42,0,0,0,0,0,0,0,0,0,0,0,0,0,0,0,0,0,0,0,0,0,0,0,0,50,5,0,0,60,0,0,0,60,3,0,61,0,0,0,0,0,0,0,0,0,0,0,0,0,0,0,0,0,0,0,0,0,0,0,0,0,0,0,0,0,0,0,0,0,0,0,0,50,5,0,0,58,0,0,0,65,3,0,66,5,0,0,3
LGA13010,191,4,0,194,0,0,0,0,4,3,0,3,4,0,0,4,0,0,0,0,0,0,0,0,0,0,0,0,0,4,0,0,4,3,0,3,7,0,0,7,148,29,13,4,189,13,0,13,203,4,0,205,54,24,0,3,82,3,0,4,82,26,0,110,0,0,0,0,0,0,0,0,0,0,0,0,200,44,11,7,270,15,0,19,283,29,0,314,53,8,0,0,60,0,0,0,60,3,0,66,58,15,3,0,71,0,0,0,74,9,0,84,0,0,0,0,0,0,0,0,0,0,0,0,0,0,0,0,0,0,0,0,0,0,0,0,114,15,3,0,136,0,0,0,140,13,0,153,0,0,0,0,0,0,0,0,0,0,0,0,0,0,0,0,0,0,0,0,0,0,0,0,0,0,0,0,0,0,0,0,0,0,0,0,114,15,3,0,136,0,0,0,140,13,0,153,16,10,0,0
LGA13310,861,41,0,898,14,0,0,0,17,0,0,0,17,5,0,23,22,0,0,0,27,0,0,0,27,0,0,26,32,7,0,0,42,0,0,0,41,3,0,49,757,92,16,13,889,9,7,22,903,43,0,949,204,35,11,5,252,8,3,9,265,48,4,311,0,0,0,0,0,0,0,0,0,0,0,3,965,127,24,23,1140,24,8,31,1172,93,4,1261,216,17,0,7,240,4,0,8,247,6,0,250,215,31,0,3,250,3,0,3,257,7,0,261,7,4,3,0,11,0,0,0,11,3,0,18,0,0,0,3,5,0,0,0,5,0,0,7,434,52,9,14,508,6,0,7,516,17,0,535,7,0,0,0,7,3,3,8,9,3,0,19,8,0,0,0,8,4,0,5,13,0,0,15,13,0,0,0,13,9,5,13,24,8,0,29,451,52,9,14,525,18,3,18,542,22,0,566,115,13,0,3
LGA13340,411,20,3,436,0,0,0,0,0,3,0,3,6,3,0,7,5,3,0,0,6,0,0,0,13,0,0,13,5,0,0,0,7,3,0,7,16,3,0,18,365,41,7,6,421,7,0,7,429,24,3,450,100,19,0,3,114,7,0,7,123,21,0,139,0,3,0,0,3,0,0,0,3,0,0,3,462,63,7,10,539,13,0,14,557,39,3,599,66,6,0,0,73,0,0,0,75,10,0,83,131,22,3,0,157,0,0,0,159,3,0,163,10,0,0,0,10,0,0,0,10,0,0,10,0,0,0,0,4,0,0,0,4,0,0,4,205,28,7,0,244,3,0,3,246,9,0,260,0,0,0,0,0,0,0,0,0,0,0,0,8,0,0,0,8,0,0,0,7,0,0,7,7,0,0,0,5,0,0,0,12,0,0,12,215,31,7,0,253,3,0,3,256,9,0,266,49,19,0,0
LGA13450,854,42,3,901,7,0,0,0,7,3,0,3,12,0,0,11,9,3,0,0,7,3,0,3,11,0,0,11,13,3,0,0,17,8,0,8,19,0,0,26,762,70,18,12,848,12,8,26,875,47,3,925,227,31,7,10,267,20,3,19,288,69,0,360,3,3,0,0,9,0,0,0,9,3,0,8,992,102,19,20,1129,31,16,48,1172,115,6,1297,187,15,7,5,215,5,0,5,222,10,0,230,299,30,10,3,336,4,3,6,345,14,0,352,4,0,3,0,8,0,0,0,8,0,0,8,3,0,0,0,5,0,0,0,5,0,0,5,497,43,13,11,567,10,3,9,576,20,0,600,6,0,0,0,3,3,0,3,10,3,0,13,5,0,0,0,3,0,0,0,8,0,0,8,11,0,0,0,14,8,0,8,19,3,0,18,508,43,13,13,574,12,3,18,592,20,0,619,105,13,0,3
LGA13510,325,14,0,336,3,0,0,0,3,0,0,0,8,0,0,8,8,4,0,0,8,0,0,0,8,0,0,8,6,6,0,0,16,0,0,0,16,0,0,16,272,47,9,3,330,9,0,9,345,14,0,355,80,4,0,3,86,10,0,10,95,23,0,120,0,0,0,0,0,0,0,0,0,0,0,0,349,54,6,8,416,16,0,18,443,37,0,479,67,9,3,0,77,4,0,4,82,9,0,98,110,13,3,6,124,0,0,0,131,0,0,130,4,0,4,0,8,0,0,0,8,0,0,8,0,0,0,0,0,0,0,0,0,0,0,0,174,29,4,3,214,9,0,9,222,12,0,236,0,0,0,0,3,0,0,0,3,0,0,3,0,4,0,0,7,0,0,0,7,0,0,7,0,4,0,0,3,0,0,0,3,0,0,3,179,26,4,4,219,9,0,9,226,12,0,243,33,7,3,0
LGA13550,411,10,0,427,9,0,0,0,5,3,0,3,9,0,0,15,11,0,0,0,10,0,0,0,9,0,0,12,17,0,0,0,14,7,0,7,22,3,0,26,391,26,8,6,423,6,3,9,437,15,0,448,84,3,13,3,103,11,0,11,110,22,0,135,0,0,0,0,0,0,0,0,0,0,8,9,477,25,15,9,527,19,3,19,549,41,11,595,75,9,0,0,90,0,0,0,90,9,0,98,107,10,0,0,115,0,0,3,122,3,0,119,6,0,0,0,6,0,0,0,6,0,0,6,0,0,0,0,3,0,0,0,3,0,0,5,195,20,4,0,218,0,0,3,221,14,0,227,3,0,0,0,3,3,0,3,5,0,0,7,3,0,0,0,3,4,0,4,4,0,0,7,4,0,0,0,4,3,0,3,9,7,0,12,195,20,4,0,220,3,0,9,230,14,0,245,32,4,0,0
LGA13660,158,4,3,161,4,0,0,0,3,0,0,0,4,0,0,4,0,0,0,0,0,0,0,0,0,0,0,4,5,0,0,0,7,0,0,0,3,0,0,10,154,7,0,0,160,0,0,0,162,7,3,171,49,0,0,0,51,0,0,0,49,14,0,69,0,0,0,0,0,0,0,0,0,0,0,0,203,7,0,0,217,3,0,3,217,21,3,236,39,3,0,0,44,0,0,0,44,0,0,44,47,4,0,0,49,0,0,0,52,0,0,55,0,0,0,0,0,0,0,0,0,0,0,0,0,0,0,0,0,0,0,0,0,0,0,3,88,4,0,0,94,0,0,0,95,3,0,100,0,0,0,0,0,0,0,0,0,0,0,0,0,0,0,0,0,0,0,0,0,0,0,0,3,0,0,0,3,0,0,0,3,0,0,3,89,4,0,0,96,0,0,0,94,3,0,101,15,0,3,0
LGA13800,2352,59,0,2411,9,0,0,0,9,3,0,3,12,4,0,14,56,3,0,3,56,0,0,0,59,0,0,65,64,3,0,3,72,4,0,4,77,4,0,81,2150,186,27,40,2411,12,5,15,2429,64,0,2495,602,48,8,26,683,10,0,10,694,73,3,772,5,4,0,0,6,0,0,0,6,0,9,17,2761,238,36,64,3104,25,5,28,3134,135,15,3279,539,52,3,3,598,3,0,3,601,21,0,622,733,59,12,4,807,3,0,3,813,8,0,824,21,0,6,0,29,0,0,0,29,5,0,32,10,0,0,5,18,0,0,0,18,0,0,15,1300,114,17,14,1450,6,0,12,1458,38,0,1491,4,3,0,0,8,3,0,3,9,0,0,11,28,0,4,0,27,0,0,0,27,3,0,30,33,3,4,0,37,3,0,3,39,5,0,41,1337,117,24,14,1487,10,0,10,1494,39,0,1534,308,29,4,10
LGA13850,81,0,0,81,0,0,0,0,0,0,0,0,0,0,0,0,4,0,0,0,4,0,0,0,4,0,0,4,4,0,0,0,4,0,0,0,4,0,0,4,67,9,3,0,81,0,0,0,81,0,0,81,25,4,0,0,28,0,0,0,32,5,0,39,0,0,0,0,0,0,0,0,0,0,0,0,94,17,3,0,115,0,0,0,115,5,0,124,21,0,0,0,24,0,0,0,24,0,0,24,26,3,0,0,26,0,0,0,26,0,0,31,0,0,0,0,0,0,0,0,0,0,0,0,0,0,0,0,0,0,0,0,0,3,0,4,46,6,3,0,55,0,0,0,55,3,0,54,0,0,0,0,0,0,0,0,0,0,0,0,0,0,0,0,0,0,0,0,0,0,0,0,0,0,0,0,0,0,0,0,0,0,0,0,41,6,3,0,55,0,0,0,55,3,0,57,10,0,0,0
LGA13910,554,26,3,574,3,3,0,0,6,4,0,4,14,3,0,10,8,3,0,0,11,0,0,0,11,0,0,13,10,8,0,0,21,4,0,4,20,3,0,24,464,72,12,14,560,7,0,12,572,27,3,598,159,18,3,9,193,8,3,13,203,42,0,248,0,0,0,0,0,0,0,0,0,0,5,4,632,95,18,22,753,17,3,21,775,69,9,854,103,15,0,0,116,3,0,3,121,3,0,126,177,16,3,0,196,4,0,3,200,3,0,206,0,0,0,0,3,0,0,0,3,0,0,3,3,3,0,4,8,0,0,0,8,0,0,8,277,34,5,4,328,3,0,7,334,7,0,343,0,0,0,0,3,3,0,3,10,3,0,14,6,0,0,0,4,0,0,0,4,0,0,4,5,3,0,0,13,3,0,3,14,3,0,20,286,36,5,9,338,6,0,10,346,15,0,359,69,15,0,4
LGA14000,6072,157,12,6240,81,3,0,0,86,19,0,19,107,8,0,112,165,14,0,8,184,6,0,5,194,3,3,196,240,22,0,8,272,21,0,28,296,7,5,308,5591,521,63,56,6227,120,23,144,6371,166,15,6551,1618,146,15,41,1816,33,7,38,1859,103,8,1967,4,0,0,8,21,0,0,0,21,0,4,19,7220,665,77,99,8060,158,27,180,8248,272,21,8542,1348,141,7,6,1499,35,15,52,1547,71,0,1624,1758,149,10,10,1919,18,4,22,1943,44,0,1989,31,6,11,0,54,0,0,0,51,0,0,53,14,0,0,7,27,0,0,0,29,3,0,36,3151,295,26,27,3497,62,18,78,3575,124,3,3698,36,3,0,0,44,0,0,0,46,4,0,46,81,10,0,0,92,3,0,3,90,4,0,98,118,10,0,0,133,3,0,4,137,5,0,147,3271,307,24,25,3627,67,17,81,3707,129,3,3843,699,61,6,9
LGA14100,538,20,0,559,5,0,0,0,5,0,0,0,5,0,0,5,17,0,0,0,17,0,0,0,17,0,0,15,22,0,0,0,22,0,0,0,22,0,0,26,504,39,5,6,555,3,0,8,559,23,0,580,136,8,3,0,148,0,0,0,148,10,0,157,0,0,0,0,3,0,0,0,3,0,0,3,648,46,10,4,712,3,0,8,715,33,0,742,133,11,0,0,144,0,0,0,144,3,0,149,164,9,0,0,172,0,0,3,175,3,0,179,0,0,0,0,5,0,0,0,5,0,0,7,0,0,0,0,4,0,0,0,4,0,0,4,305,19,3,0,323,0,0,3,330,6,0,332,3,0,0,0,3,0,0,0,3,0,0,3,10,0,0,0,10,0,0,0,10,0,0,10,10,0,0,0,12,0,0,0,12,0,0,12,311,19,3,0,337,0,0,3,337,6,0,348,68,9,0,0
LGA14170,5710,175,13,5900,43,7,0,0,55,6,0,6,58,5,0,66,119,17,0,0,135,0,0,0,135,3,0,139,164,28,0,0,189,6,0,6,194,13,0,207,5097,606,59,54,5811,78,19,95,5905,188,13,6105,992,132,10,29,1174,21,4,24,1198,117,3,1311,7,0,0,3,10,0,0,0,10,0,26,32,6095,738,73,89,6992,98,21,117,7110,304,41,7453,1081,169,6,5,1251,29,6,33,1288,69,0,1354,1092,144,11,5,1248,23,3,25,1272,26,3,1305,28,0,9,0,32,0,0,0,32,0,0,39,5,0,0,12,18,0,0,0,18,3,0,18,2203,312,24,21,2556,49,12,60,2612,99,7,2713,23,8,3,0,31,6,0,7,38,3,0,42,46,10,3,0,59,0,0,4,59,0,0,61,72,18,5,0,95,11,3,11,102,3,0,107,2273,327,24,18,2647,59,13,70,2717,103,7,2824,415,56,6,6
LGA14200,442,8,0,455,3,0,0,0,3,3,0,3,7,0,0,7,4,0,0,0,8,0,0,0,8,3,0,10,9,3,0,0,7,3,0,3,16,3,0,21,378,56,10,7,440,10,3,12,460,16,0,472,120,13,4,0,142,16,0,17,163,32,0,193,0,0,0,0,0,0,0,0,0,0,4,4,501,69,14,7,589,32,3,31,619,49,3,670,117,8,0,0,122,4,0,4,132,9,0,135,116,17,3,3,137,7,0,5,145,3,0,153,3,0,0,0,5,0,0,0,5,0,0,5,0,0,0,7,3,0,0,0,5,0,0,10,237,26,8,9,280,7,0,9,287,16,0,303,3,0,0,0,3,0,0,0,3,0,0,3,0,0,0,0,0,0,0,0,3,0,0,3,6,0,0,0,6,0,0,0,5,0,0,5,241,26,8,9,278,8,0,15,296,16,0,304,47,11,0,0
LGA14300,199,11,0,209,0,0,0,0,0,0,0,0,0,0,0,0,8,0,0,0,3,0,0,0,3,0,0,3,3,0,0,0,7,0,0,0,7,0,0,7,172,13,3,0,202,8,0,8,202,11,0,212,28,3,0,3,38,3,0,3,37,12,0,49,0,0,0,0,0,0,0,0,0,0,0,0,207,19,3,9,233,8,0,8,243,22,0,263,53,9,0,0,64,3,0,3,60,3,0,64,43,3,0,0,49,0,0,0,49,0,0,48,3,0,0,0,3,0,0,0,3,0,0,3,0,0,0,0,0,0,0,0,0,0,0,0,101,10,3,0,109,3,0,3,115,3,0,123,0,0,0,0,0,0,0,0,0,0,0,0,3,0,0,0,5,0,0,0,5,0,0,5,3,0,0,0,5,0,0,0,5,0,0,5,100,10,3,0,115,3,0,3,120,3,0,120,21,3,0,0
LGA14350,572,39,8,619,3,0,0,0,3,0,0,0,10,0,0,7,18,5,0,0,24,0,0,0,26,0,0,24,20,3,0,0,32,0,0,0,29,0,0,36,456,106,15,15,594,13,3,12,606,42,8,653,144,39,6,13,200,17,0,14,216,71,0,292,0,0,0,4,4,0,0,0,4,0,9,14,606,142,19,29,798,27,3,28,821,119,14,953,128,34,0,3,162,3,0,5,167,11,0,173,144,38,7,0,183,0,0,0,188,22,0,212,9,0,3,0,11,0,0,0,11,0,0,11,0,0,0,3,9,0,0,0,9,0,3,9,278,69,8,5,367,3,3,4,367,32,7,410,3,0,0,0,3,3,0,3,3,4,0,8,3,0,0,0,0,0,0,0,0,0,0,0,3,0,0,0,5,3,0,3,7,4,0,13,277,70,8,5,368,6,3,7,376,34,7,420,65,12,3,9
LGA14400,709,28,0,740,0,0,0,0,0,0,0,0,0,0,0,0,13,3,3,0,22,0,0,0,22,0,0,22,16,3,3,0,18,0,0,0,18,0,0,22,612,72,22,9,717,6,0,12,730,30,0,761,113,18,0,3,137,0,0,0,139,11,0,154,3,0,0,0,3,0,0,0,3,0,0,3,734,91,22,12,863,5,0,10,869,45,0,919,139,24,4,0,164,0,0,0,164,5,0,172,264,40,8,0,315,3,0,3,315,9,0,330,3,0,3,0,5,0,0,0,5,0,0,9,4,0,0,7,9,0,0,0,9,0,0,9,410,60,13,11,496,3,0,3,497,18,0,517,0,0,0,0,0,0,0,0,0,0,0,0,7,3,0,0,8,0,0,0,8,3,0,10,7,3,0,0,8,0,0,0,8,3,0,10,418,65,13,11,507,3,0,3,504,20,0,526,61,15,0,6
LGA14500,5050,163,4,5222,57,3,0,3,66,11,0,11,80,0,0,80,136,12,0,5,153,9,0,9,157,8,0,168,193,14,3,8,219,20,0,20,235,13,0,251,4698,365,36,46,5148,112,26,140,5288,173,4,5473,1603,101,15,15,1739,55,7,55,1796,98,0,1894,3,0,0,0,4,0,0,0,4,0,3,12,6300,471,53,66,6889,166,30,201,7087,278,8,7377,1254,100,5,8,1373,29,5,38,1410,58,0,1471,1581,103,16,7,1706,31,7,34,1742,33,0,1777,28,4,8,0,35,0,0,0,35,4,0,42,8,0,0,6,18,0,0,0,19,4,0,18,2874,212,25,24,3138,60,16,73,3214,97,0,3314,29,0,0,0,32,8,0,8,43,0,0,43,84,4,0,0,90,4,0,3,98,0,0,102,118,4,0,3,124,10,0,16,140,0,0,143,2992,214,25,26,3265,79,16,93,3355,100,0,3449,816,60,7,13
LGA14550,197,13,0,204,0,0,0,0,3,0,0,0,3,3,0,7,0,0,0,3,6,0,0,0,6,0,0,3,3,4,0,3,4,0,0,0,7,3,0,9,154,40,3,7,201,5,0,5,204,10,0,217,64,21,4,0,85,6,0,8,91,36,0,127,0,0,0,0,0,0,0,0,0,0,0,0,215,54,3,11,284,9,0,11,293,49,0,347,41,12,0,0,56,0,0,0,56,0,0,57,35,4,3,0,44,3,0,5,47,5,0,50,3,0,0,0,3,0,0,0,3,0,0,3,0,0,0,3,3,0,0,0,3,0,0,3,78,20,9,3,103,4,0,8,107,7,0,113,0,3,0,0,3,3,0,3,7,0,0,9,0,0,0,0,0,0,0,0,0,0,0,3,0,3,0,0,0,3,0,3,6,3,0,6,78,22,9,6,106,9,0,11,114,12,0,122,31,4,0,0
LGA14600,191,12,0,202,0,0,0,0,0,0,0,0,3,0,0,7,0,0,0,0,0,0,0,0,0,3,0,6,4,0,0,0,4,0,0,0,4,9,0,9,166,14,3,13,194,9,0,9,198,16,0,214,58,4,3,7,74,6,4,9,86,13,0,96,0,0,0,0,0,0,0,0,0,0,0,0,221,20,10,20,265,9,4,17,281,24,0,308,33,0,0,0,33,0,0,0,33,4,0,30,41,3,0,3,45,0,0,0,52,3,0,50,0,0,0,0,0,0,0,0,0,0,0,0,3,0,0,3,7,0,0,0,7,0,0,8,73,3,0,6,87,0,0,0,86,4,0,90,0,0,0,0,0,3,0,3,3,0,0,4,0,0,0,0,0,0,0,0,0,3,0,3,0,0,0,0,0,3,0,3,3,3,0,3,73,3,0,6,87,3,0,3,88,11,0,94,23,0,3,9
LGA14650,6252,240,6,6501,34,10,0,3,50,9,0,9,60,11,0,63,135,16,0,4,157,14,0,18,178,11,0,187,169,23,0,12,208,23,0,28,231,22,0,250,5562,622,94,75,6350,114,18,138,6489,265,6,6753,1341,162,34,27,1566,60,6,71,1640,289,12,1937,9,6,0,4,21,0,0,0,21,0,12,35,6918,791,134,103,7939,178,28,206,8147,549,29,8726,1122,120,12,8,1265,22,4,25,1285,95,3,1378,1889,208,35,16,2140,27,5,37,2176,71,6,2247,59,6,9,0,80,3,0,6,87,3,0,90,18,0,0,22,41,0,0,0,41,3,0,49,3086,340,64,43,3530,51,11,62,3592,164,6,3760,32,7,0,0,38,3,0,3,44,3,0,46,70,11,0,0,87,5,0,8,88,3,0,93,102,18,0,0,120,12,0,9,134,3,0,137,3187,360,64,43,3652,62,8,76,3727,171,6,3902,634,88,19,14
LGA14700,1330,34,0,1361,13,7,0,0,19,3,0,3,17,0,0,17,49,3,0,0,47,3,0,3,50,0,0,56,56,8,0,0,67,5,0,5,70,0,0,71,1248,102,14,8,1372,31,6,37,1404,37,0,1441,310,30,0,4,346,8,0,10,358,21,0,376,0,0,0,0,0,0,0,0,0,0,3,3,1555,126,14,21,1719,37,7,43,1760,50,9,1816,303,37,0,0,343,7,0,9,354,22,0,373,348,16,0,3,369,7,0,7,375,3,0,379,7,4,0,0,9,0,0,0,9,3,0,10,5,0,0,0,6,0,0,0,6,0,0,6,665,59,3,4,726,18,0,13,743,27,0,772,11,0,0,0,8,0,0,0,8,0,0,8,13,0,0,0,19,3,0,3,19,0,0,22,24,0,0,0,25,4,0,4,32,0,0,28,685,57,3,3,752,18,0,20,771,28,0,799,139,19,3,3
LGA14750,318,4,0,316,3,0,0,0,3,0,0,0,3,0,0,3,13,4,0,0,15,0,0,0,15,0,3,12,19,4,0,0,16,0,0,0,16,0,3,23,289,34,3,9,332,0,0,3,336,4,3,341,91,17,0,8,111,0,0,0,111,21,0,136,0,0,0,0,0,0,0,0,0,0,6,6,382,50,3,18,446,0,0,3,447,27,7,479,85,6,3,0,92,0,0,0,91,0,0,92,115,12,0,0,126,0,0,0,129,0,0,133,4,0,0,0,4,0,0,0,4,0,0,4,0,0,0,0,3,0,0,0,3,0,0,3,199,18,9,3,228,0,0,0,232,3,0,235,4,0,0,0,4,0,0,0,6,0,0,6,5,0,0,0,6,0,0,0,6,0,0,9,11,0,0,0,12,0,0,0,11,0,0,13,211,18,9,7,237,3,0,4,238,3,0,247,36,8,3,0
LGA14850,1136,76,3,1212,9,7,0,0,14,7,0,7,16,3,0,21,15,10,0,0,24,3,0,3,27,3,0,36,21,14,0,0,37,10,0,10,50,4,0,58,944,179,10,16,1155,21,4,29,1185,83,3,1268,250,77,0,3,334,12,10,21,351,76,0,428,0,0,6,0,4,0,0,0,3,0,3,11,1196,259,16,21,1492,35,16,46,1538,162,6,1703,254,41,5,0,293,3,3,6,304,13,0,316,306,79,4,3,393,13,3,20,409,22,0,428,12,3,3,0,17,0,0,0,17,0,0,21,3,0,0,3,9,0,0,0,6,0,0,6,575,122,7,11,710,16,11,23,739,33,0,778,7,3,0,0,9,3,0,3,10,3,0,13,8,6,0,0,10,3,0,3,19,5,0,23,12,10,0,0,23,7,0,9,30,9,0,33,590,129,7,11,734,21,10,35,763,41,0,805,98,37,6,3
LGA14870,490,23,0,517,3,0,0,0,8,0,0,0,9,5,0,7,21,0,3,0,18,0,0,0,18,0,0,19,19,0,3,0,26,0,0,0,25,3,0,29,452,35,6,13,506,7,0,9,518,26,0,547,115,26,0,8,148,23,0,21,174,57,0,227,0,0,0,0,0,0,0,0,0,0,0,3,569,63,11,22,661,32,3,35,690,83,3,780,106,5,0,0,114,0,0,0,115,4,0,115,152,13,0,0,170,0,3,3,173,5,0,181,8,3,0,0,7,0,0,0,7,0,0,7,0,0,0,3,5,0,0,0,5,0,0,5,267,27,5,5,298,5,3,5,304,11,0,314,0,0,0,0,0,0,0,0,3,0,0,5,12,0,0,0,11,0,0,0,11,0,0,11,13,0,0,0,16,0,0,0,13,0,0,17,277,23,5,5,315,4,3,4,321,11,0,332,63,6,4,4
LGA14900,5952,273,9,6228,90,24,0,0,113,14,3,20,131,22,0,154,184,43,0,6,229,31,3,30,261,34,0,293,272,64,0,6,344,45,3,47,392,58,0,445,5276,693,92,117,6168,141,31,169,6344,327,9,6676,2507,755,64,134,3460,155,61,220,3680,1266,24,4969,15,6,0,9,31,0,0,0,36,6,62,97,7797,1450,151,261,9662,304,90,391,10057,1595,86,11742,1583,153,23,7,1770,36,11,44,1816,109,5,1928,1426,239,21,25,1712,29,6,34,1745,83,3,1827,47,3,8,0,60,0,0,0,60,0,0,62,23,8,0,32,63,0,0,0,64,10,0,77,3084,403,49,66,3603,59,21,80,3688,197,9,3892,51,6,0,0,60,13,3,13,74,10,0,84,87,28,0,3,121,8,3,10,131,17,0,145,136,37,3,0,180,20,5,27,205,23,0,235,3216,441,56,66,3787,84,24,108,3896,225,9,4128,1222,362,31,68
LGA14920,183,11,0,192,0,0,0,0,0,8,0,8,7,0,0,7,10,0,0,0,10,0,3,3,11,0,0,11,10,0,0,0,10,8,3,9,19,0,0,19,179,10,3,3,190,5,3,7,203,11,0,208,56,13,0,4,75,4,3,5,84,9,0,97,0,0,0,0,0,0,0,0,0,0,0,3,236,18,4,8,269,8,3,15,289,18,0,309,55,5,0,0,59,0,0,0,59,0,0,57,61,7,0,0,67,0,0,0,67,0,0,62,0,0,0,0,4,0,0,0,4,0,0,4,0,0,0,3,3,0,0,0,3,0,0,5,114,13,3,3,129,0,0,0,129,3,0,130,0,0,0,0,0,0,0,0,0,0,0,0,6,0,0,0,7,0,0,0,7,0,0,7,6,0,0,0,7,0,0,0,3,0,0,3,121,11,3,3,131,0,0,0,135,3,0,141,24,0,0,8
LGA14950,118,0,0,120,4,0,0,0,4,0,0,0,4,3,0,4,0,0,0,0,0,0,0,0,5,0,0,5,6,0,0,0,6,0,0,0,10,3,0,10,110,6,0,0,117,3,3,6,123,4,0,130,21,0,0,0,20,0,0,0,26,15,0,35,0,0,0,0,0,0,0,0,0,0,0,0,135,7,0,3,141,6,3,6,145,16,0,167,32,0,0,0,32,0,0,0,32,0,0,32,40,0,0,0,36,0,0,0,36,0,0,41,0,0,0,0,0,0,0,0,0,0,0,0,3,0,0,0,3,0,0,0,3,0,0,3,75,0,0,0,76,0,0,0,76,0,0,75,0,0,0,0,0,0,0,0,0,0,0,0,0,0,0,0,0,0,0,0,0,0,0,0,0,0,0,0,0,0,0,0,0,0,0,0,75,0,0,0,76,0,0,0,79,0,0,81,14,0,0,0
LGA15050,2743,84,4,2831,26,5,0,0,39,10,0,10,48,6,0,55,85,13,0,0,103,3,0,4,109,4,3,117,118,16,0,3,140,19,0,19,157,9,3,171,2513,255,46,21,2835,60,4,69,2899,91,13,3005,730,74,23,23,857,42,8,51,904,93,4,1007,6,0,0,3,13,0,0,0,13,0,3,14,3250,328,71,54,3696,108,14,117,3818,187,17,4018,529,41,4,4,586,17,3,15,597,26,0,624,772,66,16,8,862,15,0,18,884,22,3,911,28,0,0,0,30,0,0,0,30,6,0,36,7,0,0,7,12,0,0,0,12,0,0,18,1341,110,30,21,1493,33,7,37,1530,58,3,1590,16,7,0,0,26,3,0,4,26,0,0,28,40,4,0,0,46,4,0,4,56,3,0,58,59,5,0,0,71,8,3,10,81,3,0,84,1398,115,28,21,1565,36,7,45,1610,65,3,1675,319,47,5,14
LGA15240,1862,149,3,2013,19,7,0,0,29,17,0,17,46,12,0,53,45,9,3,0,52,10,0,10,56,3,0,60,60,18,3,3,77,22,0,22,104,11,0,118,1507,308,38,41,1901,56,7,66,1965,159,3,2133,457,121,17,21,619,49,4,53,676,216,6,898,3,0,0,0,3,0,0,0,3,0,11,16,1968,431,62,60,2527,108,13,123,2650,384,19,3048,350,58,9,3,425,11,4,9,433,37,0,474,505,120,12,8,658,23,0,26,680,50,0,726,13,8,0,0,24,0,0,0,24,3,0,27,9,0,0,11,15,0,0,0,15,0,0,15,875,187,27,29,1115,32,3,37,1153,85,0,1242,4,3,0,0,13,6,0,6,21,5,0,30,28,3,0,0,31,3,0,3,30,5,0,38,34,10,0,0,44,8,0,10,56,10,0,61,907,196,30,29,1164,44,3,45,1206,92,0,1301,237,73,7,16
LGA15270,758,27,0,786,9,0,0,0,9,4,0,4,16,3,0,18,24,3,0,0,33,3,0,3,34,0,0,34,41,3,0,0,44,8,0,8,51,3,0,50,689,72,19,14,792,12,7,19,812,28,0,839,232,38,4,7,278,11,3,14,296,45,0,342,0,0,0,0,0,0,0,0,0,0,3,8,922,105,24,17,1075,22,5,29,1102,77,5,1183,121,8,3,0,134,8,0,8,141,3,0,143,228,26,0,0,248,5,0,5,258,4,0,263,11,0,0,0,12,0,0,0,12,0,0,12,3,0,0,3,9,0,0,0,9,0,0,9,361,36,0,4,405,9,0,9,413,14,0,427,5,0,0,0,5,9,0,9,15,0,0,15,9,0,0,0,9,3,0,3,11,0,0,11,15,0,0,0,15,7,0,7,27,0,0,29,371,36,0,4,418,18,0,18,438,15,0,447,107,20,3,0
LGA15300,402,6,0,407,0,0,0,0,5,0,3,3,9,0,0,9,0,3,0,0,4,3,0,3,6,0,0,6,5,3,0,0,12,3,3,5,13,0,0,13,373,25,6,11,413,3,3,3,419,6,0,425,104,8,4,6,120,3,0,3,122,25,0,150,0,0,0,0,0,0,0,0,0,0,0,4,478,33,11,11,528,5,3,5,540,32,3,572,96,8,0,0,96,3,0,3,103,4,0,106,105,9,0,3,119,0,0,0,121,0,0,117,3,0,0,0,3,0,0,0,3,0,0,3,3,0,0,3,7,0,0,0,7,0,0,7,200,17,0,4,223,3,0,3,229,3,0,231,0,0,0,0,0,0,3,3,6,0,0,6,0,0,0,0,0,0,0,0,0,0,0,0,0,0,0,0,0,0,3,3,5,0,0,5,205,17,0,4,222,3,3,9,235,3,0,239,30,0,3,0
LGA15350,888,22,0,909,8,0,0,0,6,0,0,0,6,3,0,6,28,3,0,0,34,0,0,0,37,0,0,37,32,3,0,0,42,0,0,0,43,3,0,40,828,61,4,9,901,19,4,21,924,21,0,948,389,36,3,5,431,8,0,8,443,28,0,467,0,0,0,0,0,0,0,0,0,0,5,4,1226,90,6,17,1338,27,4,30,1371,52,5,1428,195,22,3,3,220,6,5,5,226,11,0,242,235,13,0,4,250,0,0,0,255,3,0,255,6,0,0,0,8,0,0,0,8,0,0,7,0,0,0,0,0,0,0,0,0,3,0,3,435,36,7,4,480,9,5,7,485,18,0,502,5,0,0,0,5,0,0,0,4,0,0,4,4,0,0,0,6,0,0,0,6,0,0,6,12,0,0,0,11,0,0,0,14,0,0,14,441,34,7,4,490,6,5,8,499,18,0,519,214,16,0,3
LGA15520,377,9,0,385,5,0,0,0,5,0,0,0,5,0,0,5,9,0,0,0,9,0,0,0,9,0,0,9,15,0,0,0,15,0,0,0,15,0,0,15,334,29,8,12,383,4,0,4,389,9,0,403,82,15,3,0,100,3,0,3,102,7,0,110,3,0,0,0,3,0,0,0,3,3,0,10,428,46,10,13,491,3,0,3,493,19,0,519,87,9,0,0,97,0,0,0,99,0,0,101,114,12,3,0,128,0,0,0,127,0,0,127,6,0,0,0,6,0,0,0,6,0,0,6,0,0,0,0,3,0,0,0,3,0,0,3,206,22,3,0,228,3,0,4,236,3,0,237,0,0,0,0,0,0,0,0,0,0,0,0,3,0,0,0,4,0,0,0,4,0,0,4,4,0,0,0,3,0,0,0,3,0,0,3,210,22,3,0,235,3,0,4,238,3,0,242,18,7,3,3
LGA15560,122,9,0,129,0,0,0,0,0,0,0,0,0,0,0,0,3,0,0,5,3,0,0,0,3,0,0,3,3,0,0,5,8,0,0,0,8,0,0,8,108,6,0,4,123,3,0,3,126,9,0,132,30,3,0,0,37,0,0,0,37,7,3,40,0,0,0,0,0,0,0,0,0,0,0,0,141,12,0,4,156,3,0,3,159,11,3,175,19,5,0,0,30,4,0,4,30,4,0,35,37,5,0,0,42,0,4,4,43,4,0,46,0,0,0,0,3,0,0,0,3,0,0,3,0,0,0,0,0,0,0,0,0,0,0,0,61,14,0,0,77,4,4,3,80,7,0,86,0,0,0,0,0,0,0,0,0,0,0,0,0,0,0,0,0,0,0,0,0,0,0,0,0,0,0,0,0,0,0,0,4,0,0,4,63,14,0,0,78,3,4,3,80,7,0,88,12,0,0,0
LGA15650,496,11,0,517,7,0,0,3,10,4,0,4,10,0,0,19,15,0,0,0,15,0,0,0,15,0,0,15,28,0,0,3,28,4,0,4,32,0,0,34,477,23,8,9,522,7,0,5,527,18,0,550,178,19,4,4,202,18,5,19,222,35,0,259,3,0,0,0,6,0,0,0,6,0,3,6,658,43,17,16,734,22,4,25,762,52,4,821,99,4,4,0,108,0,0,7,112,4,0,121,160,11,0,0,175,3,0,3,176,4,0,182,7,3,0,0,7,0,0,0,7,0,0,10,0,0,0,0,3,0,0,0,3,0,0,3,271,20,3,3,296,3,0,10,305,4,0,309,4,3,0,0,7,0,0,0,7,0,0,7,5,0,0,0,8,0,0,0,8,0,0,8,10,3,0,0,16,0,0,0,17,0,0,17,282,24,3,3,310,8,0,8,317,4,0,330,75,5,7,3
LGA15700,403,38,0,442,4,3,0,0,7,0,0,0,7,5,0,9,11,0,0,0,11,0,0,0,13,0,0,10,17,3,0,0,18,0,0,0,18,4,0,25,298,87,15,6,398,21,5,24,417,45,0,469,104,38,4,3,149,13,0,13,165,46,0,209,3,0,0,0,3,0,0,0,3,0,0,4,406,122,16,9,551,31,5,36,591,85,3,681,96,18,0,0,116,0,0,0,114,11,0,126,95,25,3,0,127,7,5,15,137,19,0,154,5,0,0,0,5,0,0,0,5,0,0,5,0,0,0,0,0,0,0,0,0,0,0,0,194,48,5,0,246,12,5,16,261,29,0,286,0,0,0,0,0,0,0,0,3,0,0,3,4,0,0,0,4,0,0,0,4,0,0,4,6,0,0,0,6,3,0,3,8,0,0,9,196,48,5,0,247,9,5,19,262,31,0,297,40,14,9,0
LGA15750,507,9,0,515,0,3,0,0,3,0,0,0,4,0,0,4,6,0,0,0,6,0,0,0,3,0,0,9,6,3,0,0,9,0,0,0,11,0,0,10,459,28,19,12,516,3,0,0,514,9,0,524,107,10,3,0,121,12,3,14,137,27,0,162,0,0,0,0,0,0,0,0,0,0,3,5,562,38,22,12,638,18,3,20,652,38,0,693,103,3,0,0,106,4,0,4,111,0,0,115,114,4,4,0,125,0,0,0,127,10,0,134,4,0,3,0,7,0,0,0,7,0,0,7,0,0,0,4,4,0,0,0,4,0,0,4,226,7,7,6,248,5,0,5,250,8,0,263,3,0,0,0,5,0,0,0,5,0,0,6,3,0,0,0,3,0,0,0,3,0,0,3,10,0,0,0,6,0,0,0,9,0,0,8,230,6,7,6,259,5,0,5,259,10,0,274,39,0,0,0
LGA15800,205,14,0,211,0,0,0,0,0,0,0,0,0,0,0,0,6,0,0,0,6,0,0,0,5,0,0,5,6,0,0,0,6,0,0,3,4,0,0,4,180,13,3,8,204,3,0,3,209,14,0,221,39,3,0,0,39,3,3,3,48,5,0,57,4,0,0,0,4,0,0,0,4,0,0,4,222,17,3,8,251,3,4,7,258,18,0,276,50,4,0,0,55,0,0,0,53,0,0,55,61,4,0,0,69,0,0,0,69,0,0,68,3,0,0,0,3,0,0,0,3,0,0,3,0,0,0,0,0,0,0,0,0,0,0,0,114,9,0,0,121,0,0,0,126,4,0,127,0,0,0,0,0,0,0,0,0,0,0,0,0,0,0,0,0,0,0,0,0,0,0,0,0,0,0,0,0,0,0,0,0,0,0,0,111,9,0,0,128,0,0,0,125,4,0,134,18,0,0,0
LGA15850,192,5,0,199,3,0,0,0,3,0,0,0,7,0,0,9,0,0,0,0,0,0,0,0,0,0,0,0,3,0,0,0,3,0,0,0,11,0,0,7,164,18,0,3,192,4,0,4,202,5,0,209,38,11,0,0,51,3,3,10,58,14,0,77,0,0,0,0,0,0,0,0,0,0,0,0,206,31,0,3,247,8,3,12,260,26,0,285,45,0,0,0,48,0,0,0,48,0,0,53,53,6,0,0,65,0,0,0,62,4,0,67,3,0,0,0,3,0,0,0,3,0,0,3,3,0,0,0,4,0,0,0,4,0,0,4,109,5,0,0,117,0,0,0,120,10,0,128,0,0,0,0,0,3,0,3,3,0,0,4,0,0,3,0,3,0,0,0,3,0,0,3,0,0,3,0,3,3,0,3,5,0,0,6,109,5,3,0,125,4,0,4,125,11,0,131,20,0,0,0
LGA15900,4686,170,4,4856,36,13,0,0,50,18,0,18,61,5,0,71,110,20,0,0,126,15,5,18,145,10,0,158,143,27,0,0,172,27,5,33,206,17,0,227,4122,526,65,51,4760,109,21,133,4893,181,3,5079,870,131,17,20,1035,36,13,51,1086,220,0,1306,0,3,0,3,11,0,0,0,11,8,3,28,4990,661,88,70,5812,148,36,178,5987,412,11,6416,879,88,14,5,986,19,6,22,1010,59,3,1068,1286,156,11,10,1465,23,4,29,1497,47,0,1538,42,0,6,0,52,0,0,0,55,0,0,56,18,7,0,8,28,0,0,0,28,4,0,36,2222,254,36,24,2533,43,11,59,2589,111,3,2699,22,4,0,0,31,0,0,0,31,0,0,32,39,12,0,0,47,7,3,10,60,11,0,63,59,14,0,0,77,8,3,9,87,11,0,96,2282,265,36,26,2612,56,10,64,2675,118,3,2794,380,53,8,12
LGA15950,1423,62,0,1479,22,0,0,0,23,3,0,3,25,0,0,32,44,8,0,0,57,0,0,0,57,0,0,54,64,3,0,0,74,3,0,3,82,3,0,83,1308,109,13,27,1456,44,3,48,1499,61,0,1567,383,22,3,11,419,10,0,10,428,30,0,464,0,0,0,3,3,0,0,0,3,0,0,0,1692,134,18,34,1880,50,3,58,1934,95,0,2031,278,36,0,0,312,13,0,13,328,21,0,349,244,22,0,0,270,8,3,7,279,3,0,280,8,0,3,0,5,0,0,0,10,3,0,13,3,0,0,6,6,0,0,0,6,0,0,6,527,59,3,4,596,22,3,28,622,28,0,649,16,0,0,0,14,3,0,3,13,3,0,15,18,3,0,0,16,0,0,0,16,0,0,16,26,3,0,3,34,3,0,3,38,3,0,34,559,60,3,10,630,23,3,27,656,33,0,686,156,11,3,3
LGA15990,11214,288,13,11513,54,10,0,0,60,11,0,11,77,7,0,81,233,14,6,5,254,11,3,14,269,4,0,276,290,21,6,10,321,27,3,27,345,8,0,357,10319,829,134,108,11386,143,30,176,11563,293,13,11870,2392,183,50,47,2671,47,11,55,2732,120,0,2855,10,3,0,4,17,0,0,0,17,0,19,35,12722,1014,182,160,14075,194,41,236,14311,417,34,14758,2183,220,13,8,2420,48,7,57,2485,134,3,2620,3263,285,22,20,3588,39,0,43,3632,48,0,3673,59,11,17,0,81,0,0,0,81,5,0,89,27,3,0,25,54,0,0,0,56,0,3,56,5532,513,50,53,6151,92,9,101,6252,186,8,6438,33,5,0,0,44,7,0,9,47,3,0,54,124,4,3,4,136,7,0,9,139,3,0,144,159,14,3,4,177,10,7,15,191,10,0,196,5683,531,57,58,6328,99,19,116,6443,190,8,6636,1018,82,20,18
LGA16100,133,12,0,146,0,0,0,0,5,0,0,0,5,0,0,5,3,0,0,0,3,0,0,0,3,0,0,3,8,0,0,0,4,0,0,0,4,0,0,4,127,8,0,3,140,3,0,3,142,12,0,154,27,8,0,0,37,6,0,5,40,4,0,48,0,0,0,0,0,0,0,0,0,0,0,0,153,14,3,4,177,6,0,9,186,18,0,204,35,0,0,0,36,0,0,0,36,0,0,37,37,4,0,0,40,0,0,0,40,0,0,40,0,0,0,0,0,0,0,0,0,0,0,0,0,0,0,0,3,0,0,0,3,0,0,0,71,3,0,0,73,0,0,0,73,4,0,75,0,0,0,0,0,0,0,0,0,0,0,0,0,0,0,0,0,0,0,0,0,0,0,0,0,0,0,0,3,0,0,0,3,0,0,3,72,7,0,0,79,0,0,0,79,4,0,81,18,5,0,3
LGA16150,1481,50,3,1527,19,4,0,0,22,0,0,0,24,3,0,24,37,3,0,0,43,3,0,6,43,0,0,43,57,5,0,0,64,6,0,6,67,3,0,67,1336,142,23,20,1521,18,4,25,1545,51,3,1597,268,47,10,14,336,22,3,23,362,55,0,417,0,0,0,0,3,0,0,0,3,0,0,3,1601,193,34,34,1856,39,11,45,1903,107,7,2013,306,29,6,3,346,12,5,14,357,11,0,370,339,24,10,3,378,5,0,5,380,17,0,399,4,4,0,0,10,0,0,0,10,0,0,10,4,3,0,3,10,0,0,0,10,0,0,10,655,64,15,10,742,12,5,15,757,29,5,786,12,0,0,0,12,0,0,0,13,4,0,13,14,0,0,0,13,0,0,0,16,3,0,20,22,0,0,0,23,3,0,3,26,5,0,32,678,60,15,10,763,16,3,20,785,33,5,824,112,18,0,0
LGA16200,491,21,0,513,3,0,0,0,3,3,0,3,6,0,0,6,0,0,0,0,3,0,0,0,3,0,0,3,5,3,0,0,10,3,0,3,9,0,0,9,435,40,0,9,489,7,0,11,502,21,0,525,120,11,6,3,140,4,0,4,146,34,0,182,3,0,0,0,0,0,0,0,0,0,0,0,556,55,5,13,625,14,0,18,646,55,0,704,101,9,0,3,114,3,0,5,120,0,0,120,132,14,0,0,142,0,0,0,142,7,0,144,4,0,0,0,4,0,0,0,4,0,0,4,0,0,0,3,3,0,0,0,3,0,0,3,233,19,0,7,263,3,0,5,266,7,0,268,3,0,0,0,3,0,0,0,6,0,0,6,0,0,0,0,0,0,0,0,5,0,0,5,5,0,0,0,5,4,0,4,5,0,0,5,239,19,0,7,264,3,0,10,270,7,0,279,40,6,0,0
LGA16260,6833,274,10,7118,183,30,0,0,220,40,0,44,257,20,0,277,286,28,0,3,317,20,5,27,350,10,4,363,469,58,5,6,541,56,8,69,608,27,4,637,6325,730,70,63,7187,206,45,251,7443,298,13,7754,2532,426,38,75,3068,100,21,116,3182,371,5,3567,3,0,0,18,20,0,0,0,20,0,22,46,8859,1159,109,154,10274,311,67,371,10652,677,37,11365,1361,161,4,15,1542,51,4,53,1600,89,0,1681,1414,197,20,10,1649,30,5,37,1679,31,0,1712,40,10,6,0,57,0,0,0,57,3,0,65,17,0,0,17,29,0,0,0,31,8,0,37,2839,367,34,39,3281,77,13,93,3373,124,0,3497,87,15,0,0,103,15,0,15,117,9,0,123,104,17,0,3,117,12,3,15,133,11,4,146,184,28,0,3,222,29,5,32,251,18,4,275,3023,397,31,45,3502,108,13,119,3622,147,0,3772,972,196,14,27
LGA16350,6619,195,7,6816,79,9,3,3,96,15,4,20,108,9,0,121,173,25,4,0,206,13,0,18,220,11,0,230,254,35,8,4,299,29,3,31,330,19,0,346,6148,510,73,97,6824,101,21,120,6941,215,7,7169,2146,244,33,74,2506,60,14,70,2578,297,8,2882,8,0,0,9,26,3,0,3,26,3,30,61,8303,753,111,179,9354,162,36,193,9547,517,46,10102,1576,110,14,15,1715,28,7,33,1746,79,0,1824,1654,135,16,14,1817,19,0,19,1837,58,0,1893,65,6,15,0,81,3,0,3,86,0,0,88,16,0,0,20,38,0,0,0,38,3,3,45,3306,254,47,46,3651,45,3,54,3699,138,8,3847,45,3,0,3,51,11,5,9,62,9,0,70,84,14,0,0,101,8,0,8,107,7,0,112,129,21,0,5,148,12,5,16,168,14,0,180,3434,273,46,49,3802,58,11,70,3872,153,8,4025,968,117,18,30
LGA16380,2180,99,0,2279,16,3,0,0,23,3,0,3,24,4,0,27,52,11,0,0,58,7,0,7,70,0,0,68,68,13,0,0,81,12,0,12,93,6,0,102,1881,277,39,20,2219,46,13,60,2271,109,0,2379,471,85,5,11,581,25,7,39,616,131,0,747,0,0,0,3,5,0,0,0,5,0,6,12,2357,365,41,32,2802,76,23,94,2895,236,10,3139,556,67,13,0,634,9,4,9,643,39,0,686,573,101,13,5,689,15,7,20,707,30,0,741,7,7,4,0,25,0,0,0,25,0,0,25,9,0,0,10,18,0,0,0,18,0,0,22,1144,178,27,15,1365,26,7,28,1397,77,0,1471,11,0,0,0,6,4,0,4,12,0,0,15,24,3,0,0,27,4,0,4,28,0,0,29,27,3,0,0,32,9,0,9,38,4,0,45,1173,183,27,16,1397,32,7,39,1433,83,0,1516,169,53,4,3
LGA16400,1918,79,0,2003,19,3,0,3,31,0,0,0,31,5,0,35,77,7,0,0,83,3,0,3,89,9,0,100,95,15,0,3,118,5,0,5,120,8,0,133,1745,208,38,20,2013,19,7,26,2043,89,0,2129,518,87,15,13,630,46,3,50,683,99,0,778,0,0,0,0,0,0,0,0,0,0,10,9,2268,294,52,28,2644,65,13,78,2724,194,9,2922,383,37,7,7,434,0,0,0,435,25,0,460,604,68,9,0,683,3,0,8,694,33,0,728,13,6,12,0,28,0,0,0,28,3,0,32,8,0,0,9,19,0,0,0,19,3,0,20,1010,113,24,18,1170,3,0,9,1178,69,0,1241,15,0,0,0,13,0,0,0,13,0,0,15,41,3,0,0,43,0,0,0,43,4,0,47,52,3,0,0,57,0,0,0,59,9,0,66,1064,112,24,18,1223,4,0,7,1232,76,0,1310,224,40,4,4
LGA16490,2219,60,0,2275,26,4,0,3,27,0,0,0,31,0,0,31,23,7,0,0,30,0,0,3,27,0,0,27,46,5,0,3,57,0,0,5,59,0,0,59,2029,160,24,34,2242,26,7,37,2275,60,0,2337,331,32,17,16,395,10,0,9,407,50,0,459,3,0,0,5,5,0,0,0,5,0,4,10,2362,188,41,55,2642,38,11,49,2690,110,7,2802,629,48,16,11,700,10,0,7,712,25,0,737,461,56,9,5,536,4,3,8,544,19,0,565,18,6,3,0,26,0,0,0,26,0,0,27,9,0,0,7,19,0,0,0,19,0,0,19,1117,107,27,26,1278,14,3,13,1297,42,3,1340,8,0,0,3,13,0,0,0,12,0,0,12,10,3,0,0,14,0,0,0,15,0,0,15,13,6,0,3,18,0,0,3,23,0,0,23,1136,113,27,27,1301,15,3,17,1320,42,3,1368,156,11,0,7
LGA16550,4188,126,7,4322,33,6,0,0,33,4,0,4,39,0,0,43,100,5,0,0,101,8,0,10,113,0,0,113,129,9,0,0,139,9,0,15,154,0,0,152,3764,378,55,60,4248,80,13,92,4338,128,7,4472,887,74,12,8,984,28,5,34,1018,112,3,1129,3,0,0,3,3,0,0,0,3,0,4,12,4649,453,71,63,5233,99,22,124,5356,238,17,5609,851,90,4,0,946,22,3,26,974,46,0,1026,1007,88,14,11,1118,10,5,13,1129,27,3,1162,36,0,12,0,47,0,0,0,44,0,0,44,9,3,0,14,26,0,0,0,26,0,3,31,1899,184,31,24,2136,39,7,45,2184,76,3,2264,26,0,0,3,29,3,0,3,30,0,0,29,40,0,0,0,40,5,0,5,42,3,0,49,67,3,0,3,71,5,0,5,77,3,0,80,1968,184,31,25,2203,41,7,49,2257,85,3,2340,355,38,11,0
LGA16610,557,38,0,599,11,0,0,0,8,3,0,3,14,3,0,18,13,4,0,4,21,3,0,3,28,6,0,29,24,7,0,4,34,3,0,3,34,10,0,43,439,104,18,15,575,18,3,23,592,43,0,643,150,43,3,3,202,14,0,17,221,58,0,276,0,0,0,0,0,0,0,0,0,3,4,5,588,151,19,16,774,31,4,37,813,102,3,925,140,24,0,0,161,0,0,4,170,5,0,174,135,41,0,0,176,0,0,0,173,15,0,189,3,3,5,0,5,0,0,0,5,0,0,5,0,0,0,0,5,0,0,0,5,3,0,5,273,64,3,4,351,3,0,5,355,23,0,373,7,3,0,0,9,0,0,0,9,0,0,15,4,0,0,0,7,0,0,0,7,0,0,7,10,3,0,0,17,0,0,0,17,0,0,18,289,71,9,3,364,3,0,5,368,27,0,396,61,25,3,3
LGA16650,2804,125,6,2933,41,10,0,0,49,4,0,4,52,0,0,52,70,19,0,7,94,9,0,9,99,4,0,108,106,27,0,7,141,14,0,14,151,3,0,160,2459,325,32,57,2884,66,17,80,2963,129,6,3093,884,234,21,50,1187,54,10,58,1243,180,9,1429,4,0,0,6,15,0,0,0,15,3,16,30,3349,564,52,113,4081,116,23,136,4220,311,26,4559,553,86,3,3,641,10,4,16,660,28,0,687,609,104,11,6,728,7,5,13,748,43,0,787,9,8,10,0,23,0,0,0,23,3,0,29,7,0,0,7,20,0,0,0,20,3,0,18,1184,196,17,18,1416,20,10,33,1449,74,0,1524,15,8,0,0,15,3,0,3,18,0,0,18,30,8,0,3,48,3,0,3,54,0,0,51,49,17,0,3,65,4,0,4,70,0,0,73,1226,211,23,26,1486,22,10,33,1519,77,0,1599,434,94,3,15
LGA16700,3633,109,6,3741,50,0,0,0,54,7,0,6,55,0,0,55,134,13,0,0,145,11,8,18,158,3,0,168,184,17,0,0,197,11,8,21,219,3,0,225,3326,355,40,48,3759,70,17,87,3850,113,6,3965,981,158,17,20,1174,28,9,39,1216,133,0,1345,3,0,0,11,12,0,0,0,12,0,4,19,4312,513,51,75,4953,96,27,127,5079,241,8,5330,723,85,6,3,815,24,3,30,849,44,0,892,901,103,3,7,1012,25,3,33,1039,33,0,1076,13,5,3,0,20,3,0,3,22,0,0,25,9,0,0,8,18,0,0,0,18,0,0,18,1647,189,9,19,1872,52,12,59,1933,82,0,2013,29,0,0,0,32,5,0,5,35,0,0,35,49,4,0,0,56,5,0,6,63,0,0,65,78,7,0,0,82,12,0,12,91,0,0,98,1723,201,9,19,1951,62,11,76,2028,86,0,2110,410,69,3,6
LGA16900,2163,83,3,2248,28,5,0,0,30,3,0,3,37,0,0,37,73,5,3,0,80,8,0,8,90,4,0,92,95,13,0,0,118,10,0,10,125,4,0,129,1957,214,44,18,2229,43,10,54,2283,89,7,2375,605,81,18,14,712,14,6,23,735,104,0,847,4,0,0,0,3,0,0,0,3,0,4,11,2569,292,59,31,2952,60,14,73,3029,195,5,3232,369,57,3,8,443,8,6,15,460,23,0,481,761,78,13,4,853,8,0,7,865,16,0,884,26,3,4,0,33,0,0,0,33,3,0,42,3,0,0,4,10,0,0,0,10,3,0,9,1163,136,22,19,1338,21,5,23,1368,46,0,1415,8,3,0,0,9,0,0,3,14,0,0,14,29,0,0,0,27,3,0,3,34,3,0,36,38,3,0,0,41,6,0,5,47,3,0,48,1199,144,28,19,1379,26,5,33,1414,48,0,1459,287,43,0,3
LGA16950,2412,139,0,2551,20,6,0,0,26,9,0,9,34,7,0,34,54,14,0,4,65,6,0,11,76,8,0,86,70,18,0,4,94,16,0,13,111,12,0,123,2015,352,42,35,2446,53,13,74,2519,153,0,2670,634,116,17,20,787,38,11,48,835,184,0,1023,5,0,0,3,14,0,0,0,14,0,9,27,2655,474,62,53,3245,93,27,120,3369,337,10,3722,456,62,12,0,532,15,3,15,550,43,0,594,744,119,11,4,879,15,3,17,900,43,0,944,22,5,6,0,26,6,0,6,33,6,0,38,4,0,3,15,26,0,0,0,26,0,0,22,1228,186,31,18,1462,29,9,42,1508,96,0,1605,12,3,0,0,16,3,0,3,21,3,0,19,21,3,0,0,25,0,0,5,25,4,0,31,29,6,0,0,40,9,0,11,50,5,0,55,1257,194,31,22,1502,37,10,50,1550,101,0,1654,253,62,9,10
LGA17000,744,24,0,769,10,4,0,0,10,3,0,3,10,0,0,10,43,3,0,0,43,0,0,0,46,0,3,51,53,3,0,0,57,3,0,3,59,0,3,60,714,49,16,19,795,13,3,15,804,22,0,834,285,27,8,8,320,9,4,9,332,33,0,361,7,0,0,0,4,0,0,0,4,0,0,4,998,72,23,24,1118,17,4,22,1138,52,0,1200,115,14,3,0,131,0,0,0,131,10,0,143,251,20,7,3,276,3,0,3,281,12,0,290,9,0,4,0,12,0,0,0,12,0,0,12,4,0,0,4,8,0,0,0,8,0,0,10,378,36,13,9,435,3,0,3,434,19,0,455,4,3,0,0,8,0,0,0,11,0,0,11,14,0,0,0,17,0,0,0,19,0,0,19,22,3,0,0,27,4,0,4,27,0,0,27,401,40,13,9,458,7,0,7,467,19,0,482,123,22,4,3
LGA17040,709,23,0,733,7,0,0,0,4,0,0,0,4,0,0,9,10,4,0,0,13,0,0,0,13,4,0,18,18,4,0,0,21,0,0,0,21,6,0,23,629,76,11,11,728,0,0,0,726,27,0,758,105,19,3,7,130,6,0,6,136,31,0,166,0,0,0,3,3,0,0,0,3,0,5,6,734,93,11,21,861,9,0,9,868,58,7,932,196,23,10,4,223,0,0,0,223,15,0,241,150,27,4,3,177,0,0,0,177,9,4,189,5,0,3,0,12,0,0,0,12,0,0,12,10,0,0,0,14,0,0,0,14,0,0,14,355,49,12,6,422,0,0,0,422,18,4,441,0,0,0,0,3,0,0,0,3,0,0,6,0,0,0,0,0,0,0,0,0,0,0,0,0,0,0,0,3,0,0,0,3,0,0,6,361,49,13,6,425,0,0,0,425,23,4,446,39,20,0,0
LGA17080,413,17,0,436,3,0,0,0,3,0,0,0,3,0,0,4,6,0,0,3,11,0,3,3,15,0,0,15,13,0,0,3,15,0,3,3,21,0,0,19,365,30,9,18,425,3,3,5,434,20,0,455,111,17,7,3,133,4,0,4,141,26,0,161,0,0,0,0,0,0,0,0,0,0,3,3,473,45,15,16,555,8,3,12,571,44,4,618,86,4,0,0,88,0,0,0,88,7,0,99,136,21,0,5,159,3,0,3,161,10,0,172,3,0,3,0,5,0,0,0,5,0,0,5,0,0,0,8,9,0,0,0,9,0,0,9,221,28,4,10,266,3,0,3,268,14,0,280,0,0,0,0,0,0,0,0,3,0,0,3,9,3,0,0,13,0,0,0,13,0,0,13,7,4,0,0,15,0,0,0,12,0,0,12,232,30,4,10,279,0,0,0,278,14,0,291,56,3,3,0
LGA17100,931,31,0,959,30,8,0,0,37,7,0,7,42,0,0,43,34,3,0,0,39,0,0,0,38,0,0,40,67,10,0,0,75,6,0,6,82,4,0,86,857,119,8,14,993,16,0,17,1013,34,0,1050,392,74,6,8,485,17,4,19,506,79,5,583,0,0,0,3,5,0,0,0,5,0,6,5,1252,190,21,26,1482,39,4,39,1523,109,11,1643,239,26,0,0,266,9,7,10,276,6,0,280,220,42,3,0,266,5,4,6,274,11,0,283,3,0,0,0,4,0,0,0,4,3,0,7,3,0,0,6,9,0,0,0,9,0,0,8,458,68,0,3,543,10,9,15,555,22,0,579,7,0,0,0,11,4,0,4,18,0,0,18,10,4,0,0,16,0,0,0,17,0,0,20,21,5,0,0,27,6,0,9,33,0,0,34,478,75,3,3,562,19,9,23,588,25,0,616,180,33,5,5
LGA17150,9352,166,8,9521,41,8,0,0,48,8,0,8,56,4,0,61,169,10,3,0,178,3,0,3,183,0,0,183,204,15,3,3,227,10,0,10,232,4,0,238,8686,624,82,105,9498,79,12,88,9583,170,8,9757,1699,116,17,34,1857,25,4,32,1889,78,3,1972,11,0,0,3,15,0,0,0,15,0,11,18,10392,738,99,143,11369,102,21,117,11486,247,22,11757,1789,148,22,11,1967,28,6,29,1999,58,0,2062,2864,187,18,34,3102,25,3,24,3128,41,0,3174,58,14,10,0,77,0,0,0,77,3,0,78,21,0,0,33,50,0,0,0,47,0,0,50,4727,345,50,76,5199,49,9,60,5261,100,0,5361,22,0,0,0,24,3,0,3,23,3,0,26,86,7,0,4,97,6,0,6,101,5,0,104,100,10,0,6,117,9,0,8,121,4,0,126,4828,355,45,78,5313,56,7,67,5383,106,0,5493,800,53,17,19
LGA17200,1892,81,0,1977,28,3,0,0,28,3,0,3,34,0,0,37,45,3,0,0,55,8,0,8,60,8,0,66,71,12,0,0,83,8,0,8,92,5,0,102,1636,221,29,32,1914,58,10,72,1982,88,0,2076,385,53,13,4,456,17,4,17,480,94,3,571,3,0,0,5,4,0,0,0,4,0,0,7,2024,269,42,42,2374,76,14,90,2467,183,3,2654,359,46,3,3,412,14,3,18,424,34,0,461,274,46,10,6,339,4,0,4,340,17,0,361,4,0,0,0,9,0,0,0,9,0,0,9,3,0,0,4,10,0,0,0,9,0,0,8,642,94,11,12,764,23,5,21,783,53,0,840,8,0,0,0,12,0,0,0,10,3,0,12,20,3,0,0,25,0,0,0,25,0,0,23,25,3,0,0,30,0,0,0,35,3,0,34,670,97,11,17,792,24,5,25,820,59,0,876,116,31,3,3
LGA17310,1981,55,0,2041,15,3,0,0,23,8,0,13,32,3,0,39,30,12,0,0,45,3,0,3,46,0,0,46,50,17,0,0,65,10,0,17,83,3,0,88,1764,187,43,26,2028,34,8,39,2061,66,0,2126,337,50,7,12,406,15,4,20,427,84,3,513,3,0,0,4,5,0,0,0,5,0,0,12,2105,237,51,42,2443,46,12,54,2495,147,4,2649,499,33,7,8,546,3,0,4,553,28,0,580,502,52,6,7,570,10,3,11,585,15,0,597,21,3,11,0,25,0,0,0,25,3,0,27,5,0,0,5,13,0,0,0,13,5,0,15,1025,86,24,23,1153,16,3,20,1175,49,0,1228,8,3,0,0,12,3,0,3,23,4,0,23,11,6,0,0,13,0,0,0,17,5,0,19,21,10,0,0,32,7,0,7,37,7,0,49,1048,97,20,25,1184,22,3,27,1212,58,0,1271,146,24,0,3
LGA17350,220,7,0,228,5,0,0,0,5,0,0,0,3,0,0,3,3,0,0,0,3,0,0,0,3,0,0,3,5,0,0,0,5,0,0,0,11,0,0,8,206,12,6,0,219,3,0,3,227,7,0,232,50,8,0,0,58,4,0,3,65,5,0,69,0,0,0,0,0,0,0,0,0,0,3,3,253,18,6,7,286,6,0,9,288,13,3,311,39,5,0,3,46,0,0,0,46,3,0,51,65,4,0,0,73,0,0,0,73,3,0,80,0,0,0,0,0,0,0,0,0,0,0,0,0,0,0,5,3,0,0,0,3,0,0,3,112,12,0,5,125,0,0,0,125,8,0,133,3,3,0,0,6,0,0,0,7,0,0,7,0,0,0,0,0,0,0,0,0,0,0,0,3,3,0,0,6,0,0,0,7,0,0,7,112,11,0,5,135,0,0,0,136,8,0,137,19,3,0,0
LGA17400,142,7,0,149,0,0,0,0,0,0,0,0,0,0,0,0,5,0,0,0,3,0,0,0,3,0,0,3,5,0,0,0,3,0,0,0,3,0,0,3,117,16,3,11,142,6,0,6,144,7,0,156,34,7,0,0,41,0,0,0,46,13,0,63,0,0,0,0,0,0,0,0,0,7,0,3,151,18,3,8,184,3,0,3,192,27,0,216,32,0,0,0,31,0,0,0,31,3,0,32,45,14,0,3,62,0,0,0,63,3,0,65,0,0,0,0,0,0,0,0,0,0,0,0,0,0,0,3,3,0,0,0,3,0,0,3,71,16,0,8,103,0,0,0,100,5,0,104,0,0,0,0,0,0,0,0,0,0,0,0,0,4,0,0,4,0,0,0,4,0,0,3,0,4,0,0,4,0,0,0,4,0,0,3,71,21,0,8,102,0,0,0,106,6,0,112,15,3,0,0
LGA17420,7557,168,8,7733,88,3,0,0,88,12,0,12,96,3,0,104,203,27,0,4,226,3,0,8,233,4,0,238,285,32,0,4,314,16,0,18,334,7,0,337,7059,552,72,69,7759,104,24,130,7890,168,8,8069,1997,183,16,49,2242,61,8,68,2312,136,3,2450,16,0,0,10,25,0,0,0,25,0,4,28,9077,735,92,123,10030,162,33,198,10226,308,21,10555,1799,139,15,8,1962,42,6,45,2012,86,3,2098,2085,161,16,16,2277,25,4,32,2308,28,0,2337,46,6,5,0,57,3,0,3,61,4,0,63,21,7,0,15,50,4,0,3,49,3,0,56,3956,317,42,40,4352,75,9,84,4434,124,6,4563,51,0,0,0,53,6,0,6,59,3,0,61,91,15,0,3,112,6,0,9,116,5,0,121,139,13,0,3,162,15,0,13,175,11,0,184,4095,334,39,44,4508,84,13,102,4611,133,6,4743,941,100,8,16
LGA17550,2464,124,3,2592,16,5,0,0,22,0,0,0,25,3,0,25,65,12,0,0,77,5,0,7,82,3,0,89,80,18,0,0,98,5,0,3,102,10,0,112,2079,358,42,34,2507,47,15,58,2567,135,3,2705,583,137,9,10,743,22,8,28,777,131,0,906,10,0,0,3,10,0,0,0,10,0,8,21,2671,498,52,44,3268,74,17,92,3358,264,19,3636,448,64,6,3,520,11,3,13,529,27,0,565,684,131,9,11,828,6,9,16,848,38,0,883,16,5,8,0,37,0,0,0,33,6,0,40,12,0,0,3,13,0,0,0,13,0,0,13,1155,204,25,21,1399,17,7,26,1432,71,0,1501,11,4,0,0,20,4,0,4,22,0,0,24,32,5,0,0,35,0,0,0,36,0,0,44,40,10,0,0,52,9,0,9,63,3,0,65,1194,214,25,19,1456,24,7,35,1495,73,0,1569,234,49,3,0
LGA17620,508,12,0,523,0,0,0,0,3,3,0,3,4,0,0,4,9,0,0,0,11,0,0,0,11,0,0,15,13,0,0,0,13,3,0,3,15,0,0,17,436,57,8,12,516,6,3,13,526,15,0,547,124,17,6,16,165,6,0,6,173,18,0,189,0,0,0,0,0,0,0,0,0,0,0,3,561,81,15,23,681,19,3,20,701,39,0,736,141,14,0,0,156,0,3,0,156,4,0,161,140,14,0,0,158,3,0,0,160,5,0,163,3,0,0,0,3,0,0,0,3,0,0,3,0,0,0,0,0,0,0,0,0,0,0,0,285,30,3,3,319,5,0,9,323,6,0,336,0,0,0,0,3,0,0,0,3,0,0,5,3,0,0,0,3,3,0,3,10,0,0,10,3,0,0,0,8,3,0,3,8,0,0,13,295,32,3,3,329,8,0,6,334,9,0,349,55,7,3,3
LGA17640,231,10,5,240,0,0,0,0,0,0,0,0,0,0,0,0,4,0,0,0,5,0,0,0,5,0,0,5,4,0,0,0,5,0,0,0,5,0,0,5,197,30,3,0,229,5,0,5,234,10,5,242,48,12,0,3,63,0,3,3,64,6,0,69,0,0,0,0,0,0,0,0,0,0,0,3,243,42,3,4,288,5,3,4,296,18,5,315,62,7,0,0,71,0,0,0,69,0,0,74,88,22,0,0,107,0,0,0,107,3,0,112,0,0,0,0,3,0,0,0,3,0,0,3,0,0,0,3,0,0,0,0,0,0,0,4,152,31,7,4,185,0,0,0,186,7,0,191,0,0,0,0,0,0,0,0,0,0,0,0,4,0,0,0,5,0,0,0,5,0,0,5,4,0,0,0,5,0,0,0,5,0,0,5,153,31,7,4,188,0,0,0,192,7,0,202,26,4,3,0
LGA17650,213,4,0,213,3,0,0,0,3,0,0,0,3,0,0,3,7,0,0,0,7,0,0,0,7,0,0,5,8,0,0,0,8,0,0,0,8,0,0,8,185,20,0,3,218,3,0,3,222,3,0,220,29,14,0,0,49,0,3,3,50,6,0,59,0,0,0,0,0,0,0,0,0,0,0,0,216,34,0,6,258,3,5,12,269,10,0,280,43,8,0,3,54,0,0,3,54,0,0,55,63,9,0,0,77,3,0,3,81,4,0,79,0,0,0,0,0,0,0,0,0,0,0,0,0,0,0,0,0,0,0,0,0,0,0,0,107,18,0,3,131,3,0,5,136,7,0,141,0,0,0,0,0,0,0,0,0,0,0,0,0,0,0,0,0,0,0,0,0,3,0,3,0,0,0,0,0,0,0,0,0,3,0,3,107,18,0,3,133,3,0,5,139,6,0,141,14,9,0,0
LGA17750,2201,74,4,2276,19,0,0,0,23,5,0,5,29,3,0,32,60,4,0,0,68,0,0,0,68,0,0,67,77,8,0,0,84,5,0,8,94,4,4,104,2046,159,33,18,2253,35,13,44,2295,77,6,2382,456,48,17,8,526,19,0,21,547,107,0,655,0,0,0,0,0,0,0,0,0,0,9,15,2497,212,44,20,2781,51,16,67,2849,183,18,3050,554,49,6,8,615,8,6,12,630,29,0,656,548,41,9,3,599,3,0,9,610,15,0,622,20,3,7,0,35,0,0,0,35,0,0,35,3,4,0,4,8,0,0,0,8,0,0,8,1133,97,22,15,1261,13,8,21,1275,39,0,1323,12,3,0,0,17,0,0,0,17,0,0,17,20,0,0,0,23,0,0,0,23,0,0,23,36,3,0,0,40,0,0,0,40,0,0,38,1166,94,22,13,1297,13,8,21,1317,39,3,1363,158,20,8,3
LGA17850,89,0,0,89,0,0,0,0,0,0,0,0,0,0,0,0,0,0,0,0,0,0,0,0,0,0,0,0,0,0,0,0,0,0,0,0,0,0,0,0,77,8,0,0,87,0,0,0,89,0,0,94,34,0,0,0,34,0,0,0,34,3,0,36,0,0,0,0,0,0,0,0,0,0,0,0,110,12,0,0,120,0,0,0,126,4,0,128,16,3,0,0,18,0,0,0,20,0,0,20,20,3,0,0,23,0,0,0,24,0,0,28,0,0,0,0,0,0,0,0,0,0,0,0,0,0,0,0,0,0,0,0,0,0,0,0,40,3,0,0,41,0,0,0,44,0,0,45,0,0,0,0,0,0,0,0,0,0,0,0,0,0,0,0,0,0,0,0,0,0,0,0,0,0,0,0,0,0,0,0,0,0,0,0,40,3,0,0,41,0,0,4,46,0,0,47,9,0,0,0
LGA17900,150,11,0,168,3,0,0,0,3,0,0,0,3,3,0,3,0,0,0,0,0,0,0,0,0,0,0,3,3,0,0,0,3,0,0,0,3,0,0,3,126,14,3,3,154,0,0,4,155,14,0,174,14,7,0,4,24,0,0,0,25,37,0,68,3,0,0,0,3,0,0,0,3,0,0,7,150,20,3,6,184,5,0,4,190,59,0,245,23,3,0,0,25,0,0,0,25,3,0,29,33,4,0,0,42,0,0,0,43,7,0,49,0,0,0,0,3,0,0,0,3,0,0,3,0,0,0,5,4,0,0,0,4,0,0,6,65,6,0,3,71,0,0,0,75,8,0,83,0,0,0,0,0,0,0,0,0,0,0,0,0,0,0,0,0,0,3,3,4,0,0,4,0,0,0,0,0,0,3,3,4,0,0,4,62,6,0,3,77,0,3,0,80,8,0,84,6,0,0,0
LGA17950,100,0,0,100,3,0,0,0,3,0,0,0,3,0,0,3,0,0,0,0,0,0,0,0,0,0,0,0,3,0,0,0,3,0,0,0,3,0,0,3,92,9,0,0,102,0,0,0,108,0,0,108,19,3,0,0,26,0,0,0,26,5,0,31,0,0,0,0,0,0,0,0,0,0,0,0,118,13,0,0,131,6,0,6,137,5,0,137,30,3,0,0,33,0,0,0,33,0,0,33,18,0,0,0,18,0,0,0,18,0,0,18,0,0,0,0,0,0,0,0,0,0,0,0,0,0,0,0,0,0,0,0,0,0,0,0,48,3,0,0,51,0,0,0,51,0,0,51,5,0,0,0,3,0,0,0,3,0,0,3,0,0,0,0,0,0,0,0,0,0,0,0,5,0,0,0,3,0,0,0,3,0,0,3,47,4,0,0,57,0,0,0,57,0,0,56,5,0,0,0
LGA18020,255,18,0,270,0,0,0,0,0,0,0,0,4,0,0,3,3,0,0,0,3,0,0,0,3,0,0,3,3,0,0,0,6,0,0,0,8,4,0,12,220,34,0,5,255,7,5,11,264,20,0,279,36,7,0,0,45,7,0,6,55,27,0,84,0,0,0,0,0,0,0,0,0,0,0,0,256,38,0,7,302,10,4,18,313,46,0,365,49,10,0,0,58,0,0,0,58,3,0,64,78,11,0,0,90,0,0,0,90,3,0,93,3,0,0,0,3,0,0,0,3,0,0,3,3,0,0,3,5,0,0,0,5,0,0,5,130,21,3,3,154,0,0,0,154,9,0,160,0,0,0,0,0,3,0,3,3,0,0,3,0,0,0,0,0,0,0,0,0,0,0,0,0,0,0,0,0,3,0,3,7,0,0,9,132,21,3,3,156,3,0,3,159,5,0,170,21,10,0,0
LGA18050,2106,57,4,2165,10,0,0,4,16,0,0,0,16,0,0,16,47,0,0,0,46,3,0,4,49,0,0,49,53,0,0,4,57,3,0,4,62,0,0,62,1890,178,22,40,2129,30,9,40,2171,57,4,2232,462,28,5,6,503,15,0,15,515,32,0,543,0,0,0,4,4,0,0,0,4,0,5,18,2353,209,28,51,2634,40,12,53,2687,85,10,2789,371,39,0,3,419,14,0,10,430,12,0,450,479,47,4,7,533,7,0,8,541,7,0,555,10,0,0,0,13,0,0,0,13,0,0,9,8,0,0,3,13,0,0,0,13,0,0,12,869,92,8,11,979,22,0,21,998,22,5,1028,10,0,0,0,13,0,0,0,13,0,0,15,18,3,0,0,21,0,0,3,24,3,0,25,31,3,0,0,34,3,0,3,38,4,0,42,901,88,11,11,1009,21,3,23,1040,30,5,1065,204,12,3,0
LGA18100,115,4,0,125,0,0,0,0,0,0,0,0,0,0,0,0,0,0,0,0,0,0,0,0,4,0,0,4,0,0,0,0,0,0,0,0,5,0,0,5,108,4,0,5,116,0,0,0,120,4,0,126,19,3,0,3,28,0,0,0,26,6,0,28,0,0,0,0,0,0,0,0,0,0,0,0,121,11,0,7,145,3,0,3,143,9,0,157,25,0,0,0,25,0,0,0,25,0,0,25,44,3,0,0,51,0,0,0,51,3,0,48,5,0,0,0,5,0,0,0,5,0,0,5,0,0,0,0,0,0,0,0,0,0,0,0,79,3,0,0,79,0,0,0,79,3,0,83,0,0,0,0,0,0,0,0,0,0,0,0,0,0,0,0,0,0,0,0,0,0,0,0,0,0,0,0,0,0,0,0,3,0,0,3,79,0,0,0,81,0,0,0,79,3,0,80,6,0,0,0
LGA18200,211,6,0,211,0,0,0,0,0,3,0,3,3,3,0,5,0,0,3,0,4,0,0,0,4,0,0,4,0,0,3,0,4,3,0,3,3,3,0,12,180,11,8,8,210,5,0,5,210,10,0,225,36,7,0,9,56,6,0,6,58,21,0,82,0,0,0,0,0,0,0,0,0,0,0,0,224,24,5,18,264,7,0,7,270,25,3,303,42,3,0,0,51,0,0,0,50,3,0,54,65,3,0,0,66,0,0,0,66,4,0,68,0,0,0,0,4,0,0,0,4,0,0,3,0,0,0,3,0,0,0,0,0,0,0,0,109,7,0,3,124,0,0,0,122,7,0,132,3,0,0,0,3,0,0,3,3,0,0,3,0,0,0,0,0,0,0,0,0,0,0,0,3,0,0,0,3,0,0,3,3,0,0,6,108,7,0,3,125,0,0,3,125,8,0,133,23,3,0,0
LGA18230,1649,56,0,1707,8,7,0,0,19,4,0,4,23,0,0,23,9,0,0,3,16,0,0,0,17,0,0,18,20,7,0,3,34,4,0,6,45,0,0,47,1471,150,21,18,1656,25,10,32,1693,62,0,1754,328,27,8,3,365,26,0,26,388,77,0,468,6,0,0,0,6,0,0,0,6,0,4,10,1801,174,25,27,2032,46,10,58,2090,138,9,2230,414,24,3,0,435,6,3,5,444,20,0,462,422,45,4,6,472,7,3,7,484,8,0,493,10,0,0,0,10,3,0,3,16,0,0,16,4,0,0,3,6,0,0,0,6,3,0,5,842,64,10,10,922,11,3,16,942,34,0,977,7,0,0,0,7,3,0,3,10,0,0,10,7,4,0,0,10,0,0,0,10,0,0,8,15,4,0,0,19,3,0,3,17,0,0,21,856,65,10,9,943,18,3,19,966,31,0,997,139,13,3,3
LGA18250,2920,97,4,3021,52,0,0,0,58,11,0,11,60,0,0,64,81,3,0,0,79,6,3,5,92,9,0,98,132,3,0,3,134,13,3,17,152,9,0,158,2721,225,20,25,2984,70,13,83,3067,109,4,3183,923,74,16,17,1026,27,0,24,1053,69,3,1124,0,0,0,5,6,0,0,0,6,0,10,11,3644,298,36,40,4014,95,14,108,4123,179,14,4317,602,52,3,0,662,22,9,29,686,30,0,714,661,62,13,6,738,7,0,6,745,17,0,765,9,3,0,0,16,0,0,0,14,0,0,17,6,0,0,3,12,0,0,0,12,0,0,16,1281,116,16,14,1422,28,9,36,1460,52,0,1510,20,0,0,0,23,4,0,4,29,0,0,29,37,0,0,4,43,3,0,8,52,5,0,54,61,3,0,4,63,7,0,10,75,5,0,75,1338,121,16,17,1491,37,10,45,1533,52,0,1585,411,40,0,7
LGA18350,1568,46,4,1620,12,3,0,0,11,0,0,0,12,0,0,12,33,3,0,3,40,0,4,0,41,0,0,42,39,6,0,3,48,3,4,3,51,3,0,55,1388,174,23,21,1605,7,4,16,1618,50,4,1673,374,55,9,7,440,4,0,4,443,48,3,502,4,0,0,0,4,0,0,0,4,0,3,6,1763,228,32,29,2054,9,4,13,2071,97,12,2182,279,25,3,0,309,3,0,0,317,16,0,327,476,69,10,3,560,6,0,6,565,7,0,573,10,0,8,0,16,0,0,0,16,0,0,21,3,0,0,8,10,0,0,0,10,0,0,10,773,92,20,13,898,7,0,10,911,20,0,930,3,0,0,0,4,0,0,0,4,0,0,4,20,3,0,0,23,0,0,0,23,0,0,25,20,3,0,0,28,0,0,0,28,0,0,28,796,97,20,13,925,7,0,10,935,26,0,957,191,24,6,3
LGA18400,2165,52,3,2221,16,0,0,0,19,0,0,0,19,3,0,21,28,7,3,0,37,0,0,3,41,6,0,47,47,10,3,0,58,0,0,3,62,7,0,68,1997,140,40,32,2199,16,3,20,2220,59,3,2291,518,44,16,15,597,17,0,17,609,47,7,666,3,0,0,3,11,0,0,0,11,0,6,16,2520,180,56,52,2804,38,3,41,2841,109,14,2974,480,33,5,3,528,7,0,7,531,20,0,552,629,50,7,3,690,10,0,10,706,12,0,710,22,0,4,0,33,0,0,0,33,0,0,31,5,0,0,9,14,0,0,0,14,0,0,14,1130,87,22,17,1260,14,0,14,1275,35,0,1307,23,0,0,0,23,0,0,0,20,0,0,20,16,3,0,0,16,0,0,0,18,4,0,21,39,3,0,0,39,4,0,4,40,4,0,47,1168,92,21,17,1300,19,0,19,1317,33,0,1354,248,22,5,11
LGA18450,6497,246,9,6755,59,14,0,0,74,5,0,5,84,8,0,96,183,26,3,3,216,15,7,21,237,13,0,247,248,33,3,5,294,19,7,27,315,25,0,341,5866,651,102,73,6690,90,41,127,6817,268,9,7092,1446,232,31,42,1752,59,22,83,1831,407,4,2243,16,0,0,5,20,0,0,0,22,0,26,46,7323,882,136,128,8463,148,66,208,8676,673,38,9381,1220,139,13,10,1382,27,11,31,1412,79,0,1488,1923,190,28,19,2152,23,7,25,2180,55,0,2238,49,14,15,0,80,4,0,4,76,4,0,80,13,3,0,20,30,0,0,0,30,0,3,33,3201,339,54,45,3647,48,10,64,3710,138,0,3844,40,4,0,0,52,3,0,7,57,9,0,64,92,5,0,0,103,7,3,15,110,11,0,119,135,13,3,3,155,17,3,18,168,16,0,189,3341,350,63,49,3796,66,14,79,3880,153,0,4035,696,94,23,13
LGA18500,1457,59,0,1512,14,0,0,0,14,0,0,0,15,0,0,15,33,7,0,0,40,0,0,0,40,0,0,40,50,7,0,0,52,3,0,7,57,0,0,57,1354,113,12,15,1489,25,3,26,1511,59,0,1573,518,41,6,15,584,12,0,12,593,41,0,635,0,0,0,0,0,0,0,0,0,0,3,4,1873,152,15,32,2075,30,3,37,2110,96,5,2209,295,29,0,3,329,8,0,11,340,19,0,357,334,37,0,4,374,3,0,3,376,12,0,391,7,3,0,0,15,0,0,0,15,0,0,13,3,0,0,7,10,0,0,0,9,0,0,9,640,73,0,13,726,15,0,17,735,32,0,769,6,0,0,0,6,0,0,0,6,0,0,6,7,0,0,0,10,6,0,6,10,0,0,10,9,0,0,0,16,6,0,6,18,0,0,18,653,70,0,13,733,21,0,21,753,32,0,790,293,19,0,7
LGA18710,740,16,0,759,3,0,0,0,3,0,0,0,3,0,0,3,7,0,0,0,8,0,0,0,7,0,0,7,11,0,0,0,15,0,0,0,15,0,0,15,647,75,10,13,746,6,0,6,750,16,0,773,117,9,10,0,138,3,0,3,147,15,0,157,0,0,0,0,0,0,0,0,0,0,3,3,768,84,16,12,885,11,0,11,895,30,7,933,198,18,3,0,222,0,0,0,222,11,0,229,198,16,0,0,216,0,0,0,215,8,0,224,11,5,3,0,15,0,0,0,15,0,0,15,0,0,0,5,4,0,0,0,4,0,0,4,405,40,6,5,454,0,0,0,453,14,0,472,3,0,0,0,3,0,0,0,3,0,0,3,5,0,0,0,5,0,0,0,3,0,0,3,7,0,0,0,7,0,0,0,8,0,0,8,406,40,6,5,461,0,0,5,464,14,0,480,59,0,3,3
LGA19399,49,0,0,49,0,0,0,0,0,0,0,0,0,0,0,0,0,0,0,0,0,0,0,0,0,0,0,0,0,0,0,0,0,0,0,0,0,0,0,0,43,0,0,0,49,0,0,0,49,0,0,49,6,3,0,0,10,0,0,0,10,0,0,10,0,0,0,0,0,0,0,0,0,0,0,0,52,3,0,0,52,0,0,0,52,0,0,52,19,0,0,0,19,0,0,0,19,0,0,17,4,0,0,0,4,0,0,0,4,0,0,4,0,0,0,0,0,0,0,0,0,0,0,0,0,0,0,0,0,0,0,0,0,0,0,0,18,0,0,0,18,0,0,0,18,0,0,19,0,0,0,0,0,0,0,0,0,0,0,0,0,0,0,0,0,0,0,0,0,0,0,0,0,0,0,0,0,0,0,0,0,0,0,0,18,0,0,0,18,0,0,0,18,0,0,19,0,0,0,0
LGA19499,0,0,0,0,0,0,0,0,0,0,0,0,0,0,0,0,0,0,0,0,0,0,0,0,0,0,0,0,0,0,0,0,0,0,0,0,0,0,0,0,0,0,0,0,0,0,0,0,0,0,0,0,0,0,0,0,0,0,0,0,0,0,0,0,0,0,0,0,0,0,0,0,0,0,0,0,0,0,0,0,0,0,0,0,0,0,0,0,0,0,0,0,0,0,0,0,0,0,0,0,0,0,0,0,0,0,0,0,0,0,0,0,0,0,0,0,0,0,0,0,0,0,0,0,0,0,0,0,0,0,0,0,0,0,0,0,0,0,0,0,0,0,0,0,0,0,0,0,0,0,0,0,0,0,0,0,0,0,0,0,0,0,0,0,0,0,0,0,0,0,0,0,0,0,0,0,0,0,0,0,0,0,0,0,0,0,0,0,0,0,0,0,0,0,0,0,0,0,0,0
LGA19799,0,0,0,0,0,0,0,0,0,0,0,0,0,0,0,0,0,0,0,0,0,0,0,0,0,0,0,0,0,0,0,0,0,0,0,0,0,0,0,0,0,0,0,0,0,0,0,0,0,0,0,0,0,0,0,0,0,0,0,0,0,0,0,0,0,0,0,0,0,0,0,0,0,0,0,0,0,0,0,0,0,0,0,0,0,0,0,0,0,0,0,0,0,0,0,0,0,0,0,0,0,0,0,0,0,0,0,0,0,0,0,0,0,0,0,0,0,0,0,0,0,0,0,0,0,0,0,0,0,0,0,0,0,0,0,0,0,0,0,0,0,0,0,0,0,0,0,0,0,0,0,0,0,0,0,0,0,0,0,0,0,0,0,0,0,0,0,0,0,0,0,0,0,0,0,0,0,0,0,0,0,0,0,0,0,0,0,0,0,0,0,0,0,0,0,0,0,0,0,0
