LGA_CODE_2016,M_Tot_0,M_Tot_1_15,M_Tot_16_24,M_Tot_25_34,M_Tot_35_39,M_Tot_40,M_Tot_41_48,M_Tot_49over,M_Tot_hours_NS,M_Tot_Tot,F_AgriForestFish_0,F_AgriForestFish_1_15,F_AgriForestFish_16_24,F_AgriForestFish_25_34,F_AgriForestFish_35_39,F_AgriForestFish_40,F_AgriForestFish_41_48,F_AgriForestFish_49over,F_AgriForestFish_hours_NS,F_AgriForestFish_Tot,F_Min_0,F_Min_1_15,F_Min_16_24,F_Min_25_34,F_Min_35_39,F_Min_40,F_Min_41_48,F_Min_49over,F_Min_hours_NS,F_Min_Tot,F_Mnfg_0,F_Mnfg_1_15,F_Mnfg_16_24,F_Mnfg_25_34,F_Mnfg_35_39,F_Mnfg_40,F_Mnfg_41_48,F_Mnfg_49over,F_Mnfg_hours_NS,F_Mnfg_Tot,F_EGW_WS_0,F_EGW_WS_1_15,F_EGW_WS_16_24,F_EGW_WS_25_34,F_EGW_WS_35_39,F_EGW_WS_40,F_EGW_WS_41_48,F_EGW_WS_49over,F_EGW_WS_hours_NS,F_EGW_WS_Tot,F_Cnstn_0,F_Cnstn_1_15,F_Cnstn_16_24,F_Cnstn_25_34,F_Cnstn_35_39,F_Cnstn_40,F_Cnstn_41_48,F_Cnstn_49over,F_Cnstn_hours_NS,F_Cnstn_Tot,F_WTrade_0,F_WTrade_1_15,F_WTrade_16_24,F_WTrade_25_34,F_WTrade_35_39,F_WTrade_40,F_WTrade_41_48,F_WTrade_49over,F_WTrade_hours_NS,F_WTrade_Tot,F_RTrade_0,F_RTrade_1_15,F_RTrade_16_24,F_RTrade_25_34,F_RTrade_35_39,F_RTrade_40,F_RTrade_41_48,F_RTrade_49over,F_RTrade_hours_NS,F_RTrade_Tot,F_AccomFoodS_0,F_AccomFoodS_1_15,F_AccomFoodS_16_24,F_AccomFoodS_25_34,F_AccomFoodS_35_39,F_AccomFoodS_40,F_AccomFoodS_41_48,F_AccomFoodS_49over,F_AccomFoodS_hours_NS,F_AccomFoodS_Tot,F_TransPostWhse_0,F_TransPostWhse_1_15,F_TransPostWhse_16_24,F_TransPostWhse_25_34,F_TransPostWhse_35_39,F_TransPostWhse_40,F_TransPostWhse_41_48,F_TransPostWhse_49over,F_TransPostWhse_hours_NS,F_TransPostWhse_Tot,F_InfoMedTelecom_0,F_InfoMedTelecom_1_15,F_InfoMedTelecom_16_24,F_InfoMedTelecom_25_34,F_InfoMedTelecom_35_39,F_InfoMedTelecom_40,F_InfoMedTelecom_41_48,F_InfoMedTelecom_49over,F_InfoMedTelecom_hours_NS,F_InfoMedTelecom_Tot,F_FinInsurS_0,F_FinInsurS_1_15,F_FinInsurS_16_24,F_FinInsurS_25_34,F_FinInsurS_35_39,F_FinInsurS_40,F_FinInsurS_41_48,F_FinInsurS_49over,F_FinInsurS_hours_NS,F_FinInsurS_Tot,F_RentHirREserv_0,F_RentHirREserv_1_15,F_RentHirREserv_16_24,F_RentHirREserv_25_34,F_RentHirREserv_35_39,F_RentHirREserv_40,F_RentHirREserv_41_48,F_RentHirREserv_49over,F_RentHirREserv_hours_NS,F_RentHirREserv_Tot,F_ProScieTechServ_0,F_ProScieTechServ_1_15,F_ProScieTechServ_16_24,F_ProScieTechServ_25_34,F_ProScieTechServ_35_39,F_ProScieTechServ_40,F_ProScieTechServ_41_48,F_ProScieTechServ_49over,F_ProScieTechServ_hours_NS,F_ProScieTechServ_Tot,F_AdminSupServ_0,F_AdminSupServ_1_15,F_AdminSupServ_16_24,F_AdminSupServ_25_34,F_AdminSupServ_35_39,F_AdminSupServ_40,F_AdminSupServ_41_48,F_AdminSupServ_49over,F_AdminSupServ_hours_NS,F_AdminSupServ_Tot,F_PubAdmiSafety_0,F_PubAdmiSafety_1_15,F_PubAdmiSafety_16_24,F_PubAdmiSafety_25_34,F_PubAdmiSafety_35_39,F_PubAdmiSafety_40,F_PubAdmiSafety_41_48,F_PubAdmiSafety_49over,F_PubAdmiSafety_hours_NS,F_PubAdmiSafety_Tot,F_EducTrain_0,F_EducTrain_1_15,F_EducTrain_16_24,F_EducTrain_25_34,F_EducTrain_35_39,F_EducTrain_40,F_EducTrain_41_48,F_EducTrain_49over,F_EducTrain_hours_NS,F_EducTrain_Tot,F_HealthCareSocA_0,F_HealthCareSocA_1_15,F_HealthCareSocA_16_24,F_HealthCareSocA_25_34,F_HealthCareSocA_35_39,F_HealthCareSocA_40,F_HealthCareSocA_41_48,F_HealthCareSocA_49over,F_HealthCareSocA_hours_NS,F_HealthCareSocA_Tot,F_ArtRecServ_0,F_ArtRecServ_1_15,F_ArtRecServ_16_24,F_ArtRecServ_25_34,F_ArtRecServ_35_39,F_ArtRecServ_40,F_ArtRecServ_41_48,F_ArtRecServ_49over,F_ArtRecServ_hours_NS,F_ArtRecServ_Tot,F_OthServ_0,F_OthServ_1_15,F_OthServ_16_24,F_OthServ_25_34,F_OthServ_35_39,F_OthServ_40,F_OthServ_41_48,F_OthServ_49over,F_OthServ_hours_NS,F_OthServ_Tot
LGA10050,309,857,596,888,2282,2580,1572,2301,220,11620,6,24,7,14,7,18,4,16,3,85,0,0,0,0,0,0,0,3,0,7,22,73,44,58,98,84,37,43,3,465,3,3,6,6,9,7,4,0,0,26,12,51,33,39,47,46,12,19,0,251,4,14,14,30,19,20,12,11,0,134,80,437,256,288,234,105,68,60,9,1539,34,370,200,179,96,93,43,82,17,1122,17,24,33,40,53,29,11,16,3,218,3,19,15,19,32,15,15,3,0,124,11,17,34,44,75,41,32,13,0,269,7,17,13,27,45,29,18,11,7,162,15,60,51,93,122,61,41,35,0,479,8,99,70,48,60,33,12,17,3,354,48,55,99,145,252,111,83,54,10,853,70,223,229,257,271,185,146,190,13,1584,161,273,510,670,540,361,124,140,21,2798,3,34,10,22,14,14,7,9,0,108,11,73,82,74,69,53,23,30,5,421
LGA10130,193,663,423,503,1285,1051,661,1339,129,6252,9,58,47,42,71,55,15,93,6,407,0,0,0,0,0,0,3,3,0,6,4,14,11,15,16,7,9,8,0,80,0,0,0,0,3,3,0,0,0,7,3,10,16,11,13,14,0,3,0,69,0,8,7,5,11,7,6,6,0,55,43,208,119,131,113,42,32,27,12,726,32,203,78,85,34,30,12,40,16,521,4,10,6,13,5,7,3,3,0,46,3,6,12,6,18,3,0,3,0,50,6,11,18,23,52,24,7,3,0,147,3,6,3,11,23,6,9,7,0,65,21,34,34,60,86,34,26,18,3,317,9,58,37,32,36,20,9,15,5,218,12,17,26,30,76,21,11,9,0,208,74,191,167,175,393,195,110,210,13,1517,73,147,213,296,246,182,51,72,10,1288,0,14,0,7,8,0,0,5,0,32,10,39,29,27,35,22,17,13,3,181
LGA10250,257,828,702,933,1693,1687,819,1642,195,8758,14,46,35,37,35,26,13,34,0,238,0,0,0,0,0,0,0,4,0,4,8,56,44,37,55,37,20,24,0,276,0,3,0,0,6,3,0,3,0,18,4,39,24,15,24,23,7,15,0,155,3,12,3,14,18,14,7,5,0,84,50,294,204,211,175,87,46,67,20,1149,28,286,143,169,87,41,31,66,6,864,4,17,23,19,12,15,3,10,0,102,3,10,3,13,20,12,5,12,0,75,6,15,29,25,53,29,13,10,0,175,3,24,23,30,53,13,13,21,0,174,13,70,86,93,91,49,23,49,3,470,11,89,41,50,35,22,12,17,4,286,31,16,53,54,144,46,24,30,4,401,52,174,178,242,241,178,105,169,13,1340,95,214,456,591,426,237,72,106,24,2214,5,31,17,20,8,4,6,9,0,100,7,55,59,49,50,40,8,14,4,292
LGA10300,10,29,24,39,96,105,40,183,25,547,3,9,3,13,3,21,7,17,0,69,0,0,0,0,0,0,0,0,0,0,0,0,0,3,9,0,0,0,0,18,0,0,0,0,0,0,0,0,0,0,0,4,3,0,0,0,0,0,0,8,0,0,0,0,0,0,0,0,0,0,4,8,12,4,11,3,0,3,0,38,0,8,17,10,0,0,4,7,0,47,0,0,0,0,0,0,0,3,0,12,0,0,0,0,0,0,0,0,0,0,0,0,3,3,4,0,0,0,0,5,0,0,0,0,0,0,0,0,0,3,0,0,0,4,0,0,0,0,0,6,0,3,3,3,0,0,0,0,0,20,3,0,3,9,3,4,0,0,0,28,5,8,14,5,4,13,3,3,0,58,3,9,15,22,14,19,8,0,0,91,0,0,0,0,0,0,0,0,0,4,0,0,0,0,0,3,0,0,0,3
LGA10470,290,748,460,566,1964,1912,1054,2053,189,9245,4,37,35,26,15,37,9,41,3,211,0,5,0,0,0,0,0,6,0,12,21,55,46,52,68,83,35,29,3,389,0,3,6,9,12,23,3,0,0,57,10,37,29,25,36,29,21,19,0,204,3,8,13,14,16,8,3,8,0,74,58,300,180,188,197,65,45,66,15,1127,26,284,105,106,98,51,28,58,17,770,3,17,16,11,32,19,9,15,3,126,13,22,16,12,35,13,11,13,3,131,4,12,22,26,45,22,11,7,0,161,4,4,17,9,31,20,11,13,0,120,19,51,44,69,80,40,28,33,5,380,11,82,43,40,70,40,16,15,0,315,48,28,67,84,246,106,55,39,5,675,72,192,211,205,308,223,134,190,25,1553,104,188,354,406,369,304,81,111,17,1940,4,56,17,16,14,13,0,8,0,124,4,61,47,46,54,38,17,19,3,285
LGA10550,291,661,494,636,1243,1215,714,1290,153,6689,12,37,25,45,16,35,12,51,3,241,0,0,0,0,0,0,0,0,0,0,21,41,36,38,70,72,31,36,0,342,0,0,0,3,3,0,0,0,0,12,12,32,12,25,16,16,4,12,0,118,3,9,8,10,14,10,10,4,0,71,51,239,161,188,127,66,50,42,7,938,42,271,121,130,81,41,29,81,16,803,8,27,20,31,21,10,3,7,0,126,0,11,4,8,15,8,3,4,0,49,15,11,25,23,23,24,7,5,0,127,4,12,19,18,29,12,8,8,0,109,22,58,39,53,64,32,13,19,3,300,14,69,49,38,33,19,3,13,4,249,18,25,24,55,93,32,21,16,4,286,27,124,101,144,104,78,50,85,3,716,70,173,275,390,260,160,59,81,17,1493,8,31,15,24,9,7,3,0,0,104,12,37,37,34,37,19,8,15,4,202
LGA10600,84,285,219,333,430,387,210,481,47,2479,0,29,19,21,3,10,3,18,4,107,0,0,0,0,0,0,0,0,0,3,0,13,11,12,10,0,3,3,0,50,0,0,0,0,0,0,0,0,0,3,5,6,16,5,7,5,3,0,0,45,0,3,0,12,3,3,3,0,0,24,7,81,46,68,39,19,8,10,4,294,7,81,42,38,22,10,7,24,3,230,4,4,11,8,0,5,3,0,0,38,3,8,0,4,4,0,0,3,0,26,0,7,7,7,6,0,3,0,0,34,0,12,3,3,16,3,5,3,0,37,3,20,26,19,13,12,9,5,0,109,0,22,18,13,21,8,6,3,0,83,10,10,18,19,31,8,7,12,0,115,17,70,49,74,51,45,29,48,5,387,41,62,127,167,106,83,25,32,9,649,3,6,4,4,3,0,0,8,0,28,7,15,11,13,8,3,6,0,0,63
LGA10650,87,121,69,114,235,330,177,534,54,1722,11,26,21,27,10,24,5,31,0,144,0,0,0,0,0,0,0,0,0,0,0,4,12,13,17,16,10,5,0,82,3,0,0,0,0,0,0,0,0,9,0,15,5,0,0,3,3,3,0,34,0,4,6,4,3,3,0,3,0,23,7,47,41,31,28,4,10,16,3,181,9,56,21,30,19,7,8,28,3,176,6,5,9,10,6,8,0,4,3,45,0,3,4,0,0,0,0,3,0,5,3,0,0,3,6,6,0,0,0,17,0,0,7,0,4,3,0,3,0,18,0,18,10,8,19,5,0,0,0,66,3,12,6,10,4,3,0,0,4,43,3,5,9,0,14,7,3,6,0,39,6,30,23,38,16,27,30,21,0,191,29,38,65,88,46,34,16,22,4,347,0,4,0,6,0,5,0,0,0,15,4,13,10,8,8,3,3,8,0,52
LGA10750,1585,4964,4747,5040,21122,21260,8936,12650,2161,82472,12,32,50,86,55,34,10,18,5,305,0,4,4,0,8,18,6,3,0,47,102,213,298,358,1395,816,276,236,33,3740,20,9,18,22,127,101,33,30,4,357,39,190,192,215,395,424,132,133,13,1740,60,103,194,224,919,627,188,125,14,2455,329,1784,1463,1422,1676,967,361,358,116,8485,140,1460,799,636,635,413,162,201,62,4513,104,171,213,266,810,510,166,142,33,2401,40,98,84,74,337,251,60,48,8,1008,217,184,394,483,1576,1282,289,221,41,4690,32,69,87,74,218,234,76,74,10,874,123,373,416,416,1001,902,251,265,35,3781,76,394,381,337,647,429,136,108,26,2541,225,201,380,457,1627,733,287,214,43,4161,264,887,932,1054,1442,1110,438,711,47,6896,602,1259,2185,2590,3967,2774,638,812,182,15010,30,204,125,102,115,103,23,36,13,747,59,352,308,303,512,308,113,118,19,2108
LGA10800,40,99,52,91,182,243,127,545,49,1414,9,23,25,32,15,32,10,57,4,205,0,0,0,0,0,3,6,23,0,37,3,4,0,4,4,7,0,0,0,23,0,0,0,0,0,0,0,0,0,4,0,3,3,0,4,6,0,0,0,25,0,0,0,0,4,3,4,0,0,16,5,27,27,17,24,16,9,12,0,132,6,46,18,14,3,5,3,12,5,113,0,12,0,0,0,3,3,7,0,24,0,3,0,0,0,0,0,3,0,9,0,0,3,5,3,0,0,0,0,13,0,0,3,0,0,0,3,0,0,11,0,6,9,9,13,3,4,0,0,43,3,6,7,7,0,3,0,3,0,32,3,4,4,6,18,3,3,0,0,49,4,11,21,28,26,19,12,22,3,158,6,24,27,37,21,29,6,16,3,164,0,0,0,0,0,0,0,0,0,3,0,12,8,8,10,5,3,4,0,48
LGA10850,57,117,74,95,256,281,213,564,30,1696,0,21,10,15,0,14,8,41,3,114,4,0,3,0,0,0,3,7,0,19,0,5,9,6,4,11,7,7,0,43,0,0,3,0,3,0,3,0,0,11,0,8,3,10,7,8,0,3,0,36,0,0,5,6,12,3,3,0,0,34,6,48,27,30,17,12,7,8,3,164,0,44,23,12,7,8,5,13,0,116,3,7,4,0,11,3,3,0,0,32,0,0,4,0,0,0,0,0,0,11,3,0,5,10,7,0,0,3,0,28,0,4,6,3,6,0,0,0,0,21,4,15,6,13,11,9,5,8,0,74,4,8,7,9,5,13,4,0,0,61,3,7,9,13,25,13,7,10,3,92,9,31,23,38,32,26,16,21,0,197,23,26,71,67,41,55,23,13,8,335,0,3,0,3,0,0,0,3,0,10,0,13,11,8,16,3,5,4,0,69
LGA10900,491,1620,1217,1431,3209,3854,2265,3796,271,18157,4,15,25,22,18,12,11,11,0,118,0,0,0,0,0,3,0,3,0,10,14,66,62,47,92,68,33,52,0,438,5,0,8,16,22,6,4,11,0,78,11,68,55,47,47,67,21,35,5,350,11,24,25,35,57,45,20,28,3,248,58,446,321,285,210,150,82,95,20,1664,51,514,268,227,153,106,67,97,22,1498,12,34,41,35,48,43,14,17,3,242,4,40,33,31,32,43,20,19,0,215,19,24,53,68,127,83,41,44,4,468,7,52,43,47,52,51,32,24,0,320,41,176,180,162,171,168,69,114,4,1085,20,145,105,75,70,63,28,28,3,536,96,90,217,177,452,219,114,84,5,1459,160,527,537,493,503,503,291,554,23,3587,194,502,846,813,714,546,167,229,25,4039,10,95,65,65,47,54,9,25,4,381,23,114,101,98,87,48,35,26,5,540
LGA10950,14,23,24,39,89,108,81,252,23,646,0,4,6,7,3,4,0,38,3,69,0,0,0,0,0,0,4,18,0,28,0,0,0,0,0,0,0,0,0,3,0,0,0,0,0,0,0,0,0,0,0,0,0,0,3,0,0,0,0,9,0,0,0,0,0,0,0,0,0,3,0,21,8,13,5,5,0,3,0,66,0,12,8,9,5,9,4,8,0,47,0,0,3,3,0,3,0,0,0,7,0,0,0,0,0,0,0,0,0,3,0,0,0,0,3,0,0,0,0,9,0,0,0,0,0,0,0,0,0,3,0,5,3,3,0,3,4,4,0,23,0,5,3,0,0,0,0,0,0,18,4,3,0,3,14,5,3,0,0,29,3,8,8,18,14,11,4,15,0,80,3,6,18,20,16,21,5,9,0,97,0,0,0,0,0,0,0,0,0,4,0,0,8,3,0,3,0,0,0,16
LGA11100,259,796,883,766,2456,3142,1348,2236,293,12176,0,0,3,3,0,3,0,0,0,15,0,0,0,0,0,0,0,0,0,0,9,21,44,34,79,62,33,26,4,311,0,0,0,0,14,14,0,3,0,37,8,18,26,27,34,63,32,22,0,229,5,13,31,32,98,84,31,29,7,324,46,260,216,191,248,152,61,60,17,1249,25,192,210,128,150,86,46,54,18,907,33,24,52,70,173,149,44,51,0,598,14,13,17,21,50,57,18,22,3,219,33,14,46,67,152,180,68,70,4,631,7,13,30,21,63,55,21,26,0,243,25,57,88,96,177,221,94,92,0,864,9,78,88,63,104,92,31,47,16,532,30,35,45,57,171,121,91,61,6,622,48,138,155,136,232,206,82,120,8,1131,93,146,304,297,411,391,105,124,10,1877,5,45,26,33,32,28,9,10,0,202,12,59,53,57,80,59,23,25,8,374
LGA11150,12,32,21,40,92,118,53,144,11,512,0,0,3,0,3,8,3,18,0,32,0,0,0,0,0,0,0,0,0,0,0,0,0,0,3,0,0,0,0,3,0,0,0,0,0,0,0,0,0,0,0,0,3,0,0,0,0,0,0,3,0,0,0,0,0,3,0,0,0,5,0,7,3,8,11,4,0,5,0,45,0,3,0,3,6,4,0,14,0,35,0,0,0,0,0,3,0,0,0,8,0,0,0,0,0,0,0,0,0,5,0,0,0,3,0,0,0,0,0,3,0,0,0,0,0,0,0,0,0,0,0,4,0,0,5,3,0,0,0,17,3,4,0,0,3,4,0,3,0,17,3,0,5,5,27,6,9,3,0,62,3,9,9,22,22,14,8,23,0,112,4,3,13,15,36,25,5,10,0,104,0,0,0,0,0,0,0,0,0,3,0,7,0,3,3,0,0,0,0,11
LGA11200,5,10,11,21,43,48,13,95,8,261,0,0,0,3,3,3,3,22,0,36,0,0,0,0,0,0,0,0,0,0,0,0,0,0,0,0,0,0,0,0,0,0,0,0,0,0,0,0,0,0,0,0,0,0,0,0,0,0,0,0,0,0,0,0,0,0,0,0,0,0,0,0,0,0,0,3,0,0,0,6,0,4,3,0,0,0,0,3,0,12,0,0,0,0,0,0,0,0,0,3,0,0,0,0,0,0,0,0,0,0,0,0,0,0,0,0,0,0,0,3,0,0,0,0,0,0,0,0,0,3,0,0,0,0,0,0,0,0,0,3,0,0,0,0,3,0,0,3,0,5,3,0,0,3,13,3,0,4,0,31,0,6,5,16,13,6,3,17,4,70,3,3,4,8,13,18,0,3,0,57,0,0,0,0,0,0,0,0,0,0,0,0,0,0,0,0,0,0,0,3
LGA11250,151,276,183,249,696,585,393,881,99,3507,0,3,6,3,4,6,0,5,0,28,3,6,3,3,9,6,12,21,0,59,0,7,7,6,4,0,0,3,0,32,0,0,0,0,18,4,0,3,0,27,0,6,0,8,8,4,3,5,0,36,0,3,3,4,7,6,3,0,0,27,21,124,85,84,98,37,15,19,8,491,18,125,77,73,53,17,13,34,4,415,0,6,3,5,8,3,0,7,0,35,0,0,3,0,12,0,4,4,0,27,8,4,9,11,19,8,3,5,0,63,0,8,8,0,16,3,4,0,0,33,0,15,6,9,27,14,4,4,0,76,5,20,23,30,32,13,0,6,3,139,10,17,19,28,103,25,15,10,0,228,20,36,36,89,92,49,42,58,3,420,70,72,93,174,197,274,42,71,11,1001,0,13,0,8,6,5,3,0,0,33,8,22,23,24,28,16,15,6,0,136
LGA11300,148,730,1121,668,1736,2155,802,1328,282,8962,0,0,0,0,4,0,0,0,0,14,0,0,0,0,0,3,0,4,0,8,7,31,31,27,77,56,19,20,0,271,0,3,4,0,18,10,0,0,0,31,9,23,28,18,27,34,12,13,0,160,7,17,20,17,64,48,13,16,0,205,30,180,180,153,155,109,41,38,8,886,18,153,205,97,97,79,16,42,9,719,4,19,13,27,55,37,15,13,0,184,7,28,15,18,40,39,11,13,0,178,18,25,51,56,149,202,42,57,0,605,3,10,22,24,45,53,12,11,0,187,26,72,98,82,170,208,69,65,7,781,6,47,90,47,60,61,19,11,3,345,12,25,24,34,141,83,31,22,0,375,35,180,132,103,140,122,68,82,7,873,58,176,306,269,301,304,81,99,14,1604,3,18,19,17,8,16,4,4,0,95,5,34,44,34,48,37,25,19,7,257
LGA11350,242,835,732,966,968,1217,492,1115,169,6731,4,45,28,21,11,13,6,17,0,153,0,0,0,3,0,0,0,0,0,4,5,31,39,40,29,31,5,19,5,208,0,0,3,4,0,0,0,0,0,12,8,38,26,11,15,11,3,3,0,111,3,15,19,29,18,23,3,11,0,120,28,196,164,179,107,71,42,52,11,843,29,234,164,159,77,74,39,67,16,855,11,20,20,23,11,8,6,7,0,97,3,16,16,11,10,6,8,9,0,87,4,14,14,13,15,13,11,4,0,85,7,23,16,26,24,24,8,22,3,148,7,115,85,94,50,62,17,38,3,480,12,93,71,48,46,39,14,18,9,354,17,12,24,21,63,20,5,15,0,178,36,184,157,173,106,89,50,95,10,900,77,219,309,360,185,123,49,49,14,1388,4,29,20,42,20,13,7,17,3,161,11,64,41,36,27,17,11,23,3,234
LGA11400,105,184,157,189,466,646,416,986,83,3231,9,43,35,44,30,33,8,72,4,271,0,0,3,3,0,3,3,5,0,17,4,3,18,12,15,23,4,10,0,91,0,0,0,3,3,0,0,0,0,9,0,11,10,7,7,12,4,0,0,53,0,8,4,3,9,6,0,3,0,34,13,79,46,57,46,18,11,12,3,292,5,74,29,25,22,16,6,13,0,191,3,6,14,4,6,4,0,0,0,47,3,3,9,4,3,3,0,0,0,27,4,3,8,14,12,6,3,5,0,55,4,0,3,6,9,4,3,0,0,36,9,19,22,23,22,16,9,13,0,134,3,23,20,13,13,22,6,11,0,96,19,15,18,28,70,23,8,9,0,186,21,56,62,75,71,59,28,41,3,418,31,70,112,116,114,115,29,55,7,649,0,3,0,3,3,3,0,4,0,15,0,10,17,14,6,13,10,5,0,88
LGA11450,483,1142,836,932,3834,5135,2827,5377,422,20999,4,29,17,21,20,23,5,32,3,146,0,3,0,0,3,5,3,3,0,23,40,63,106,93,254,175,81,66,11,887,3,3,7,3,30,27,10,14,0,89,22,76,116,126,134,170,37,41,7,734,17,36,53,42,134,108,43,29,0,472,101,558,424,401,467,244,104,128,26,2451,36,435,216,176,136,92,46,76,16,1227,32,54,62,88,132,124,64,60,10,638,6,25,8,25,34,32,14,19,3,170,64,34,85,91,207,197,61,71,3,811,16,30,42,49,114,86,38,33,6,405,56,116,134,153,226,209,78,90,7,1067,24,111,103,82,122,111,35,35,3,629,109,61,131,137,442,217,97,67,12,1274,153,302,400,422,502,440,242,373,12,2848,191,295,577,651,761,595,188,195,39,3487,18,62,61,34,31,27,19,13,0,262,21,133,93,98,156,97,52,43,5,696
LGA11500,817,2353,2022,2398,9450,9031,4383,5824,968,37245,7,18,8,18,23,10,3,3,0,89,0,3,0,0,5,6,0,0,0,16,52,127,147,161,687,421,149,98,12,1855,10,8,4,19,59,37,10,5,0,152,19,89,90,74,170,153,44,39,3,689,22,39,67,71,285,189,63,45,5,784,139,913,730,685,894,411,168,185,46,4173,77,754,405,422,363,178,88,115,50,2454,40,82,98,167,305,282,117,91,12,1196,18,31,36,34,96,70,22,34,0,337,93,63,119,176,544,404,105,92,10,1603,21,28,37,40,144,134,42,42,3,485,46,180,174,156,424,354,121,92,8,1570,36,210,164,225,338,187,58,69,21,1303,94,113,154,194,688,330,162,99,19,1854,141,447,421,549,760,540,199,380,42,3483,260,564,1008,1333,1637,1277,324,402,92,6892,7,97,78,47,43,48,15,17,3,355,34,160,125,124,207,149,82,48,8,946
LGA11520,443,1438,1541,1317,3739,6134,2634,5307,415,22958,3,3,3,3,5,5,0,5,0,29,0,4,5,3,3,10,3,0,0,23,32,63,75,52,138,193,91,115,0,751,3,0,11,0,11,30,12,11,0,88,28,64,83,56,66,133,50,58,0,528,28,39,70,72,151,200,81,93,11,744,60,422,409,250,346,269,123,183,17,2074,41,308,293,146,147,161,82,122,14,1315,19,35,39,50,91,84,45,44,8,421,27,40,42,50,128,182,74,106,3,649,94,66,140,202,446,540,202,271,11,1977,19,57,89,57,104,167,59,76,12,628,94,217,300,270,444,609,228,338,11,2514,22,106,112,80,118,169,68,80,15,766,83,60,100,88,315,221,109,104,7,1099,123,435,411,321,399,462,244,369,13,2777,141,385,599,539,618,656,200,228,30,3397,13,91,55,28,57,53,29,35,4,367,17,138,128,93,137,129,55,61,5,763
LGA11570,1561,6130,6755,6218,17086,18678,7456,10826,2509,77223,3,10,14,14,18,12,6,7,0,86,3,6,0,3,5,9,0,3,0,34,60,284,309,249,1025,594,198,197,32,2946,7,7,13,21,60,47,12,4,0,178,41,225,218,179,266,309,74,80,22,1404,40,132,188,212,527,408,146,100,12,1768,230,1831,1311,1162,1422,777,291,347,114,7473,126,1253,896,698,681,425,190,245,64,4587,91,164,231,231,630,443,166,134,28,2100,33,95,79,107,251,249,63,83,7,969,183,134,337,356,1028,985,259,263,43,3592,28,76,106,88,228,258,84,69,13,948,125,426,517,438,871,870,269,311,31,3849,75,456,515,359,621,420,87,124,37,2675,163,168,280,327,1040,569,245,167,27,2983,272,1032,970,1066,1396,1157,444,679,90,7097,420,1301,1940,1909,2507,2051,470,782,181,11553,42,205,142,103,126,125,38,39,18,833,76,526,449,321,524,386,164,153,45,2649
LGA11600,26,38,21,45,97,128,71,321,40,798,10,14,22,21,10,29,17,42,3,163,0,0,0,0,0,0,0,0,0,0,0,3,0,0,0,0,0,3,0,12,0,0,0,0,0,0,0,0,0,0,0,0,0,4,0,0,0,0,0,3,0,0,3,0,0,4,0,3,0,13,0,13,7,16,3,5,4,4,0,49,0,18,6,8,5,0,0,12,0,55,0,4,3,0,5,4,0,3,0,19,0,0,3,0,0,0,0,0,0,3,0,0,4,5,0,0,0,0,0,14,0,0,0,0,0,0,0,0,0,4,0,3,3,0,3,0,0,0,0,12,8,7,0,3,3,0,0,3,0,27,0,4,5,3,15,0,0,5,0,34,4,10,14,15,9,9,6,15,0,72,13,10,13,23,9,8,7,10,0,79,0,0,0,0,0,0,0,0,0,3,0,3,3,0,0,0,0,0,0,7
LGA11650,2019,5419,4369,5396,14104,17267,8191,13908,1424,72088,21,66,77,67,66,38,9,54,9,404,3,7,7,13,13,19,7,10,0,71,64,298,271,357,627,398,197,166,15,2390,6,13,33,13,70,50,17,10,0,212,50,364,276,254,232,335,87,106,25,1722,54,121,154,148,316,226,95,101,6,1211,394,2384,1711,1591,1423,754,395,358,108,9114,192,2206,1124,1067,618,387,216,292,76,6176,47,153,145,183,200,189,77,72,9,1080,47,117,109,94,250,156,61,81,0,907,161,121,330,336,691,491,163,150,18,2463,50,154,164,154,313,293,94,113,8,1335,130,553,540,504,668,568,235,281,22,3501,109,685,414,373,411,349,98,118,31,2586,263,247,448,495,1259,548,263,217,28,3777,356,1111,1145,1215,1222,1111,528,959,59,7694,871,1636,3330,3719,3178,2441,714,889,172,16943,49,314,161,147,117,110,35,57,3,984,94,585,443,468,574,327,141,120,35,2790
LGA11700,8,14,5,17,46,64,23,135,13,325,5,3,3,3,11,12,3,35,3,63,0,0,0,0,0,0,0,0,0,0,0,0,0,0,0,0,0,0,0,0,0,0,0,0,0,0,0,0,0,0,0,0,0,0,3,0,0,0,0,3,0,0,0,0,0,0,0,0,0,3,0,0,3,0,0,0,0,6,0,11,0,3,3,3,0,3,0,3,0,22,0,0,0,0,0,0,0,0,0,3,0,0,0,0,0,0,0,0,0,0,0,0,0,0,0,0,0,0,0,0,0,0,0,0,0,0,0,0,0,0,0,0,0,0,0,0,0,0,0,0,0,3,0,0,0,4,0,0,0,11,5,0,3,6,11,3,0,0,0,30,0,0,5,11,7,10,3,15,0,54,0,0,3,3,3,21,0,0,0,32,0,0,0,0,0,0,0,0,0,0,0,0,4,0,0,0,0,0,0,8
LGA11720,378,810,691,795,2266,2417,1514,2280,240,11389,6,24,30,24,22,15,9,18,0,156,19,0,6,21,37,29,34,53,0,209,17,79,73,78,94,70,37,34,4,489,0,0,3,4,11,6,5,0,0,37,10,42,43,32,47,49,12,16,3,256,0,11,13,14,26,21,4,3,0,97,91,338,353,274,226,116,60,55,18,1524,49,460,253,218,157,82,78,88,18,1407,12,22,23,20,33,30,19,26,3,198,4,9,4,10,15,9,3,5,0,63,21,11,46,41,85,45,12,11,0,261,8,13,20,13,40,19,19,20,0,168,6,71,61,55,77,61,21,28,4,385,14,103,107,73,79,50,11,38,13,497,32,28,70,39,154,75,36,26,0,464,43,131,160,182,157,111,71,100,12,958,133,220,422,464,413,310,76,108,25,2164,4,39,13,28,16,13,8,7,0,118,23,107,71,79,82,48,19,24,6,469
LGA11730,343,842,674,900,1779,1589,874,1819,217,9043,10,58,46,50,11,39,17,53,9,292,0,0,0,0,0,0,0,0,0,4,3,41,22,30,29,20,13,14,0,179,0,0,3,5,8,8,0,3,0,29,3,31,23,23,28,29,14,28,3,179,0,23,20,21,8,13,9,4,0,106,66,311,235,229,172,83,49,77,25,1242,38,335,172,164,76,45,41,93,13,968,7,21,20,20,36,19,10,7,0,145,8,12,5,5,26,12,5,4,0,86,8,6,27,29,44,21,11,4,0,150,4,12,20,27,55,15,20,13,0,164,14,46,44,59,83,40,17,26,3,327,11,100,57,43,40,38,8,12,7,320,18,30,51,70,233,62,41,29,5,537,47,136,166,204,168,113,74,106,0,1022,119,208,430,571,348,224,80,123,26,2127,3,29,6,19,15,10,5,11,0,105,12,66,41,67,56,25,13,28,8,311
LGA11750,47,38,38,33,123,162,167,495,30,1136,3,6,3,0,3,13,3,33,0,70,10,7,0,4,5,22,24,41,0,111,0,0,3,0,3,3,3,0,0,10,0,0,0,3,3,0,0,3,0,8,0,3,3,5,3,0,0,0,0,14,0,0,0,0,6,3,0,0,0,5,3,19,18,20,20,11,3,12,0,100,5,23,17,20,5,10,8,8,3,99,0,3,3,7,6,3,0,0,0,21,0,0,3,0,3,0,0,0,0,9,3,3,3,3,5,0,0,0,0,11,0,0,0,0,4,3,0,3,0,12,0,4,0,6,3,0,0,3,0,22,3,6,3,4,4,7,3,6,0,33,4,3,6,8,21,4,5,4,0,59,9,4,6,18,11,9,10,26,0,94,10,5,28,22,25,21,5,9,5,126,0,0,0,3,0,3,0,0,0,5,0,4,3,3,3,7,4,3,0,19
LGA11800,436,1442,1082,1483,2964,2853,1496,2816,301,14869,18,68,92,107,111,65,27,43,8,537,0,0,0,3,5,0,0,0,0,9,7,48,41,44,40,36,9,10,0,234,0,3,4,7,7,6,0,0,0,27,13,68,39,65,57,56,27,26,4,350,9,24,30,24,36,18,16,9,0,165,89,587,340,393,333,121,70,90,15,2045,41,571,244,251,172,97,70,102,18,1574,6,34,40,46,28,28,12,25,4,223,3,13,15,13,32,14,6,0,0,96,25,20,29,51,81,43,17,21,0,286,9,30,24,25,91,45,17,32,3,278,34,109,95,116,160,85,39,44,3,686,17,137,87,89,92,53,24,31,9,529,61,47,99,149,284,129,64,46,4,880,80,268,260,343,323,223,139,231,10,1878,179,396,673,907,796,531,144,218,33,3865,8,67,34,34,26,9,8,11,7,192,9,119,74,83,97,48,28,32,0,493
LGA12000,27,54,51,52,135,187,89,285,23,904,7,20,13,13,10,30,3,32,4,124,0,0,0,0,0,0,0,0,0,0,3,3,0,3,11,0,3,0,0,26,0,0,0,0,0,0,0,0,0,3,0,0,0,0,0,0,0,0,0,10,0,0,3,3,0,4,0,0,0,19,0,25,8,18,16,5,4,3,3,85,0,15,10,12,3,3,3,3,0,51,0,3,3,3,3,3,0,4,0,18,0,0,0,0,0,0,0,0,0,3,4,0,3,3,9,0,0,0,0,11,0,0,0,5,4,0,0,0,0,9,0,4,9,9,7,9,0,0,0,40,0,6,10,3,3,0,0,0,0,34,3,3,0,10,17,9,4,3,0,51,3,21,29,17,27,22,14,13,3,150,10,14,24,36,20,21,10,5,0,144,0,3,0,0,3,0,0,0,0,4,0,4,3,5,6,0,0,0,0,15
LGA12150,23,38,38,61,109,123,72,251,36,746,10,14,7,4,4,17,8,48,3,109,0,0,0,0,0,0,0,0,0,0,0,0,0,0,0,0,0,0,0,0,0,0,0,0,0,0,0,0,0,0,0,0,0,0,0,0,0,0,0,4,3,0,0,0,3,3,0,5,0,16,0,16,10,10,10,8,3,0,3,62,0,8,4,0,5,3,0,8,3,35,0,0,0,0,3,4,0,0,0,12,0,0,0,0,0,0,0,0,0,0,4,3,0,0,0,0,0,0,0,11,0,0,0,0,0,0,0,0,0,3,0,0,3,9,3,0,4,0,0,26,0,7,4,3,4,3,0,0,0,20,0,9,3,0,21,6,0,0,0,39,10,13,13,12,28,18,13,23,0,132,6,15,21,35,29,31,0,10,3,150,0,0,0,0,0,0,0,0,0,0,0,0,3,3,9,0,0,0,0,18
LGA12350,69,176,147,168,503,501,271,650,69,2562,9,34,25,35,20,41,6,51,4,230,0,0,0,0,0,0,0,0,0,4,3,11,9,12,16,7,8,8,0,69,0,0,0,0,0,3,0,0,0,7,0,10,4,9,0,3,3,0,0,31,0,3,3,8,5,3,3,0,0,25,11,71,69,51,31,25,21,19,4,305,11,80,45,36,26,11,0,24,5,236,3,9,11,11,9,3,4,3,0,40,0,3,0,0,5,3,3,0,0,16,5,5,3,9,12,5,0,0,0,45,3,5,0,4,8,4,0,0,0,29,7,15,12,15,12,18,3,3,0,82,5,29,12,16,5,5,4,7,0,74,4,9,12,12,30,16,7,3,0,98,12,32,51,51,59,39,35,38,0,322,25,49,106,112,75,74,18,30,8,495,3,5,4,3,3,0,0,3,0,17,0,18,13,12,14,8,10,3,0,81
LGA12380,866,3834,5010,3924,12136,12550,4664,5943,1872,50803,0,4,8,15,13,18,4,3,0,64,4,0,0,3,3,9,3,0,0,23,52,151,173,158,705,396,143,111,15,1908,3,4,4,13,41,32,9,7,0,118,31,147,152,111,165,224,43,51,16,949,32,68,87,96,399,293,80,68,11,1130,134,969,774,595,861,456,164,171,53,4185,75,778,674,404,457,232,92,137,39,2889,31,71,101,132,328,186,57,69,8,975,18,43,48,46,166,140,43,26,4,539,87,87,199,236,781,686,137,129,21,2381,17,40,53,53,125,136,37,34,6,505,55,215,249,196,567,596,141,149,11,2172,29,249,309,219,348,230,78,53,19,1541,99,114,141,198,748,329,110,84,17,1843,106,511,463,491,736,540,197,326,40,3411,290,756,1280,1271,1878,1331,352,556,145,7858,12,82,53,46,61,55,10,14,5,340,29,193,172,146,289,174,74,55,17,1152
LGA12700,72,161,143,163,331,444,214,496,52,2072,0,20,32,13,3,23,3,34,4,132,0,0,0,0,0,8,0,3,0,17,0,10,8,3,9,3,0,3,0,44,0,0,0,0,5,0,0,0,0,8,3,13,9,8,6,9,0,3,0,47,0,0,0,4,9,4,0,0,0,20,8,66,33,27,33,19,11,19,3,215,3,48,32,22,10,9,4,14,0,148,0,9,9,0,10,6,0,8,3,49,0,0,0,0,3,0,0,0,0,9,0,3,7,15,17,7,4,0,0,52,0,3,4,0,6,3,3,0,0,30,7,11,23,24,22,10,7,11,0,124,0,24,11,9,9,7,6,4,0,72,8,7,8,14,40,17,3,8,0,103,7,35,39,36,38,22,20,31,0,226,23,32,73,84,67,50,19,18,3,366,0,4,7,0,0,0,0,0,0,14,0,11,8,13,16,6,4,9,0,70
LGA12730,71,146,102,148,341,438,211,501,46,1995,4,32,14,19,15,27,12,47,3,168,0,0,0,0,0,0,0,0,0,0,4,12,13,23,13,9,0,4,0,78,0,0,3,3,7,3,3,0,0,25,0,4,9,3,7,3,3,3,0,30,0,0,9,3,6,4,0,0,0,25,18,63,28,37,39,18,6,9,6,213,8,52,27,16,22,8,7,19,3,158,0,7,8,8,4,9,0,4,0,42,4,3,0,3,3,3,0,0,0,10,5,3,10,8,14,9,0,0,0,55,0,0,0,0,5,0,0,0,0,14,3,9,11,12,27,16,0,8,0,92,0,16,7,7,10,4,0,0,0,57,0,3,12,11,41,7,0,3,0,84,15,29,43,34,27,31,28,25,4,225,22,56,63,99,88,48,20,25,4,428,0,3,0,0,3,0,0,0,0,9,0,12,10,15,11,5,8,0,0,51
LGA12750,250,753,582,757,1223,1179,577,1036,144,6492,0,15,21,10,13,11,5,17,3,101,0,0,0,0,0,0,0,0,0,0,3,37,11,27,24,22,8,9,0,138,0,3,0,8,3,3,0,0,0,15,3,34,24,27,15,25,3,12,0,139,3,9,5,15,9,3,3,0,0,44,44,273,169,186,167,64,50,52,14,1023,41,269,132,134,74,62,19,74,7,802,3,11,23,12,12,14,7,10,3,108,5,11,11,15,32,15,4,0,0,89,3,5,21,18,16,18,5,6,0,101,5,17,17,22,34,24,8,10,0,124,13,40,43,46,61,29,14,26,0,277,19,81,48,56,35,12,3,13,3,278,30,25,55,79,149,54,35,28,6,466,30,139,110,122,107,91,54,95,9,755,82,185,317,362,260,165,45,76,13,1511,6,23,24,7,8,11,5,10,0,100,8,65,36,41,33,23,10,20,3,239
LGA12850,713,3367,3049,3030,10368,9256,3743,5168,1519,40212,4,33,30,44,61,26,11,8,9,233,0,0,0,3,3,3,0,0,0,6,52,269,241,215,1166,543,151,141,27,2810,0,3,3,15,41,18,7,8,0,97,18,125,98,95,176,181,44,31,7,777,19,89,94,95,360,193,53,59,6,971,102,1036,751,604,819,443,184,242,68,4254,59,792,466,395,348,210,89,147,46,2554,34,95,80,118,362,211,69,40,16,1031,11,44,34,40,108,79,30,23,4,357,71,64,141,170,554,459,108,105,19,1707,12,54,37,34,137,117,33,23,6,449,47,148,201,156,407,365,86,115,16,1539,42,230,189,173,343,206,51,42,24,1297,72,105,124,150,538,231,72,54,15,1357,87,431,354,441,587,416,174,199,32,2721,182,566,757,841,1331,891,252,405,80,5309,16,89,63,54,48,49,13,20,3,348,36,416,298,206,326,213,77,76,24,1676
LGA12870,115,195,125,162,422,631,291,649,66,2664,7,22,23,28,19,39,20,55,4,217,0,0,0,0,0,0,0,0,0,0,19,23,22,18,35,47,12,4,3,189,0,0,0,0,0,0,0,0,0,3,6,14,6,5,9,8,0,3,0,51,0,3,3,4,10,0,5,0,0,30,15,68,55,54,35,19,13,16,0,286,18,93,39,46,17,16,10,23,5,268,3,12,6,15,5,8,0,9,0,53,0,0,4,3,3,3,0,0,0,12,6,0,4,10,3,3,6,0,0,40,0,0,4,3,7,0,3,0,0,21,5,15,9,12,21,18,7,5,0,90,3,20,15,13,5,9,3,3,3,70,7,14,8,11,28,13,6,0,0,84,6,31,27,45,34,26,11,34,4,218,30,39,119,133,72,58,16,23,4,498,0,7,3,3,5,3,0,0,0,21,9,14,15,11,9,8,3,6,0,67
LGA12900,59,129,98,137,351,427,275,590,69,2136,3,27,18,23,17,31,13,55,3,184,0,0,3,0,0,0,0,3,0,10,5,7,9,6,12,10,0,3,0,52,0,0,3,0,0,0,0,0,0,4,3,0,0,3,3,3,3,0,0,16,0,0,3,12,5,9,0,0,0,30,23,47,32,48,38,19,24,18,0,247,9,41,25,15,10,9,5,15,0,128,0,5,4,5,0,0,0,4,0,22,0,3,0,0,0,0,0,0,0,8,5,0,3,10,7,8,5,0,0,31,0,4,0,3,4,0,0,4,0,19,4,11,3,10,21,17,9,13,0,84,0,13,4,11,9,4,0,3,0,40,6,3,7,19,29,3,9,10,0,77,9,27,44,52,55,43,22,41,3,308,23,22,58,92,82,79,12,19,4,393,0,0,0,0,6,0,0,3,0,10,3,9,9,13,5,9,0,7,4,61
LGA12930,722,2836,3367,2590,7556,9143,3705,6057,849,36834,3,11,9,4,11,14,0,8,3,59,0,3,3,0,7,4,4,0,0,24,40,133,138,124,353,244,89,58,6,1194,9,0,11,6,33,21,8,6,0,102,17,108,110,84,111,165,48,44,8,705,24,67,122,104,264,271,72,76,7,1016,133,841,739,562,693,438,148,161,36,3759,76,704,574,294,320,212,95,154,41,2468,37,72,172,168,302,254,79,65,16,1167,23,41,56,44,134,134,60,58,0,555,137,67,209,246,675,638,202,205,18,2392,20,73,80,64,163,170,52,45,10,683,87,251,377,332,594,707,234,227,13,2818,36,225,268,177,270,235,75,63,22,1368,73,78,140,169,534,295,116,92,7,1506,127,617,528,532,642,504,243,375,27,3605,236,665,1270,1130,1270,1096,293,318,59,6328,18,127,81,64,76,62,22,18,12,474,29,174,185,141,225,169,58,57,7,1045
LGA12950,31,54,52,61,129,158,71,368,26,955,3,16,13,4,7,12,12,45,3,124,0,0,0,0,0,0,0,0,0,0,0,0,0,3,3,0,0,0,0,14,0,0,0,0,3,0,0,0,0,3,0,0,0,0,3,0,0,0,0,7,0,3,5,0,0,0,5,0,0,14,3,22,18,16,12,3,3,4,0,88,3,23,12,8,8,0,0,15,0,72,0,0,7,0,0,3,0,0,0,20,0,0,0,0,0,0,0,0,0,3,0,0,0,3,3,4,0,0,0,16,0,0,3,3,0,0,0,0,0,8,3,5,0,7,6,3,0,3,0,26,0,7,3,6,4,3,0,3,0,25,3,3,8,11,28,3,3,0,0,66,4,13,17,29,12,11,14,17,3,130,16,15,26,36,31,33,6,12,5,184,0,0,0,0,0,0,0,0,0,7,0,8,3,0,3,3,3,0,0,17
LGA13010,56,136,143,127,296,276,167,433,47,1673,13,21,14,22,8,24,8,62,7,177,0,0,0,0,0,0,0,0,0,0,0,8,7,5,8,0,0,0,0,32,0,0,0,0,3,0,0,0,0,4,0,5,6,0,0,3,0,9,0,19,3,3,4,10,3,3,3,0,0,25,17,46,25,41,33,11,0,15,0,196,4,65,27,22,8,7,3,19,3,154,0,3,5,0,7,5,0,4,0,26,0,0,0,0,3,0,0,0,0,4,0,0,5,3,3,7,4,5,0,31,0,0,3,3,0,3,4,3,0,14,4,10,4,11,15,4,6,4,0,58,0,13,14,11,7,8,3,0,0,53,10,3,6,11,52,14,4,3,0,98,10,23,26,37,28,29,11,26,3,187,15,40,66,81,64,47,5,21,3,342,0,3,0,0,0,4,0,0,0,9,0,11,10,3,10,7,0,3,0,56
LGA13310,213,447,381,495,1496,1362,704,1462,150,6708,5,24,19,13,14,25,11,31,3,135,0,3,0,0,0,4,0,7,0,19,0,20,17,25,49,17,8,10,3,154,0,0,0,4,0,3,0,0,0,16,4,21,8,12,20,25,4,10,0,108,0,4,7,8,11,17,3,3,0,66,42,158,128,153,151,67,25,27,4,758,28,180,115,125,75,32,27,34,18,621,5,12,14,17,29,13,3,10,0,102,0,8,3,3,12,4,3,8,0,50,4,3,16,9,39,13,11,12,0,112,3,8,11,13,17,20,16,7,0,95,17,38,45,47,71,36,15,24,3,294,0,48,38,38,47,20,5,12,0,219,46,22,53,55,221,97,39,42,7,582,37,76,106,117,119,99,50,73,9,682,76,126,260,343,340,231,66,83,8,1532,4,28,5,12,9,5,8,13,0,80,8,45,33,39,44,26,13,20,0,227
LGA13340,84,158,130,157,342,467,280,786,61,2460,16,48,35,36,22,47,15,77,10,306,0,0,0,0,0,0,0,0,0,0,3,10,10,11,10,15,11,6,0,79,0,0,0,0,0,0,0,0,0,0,3,14,5,3,3,3,0,0,0,35,0,0,8,4,5,6,0,8,0,26,6,57,43,44,35,12,9,11,0,235,7,66,20,20,14,12,4,20,7,164,0,20,15,8,11,3,0,4,0,68,0,5,0,3,0,0,0,0,0,11,3,0,9,15,9,4,0,3,0,46,0,0,0,7,10,7,3,3,0,22,4,15,5,16,18,11,3,14,0,86,8,20,8,11,7,8,7,7,0,74,8,10,14,25,33,12,5,0,0,115,20,55,46,67,50,26,18,36,4,323,36,47,80,98,55,50,19,19,3,414,0,6,0,3,0,4,0,0,0,12,3,9,9,14,13,7,10,3,3,72
LGA13450,172,375,275,351,1460,1427,778,1331,130,6302,18,37,40,52,54,48,22,35,4,309,0,0,0,0,0,0,0,0,0,0,19,47,81,72,219,135,56,33,10,678,0,0,3,8,12,0,3,7,0,29,0,17,12,12,14,14,0,5,0,78,0,10,10,8,17,9,6,9,0,67,34,219,155,166,156,55,43,30,16,879,13,123,52,54,53,29,22,23,9,373,3,14,20,12,19,16,5,9,3,102,0,5,0,7,9,5,3,3,0,32,9,8,15,13,36,15,8,6,0,119,0,7,11,7,14,8,0,6,0,62,6,30,29,32,60,37,14,13,0,230,7,35,38,42,39,25,3,13,3,208,14,18,24,31,95,22,19,10,0,234,23,67,107,102,103,88,60,74,5,619,40,73,161,193,202,162,48,64,11,966,3,10,6,4,4,3,4,0,0,43,3,40,29,40,40,27,14,10,3,205
LGA13510,68,129,148,192,441,448,228,589,75,2318,5,26,20,25,7,25,6,40,3,160,0,0,0,0,0,0,0,0,0,3,5,15,13,21,33,21,6,4,3,115,0,0,0,0,0,0,0,0,0,0,0,11,0,4,4,3,0,0,0,23,0,3,0,4,7,6,0,3,0,34,9,46,47,57,46,21,8,13,3,253,12,77,40,29,22,18,4,27,6,238,0,5,9,0,13,5,3,6,0,47,0,3,0,3,0,0,0,0,0,7,0,4,5,5,20,3,0,3,0,38,0,3,0,0,3,0,3,0,0,16,3,13,16,27,22,15,14,11,0,114,0,18,11,12,16,10,0,0,0,69,3,3,8,10,34,15,10,3,0,87,10,36,37,40,37,26,22,42,0,252,32,40,83,100,78,81,20,16,5,454,0,4,0,3,0,0,0,0,4,11,4,20,14,13,10,8,8,0,0,73
LGA13550,82,165,117,161,432,501,347,1056,75,2949,3,31,19,35,16,30,6,54,3,192,3,3,3,6,4,6,18,54,3,103,4,9,7,10,20,11,11,3,0,63,0,0,0,0,3,4,0,0,0,12,3,0,3,4,6,4,0,0,0,27,0,5,3,9,17,3,3,6,0,42,22,61,34,62,38,22,15,21,3,275,14,100,35,37,23,19,10,17,6,253,0,13,9,3,8,9,3,5,0,49,0,0,3,3,6,0,0,0,0,19,4,8,6,9,17,4,3,3,0,53,0,3,9,3,15,3,3,4,0,38,4,10,12,15,26,14,14,16,3,109,3,11,9,13,10,11,8,8,4,85,7,6,10,11,37,16,4,8,0,103,13,56,51,51,52,45,31,49,5,357,28,49,90,108,86,76,19,23,11,482,0,0,0,3,0,0,0,4,0,10,4,23,17,15,11,20,4,15,0,103
LGA13660,36,64,41,77,145,188,105,452,22,1129,12,29,20,31,14,33,11,85,5,241,0,0,0,0,0,0,0,0,0,0,0,4,0,3,4,3,0,3,0,14,0,0,0,3,0,0,0,0,0,3,0,0,0,3,3,4,0,0,0,10,0,4,0,0,0,0,0,0,0,12,3,16,22,16,14,4,0,11,0,71,0,14,9,11,3,3,3,5,0,54,0,5,3,0,5,0,0,3,0,13,0,0,0,3,0,0,0,0,0,5,0,3,3,0,3,0,0,3,0,17,0,0,4,0,3,3,0,0,0,14,0,0,3,6,11,0,3,4,0,36,0,9,7,8,5,0,0,0,0,36,3,3,6,7,24,10,0,5,0,56,14,12,20,25,9,13,5,25,3,132,14,16,35,43,29,30,7,16,3,174,0,0,0,0,0,0,0,0,0,0,0,8,0,7,0,5,0,0,0,19
LGA13800,392,979,855,1014,2779,4061,2156,4558,381,17178,16,46,51,54,49,50,22,58,3,342,0,0,3,3,3,3,0,7,0,13,24,78,85,93,176,132,57,73,7,728,7,3,3,8,30,15,5,7,0,76,21,115,118,117,106,168,48,51,10,754,14,34,37,56,96,87,45,33,0,393,76,412,350,283,291,215,109,94,22,1850,24,408,188,156,112,86,32,70,19,1081,7,47,37,44,64,60,22,39,3,327,7,26,25,19,42,28,19,18,0,184,23,30,43,60,106,117,33,34,6,450,11,34,35,22,53,65,28,37,3,285,18,118,105,128,150,134,61,94,0,805,21,113,66,80,83,74,22,33,6,506,53,39,85,88,337,195,100,74,6,983,77,270,257,332,350,326,167,286,24,2096,122,285,466,536,531,445,130,151,20,2680,9,91,29,39,49,34,15,32,3,304,16,111,87,106,114,103,50,42,7,631
LGA13850,24,42,29,48,124,127,61,235,31,714,3,4,6,21,11,8,7,25,3,97,0,0,0,0,0,0,0,0,0,0,0,5,0,3,0,3,0,7,0,20,0,0,0,0,0,0,0,0,0,0,3,3,0,0,3,4,0,0,0,13,0,0,0,0,0,0,0,0,0,0,3,18,10,5,13,10,3,8,3,76,0,23,5,10,5,3,3,5,0,57,3,0,0,0,3,3,0,0,0,12,0,0,0,3,0,0,0,0,0,3,0,3,0,3,0,0,0,0,0,8,0,0,0,0,0,0,0,0,0,3,0,0,4,5,0,0,0,0,0,20,0,5,5,3,5,9,0,3,0,31,4,3,7,10,10,5,3,0,0,37,4,4,8,12,14,10,9,16,0,83,4,7,12,20,9,12,0,7,0,78,0,3,0,0,0,0,0,0,0,3,0,0,0,0,0,0,4,4,0,12
LGA13910,121,296,203,285,710,756,450,1081,117,4027,17,57,51,56,36,70,37,90,11,420,0,0,3,0,3,3,3,3,0,18,3,18,17,20,15,9,3,4,0,106,0,0,0,0,4,6,0,0,0,7,5,20,12,17,9,6,3,7,0,75,3,9,3,8,16,10,10,0,0,55,20,123,77,93,82,32,28,33,3,502,13,74,54,56,26,14,13,29,7,289,3,20,14,12,8,7,6,3,0,67,0,0,3,4,11,0,3,0,0,28,4,4,9,12,44,22,4,3,3,112,0,3,12,5,8,5,0,0,0,33,8,22,25,32,28,21,5,9,0,142,5,32,23,18,17,16,3,0,4,127,7,4,12,14,60,11,9,15,0,134,11,63,62,77,64,65,12,74,4,432,32,61,129,169,119,102,28,62,6,712,0,8,3,4,3,3,3,0,3,27,8,34,24,13,21,14,4,5,0,123
LGA14000,698,3003,2246,2203,6349,9881,4406,7579,565,36924,3,29,29,21,20,31,10,18,3,166,0,0,0,5,7,6,4,3,0,31,27,134,133,136,285,225,100,89,5,1130,4,3,7,18,26,33,3,10,0,113,14,122,123,103,132,189,52,60,9,797,36,75,129,120,285,296,116,134,3,1202,122,907,613,483,442,349,148,169,31,3262,67,679,295,204,161,128,68,103,16,1733,23,57,46,56,94,98,34,46,3,458,38,64,65,82,187,234,86,83,4,856,88,107,212,255,439,557,192,226,16,2082,15,76,61,71,95,134,76,68,4,603,133,414,481,446,612,796,278,330,20,3509,40,200,156,157,161,169,69,79,10,1038,94,90,160,180,435,303,135,89,4,1488,192,1023,803,699,744,771,387,703,30,5352,309,939,1566,1300,1235,1161,361,368,44,7285,26,146,67,61,59,55,21,24,3,470,37,241,184,145,201,154,77,59,13,1120
LGA14100,90,273,192,191,314,722,328,1078,53,3242,0,6,0,0,0,4,0,0,0,13,0,0,0,0,0,0,0,0,0,5,8,8,7,10,18,18,9,12,0,96,0,0,0,0,3,0,0,3,0,13,0,9,10,13,8,18,3,9,0,72,3,7,11,9,11,39,18,13,0,120,6,65,56,27,35,33,22,20,5,262,0,44,22,25,15,13,3,11,0,140,3,3,6,4,3,8,3,3,0,38,3,6,12,12,12,20,10,17,0,96,10,16,13,24,19,57,21,46,0,217,6,9,9,15,12,18,14,16,0,99,14,46,56,55,49,71,45,70,0,413,6,14,12,9,10,18,4,9,0,91,5,14,7,5,23,27,8,16,0,109,18,71,54,47,40,46,24,55,3,366,24,101,96,97,67,112,26,36,3,568,0,19,14,9,4,10,3,4,0,58,0,22,27,17,15,18,3,14,0,113
LGA14170,996,3157,3595,3415,8408,12220,6177,10987,854,49811,3,12,6,8,9,7,10,8,0,68,0,0,0,3,6,13,3,5,0,31,35,107,137,130,233,290,133,208,7,1271,8,8,15,10,30,61,22,13,0,167,25,78,82,72,99,172,74,142,7,751,41,63,74,74,228,280,148,176,4,1091,118,662,643,563,719,513,286,336,34,3872,88,665,704,413,379,330,215,295,35,3133,46,60,109,97,206,210,118,119,4,955,90,139,205,223,457,600,330,488,12,2533,162,66,209,332,651,943,475,595,21,3463,29,67,73,78,145,231,102,148,4,888,240,494,623,703,963,1508,885,1162,32,6620,60,208,302,231,308,358,195,216,15,1891,187,141,278,351,1036,717,384,353,11,3462,260,903,839,759,1224,1055,695,1001,36,6770,337,769,1263,1315,1570,1518,549,640,73,8030,61,228,188,209,188,244,139,171,11,1437,56,228,213,219,355,276,146,148,15,1665
LGA14200,94,248,191,315,728,591,328,765,97,3353,6,31,18,23,9,25,12,77,4,207,0,0,0,0,0,0,0,0,0,7,6,14,9,31,63,27,15,8,7,173,0,0,0,0,0,3,0,0,0,3,0,7,7,4,5,7,4,4,0,39,0,0,3,10,5,8,3,3,0,40,25,93,74,78,86,24,38,23,8,453,13,95,45,40,15,14,14,24,3,259,0,5,12,5,7,3,0,4,0,38,0,0,0,0,7,4,3,0,0,21,3,5,7,8,20,9,3,9,0,62,0,4,0,4,12,4,5,4,0,40,6,17,12,26,40,12,4,12,0,127,3,24,11,23,19,17,6,6,3,103,9,7,16,6,45,14,7,4,3,104,22,53,54,83,69,47,36,63,4,424,29,74,112,171,137,92,39,47,14,714,0,10,3,0,0,0,0,0,0,16,7,15,11,13,24,14,0,6,3,95
LGA14300,37,72,62,81,279,246,138,308,28,1240,8,17,14,13,10,18,7,34,0,118,0,0,0,0,0,0,0,0,0,0,3,13,8,8,18,24,12,0,3,85,0,0,0,0,0,0,0,0,0,0,0,3,3,3,0,4,0,0,0,21,0,4,0,0,0,4,0,0,0,7,3,31,8,17,19,15,4,3,6,102,0,28,15,15,7,3,3,9,3,82,3,0,4,4,7,3,3,0,0,18,0,0,0,0,0,0,0,0,0,0,0,3,0,3,4,0,4,0,0,15,0,3,0,0,3,0,3,0,0,12,0,7,6,11,3,5,7,5,0,43,0,5,3,3,8,8,0,3,0,37,11,4,8,5,38,21,5,4,0,103,10,22,18,25,27,19,12,15,0,144,14,23,32,50,45,30,14,14,0,224,0,0,0,0,0,0,0,0,0,4,0,7,3,4,5,0,3,0,0,25
LGA14350,216,459,417,459,976,779,459,852,181,4806,6,35,22,19,10,15,4,34,4,159,0,0,0,0,0,0,0,0,0,3,5,16,25,22,22,21,16,9,0,132,0,3,0,3,8,3,3,0,0,17,3,18,15,21,28,18,9,4,0,116,0,4,6,6,3,4,4,4,0,31,30,154,110,140,101,23,37,42,15,645,26,186,68,78,42,28,16,37,14,486,3,17,11,11,13,13,3,3,0,84,0,3,4,3,6,0,0,0,0,15,0,6,15,10,34,10,4,12,0,88,4,8,6,6,14,11,5,7,0,70,6,31,32,27,36,17,9,13,3,169,3,55,34,26,33,19,5,10,4,203,16,15,26,33,89,43,13,3,3,242,39,71,107,139,82,74,35,70,11,632,69,110,238,315,222,156,43,55,22,1241,5,9,3,9,5,4,3,3,3,40,9,33,26,18,21,12,11,9,0,138
LGA14400,173,488,321,323,833,1057,615,1066,73,4953,0,19,3,8,0,13,0,10,3,59,0,0,0,4,0,0,0,0,0,8,10,21,25,11,13,20,3,10,0,110,0,0,3,3,4,3,0,0,0,15,4,34,25,11,14,23,10,11,0,128,0,16,7,9,3,3,0,6,0,41,18,123,99,82,52,39,23,24,3,472,20,188,64,76,42,26,11,29,5,469,4,16,15,13,3,5,9,5,0,73,0,0,3,0,8,3,3,0,0,22,8,9,20,22,28,27,7,10,0,133,3,15,16,17,14,14,3,9,0,91,11,40,43,39,34,32,13,22,0,231,3,36,16,11,17,17,4,9,3,113,35,22,50,44,96,35,27,11,0,328,45,108,131,140,131,117,67,115,3,862,76,93,264,199,169,137,53,53,7,1044,3,22,11,11,7,6,0,3,3,77,7,32,24,18,31,15,7,6,0,142
LGA14500,549,2731,1745,1607,3200,6713,3322,8192,380,28441,4,28,8,6,12,8,0,8,0,75,4,3,9,3,4,11,6,5,0,49,18,96,86,87,105,165,66,110,0,739,0,0,11,9,15,12,9,11,0,65,10,66,72,72,60,98,40,67,0,489,25,58,83,110,156,238,92,146,5,909,68,759,475,286,278,227,113,159,10,2381,57,505,222,154,104,121,53,92,16,1319,13,46,28,46,70,69,34,26,4,340,25,79,73,83,138,206,93,107,3,800,82,144,214,236,344,553,206,315,7,2099,13,88,93,79,77,121,57,99,4,631,112,515,496,485,504,767,305,548,16,3756,12,134,121,97,121,131,58,73,5,744,68,58,94,89,246,175,100,82,3,909,119,844,619,466,432,542,291,519,31,3871,186,849,1136,853,640,741,298,334,33,5067,10,156,51,60,35,47,12,26,7,410,24,198,163,106,95,126,50,61,4,825
LGA14550,65,160,140,161,259,312,150,451,46,1742,0,26,29,23,3,23,11,45,0,177,0,0,0,0,0,0,0,0,0,0,0,19,10,14,9,6,3,5,0,68,0,0,0,0,0,0,0,0,0,4,0,9,6,5,10,4,3,0,0,36,0,3,0,0,3,0,3,0,0,10,5,46,30,24,25,15,10,15,3,166,0,37,11,14,6,3,4,10,0,93,0,0,11,11,0,3,3,3,0,29,0,4,0,0,0,0,0,0,0,5,0,4,0,7,13,3,0,0,0,21,0,4,3,0,6,3,3,0,0,21,3,4,5,9,24,6,0,8,0,61,5,15,4,7,9,5,0,3,0,51,4,3,5,10,11,7,3,3,0,48,6,25,31,58,38,32,9,24,0,219,26,56,69,97,59,38,9,17,5,372,0,5,0,3,0,0,0,3,0,16,0,9,7,7,10,10,3,0,3,45
LGA14600,42,63,53,77,136,285,148,506,52,1347,3,24,9,19,8,24,10,57,9,169,0,0,0,0,0,0,0,3,0,4,0,8,7,11,0,7,4,7,0,39,0,0,0,0,0,4,0,0,0,4,0,0,0,0,0,0,0,0,0,12,0,0,6,5,3,3,0,0,0,17,3,23,18,28,13,11,6,8,3,114,9,21,14,11,8,4,0,8,3,82,3,3,7,6,0,4,0,0,0,30,0,0,0,0,0,0,0,0,0,6,0,4,7,0,3,0,0,0,0,14,0,0,0,0,0,0,0,0,0,7,3,9,6,9,3,3,0,7,0,29,0,11,7,9,3,5,0,0,0,35,11,3,5,10,3,7,4,3,0,51,12,25,24,36,21,41,18,23,0,212,17,25,32,45,30,34,11,22,3,220,0,0,0,0,0,0,0,0,0,3,0,3,7,4,3,10,0,0,0,24
LGA14650,1336,3493,2500,2988,8737,10238,5514,8232,744,43772,3,25,23,27,17,12,12,13,4,135,15,12,19,15,38,47,28,28,3,201,35,188,201,187,250,184,109,82,12,1238,9,10,28,40,84,53,13,15,0,263,28,206,193,135,169,212,59,72,10,1075,18,67,84,83,115,89,41,34,3,527,217,1448,1048,945,836,376,214,194,45,5307,128,1267,568,516,340,220,105,150,57,3344,31,105,93,109,124,103,48,65,3,680,13,56,24,31,72,55,20,19,4,287,113,116,306,278,538,264,132,88,12,1850,18,60,69,78,168,111,52,61,6,611,93,339,352,361,413,313,109,170,10,2150,52,335,291,224,263,208,62,75,13,1528,164,134,292,291,750,326,156,95,9,2219,224,827,882,897,871,695,370,602,41,5412,629,1110,2251,2585,1975,1721,520,538,104,11439,20,174,78,66,35,44,15,23,3,464,52,361,266,282,319,202,100,82,8,1668
LGA14700,171,679,588,523,1333,2495,1230,2753,138,9905,0,3,5,0,0,5,0,0,0,16,3,3,0,0,0,3,0,0,0,13,5,23,23,21,50,51,28,60,0,267,3,0,4,3,10,9,3,4,0,37,4,12,20,10,18,37,21,34,0,169,13,12,20,13,66,81,33,47,0,292,21,160,103,100,110,111,49,59,3,715,17,111,88,58,44,56,21,36,5,434,7,4,16,20,24,33,14,12,0,127,16,15,31,34,66,109,37,68,3,373,44,27,63,76,149,222,102,143,3,832,7,39,15,18,30,65,24,32,3,237,64,133,133,157,218,373,168,230,8,1490,11,37,52,37,43,68,26,36,3,312,24,19,30,36,97,92,48,50,0,398,44,160,179,134,151,137,106,172,8,1089,79,219,324,296,297,312,123,147,11,1805,5,38,28,24,14,24,9,14,0,151,12,60,39,36,53,46,16,32,4,301
LGA14750,89,158,84,128,473,680,306,593,75,2578,5,22,14,21,14,19,12,25,4,138,0,0,0,0,0,0,3,0,0,8,8,21,15,15,52,86,38,26,7,263,0,0,4,0,9,6,0,0,0,24,0,5,5,4,0,3,3,3,0,30,0,8,6,4,7,6,3,3,0,40,13,68,41,44,62,15,22,20,3,286,0,58,22,28,10,8,5,9,0,145,0,6,8,6,7,3,0,6,0,44,0,0,0,0,0,0,0,0,0,4,6,5,4,15,11,3,0,0,0,46,0,3,3,5,4,0,0,0,0,22,7,7,5,13,17,4,3,3,0,61,3,20,14,16,12,6,5,4,0,83,6,9,7,17,39,13,8,5,0,103,21,34,37,73,59,55,38,63,3,385,13,23,53,67,71,40,18,14,6,316,0,0,0,0,4,0,0,0,0,5,5,11,4,7,15,3,10,3,0,61
LGA14850,235,913,703,1001,1928,1638,863,1581,188,9043,7,54,49,56,34,34,13,57,11,312,0,0,0,0,0,0,0,0,0,5,11,27,34,63,84,56,24,18,7,332,0,0,3,3,8,4,0,0,0,25,3,28,24,25,19,14,8,7,4,124,0,8,15,14,24,16,11,3,0,89,53,336,222,212,212,86,52,61,12,1252,25,318,114,129,63,30,23,52,8,765,0,21,17,18,29,10,9,8,0,112,3,21,15,18,20,14,5,7,0,95,7,13,22,33,67,20,11,14,3,190,4,15,9,10,39,14,6,5,0,103,16,79,52,65,106,46,22,37,3,420,13,67,49,48,37,49,16,15,6,300,18,24,33,36,160,55,25,23,8,377,56,168,177,263,283,188,106,143,4,1385,122,256,440,681,508,337,94,128,27,2598,0,30,15,19,6,9,3,9,0,93,12,66,44,55,38,33,23,21,0,295
LGA14870,140,245,247,293,896,896,491,807,97,4108,5,16,14,9,5,11,0,15,0,75,3,5,5,0,3,3,3,9,0,29,8,13,18,9,15,21,7,10,4,99,0,0,0,4,16,3,0,0,0,26,0,25,12,10,7,7,3,6,0,75,7,4,5,6,11,24,9,0,0,66,24,133,81,82,83,33,19,21,8,484,26,138,59,75,41,36,17,30,9,443,3,14,14,4,10,18,3,10,0,95,0,8,0,3,6,4,3,0,0,31,4,6,25,18,49,11,4,0,0,113,3,5,10,5,16,6,0,3,0,48,5,26,19,21,20,20,10,5,0,128,6,38,25,24,40,25,3,8,0,171,39,28,36,66,113,47,18,16,0,354,15,66,62,74,80,43,24,49,3,405,38,85,176,180,122,89,26,46,9,771,6,6,7,3,10,0,0,6,0,41,0,33,24,19,21,13,7,12,4,133
LGA14900,917,3041,2572,2950,10697,11896,4865,7763,1400,46103,3,27,37,48,49,50,8,37,8,272,3,0,0,0,6,3,3,3,0,17,71,170,202,224,859,542,180,125,18,2378,4,3,10,17,78,51,27,13,4,203,26,158,142,129,187,237,57,63,11,1017,28,72,92,134,433,300,81,67,13,1224,154,1068,786,762,895,474,181,206,75,4580,76,844,432,373,309,213,94,159,38,2539,47,121,145,183,447,330,80,79,20,1455,18,37,45,28,123,111,38,24,3,424,138,78,218,232,650,571,125,129,22,2153,24,44,57,49,155,131,56,28,0,541,68,198,228,190,484,428,141,132,13,1888,49,220,243,233,386,237,86,64,18,1542,96,104,156,181,804,428,146,116,20,2062,160,534,589,685,852,727,255,405,36,4234,318,634,1131,1235,1829,1506,337,508,108,7597,14,125,64,74,80,59,21,33,10,478,32,241,208,172,266,174,76,53,22,1238
LGA14920,49,101,71,112,261,311,192,490,54,1644,4,30,20,29,15,31,20,64,9,215,0,0,3,0,0,3,0,0,0,12,4,0,3,3,8,3,0,6,0,30,0,0,0,0,0,0,0,0,0,0,0,7,0,4,0,3,0,3,0,20,0,0,3,5,0,3,7,4,0,20,10,32,24,36,27,13,9,11,0,152,9,24,14,24,16,5,5,12,4,113,0,11,7,5,4,3,0,4,0,33,0,0,0,0,3,0,0,0,0,5,0,0,3,6,3,3,4,5,0,18,0,4,0,3,3,0,0,0,0,9,4,4,9,12,20,7,4,3,0,60,0,14,11,7,4,0,0,5,0,40,4,8,8,5,19,7,0,6,3,62,8,20,24,41,38,25,5,17,0,177,22,35,58,67,52,27,13,16,7,295,0,0,0,3,3,3,0,0,0,10,0,16,3,12,14,8,0,4,0,49
LGA14950,15,34,37,39,101,133,77,252,9,701,4,15,11,9,0,14,3,25,3,85,0,0,0,0,0,0,0,0,0,0,0,0,0,0,3,0,0,0,0,8,0,0,0,0,0,0,0,0,0,0,0,0,0,0,0,0,3,0,0,5,0,0,0,0,0,3,0,0,0,5,3,10,7,12,11,6,4,4,0,60,0,9,3,8,3,0,3,3,0,25,4,8,3,3,7,0,0,0,0,20,0,0,0,0,0,0,0,0,0,3,0,3,0,4,0,3,0,0,0,13,0,0,0,0,0,0,0,0,0,3,0,3,3,3,6,0,0,0,0,20,0,3,3,3,3,0,0,3,0,21,0,0,6,3,13,5,3,0,0,31,4,15,14,11,16,16,3,4,0,89,11,22,30,43,22,21,9,7,0,165,0,0,0,0,0,0,0,0,0,3,0,4,5,3,0,0,0,0,0,12
LGA15050,489,1312,921,1083,3476,3909,2549,4038,303,18085,12,28,25,22,37,23,6,19,0,175,16,10,22,16,48,40,22,55,5,239,19,81,84,82,143,102,61,50,3,635,0,8,8,7,25,27,6,4,0,93,12,69,57,66,98,104,28,31,6,468,4,19,24,14,44,39,10,9,0,174,108,574,444,415,390,155,112,84,28,2309,49,570,274,215,133,99,68,92,22,1516,14,54,41,69,65,60,18,27,3,353,3,8,10,17,29,20,4,12,3,105,27,35,87,72,173,86,41,27,8,545,9,25,31,36,77,46,26,24,3,283,37,112,117,121,163,120,57,64,4,791,22,142,118,119,125,97,29,39,3,694,72,81,105,130,395,161,83,37,7,1064,103,269,293,318,278,268,147,280,12,1966,207,350,783,800,742,606,196,189,39,3914,3,62,18,37,19,7,5,14,0,170,20,138,102,110,132,88,31,44,10,679
LGA15240,675,1542,1211,1486,2809,2752,1460,2918,408,15261,23,99,74,54,43,55,24,103,5,473,0,0,0,0,4,4,5,6,0,23,28,78,65,62,59,36,23,28,0,369,3,5,12,14,29,26,6,5,0,98,5,54,45,43,43,46,11,15,3,273,6,20,14,20,25,14,9,13,0,123,111,561,434,433,355,105,104,91,23,2209,66,524,258,265,165,97,60,129,25,1590,20,47,28,34,26,32,10,20,4,212,9,27,18,16,24,4,8,7,3,105,16,29,33,53,63,41,15,12,3,262,7,49,35,41,83,51,18,24,3,323,20,127,92,107,109,71,19,43,9,603,28,176,99,75,58,71,8,28,8,553,51,36,56,64,179,80,28,17,3,516,85,244,252,371,273,247,107,194,15,1784,201,408,810,1062,738,526,151,192,35,4129,14,58,26,24,23,20,4,6,3,170,14,108,89,82,66,74,31,25,16,503
LGA15270,175,331,287,336,775,928,738,1586,104,5255,10,39,31,33,23,31,19,63,6,246,13,8,8,16,12,18,32,32,0,136,3,26,25,31,12,10,9,10,0,132,0,0,3,5,0,3,0,0,0,9,7,10,26,13,8,17,10,10,3,97,3,7,9,15,18,8,9,3,0,64,31,156,125,117,93,46,16,47,4,649,22,159,85,87,49,36,27,43,7,510,0,10,13,18,10,9,4,8,0,72,3,3,8,3,12,3,5,4,0,47,7,3,13,13,16,14,3,5,3,72,3,7,3,9,15,16,7,3,0,58,3,24,35,55,43,29,11,17,3,213,12,53,36,28,27,18,0,16,4,188,14,15,36,27,59,19,10,12,0,199,12,86,86,106,84,49,56,84,7,576,56,81,153,205,129,100,33,42,12,822,0,14,13,8,7,6,0,3,0,52,7,41,34,26,35,21,12,17,0,197
LGA15300,89,130,101,147,478,554,311,1087,88,2981,21,41,31,42,26,50,24,102,11,344,0,0,0,0,0,0,0,0,0,0,0,3,0,3,7,7,0,3,0,34,0,0,0,0,3,0,0,0,0,6,3,8,3,7,9,8,0,3,0,49,0,3,4,4,11,5,3,7,0,43,13,59,39,39,50,27,21,25,5,283,12,37,37,37,26,8,8,19,3,184,0,14,9,8,13,0,5,5,6,66,0,3,0,0,3,5,3,0,0,16,6,5,3,9,19,14,5,6,3,65,0,0,3,0,7,3,0,5,0,28,3,10,15,29,24,22,5,13,0,131,3,20,13,19,17,15,5,6,0,104,6,4,15,18,74,14,8,12,4,148,25,47,50,64,77,53,37,61,4,417,24,29,51,86,83,77,26,33,10,420,0,0,0,3,4,0,0,0,0,17,9,13,9,22,20,10,4,5,0,93
LGA15350,137,584,465,396,682,1504,792,2458,109,7123,0,5,3,3,0,0,0,3,0,19,0,0,3,0,3,4,0,0,0,11,7,16,18,20,22,35,14,33,3,164,0,0,0,0,4,9,0,6,0,23,0,19,12,9,14,23,17,20,3,111,0,7,18,19,26,56,33,58,0,216,25,142,83,56,76,62,39,44,0,525,11,97,61,39,26,38,26,29,0,314,8,14,19,18,12,18,18,5,0,110,5,10,11,35,32,61,44,70,3,270,23,44,52,80,95,184,92,167,3,743,7,35,28,31,25,55,39,62,0,285,32,136,145,133,120,227,121,235,7,1158,12,45,29,37,22,47,24,40,7,259,20,11,23,23,69,77,40,28,0,297,32,153,109,76,74,84,71,93,6,696,34,136,201,149,139,167,67,92,4,993,0,39,28,12,21,20,13,17,0,160,11,51,32,26,36,30,21,28,3,239
LGA15520,92,168,114,166,394,511,295,848,68,2656,11,40,31,32,18,48,10,63,3,257,0,0,0,0,0,0,0,0,0,0,5,14,6,10,24,12,3,9,0,79,0,4,0,0,6,0,0,0,0,10,3,3,8,3,3,6,4,3,0,37,0,4,0,3,3,10,4,4,0,28,13,69,32,53,28,20,17,21,4,261,13,91,50,49,42,25,14,43,3,343,0,9,8,7,7,0,0,9,0,40,0,3,3,0,0,3,3,0,0,13,6,7,4,3,17,13,3,3,0,54,0,7,0,0,6,4,0,3,0,17,3,11,16,16,16,18,9,6,3,95,6,26,5,12,7,8,4,9,0,79,5,9,14,13,27,26,6,12,0,102,20,42,42,52,48,40,18,26,0,288,27,45,98,101,76,46,30,21,9,451,0,10,5,3,5,0,0,4,0,31,3,13,18,6,11,11,0,0,3,62
LGA15560,37,49,35,50,165,182,96,320,33,959,12,16,17,27,18,31,6,39,8,176,0,0,0,0,0,0,0,0,0,0,3,4,7,6,16,14,8,7,0,57,0,0,0,0,0,0,0,0,0,0,0,0,3,3,0,3,0,0,0,18,0,0,0,3,3,4,3,0,0,9,6,14,18,18,6,13,3,0,0,75,4,21,6,11,6,0,0,6,0,61,0,3,4,3,4,6,0,0,0,21,0,0,0,0,0,0,0,0,0,0,0,3,4,5,0,0,0,0,0,14,0,0,0,0,0,0,0,0,0,0,0,4,4,3,7,10,0,0,0,24,0,3,4,0,4,3,0,3,0,22,3,0,8,3,13,4,0,3,0,30,4,12,17,21,6,16,6,15,3,103,5,9,25,18,16,10,3,18,0,113,0,0,0,0,0,0,0,0,0,3,0,3,0,3,0,0,0,3,0,15
LGA15650,137,193,161,213,667,615,692,982,92,3748,9,15,19,19,20,25,16,37,0,170,23,9,11,17,35,30,44,61,3,226,0,14,15,14,27,16,0,3,3,92,3,0,4,3,33,8,0,0,0,53,0,7,7,5,5,5,4,5,0,44,0,3,4,4,10,11,3,3,0,37,28,99,79,72,55,37,21,14,3,409,11,100,47,46,35,18,11,18,3,293,3,5,9,3,11,19,3,12,0,69,0,12,3,3,4,0,3,0,0,25,3,4,15,13,8,11,3,3,0,57,0,0,0,7,16,6,3,3,0,32,8,18,16,14,28,14,5,15,0,117,8,37,19,24,22,11,10,16,0,143,11,10,19,9,58,23,17,7,3,158,13,38,56,63,45,35,20,50,0,328,20,48,98,105,74,78,25,31,9,493,0,5,8,3,0,3,0,10,0,27,4,23,19,21,17,15,5,10,0,109
LGA15700,127,342,321,331,583,486,267,622,94,3178,6,22,19,18,0,15,3,30,0,111,0,0,0,0,0,0,0,0,0,0,8,12,4,8,11,9,0,10,0,63,0,0,0,0,0,0,0,0,0,0,7,19,9,8,8,15,7,18,3,95,0,4,0,10,5,3,4,3,0,31,10,99,78,60,70,19,16,27,0,380,12,105,60,94,32,16,5,29,9,351,3,7,7,14,10,4,3,0,0,54,0,8,0,4,6,0,0,0,0,20,3,5,6,8,12,6,8,3,0,52,0,7,3,3,20,6,0,5,0,47,3,23,26,29,22,14,6,7,4,143,7,28,27,12,20,8,0,4,3,113,10,8,19,15,38,19,3,13,0,122,17,45,88,71,46,62,25,49,3,411,59,80,148,216,164,72,40,38,13,826,3,12,6,9,3,0,0,3,0,30,0,28,23,12,24,11,3,6,0,107
LGA15750,107,186,130,161,479,669,326,936,75,3084,8,29,31,34,27,56,17,56,12,276,4,0,0,5,4,3,4,13,0,34,4,12,6,12,12,4,0,4,0,46,0,0,0,0,8,0,0,0,0,9,4,3,8,7,6,7,0,3,0,45,0,3,4,3,15,12,10,0,0,51,13,81,53,67,59,27,16,21,3,335,7,66,30,41,30,14,0,23,5,214,7,13,12,7,6,5,0,13,3,68,0,4,4,4,3,3,0,3,0,24,8,5,3,12,8,9,0,3,0,42,0,3,0,3,4,3,4,4,0,20,3,14,15,22,42,26,5,12,0,146,5,23,23,20,22,16,3,5,3,125,7,4,6,15,55,14,6,3,0,119,9,39,34,59,42,41,28,54,0,312,23,36,73,110,112,77,21,33,5,502,0,0,0,0,0,0,0,0,0,8,4,25,7,15,23,20,8,5,0,99
LGA15800,47,75,40,62,208,279,167,328,32,1233,9,16,12,8,12,27,9,28,0,126,0,0,0,0,0,0,0,0,0,3,0,7,4,5,13,24,4,9,0,68,0,0,0,0,0,0,0,0,0,3,0,3,4,4,3,4,0,0,0,19,0,0,3,0,0,6,3,0,0,18,9,23,23,24,16,3,9,5,0,115,0,26,14,11,4,3,0,16,0,88,0,10,3,4,3,3,0,4,0,28,0,0,0,0,0,0,0,0,0,5,4,3,7,8,0,0,4,3,0,31,0,4,0,0,0,0,0,0,0,11,0,0,10,9,7,0,0,3,0,30,0,6,6,3,5,4,0,4,0,32,4,0,3,8,24,5,8,3,0,61,8,7,21,21,32,29,19,14,3,147,13,26,56,53,36,33,8,20,3,248,0,0,0,0,0,0,0,0,0,8,0,4,6,3,8,0,0,0,0,26
LGA15850,42,72,61,76,213,265,159,441,49,1391,3,20,13,22,24,31,4,38,5,153,0,0,0,0,0,0,0,5,0,8,0,8,4,6,3,0,0,0,0,24,0,3,3,0,3,0,0,0,0,9,0,3,0,0,3,3,3,0,0,17,0,3,0,4,0,0,3,3,0,9,3,21,18,29,23,18,8,5,3,124,0,31,6,8,4,0,0,15,0,72,0,3,6,3,8,0,0,8,0,29,0,0,3,0,5,0,0,0,0,9,0,0,0,4,10,9,3,0,0,30,0,0,0,0,0,5,0,0,0,14,0,7,12,9,10,9,3,3,0,54,0,9,9,3,5,3,0,7,0,35,3,3,3,10,19,6,6,3,0,53,3,14,24,49,46,29,11,34,0,213,12,16,35,39,59,61,13,22,0,267,0,3,0,3,0,0,0,0,0,7,3,6,9,5,14,8,3,3,3,54
LGA15900,1007,3377,2373,2828,7207,8251,4442,6962,628,37065,3,12,18,15,19,12,10,9,0,103,9,9,7,12,27,46,18,32,0,162,30,118,124,126,212,131,95,91,5,932,6,5,19,36,58,53,18,6,0,202,25,93,90,110,107,152,48,58,3,698,21,32,54,61,115,75,36,27,3,431,175,1087,733,677,610,299,167,159,40,3943,123,1224,642,544,342,230,150,164,59,3471,28,79,54,65,100,91,53,43,5,512,10,50,43,40,84,63,34,23,4,342,87,78,192,217,480,266,122,83,16,1531,9,63,53,62,116,96,46,58,0,512,92,271,303,300,453,376,191,182,13,2176,46,235,180,199,213,150,67,67,16,1178,154,113,280,297,752,389,189,124,14,2310,231,778,670,717,897,666,355,573,35,4921,521,946,1785,2028,1773,1742,514,604,74,9993,14,172,65,82,53,39,15,30,4,476,48,253,197,190,254,147,84,85,11,1258
LGA15950,369,1029,1073,994,2595,5157,2803,5684,251,19948,0,19,7,5,0,8,8,3,0,45,0,0,0,5,4,9,11,6,0,41,23,27,37,33,75,136,68,92,0,491,0,0,3,5,18,20,12,14,0,70,24,17,40,22,45,88,54,86,0,374,21,28,38,26,110,184,88,132,0,632,36,220,218,156,217,227,118,131,8,1321,27,170,218,114,96,115,75,145,11,963,18,17,19,33,66,86,43,61,3,338,41,32,55,62,174,269,180,244,3,1067,131,59,130,157,331,640,338,548,14,2349,15,56,48,43,70,139,80,107,4,556,147,237,253,317,518,946,534,807,5,3771,17,80,90,71,129,185,103,127,6,808,54,35,66,73,260,243,134,133,5,1005,67,303,235,174,311,347,223,353,16,2029,123,323,464,362,509,615,233,287,16,2937,16,57,35,56,47,70,35,50,3,368,11,89,67,63,109,92,68,78,8,575
LGA15990,1463,5148,4075,4177,8837,16250,8388,17457,1047,66843,0,42,23,27,16,25,3,13,5,166,3,6,9,12,13,17,4,7,0,63,61,263,228,293,421,345,176,260,8,2052,6,12,18,30,30,49,18,23,0,181,41,302,290,244,170,273,87,150,20,1577,74,138,252,289,498,540,257,295,14,2348,195,1481,1248,995,967,784,358,430,59,6517,120,1234,761,513,357,349,194,297,37,3851,52,97,148,154,170,178,71,100,10,976,73,194,215,209,247,456,195,338,9,1935,202,196,387,436,531,851,372,546,25,3546,48,187,180,171,166,353,167,203,17,1486,277,991,1090,1066,940,1498,712,1040,40,7653,91,436,447,337,301,447,177,266,16,2521,143,142,292,314,642,424,226,162,14,2365,286,1427,1368,1088,966,1155,670,1025,57,8047,488,1557,2262,2095,1819,1576,545,661,80,11097,45,320,171,174,127,193,79,111,10,1225,74,558,389,394,395,354,173,168,24,2531
LGA16100,32,85,52,59,219,218,151,383,34,1227,3,8,14,17,10,14,3,24,5,92,0,0,0,0,0,0,0,0,0,0,0,5,7,4,23,13,5,10,0,85,0,0,0,0,4,0,0,0,0,4,0,0,3,3,0,0,4,0,0,14,0,4,0,0,3,0,0,0,0,16,3,27,19,22,16,10,5,4,0,113,3,44,18,19,7,9,3,9,0,112,0,9,6,4,3,4,0,0,0,25,0,0,0,0,3,0,0,0,0,9,0,4,3,4,4,8,0,3,0,21,0,0,0,0,3,3,0,8,0,16,0,4,8,8,8,3,3,4,0,47,0,6,7,8,4,6,0,0,0,36,3,4,12,7,23,8,0,6,0,66,7,14,19,25,26,16,10,14,3,126,10,17,23,38,34,15,10,9,3,155,4,3,3,0,7,0,3,0,0,23,0,8,5,0,3,3,0,3,0,24
LGA16150,281,603,424,592,1670,1785,1214,2297,173,9033,3,35,18,10,12,18,3,10,5,117,5,10,4,10,9,11,26,42,0,121,5,31,20,34,51,30,15,24,0,218,0,0,3,3,8,4,0,0,0,28,3,31,18,26,21,21,14,16,0,160,7,5,11,16,21,11,5,10,0,79,46,300,165,193,195,92,63,60,18,1129,27,212,108,120,91,51,36,50,7,701,6,19,17,20,35,19,3,16,7,136,8,3,3,9,13,12,4,7,0,64,13,10,21,36,42,46,16,16,0,185,0,3,13,13,44,22,0,13,3,116,12,58,43,69,88,60,17,28,0,373,8,69,39,39,43,39,15,16,4,282,44,42,74,79,286,120,61,40,3,749,53,123,181,204,218,153,104,163,10,1205,114,194,380,415,527,538,145,188,16,2511,3,33,10,15,9,3,3,6,0,78,15,53,44,40,65,32,19,10,3,294
LGA16200,108,204,151,181,534,525,500,842,70,3125,8,32,15,22,15,27,12,53,4,189,3,3,0,7,6,5,22,10,0,66,0,5,9,10,4,7,3,6,0,38,3,0,0,3,0,0,0,0,0,10,0,3,4,3,7,11,0,3,0,35,0,0,0,3,13,6,3,0,0,27,19,89,47,69,57,33,24,19,3,364,15,87,46,34,20,17,15,32,6,273,4,16,10,7,5,3,5,12,0,61,0,0,0,0,9,3,3,0,0,18,3,8,4,10,9,6,0,0,0,49,0,0,3,5,14,3,0,3,3,36,5,8,15,22,23,4,6,10,0,92,6,24,9,26,8,17,0,3,0,88,15,8,11,23,92,18,18,20,0,201,20,58,58,64,46,53,30,53,0,389,42,44,94,139,100,91,32,29,8,589,0,10,3,3,3,0,0,0,0,22,0,22,19,14,14,14,7,6,0,94
LGA16260,1096,3860,4091,3504,12782,17077,5938,8817,1133,58301,3,5,11,15,18,11,7,3,0,65,3,0,0,8,15,6,3,3,0,34,56,159,198,183,700,538,189,175,11,2215,8,6,25,22,74,64,24,14,0,232,36,176,156,134,240,295,76,80,8,1193,58,104,169,154,586,500,164,153,14,1897,165,1045,803,720,885,652,213,256,49,4787,75,787,597,401,422,265,117,158,40,2861,35,75,101,100,309,247,74,56,10,1002,46,75,91,69,304,303,91,94,7,1074,183,117,241,321,1011,1047,271,237,30,3459,29,105,107,110,208,220,55,72,8,903,140,392,462,424,966,1443,311,342,34,4512,46,287,301,245,364,304,99,102,21,1762,136,135,203,241,915,514,206,140,16,2509,207,963,761,712,1034,892,424,636,39,5672,366,1006,1577,1528,2291,1877,503,588,93,9823,30,167,93,62,93,100,31,48,6,643,58,260,234,190,339,214,102,87,18,1495
LGA16350,1098,2841,2321,2666,10703,12587,6278,10820,1070,50373,4,43,38,50,42,63,13,32,10,298,0,5,3,3,8,7,0,0,0,27,74,150,169,243,637,466,184,153,22,2094,10,8,18,32,105,86,39,15,3,320,34,231,219,210,331,378,94,110,12,1628,40,78,86,139,404,315,128,105,10,1295,248,1223,956,931,1091,654,273,329,61,5759,116,1161,592,540,358,275,154,145,47,3396,58,105,169,160,394,319,147,122,26,1504,14,45,33,43,134,88,33,35,3,430,151,86,213,292,723,557,179,153,18,2369,27,89,71,75,208,204,75,57,0,811,60,222,264,268,469,418,163,170,19,2059,62,283,240,197,393,292,88,102,16,1669,208,121,291,365,1125,647,295,182,24,3255,208,585,631,811,1033,824,374,598,37,5108,425,722,1292,1494,2058,1557,418,451,82,8497,32,169,100,101,110,58,25,44,13,646,43,265,228,218,312,246,102,110,20,1548
LGA16380,489,1325,954,1437,2876,2988,1508,2952,303,14840,9,44,28,28,24,23,17,40,7,220,0,0,0,0,0,0,0,0,0,6,4,55,45,35,61,31,19,27,0,276,12,4,23,29,92,98,19,22,0,293,14,62,40,63,48,46,25,26,3,335,0,31,30,27,32,21,15,14,0,157,81,521,335,385,326,143,75,92,37,1996,58,556,224,262,168,113,57,118,18,1572,3,27,30,37,35,30,13,14,0,190,5,12,11,12,27,9,3,14,0,94,22,23,29,64,76,54,21,25,3,318,9,27,42,33,91,44,24,30,4,310,32,109,93,115,138,83,37,53,3,656,26,162,97,90,83,68,25,35,7,585,43,29,88,113,236,117,60,50,6,732,77,246,257,343,367,263,171,222,24,1978,205,381,710,982,717,557,176,217,32,3973,14,60,11,20,18,9,8,13,3,153,12,147,95,100,94,53,31,45,4,575
LGA16400,501,1188,850,1075,2865,3192,1789,2762,308,14530,3,31,11,11,14,19,5,20,4,116,5,0,4,5,10,11,9,14,0,58,8,61,51,56,71,69,21,22,8,352,0,4,3,12,12,9,3,3,0,49,13,65,40,63,56,72,22,15,3,350,8,8,20,21,25,17,16,19,3,141,80,522,363,359,285,111,64,93,17,1890,66,504,277,260,149,86,63,79,18,1508,18,45,52,57,60,49,26,38,4,343,5,16,11,6,24,7,8,4,3,86,26,20,64,63,112,48,21,23,3,375,7,24,26,41,81,58,24,21,3,291,10,113,107,99,100,77,33,44,7,586,22,172,82,83,95,61,15,21,15,574,67,46,88,110,314,197,89,56,3,962,82,210,226,241,199,166,89,162,11,1388,158,290,620,694,510,370,117,127,26,2924,13,39,27,21,18,24,9,8,0,157,19,117,86,82,79,61,35,41,8,520
LGA16490,468,992,630,875,3085,3662,2020,3187,300,15227,9,32,9,29,15,19,9,48,0,166,0,0,3,0,0,3,0,4,0,10,7,59,31,33,55,42,23,22,0,267,9,3,8,10,27,17,9,9,0,81,7,40,37,48,51,66,29,23,0,308,4,12,19,12,37,30,16,20,0,146,47,313,203,199,264,117,78,57,11,1294,26,287,122,124,87,64,31,64,7,819,16,24,35,42,58,38,17,18,0,251,6,13,17,23,41,28,20,16,0,161,21,15,16,24,71,45,23,24,0,240,9,17,13,20,64,71,27,32,0,245,36,81,83,145,188,192,84,110,3,916,19,71,57,69,100,75,25,25,6,447,253,95,241,403,1129,888,461,397,37,3901,84,193,163,218,284,219,149,193,14,1511,122,208,291,443,571,336,143,149,15,2282,15,55,29,36,34,26,15,24,3,231,22,72,69,73,87,82,40,25,10,475
LGA16550,751,2657,2359,2089,5112,8560,3966,8208,576,34284,0,5,3,3,9,6,0,4,0,32,0,0,3,7,10,10,7,5,0,30,18,64,80,57,137,147,64,99,3,674,7,6,6,3,14,34,11,13,0,87,17,72,95,70,64,142,52,97,3,621,27,49,90,80,135,199,88,104,5,769,99,615,511,425,407,355,179,234,36,2857,84,559,517,280,257,242,133,179,59,2303,45,53,104,138,213,239,86,93,13,979,52,73,88,96,181,268,149,220,3,1141,99,79,150,206,404,665,275,339,13,2228,29,71,83,68,117,188,84,105,3,750,131,314,409,431,554,935,430,606,15,3834,40,161,184,163,224,284,131,142,16,1345,105,83,152,156,475,418,209,185,15,1798,204,872,616,573,861,769,347,569,58,4875,252,665,1008,960,1217,1375,458,502,49,6491,35,161,108,98,95,128,72,103,3,808,36,174,178,171,197,175,100,109,17,1156
LGA16610,127,376,304,546,819,842,420,798,119,4347,9,27,23,30,21,24,7,33,7,181,0,0,0,0,0,0,0,3,0,3,10,22,37,64,80,46,18,6,9,296,0,0,0,0,3,0,0,0,0,8,5,13,11,14,10,7,3,0,0,52,3,8,11,5,10,9,3,3,3,49,15,129,88,87,79,31,18,41,10,498,14,128,68,45,37,18,15,16,6,354,3,11,15,8,14,11,0,13,0,80,0,3,0,0,11,4,0,0,0,22,4,5,9,8,32,4,4,8,3,88,0,3,5,7,24,14,0,3,0,64,6,25,25,33,37,25,12,6,5,173,3,46,25,17,27,7,4,7,3,147,6,6,13,15,62,16,10,8,0,150,15,68,90,99,104,50,38,45,5,514,52,75,141,280,189,106,34,52,15,944,4,10,13,4,5,3,0,3,0,43,5,27,24,22,26,20,8,7,0,134
LGA16650,611,1802,2882,2035,6023,6966,2780,4362,734,28205,0,3,3,0,0,3,0,0,0,20,3,0,3,0,5,6,3,7,0,25,27,77,91,71,222,154,70,63,16,787,3,4,3,4,17,21,11,8,0,66,12,70,80,49,81,118,24,55,9,501,26,49,64,60,197,160,51,49,4,653,84,613,512,444,590,351,135,140,31,2899,60,446,550,274,334,210,88,122,26,2104,67,73,158,173,358,295,111,99,15,1363,19,22,43,31,146,134,57,42,5,496,89,42,121,153,474,503,157,153,13,1710,11,40,54,37,120,106,47,37,3,454,80,177,222,192,444,496,170,205,6,1984,44,193,325,178,278,215,73,65,30,1390,81,53,115,96,397,243,114,98,7,1209,99,326,362,287,496,366,164,198,21,2316,175,415,760,723,1035,796,187,232,51,4381,13,59,41,49,46,45,26,15,3,306,17,130,165,117,159,113,75,39,7,813
LGA16700,564,2239,2034,1819,5855,8068,3310,5235,551,29688,3,5,5,5,10,5,3,4,0,47,0,0,0,0,7,14,3,0,0,27,30,93,109,86,294,273,112,98,5,1096,0,3,4,8,31,33,10,14,0,114,20,72,98,67,91,138,55,60,7,603,36,58,70,91,348,334,123,114,3,1181,78,624,518,369,483,316,120,149,41,2708,56,512,397,227,199,173,79,129,20,1791,23,27,56,47,130,100,40,34,3,463,38,54,76,64,213,252,94,109,0,905,86,49,135,188,501,585,213,197,13,1962,13,44,79,65,131,164,33,46,6,581,130,270,357,321,657,824,295,314,14,3189,30,139,187,123,176,188,59,73,13,974,80,67,105,97,391,226,97,76,10,1142,121,611,480,420,594,522,246,380,44,3417,222,561,867,801,966,935,266,277,51,4949,18,91,37,53,38,63,11,20,0,333,23,151,172,139,184,135,61,63,12,939
LGA16900,493,1030,816,1043,3313,3605,1982,2888,285,15454,3,13,7,15,4,0,0,5,3,43,0,0,0,4,9,4,9,9,0,37,8,45,37,46,69,51,28,23,3,303,0,3,4,6,13,10,4,0,0,39,12,50,46,54,52,60,20,21,3,313,4,11,22,29,43,36,12,15,0,174,70,586,458,447,377,171,91,81,24,2304,48,432,248,228,132,95,29,68,9,1286,15,35,38,35,46,43,19,17,3,258,3,6,12,13,20,15,9,3,0,78,37,35,83,101,211,103,34,18,3,618,9,26,41,30,65,43,14,20,3,241,21,68,83,77,100,83,28,35,3,508,19,142,83,99,126,60,23,21,8,585,66,75,140,171,322,99,53,47,7,981,96,262,281,313,304,203,114,162,14,1739,180,328,707,761,691,482,165,160,37,3509,10,56,33,19,21,19,5,8,0,170,24,118,100,116,112,71,20,28,3,584
LGA16950,591,1809,1353,1691,3514,3709,2254,3404,465,18797,7,56,29,38,26,28,4,40,4,232,4,3,3,0,0,0,3,0,0,11,12,96,76,80,90,52,27,33,10,477,0,3,3,12,18,8,4,3,0,46,12,102,56,55,51,50,19,32,5,367,4,20,14,21,19,25,8,18,4,133,129,686,473,419,394,176,109,133,27,2547,99,712,312,286,193,158,81,143,29,2010,11,54,48,48,50,14,20,21,0,262,3,24,17,14,19,17,6,5,0,107,19,25,52,57,84,50,22,19,0,338,5,47,37,45,79,66,25,45,4,362,25,164,130,159,153,85,50,89,8,862,46,247,129,124,120,62,24,24,11,785,89,79,127,116,388,173,139,70,9,1183,114,322,336,394,270,278,141,242,15,2103,224,520,860,1012,761,523,157,201,45,4300,10,66,39,28,36,14,6,21,3,237,25,133,120,102,102,58,31,48,7,621
LGA17000,197,335,263,309,894,1010,1074,1944,144,6163,0,15,27,30,15,9,10,30,0,143,27,20,26,47,55,69,85,104,9,434,4,29,20,20,19,33,9,11,3,150,0,0,5,6,17,3,7,4,0,40,0,26,22,25,14,23,6,8,0,124,3,6,11,10,15,8,9,3,0,65,25,148,115,93,71,44,19,19,9,543,22,224,101,89,58,25,18,26,14,573,0,21,8,12,11,15,3,11,0,93,0,0,3,0,6,3,0,0,0,23,4,10,18,18,25,17,4,6,0,98,4,20,6,10,21,14,14,10,0,96,11,33,27,30,30,22,3,14,0,170,9,63,52,43,31,29,20,29,3,269,12,23,14,18,72,24,12,13,0,193,24,88,93,89,58,67,30,75,3,521,36,76,171,177,106,94,32,31,10,743,3,19,3,7,3,3,0,0,0,45,3,40,35,27,20,20,8,12,0,170
LGA17040,169,357,299,417,881,954,593,1434,127,5225,7,39,26,38,11,37,18,85,10,261,0,0,0,0,0,0,0,0,0,10,4,14,20,22,26,10,14,13,0,114,3,0,5,6,21,10,7,4,0,68,4,16,14,11,6,11,4,5,3,75,3,10,9,9,17,9,10,10,0,67,21,96,87,96,118,47,47,53,4,569,13,146,94,107,78,63,61,145,14,719,9,10,14,12,19,9,3,5,4,80,0,7,3,5,3,12,0,3,0,34,8,6,9,6,16,14,4,8,0,74,9,11,17,9,19,7,9,18,0,105,10,15,29,28,51,31,14,25,3,205,6,45,29,39,22,27,4,15,7,195,19,23,31,46,155,61,30,34,3,405,22,80,61,106,91,65,49,83,7,557,38,61,121,154,106,79,37,67,8,680,6,24,17,24,43,12,28,40,3,194,7,23,12,14,16,15,10,16,3,110
LGA17080,124,188,158,182,540,546,405,1038,113,3285,17,35,45,52,41,32,13,73,6,317,0,0,0,0,0,0,0,0,0,0,3,19,5,22,31,14,19,23,0,140,3,0,0,4,5,4,3,3,0,26,3,18,8,9,8,3,4,4,0,57,0,7,3,5,7,3,3,3,0,33,15,70,57,68,57,28,32,13,0,346,10,102,51,38,18,18,14,29,8,289,0,11,14,17,4,4,3,0,0,47,0,0,3,0,3,3,0,0,0,10,3,3,7,18,15,7,3,0,0,59,3,0,0,5,4,7,0,3,0,24,3,9,16,14,21,13,5,7,0,87,5,32,16,25,17,13,0,11,0,123,4,11,17,21,46,20,6,9,3,135,16,47,45,58,61,37,26,49,4,336,26,53,109,104,99,60,16,24,4,502,3,3,5,4,8,0,0,3,0,27,0,15,5,4,13,9,0,8,0,64
LGA17100,186,765,1102,760,2193,3069,986,1626,279,10960,0,0,0,0,4,0,0,0,0,9,0,0,0,0,0,0,0,0,0,5,8,19,21,15,94,74,22,16,3,268,0,3,0,0,14,11,3,3,0,29,6,28,42,25,38,58,7,15,5,223,7,21,24,28,76,79,17,21,3,272,29,189,183,123,192,116,41,55,10,948,26,158,187,79,99,59,38,37,12,692,11,14,17,25,66,57,7,16,4,209,3,9,16,4,53,35,14,15,3,161,23,24,45,46,176,231,52,47,5,648,3,21,22,17,37,45,5,13,0,164,23,69,87,72,203,267,63,87,7,883,7,67,66,38,80,66,20,16,8,361,23,14,23,21,146,75,28,28,0,369,16,156,111,91,177,100,57,78,8,805,60,189,320,310,336,358,89,127,17,1807,10,21,12,18,12,12,12,3,0,92,11,31,50,39,46,42,23,14,3,257
LGA17150,1346,4075,2896,3264,9136,14636,7696,14071,933,58058,4,11,11,10,10,13,8,5,0,72,0,0,0,4,10,15,0,8,0,40,59,268,255,251,331,399,150,156,17,1871,0,17,26,19,55,58,13,13,0,204,27,263,259,214,172,278,82,121,3,1414,43,135,166,169,270,324,135,136,4,1376,175,1538,1080,942,873,629,337,315,59,5947,102,1189,578,424,316,266,120,211,31,3237,120,164,312,382,445,403,175,161,22,2180,35,75,61,79,161,173,66,88,5,749,165,150,390,412,634,745,280,365,17,3160,42,115,177,146,211,274,113,134,7,1218,170,551,740,669,801,887,406,479,23,4726,77,348,315,303,358,355,115,135,20,2028,260,177,447,404,949,559,285,202,23,3302,353,1178,1318,1141,1191,1156,607,1009,48,7996,481,1213,2170,1958,1704,1664,520,507,76,10284,36,292,144,135,101,113,55,60,10,938,56,395,344,346,371,333,127,128,18,2124
LGA17200,1327,3660,6341,3477,9839,15180,7617,14631,1059,63126,4,8,8,8,9,10,8,13,3,68,0,5,8,3,13,17,3,18,0,72,29,98,132,86,194,259,128,197,7,1130,9,3,7,3,24,58,19,23,0,149,25,36,87,42,112,213,93,180,3,787,44,67,82,72,253,349,169,181,6,1225,141,669,861,499,851,673,382,414,52,4543,135,984,2292,641,718,614,401,563,98,6460,55,48,115,106,202,270,108,156,16,1076,76,105,134,149,417,644,387,592,10,2514,192,108,172,206,802,1305,620,842,19,4258,40,66,110,82,193,290,137,172,13,1103,265,416,590,492,1294,2201,1214,1981,38,8491,68,234,591,176,385,532,262,304,23,2571,133,94,126,173,803,641,422,437,24,2853,170,846,531,441,922,842,419,680,60,4917,239,686,1078,692,1142,1382,430,681,48,6383,47,203,210,166,217,298,124,234,18,1520,46,220,233,186,327,294,140,181,35,1651
LGA17310,376,894,634,902,2680,2971,1653,3024,290,13425,19,72,63,66,52,68,24,120,9,485,0,0,0,0,3,8,4,3,0,23,16,41,31,69,101,135,30,39,7,472,0,5,4,0,4,7,4,3,0,32,9,42,38,30,52,40,9,23,0,238,9,15,17,15,37,61,30,13,0,205,76,379,304,308,331,129,97,76,13,1716,33,341,175,190,118,68,45,97,21,1081,10,29,35,27,60,39,22,28,3,251,9,14,14,8,36,16,14,14,0,118,12,17,33,50,91,50,15,29,0,297,15,22,32,28,62,22,9,16,0,208,16,71,83,86,149,81,43,45,3,567,16,100,64,77,85,62,12,20,11,445,39,24,69,65,265,93,58,40,5,650,64,194,212,301,290,218,142,249,22,1707,171,239,446,640,682,561,172,199,31,3136,10,38,15,23,11,14,9,13,0,137,10,90,71,76,81,59,29,27,9,441
LGA17350,46,89,73,78,195,263,168,383,51,1342,11,22,24,17,9,21,3,18,8,135,0,0,0,0,0,0,0,0,0,0,0,3,0,10,4,3,0,4,0,22,0,0,0,0,7,0,0,0,0,6,0,7,3,3,0,0,0,0,0,11,3,0,4,3,3,3,0,0,0,21,5,44,18,40,25,15,6,11,0,167,4,35,13,20,12,11,7,7,0,104,0,3,5,10,8,4,4,0,0,36,0,0,0,0,4,0,0,0,0,6,3,3,5,10,7,0,0,0,0,32,0,0,3,0,4,0,4,0,0,12,7,15,7,10,13,11,3,3,0,65,0,10,7,10,4,0,0,4,0,43,5,4,0,8,11,3,4,4,0,37,9,28,24,24,21,28,9,21,0,170,12,25,32,56,37,34,10,10,9,226,0,0,0,0,0,3,0,0,0,6,0,12,12,6,8,6,3,3,0,44
LGA17400,38,109,84,95,173,203,86,391,39,1220,6,24,23,24,6,22,13,57,6,180,0,0,0,0,0,0,0,0,0,0,0,5,0,4,8,3,3,3,0,23,0,0,0,0,0,0,0,0,0,0,3,0,3,3,4,5,0,3,0,18,0,0,0,0,0,0,0,0,0,7,7,31,17,24,20,10,5,12,9,143,7,42,13,16,11,3,6,15,0,113,0,4,3,8,4,0,3,0,0,28,0,4,0,0,3,3,0,0,0,9,0,0,3,0,3,3,0,0,0,14,0,0,4,0,3,7,0,0,0,13,0,6,3,13,12,8,3,8,0,61,4,14,4,6,0,4,0,3,0,36,4,4,3,9,26,3,0,3,0,49,0,15,18,26,18,18,15,25,3,131,15,26,48,47,27,28,10,16,5,227,0,5,0,0,0,4,0,0,0,8,0,7,5,0,4,3,3,4,0,34
LGA17420,749,3267,2273,2278,6715,11140,4794,10309,604,42133,11,39,24,27,27,31,13,32,0,191,4,3,5,4,10,12,3,7,3,48,48,193,187,170,354,394,142,158,10,1668,3,8,17,15,53,41,17,24,0,179,32,204,209,210,221,324,93,119,14,1422,30,114,135,167,338,405,126,154,6,1482,150,1174,794,629,617,551,183,271,41,4413,59,721,333,242,192,171,90,122,14,1948,17,68,80,73,107,126,53,49,0,570,28,53,81,75,156,173,67,64,0,698,132,114,276,288,512,718,204,234,12,2479,18,90,96,100,151,182,83,92,6,810,91,449,481,439,606,779,265,395,27,3519,30,190,180,169,199,203,70,87,12,1133,100,106,186,184,596,341,97,120,14,1747,181,967,835,703,736,871,427,719,25,5469,276,810,1356,1212,1282,1204,350,375,60,6921,23,193,65,57,61,63,27,40,4,532,33,286,225,202,226,225,84,81,12,1387
LGA17550,518,1723,1317,1912,3232,3530,1718,3653,435,18032,13,54,47,39,24,29,9,37,4,256,0,3,3,3,0,0,0,8,0,15,7,78,70,69,59,49,23,25,0,392,4,5,8,8,14,12,0,10,0,63,9,95,91,72,68,61,14,33,3,441,3,26,32,30,42,25,12,29,0,199,80,604,397,480,348,146,88,128,29,2308,82,649,349,421,240,143,82,118,33,2114,16,45,57,75,60,35,24,26,4,350,6,27,20,22,34,20,9,14,3,144,16,33,52,67,73,50,17,24,6,337,11,64,63,48,105,57,32,41,0,426,19,162,117,180,164,101,55,77,7,883,29,205,145,145,119,77,25,42,9,807,51,55,83,117,308,102,51,40,0,806,90,350,294,396,319,297,153,250,24,2167,248,507,819,1159,781,483,164,236,48,4443,12,70,48,43,27,32,12,15,3,264,16,161,110,112,80,77,21,32,12,631
LGA17620,101,213,173,254,576,608,443,956,85,3406,22,56,40,58,51,73,34,100,7,441,8,3,5,13,9,8,16,24,0,88,0,8,4,16,39,17,8,9,3,104,0,0,0,0,9,0,0,8,0,19,0,13,6,8,3,7,0,4,0,42,3,8,8,3,11,9,0,4,0,41,10,75,56,67,34,18,16,27,3,311,9,100,43,41,18,17,3,20,3,261,0,9,16,10,12,12,3,8,0,68,0,3,3,0,6,0,0,0,0,13,0,8,3,6,11,3,5,3,0,43,0,4,4,5,3,8,3,0,0,33,7,17,15,21,21,37,17,22,0,157,3,25,23,13,6,16,9,3,0,104,5,10,12,22,64,6,5,3,0,135,12,45,58,58,54,41,38,53,3,370,20,41,90,89,66,65,25,31,5,427,0,0,3,4,3,9,4,14,0,50,5,22,14,18,19,13,5,3,0,99
LGA17640,52,132,101,146,293,388,181,596,41,1932,3,33,25,29,13,39,13,71,3,235,0,0,0,0,0,0,0,0,0,0,0,0,5,8,10,0,5,3,0,30,0,0,0,0,0,6,0,3,0,8,0,4,4,3,0,3,3,0,0,21,0,4,3,3,3,0,0,4,0,24,15,19,27,32,31,3,3,11,4,140,4,41,21,18,8,5,3,16,6,122,3,6,7,3,4,3,0,3,0,29,0,4,0,0,5,3,0,3,0,17,0,0,3,3,9,3,0,4,0,26,0,0,0,0,7,6,3,0,0,20,4,12,14,11,18,12,7,9,0,82,0,20,8,6,11,7,0,11,0,62,12,5,18,22,47,14,15,9,0,142,13,20,32,38,22,33,21,26,0,204,29,34,80,78,60,36,14,18,6,349,0,0,6,0,0,0,0,0,0,13,0,11,8,7,6,3,0,3,0,43
LGA17650,45,102,85,98,263,261,128,338,35,1355,3,8,11,23,11,16,6,22,0,102,0,0,0,0,0,0,0,3,0,3,0,0,0,9,7,6,0,0,0,29,0,0,0,0,0,0,0,0,0,3,0,3,4,5,4,0,0,0,0,19,0,3,0,7,3,5,0,0,0,17,8,29,21,32,18,12,12,13,3,142,6,44,17,4,8,3,3,8,0,102,0,4,6,3,3,3,0,0,0,14,0,4,0,0,3,0,0,0,0,3,0,3,8,5,7,3,3,0,0,35,0,0,0,3,7,3,0,0,0,13,0,9,15,21,13,8,3,3,0,71,0,14,7,4,4,4,0,0,0,47,9,3,5,8,31,6,0,3,0,67,11,33,35,44,65,24,21,35,0,265,10,33,45,65,54,35,3,15,0,255,0,0,0,0,0,4,0,3,0,13,0,7,5,3,4,3,3,3,0,34
LGA17750,393,1061,700,885,3261,3426,1919,3432,301,15387,21,64,40,42,26,45,17,76,4,343,0,0,0,0,0,0,0,3,0,5,20,70,39,61,97,85,39,32,7,452,0,0,5,7,21,4,3,0,0,38,6,38,38,50,60,34,24,18,0,263,8,21,27,22,37,36,19,11,0,179,78,481,322,350,318,134,94,72,26,1871,38,488,244,208,159,81,48,88,10,1358,10,25,18,34,73,41,19,24,0,240,4,8,9,13,48,15,17,3,0,114,21,16,38,44,91,55,24,29,3,314,4,9,10,27,65,43,18,17,0,195,17,62,92,94,163,89,37,42,3,605,16,102,65,78,120,54,15,31,10,483,67,31,87,90,361,192,94,176,11,1107,99,227,251,336,463,339,195,234,12,2158,216,301,554,753,852,642,212,241,19,3796,9,42,22,19,8,11,4,8,6,125,4,84,79,95,92,56,33,21,3,469
LGA17850,21,40,34,67,78,150,88,298,11,788,3,23,8,25,10,25,9,44,3,144,0,0,0,0,0,0,0,0,0,0,0,0,0,0,5,0,3,0,0,5,0,0,0,0,0,0,0,0,0,0,0,0,0,3,0,0,0,0,0,7,0,0,0,0,0,0,0,0,0,3,4,15,7,6,15,3,0,0,3,58,0,15,11,11,7,5,0,14,0,56,0,6,11,0,0,0,4,3,0,24,0,0,0,0,0,0,0,0,0,7,0,0,0,6,7,0,0,0,0,15,0,0,3,4,0,3,0,0,0,7,0,3,3,14,6,6,0,3,0,34,0,6,4,7,0,0,3,0,0,24,0,4,0,8,8,3,0,0,0,27,4,6,12,9,11,10,3,15,4,77,3,14,15,24,15,13,3,11,0,99,0,0,0,0,0,0,0,0,0,3,0,5,0,3,3,0,0,0,0,16
LGA17900,31,87,61,79,144,162,88,399,41,1090,7,14,11,10,9,18,11,67,0,145,0,0,0,0,4,0,0,3,0,14,0,0,3,4,5,0,0,0,0,14,0,0,0,0,0,0,0,0,0,0,0,3,0,0,0,0,0,0,0,6,0,0,0,0,0,0,0,0,0,3,0,16,23,16,7,10,5,6,0,77,0,25,22,18,10,14,3,8,3,99,0,3,3,0,3,0,3,4,0,17,0,0,0,0,0,0,0,0,0,0,0,0,0,3,3,3,0,0,0,14,0,0,0,0,0,0,0,3,0,3,0,9,0,0,4,0,0,3,0,16,3,8,3,0,10,3,0,5,0,36,5,3,5,11,30,8,5,5,0,73,14,23,20,48,24,23,6,41,7,205,13,12,25,32,51,32,4,18,4,178,0,4,3,0,0,0,0,0,0,12,0,0,6,0,5,4,0,0,0,17
LGA17950,24,21,20,27,82,139,62,239,15,622,0,12,9,14,4,36,5,46,4,130,0,0,0,0,0,0,0,0,0,0,0,0,0,0,3,0,0,0,0,7,0,0,0,0,0,0,0,0,0,0,0,3,0,0,0,0,0,0,0,3,0,0,0,0,0,0,0,0,0,6,3,17,10,11,3,6,4,6,0,63,0,9,4,3,3,5,0,7,3,30,0,0,0,3,0,0,0,5,0,12,0,0,0,0,0,0,0,0,0,5,0,3,0,0,4,0,0,0,0,14,0,0,0,0,3,0,0,0,0,3,0,0,4,3,3,3,3,4,0,19,0,4,0,0,0,0,0,0,0,15,0,4,0,0,15,0,0,6,0,32,10,6,11,12,20,15,6,11,0,86,3,8,14,19,9,12,5,5,0,77,0,0,0,0,0,0,0,0,0,0,3,0,4,0,3,0,0,0,0,13
LGA18020,56,104,96,120,244,305,202,579,50,1754,11,36,21,32,13,32,13,68,4,232,0,0,0,0,0,0,0,0,0,3,0,10,0,7,9,3,0,3,0,36,0,0,0,0,0,0,0,0,0,3,0,0,0,0,0,3,0,0,0,6,0,0,3,4,7,3,3,0,0,18,0,30,22,41,20,10,10,16,0,149,0,43,33,25,6,8,7,26,0,142,3,7,4,7,0,3,0,0,0,20,0,0,0,3,3,0,0,0,0,11,0,0,4,3,3,0,0,0,0,9,0,0,0,0,0,0,0,3,0,7,3,16,4,12,9,9,7,0,0,52,0,17,10,10,14,4,0,5,0,56,0,5,6,9,38,6,13,5,0,89,3,44,48,67,47,34,21,39,7,304,23,34,59,80,50,47,13,22,6,351,0,0,0,3,0,0,0,0,0,8,3,4,3,4,3,4,0,0,0,25
LGA18050,311,1068,1280,1098,2057,4539,2343,5483,325,18494,3,3,0,3,7,3,0,8,0,22,0,0,3,0,0,0,0,3,0,11,14,35,40,49,39,78,47,72,0,369,3,0,3,0,7,16,7,11,0,49,10,32,45,40,35,80,35,57,0,339,14,31,39,43,85,123,40,69,4,437,44,239,218,190,245,246,126,169,8,1487,31,237,307,176,131,141,87,127,13,1251,12,15,34,34,45,64,35,39,0,275,38,47,63,77,124,261,131,229,8,971,73,45,84,86,183,349,176,266,7,1267,10,57,46,32,56,108,48,71,3,432,108,220,262,268,365,704,381,587,18,2919,32,94,134,96,119,202,106,116,3,908,41,34,68,69,157,130,76,87,3,670,62,326,272,271,312,335,156,216,20,1969,98,329,458,438,405,467,155,222,10,2584,16,81,66,65,49,93,37,82,5,491,25,124,106,74,120,114,39,51,10,657
LGA18100,13,50,33,49,96,140,90,269,26,775,7,21,23,21,3,26,15,34,0,156,0,0,0,0,0,0,0,0,0,0,0,3,0,0,4,0,0,0,0,10,0,0,0,0,0,0,0,0,0,0,0,3,0,0,0,0,0,0,0,5,0,0,3,3,3,0,3,3,0,16,7,19,5,16,9,7,9,5,0,73,3,11,5,3,4,0,3,5,0,37,0,4,0,3,3,0,0,0,0,14,0,0,0,0,3,0,0,0,0,4,0,0,4,0,3,0,0,0,0,12,0,0,0,0,0,0,0,0,0,0,0,12,6,3,4,9,3,3,0,37,0,3,8,3,0,3,0,0,0,23,0,3,9,5,8,0,4,6,3,39,3,11,16,11,12,14,6,16,0,83,5,12,31,28,13,25,3,3,0,122,0,0,0,0,0,0,0,0,0,4,0,4,6,7,0,0,3,0,0,18
LGA18200,42,95,75,104,251,273,166,421,64,1489,3,22,17,18,14,21,4,33,5,148,0,0,0,0,0,0,0,3,0,3,3,5,3,7,5,9,3,3,0,41,0,0,0,0,4,3,0,0,0,9,0,0,3,3,5,3,4,0,3,30,0,5,0,0,5,0,4,5,0,24,10,39,20,24,19,12,5,6,3,135,4,44,12,20,10,13,6,17,3,132,0,3,5,4,0,5,6,4,0,25,0,0,0,0,3,0,4,3,0,6,4,5,4,3,8,3,0,0,0,30,0,4,0,0,4,0,0,0,3,17,3,0,11,3,4,9,3,0,0,43,0,10,14,15,12,6,0,4,3,71,4,3,3,15,28,13,7,0,0,72,8,27,30,30,27,22,16,25,0,182,20,18,40,49,58,30,10,14,0,235,3,7,0,5,3,3,0,0,0,18,0,6,4,7,8,5,0,3,3,39
LGA18230,306,658,515,680,2414,2450,1314,2696,236,11262,3,33,38,40,30,46,16,73,6,289,7,4,0,4,3,4,4,4,0,28,8,45,31,41,66,71,13,22,3,295,3,0,3,4,22,17,7,6,0,67,6,41,20,40,48,35,18,11,0,218,4,12,20,20,43,53,23,11,3,185,53,328,196,246,279,113,82,70,15,1389,27,350,137,170,118,68,52,84,26,1025,0,21,14,25,40,30,13,28,0,175,3,9,6,7,25,19,4,3,0,78,6,13,26,20,50,55,20,29,0,221,4,7,13,10,40,28,7,18,0,131,12,43,53,71,144,71,41,59,4,490,9,82,58,56,70,28,8,19,3,339,64,34,48,80,330,168,70,45,3,837,70,165,199,274,277,213,146,203,19,1570,137,222,346,437,667,524,149,193,28,2706,10,33,27,29,33,22,3,10,0,163,18,61,63,58,100,33,27,29,12,405
LGA18250,331,1353,1220,1042,2558,5040,2227,4765,268,18815,0,3,3,4,3,8,3,3,0,30,4,0,10,0,9,8,3,7,0,41,20,36,56,40,93,111,51,64,0,474,5,0,3,3,19,9,10,3,0,55,3,30,32,54,51,78,20,45,3,311,24,32,43,51,119,165,53,88,3,576,36,332,281,210,217,199,87,117,17,1495,30,274,249,129,133,109,64,95,15,1105,18,15,19,34,51,67,31,26,3,266,23,59,50,49,124,218,84,106,5,735,89,70,142,181,310,485,186,247,9,1713,16,57,50,67,69,117,41,76,3,490,84,264,296,267,462,668,266,372,19,2700,19,104,118,97,99,133,57,63,5,693,28,36,75,65,200,130,63,77,0,675,76,430,285,219,257,256,128,231,11,1892,120,363,518,424,453,443,147,239,23,2733,13,56,38,34,30,35,23,30,0,262,9,95,86,65,94,79,46,46,14,533
LGA18350,287,942,704,837,1709,2206,1250,2577,187,10692,7,45,34,31,24,26,14,33,3,213,0,7,0,3,7,3,8,5,0,30,12,51,42,57,49,74,29,40,6,361,0,0,3,4,9,3,0,0,0,25,11,73,43,36,31,49,10,23,0,283,9,23,28,31,42,43,20,22,0,209,30,275,214,210,185,110,58,94,15,1188,30,358,179,170,104,102,43,67,17,1080,5,30,25,30,34,31,11,15,0,188,3,15,15,15,21,22,3,12,0,96,15,30,31,42,45,41,4,21,0,230,9,28,33,25,49,44,18,29,0,243,20,130,82,136,103,94,34,52,7,661,14,125,87,62,60,43,14,35,5,425,23,26,40,49,109,55,39,24,3,366,40,206,209,186,211,172,113,214,19,1371,95,266,401,447,366,264,96,111,10,2056,5,37,26,20,16,16,8,18,0,154,13,81,64,89,75,48,24,27,7,419
LGA18400,335,725,545,635,2109,2981,1652,3487,297,12760,4,35,23,32,33,36,18,38,4,226,0,4,0,5,3,8,6,3,0,27,18,55,74,82,133,117,49,37,3,561,7,3,8,7,24,22,3,10,0,73,35,92,79,86,83,93,22,39,5,536,4,12,37,33,46,67,27,19,4,255,65,315,267,240,222,127,70,77,18,1390,26,291,140,127,64,54,31,29,8,765,18,51,44,42,53,78,22,37,3,344,0,5,12,7,21,5,7,12,0,64,16,11,36,49,100,88,22,22,8,360,4,10,26,16,48,64,22,13,4,215,21,91,102,99,120,113,39,52,9,652,12,84,67,54,57,71,18,24,4,385,39,52,81,73,224,107,58,37,10,682,75,214,208,258,299,263,127,222,18,1681,119,197,384,420,408,301,103,121,17,2055,6,46,26,29,21,19,4,15,3,166,13,77,76,61,86,53,28,30,14,430
LGA18450,1347,3888,2876,3172,9514,10301,5563,8402,876,45941,5,30,20,21,11,12,3,9,0,112,4,4,14,8,20,24,14,19,0,111,30,134,112,122,189,155,63,82,6,898,6,9,17,34,49,23,4,7,0,140,20,135,110,106,99,128,40,46,7,692,13,70,75,73,106,99,32,41,3,511,205,1426,926,755,806,347,181,192,53,4890,139,1420,650,546,335,240,120,181,47,3685,47,67,104,106,151,120,56,59,6,726,19,42,57,48,93,71,40,35,0,405,123,109,276,279,547,373,131,118,11,1977,22,81,92,84,170,133,53,53,0,685,89,333,332,293,388,353,162,170,11,2134,48,333,281,267,390,213,80,73,16,1699,184,216,396,418,864,427,225,141,18,2888,294,1150,1024,1065,1306,964,491,797,43,7127,548,1001,2059,2054,1788,1691,493,551,71,10259,41,217,103,88,66,40,29,40,3,630,70,353,281,258,298,190,87,82,14,1635
LGA18500,231,964,848,905,1284,2967,1539,5123,200,14070,0,12,9,3,0,7,0,8,0,40,0,0,0,0,0,3,0,3,0,11,3,29,34,22,30,68,23,57,0,275,6,0,4,0,9,8,3,3,0,31,7,24,24,29,28,54,22,56,0,235,8,31,35,37,32,88,49,91,0,366,39,191,181,156,125,192,117,158,10,1171,22,125,145,78,80,88,56,96,3,694,14,12,8,29,29,37,27,47,4,221,25,35,51,41,82,167,112,189,6,705,67,81,102,87,145,288,151,320,9,1250,18,82,60,69,47,115,57,111,3,551,98,250,231,253,258,550,289,625,21,2575,21,68,55,53,58,133,78,118,9,593,22,22,44,31,110,117,68,81,4,499,49,262,173,148,168,234,113,196,18,1361,69,280,339,289,240,343,141,205,13,1914,10,66,45,45,38,61,26,50,5,348,3,78,60,65,66,78,39,51,0,447
LGA18710,137,280,199,280,725,929,480,983,105,4118,10,29,20,25,17,24,10,46,3,189,0,0,0,0,0,0,0,0,0,0,3,10,13,10,7,13,6,3,0,58,0,0,0,0,8,0,0,3,0,15,5,31,17,13,8,18,4,11,3,107,0,3,4,6,0,5,4,11,0,36,12,67,47,49,58,27,12,23,6,293,12,119,59,51,30,16,7,30,10,327,3,3,7,8,8,6,4,4,0,42,4,3,3,7,7,4,3,4,0,44,0,6,8,6,20,14,3,3,3,61,0,7,4,4,6,10,3,8,0,46,19,24,26,47,63,76,30,38,3,328,3,30,15,16,17,11,8,6,0,116,68,24,52,79,240,167,82,77,6,793,29,70,77,79,80,61,58,70,3,524,45,70,112,159,138,81,17,46,8,672,4,17,10,14,11,3,3,9,0,69,0,23,13,19,26,21,12,3,4,120
LGA19399,18,18,15,23,25,49,25,152,12,339,7,5,4,4,10,11,3,46,0,94,0,0,0,0,0,0,0,0,0,0,0,0,0,0,0,0,0,0,0,0,0,0,0,0,0,0,0,0,0,0,0,0,0,0,0,0,0,0,0,3,0,0,0,0,0,0,0,0,0,0,0,5,3,3,0,3,0,0,0,18,3,14,10,5,3,11,6,14,0,61,0,0,0,0,0,0,0,0,0,0,0,0,0,0,0,0,0,0,0,0,0,0,0,0,0,0,0,0,0,0,0,0,0,0,0,0,0,0,0,0,0,0,0,0,0,0,0,0,0,3,0,0,6,3,0,0,0,3,0,14,0,0,3,0,3,6,0,0,0,13,0,3,3,4,0,3,0,4,0,15,3,0,0,4,3,0,5,0,0,19,0,0,0,0,0,0,0,0,0,0,0,0,3,0,0,0,0,0,0,5
LGA19499,85,152,190,184,356,428,187,348,103,2042,0,3,8,9,18,9,5,5,3,64,0,0,0,0,0,0,0,4,0,7,0,3,10,4,13,9,4,3,0,41,0,0,0,0,0,0,0,0,0,3,0,6,3,4,4,4,3,3,0,27,0,3,3,3,5,0,0,0,0,23,3,12,23,18,18,23,4,4,0,108,4,30,41,39,30,20,15,23,4,196,0,3,3,6,5,3,0,0,0,23,0,0,3,0,3,10,4,3,0,27,0,3,4,0,9,11,3,6,0,44,0,0,6,0,3,8,3,0,0,20,4,8,14,8,20,18,7,10,0,84,4,14,5,14,16,7,3,6,0,72,10,3,4,4,22,12,11,16,0,74,9,23,17,19,26,14,6,6,3,124,13,19,32,41,30,37,12,10,0,186,3,9,4,4,10,6,6,4,0,49,3,7,3,5,11,3,3,7,0,42
LGA19799,20,0,3,3,11,8,3,7,5,59,0,0,0,0,0,0,0,0,0,0,0,0,0,0,0,0,0,0,0,0,0,0,0,0,0,0,0,0,0,3,0,0,0,0,0,0,0,0,0,0,0,0,0,0,0,0,0,0,0,0,3,0,0,0,0,0,0,0,0,5,4,0,0,0,0,3,0,0,0,9,0,0,0,0,0,0,0,0,0,3,0,0,0,0,0,0,0,0,0,0,0,0,0,0,0,0,0,0,0,0,3,0,0,0,3,0,0,0,0,5,0,0,0,0,0,0,0,0,0,0,3,0,3,0,0,0,0,0,0,6,0,0,0,0,0,0,0,0,0,0,0,0,0,0,0,0,0,0,0,0,3,0,0,0,3,0,0,0,0,3,3,3,3,4,0,0,0,0,0,17,0,0,0,0,0,0,0,0,0,0,4,0,0,0,0,0,0,0,0,3
