LGA_CODE_2016,M_15_19_Prvided_unpaid_assist,M_15_19_No_unpad_asst_prvided,M_15_19_Unpaid_assist_ns,M_15_19_Tot,M_20_24_Prvided_unpaid_assist,M_20_24_No_unpad_asst_prvided,M_20_24_Unpaid_assist_ns,M_20_24_Tot,M_25_34_Prvided_unpaid_assist,M_25_34_No_unpad_asst_prvided,M_25_34_Unpaid_assist_ns,M_25_34_Tot,M_35_44_Prvided_unpaid_assist,M_35_44_No_unpad_asst_prvided,M_35_44_Unpaid_assist_ns,M_35_44_Tot,M_45_54_Prvided_unpaid_assist,M_45_54_No_unpad_asst_prvided,M_45_54_Unpaid_assist_ns,M_45_54_Tot,M_55_64_Prvided_unpaid_assist,M_55_64_No_unpad_asst_prvided,M_55_64_Unpaid_assist_ns,M_55_64_Tot,M_65_74_Prvided_unpaid_assist,M_65_74_No_unpad_asst_prvided,M_65_74_Unpaid_assist_ns,M_65_74_Tot,M_75_84_Prvided_unpaid_assist,M_75_84_No_unpad_asst_prvided,M_75_84_Unpaid_assist_ns,M_75_84_Tot,M_85_ov_Prvided_unpaid_assist,M_85_ov_No_unpad_asst_prvided,M_85_ov_Unpaid_assist_ns,M_85_ov_Tot,M_Tot_prvided_unpaid_assist,M_Tot_No_unpaid_asst_prvided,M_Tot_Unpaid_assist_ns,M_Tot_Tot,F_15_19_Prvided_unpaid_assist,F_15_19_No_unpad_asst_prvided,F_15_19_Unpaid_assist_ns,F_15_19_Tot,F_20_24_Prvided_unpaid_assist,F_20_24_No_unpad_asst_prvided,F_20_24_Unpaid_assist_ns,F_20_24_Tot,F_25_34_Prvided_unpaid_assist,F_25_34_No_unpad_asst_prvided,F_25_34_Unpaid_assist_ns,F_25_34_Tot,F_35_44_Prvided_unpaid_assist,F_35_44_No_unpad_asst_prvided,F_35_44_Unpaid_assist_ns,F_35_44_Tot,F_45_54_Prvided_unpaid_assist,F_45_54_No_unpad_asst_prvided,F_45_54_Unpaid_assist_ns,F_45_54_Tot,F_55_64_Prvided_unpaid_assist,F_55_64_No_unpad_asst_prvided,F_55_64_Unpaid_assist_ns,F_55_64_Tot,F_65_74_Prvided_unpaid_assist,F_65_74_No_unpad_asst_prvided,F_65_74_Unpaid_assist_ns,F_65_74_Tot,F_75_84_Prvided_unpaid_assist,F_75_84_No_unpad_asst_prvided,F_75_84_Unpaid_assist_ns,F_75_84_Tot,F_85_ov_Prvided_unpaid_assist,F_85_ov_No_unpad_asst_prvided,F_85_ov_Unpaid_assist_ns,F_85_ov_Tot,F_Tot_prvided_unpaid_assist,F_Tot_No_unpaid_asst_prvided,F_Tot_Unpaid_assist_ns,F_Tot_Tot,P_15_19_Prvided_unpaid_assist,P_15_19_No_unpad_asst_prvided,P_15_19_Unpaid_assist_ns,P_15_19_Tot,P_20_24_Prvided_unpaid_assist,P_20_24_No_unpad_asst_prvided,P_20_24_Unpaid_assist_ns,P_20_24_Tot,P_25_34_Prvided_unpaid_assist,P_25_34_No_unpad_asst_prvided,P_25_34_Unpaid_assist_ns,P_25_34_Tot,P_35_44_Prvided_unpaid_assist,P_35_44_No_unpad_asst_prvided,P_35_44_Unpaid_assist_ns,P_35_44_Tot,P_45_54_Prvided_unpaid_assist,P_45_54_No_unpad_asst_prvided,P_45_54_Unpaid_assist_ns,P_45_54_Tot,P_55_64_Prvided_unpaid_assist,P_55_64_No_unpad_asst_prvided,P_55_64_Unpaid_assist_ns,P_55_64_Tot,P_65_74_Prvided_unpaid_assist,P_65_74_No_unpad_asst_prvided,P_65_74_Unpaid_assist_ns,P_65_74_Tot,P_75_84_Prvided_unpaid_assist,P_75_84_No_unpad_asst_prvided,P_75_84_Unpaid_assist_ns,P_75_84_Tot,P_85_ov_Prvided_unpaid_assist,P_85_ov_No_unpad_asst_prvided,P_85_ov_Unpaid_assist_ns,P_85_ov_Tot,P_Tot_prvided_unpaid_assist,P_Tot_No_unpaid_asst_prvided,P_Tot_Unpaid_assist_ns,P_Tot_Tot
LGA10050,85,1378,153,1611,78,1442,175,1695,220,2693,289,3194,307,2411,256,2972,394,2507,263,3169,397,2379,267,3045,270,1806,251,2328,131,931,192,1251,31,334,121,490,1918,15883,1963,19759,83,1413,145,1635,144,1515,151,1810,373,2674,249,3299,479,2517,234,3228,685,2432,215,3329,730,2336,265,3327,383,1905,286,2573,175,1150,337,1659,30,653,158,841,3081,16587,2033,21704,167,2783,295,3248,224,2954,328,3508,591,5369,539,6498,787,4926,487,6205,1079,4943,482,6497,1126,4713,528,6372,657,3715,533,4907,307,2077,525,2913,62,990,275,1329,4997,32473,4000,41468
LGA10130,52,1046,153,1254,51,1173,146,1369,100,1446,148,1700,160,1182,127,1465,251,1347,169,1772,250,1307,161,1713,160,1043,148,1344,76,527,100,705,24,160,38,220,1121,9232,1194,11545,69,1094,139,1302,82,1188,158,1422,144,1471,155,1761,248,1253,136,1635,361,1353,178,1889,396,1301,146,1840,208,1043,159,1400,88,647,150,893,14,333,81,426,1606,9679,1291,12567,119,2148,294,2560,132,2355,304,2793,245,2913,301,3464,406,2434,262,3100,611,2702,352,3657,641,2606,306,3552,364,2080,304,2747,165,1174,256,1595,35,489,116,649,2723,18909,2488,24115
LGA10250,66,1047,134,1245,37,673,70,780,148,1442,145,1732,198,1832,180,2207,336,2140,230,2701,449,2314,275,3036,303,2156,243,2699,154,1048,229,1437,57,427,170,655,1754,13072,1671,16498,40,981,112,1133,65,670,58,788,213,1517,122,1853,376,1898,184,2456,593,2240,226,3060,778,2356,266,3398,431,2106,271,2805,171,1282,325,1773,39,751,312,1104,2693,13800,1869,18363,103,2030,248,2384,98,1341,128,1571,357,2961,267,3581,574,3732,363,4669,934,4376,451,5759,1231,4664,542,6434,727,4262,513,5503,323,2330,555,3203,101,1182,481,1755,4448,26873,3541,34860
LGA10300,5,52,18,74,3,60,11,81,8,76,14,99,21,105,18,147,16,113,23,156,17,156,27,194,10,82,22,119,3,36,20,59,0,6,0,12,84,691,155,922,4,43,10,56,4,40,9,56,12,106,19,136,26,88,16,130,28,91,11,132,27,129,26,186,14,62,13,86,7,46,18,76,0,20,4,22,121,626,131,879,7,95,31,135,9,105,21,132,20,178,37,233,43,196,41,276,48,211,35,290,44,286,49,377,23,150,35,202,12,83,39,131,0,26,9,35,200,1318,287,1801
LGA10470,88,1242,195,1515,71,1218,320,1604,178,2072,518,2765,231,1835,379,2450,311,1948,315,2572,345,1868,259,2477,203,1459,249,1917,86,651,146,882,21,208,65,293,1531,12497,2442,16480,91,1180,190,1460,102,1279,158,1544,285,1962,158,2399,396,1887,151,2430,524,1951,186,2665,528,1764,229,2517,324,1407,219,1951,112,811,217,1137,16,425,151,600,2391,12658,1656,16703,177,2418,377,2980,176,2492,480,3148,470,4030,674,5171,629,3720,530,4878,836,3899,504,5238,872,3636,484,4991,528,2864,471,3862,197,1460,361,2019,40,631,220,892,3925,25162,4098,33181
LGA10550,52,714,148,915,42,510,67,622,96,982,111,1194,153,1174,125,1459,297,1684,223,2201,397,2330,256,2988,243,2038,276,2561,124,905,212,1243,29,272,72,373,1434,10622,1491,13549,45,706,127,879,36,492,47,569,161,1020,105,1287,247,1284,131,1660,463,1763,220,2450,644,2270,263,3174,332,1890,276,2504,133,940,231,1298,28,450,148,621,2081,10807,1550,14437,95,1419,279,1792,75,1002,110,1189,256,2005,221,2482,401,2458,253,3120,762,3452,443,4648,1038,4600,524,6154,572,3927,558,5060,258,1838,446,2546,57,719,217,999,3516,21426,3042,27994
LGA10600,18,312,60,387,18,168,25,201,46,382,30,465,72,504,53,627,114,626,88,825,155,834,92,1081,102,670,85,864,35,333,69,443,18,98,23,135,576,3923,532,5030,12,274,44,335,19,153,18,188,55,400,38,488,117,530,52,696,199,736,64,1002,251,827,81,1161,140,620,96,857,43,335,97,477,10,173,45,233,855,4052,530,5433,34,586,104,719,36,318,37,396,105,780,70,953,181,1039,105,1324,314,1367,152,1824,411,1661,175,2240,243,1291,188,1718,83,668,171,924,29,274,71,368,1428,7976,1059,10465
LGA10650,7,166,53,223,6,150,25,185,40,286,46,373,47,318,39,399,58,335,50,447,73,497,72,645,57,547,102,713,30,271,76,381,11,86,32,133,336,2660,492,3483,16,150,38,198,14,116,17,155,52,282,38,377,53,348,46,447,91,339,62,490,146,456,65,664,88,480,86,662,33,252,69,360,5,136,46,182,503,2558,471,3532,19,315,94,421,23,266,42,331,89,570,84,747,104,661,87,843,149,679,105,936,217,952,137,1304,149,1035,192,1370,65,527,144,739,18,219,77,313,834,5226,963,7018
LGA10750,616,10408,1033,12066,675,10148,952,11776,1795,21434,2049,25280,2551,21371,1894,25814,2359,16924,1573,20854,1965,13266,1190,16412,1165,8267,956,10388,460,3343,533,4330,94,961,189,1248,11679,106120,10364,128170,649,9685,896,11229,920,9445,687,11060,3068,22206,1687,26964,3931,20111,1546,25591,3730,16210,1268,21208,3104,13005,1176,17289,1544,8486,1121,11152,436,4180,730,5348,77,1927,296,2303,17454,105261,9421,132134,1267,20093,1933,23289,1595,19596,1641,22830,4863,43648,3739,52249,6483,41487,3436,51402,6088,33135,2838,42063,5065,26272,2364,33702,2709,16752,2078,21536,895,7520,1260,9674,176,2883,491,3553,29132,211383,19787,260306
LGA10800,12,120,30,167,17,108,17,143,15,238,40,297,44,265,30,341,38,274,53,358,57,317,78,452,30,247,47,331,20,137,43,204,6,48,31,76,241,1753,371,2366,14,121,32,169,4,102,13,121,32,232,28,292,53,258,38,340,67,243,47,355,83,275,47,405,62,193,46,300,28,154,65,242,7,75,51,135,342,1643,373,2363,22,244,64,333,27,204,32,267,47,462,71,588,95,518,71,680,99,511,96,709,141,598,130,866,89,446,98,626,49,289,101,442,8,121,76,211,581,3400,741,4725
LGA10850,8,199,25,231,3,137,21,156,25,283,28,331,32,331,30,396,73,394,61,521,72,405,54,526,43,295,44,393,22,153,33,210,3,45,18,67,287,2239,308,2832,12,172,35,227,3,138,19,166,47,309,23,378,57,363,44,466,115,351,42,508,115,340,37,488,52,278,40,371,26,155,34,216,3,84,11,96,440,2196,285,2918,21,376,62,457,12,278,36,324,71,591,51,707,96,700,71,861,193,740,96,1029,187,742,83,1014,101,578,82,759,51,308,73,426,6,129,28,165,725,4432,593,5751
LGA10900,134,2158,164,2453,113,1671,94,1876,212,2983,198,3393,492,3850,283,4621,756,4170,291,5215,850,4372,322,5547,607,3469,314,4392,207,1442,195,1846,44,444,73,554,3417,24566,1923,29902,137,2026,156,2313,122,1540,90,1754,394,3011,194,3592,831,3998,234,5059,1280,4195,296,5767,1468,4416,331,6209,810,3699,377,4891,214,1771,275,2261,47,892,139,1079,5303,25543,2081,32926,270,4182,318,4769,234,3215,183,3631,610,5995,388,6985,1322,7844,511,9687,2034,8364,585,10982,2314,8786,653,11758,1417,7175,693,9280,423,3212,471,4107,92,1335,208,1630,8719,50108,4003,62830
LGA10950,4,60,21,80,0,71,9,80,11,126,25,165,17,105,21,149,16,166,30,213,10,114,16,145,13,102,20,132,10,65,15,94,0,14,9,22,83,824,175,1079,3,73,13,84,4,59,11,74,13,121,20,149,25,102,20,150,29,134,20,180,19,90,29,137,16,116,19,152,4,62,25,93,0,25,10,39,122,782,155,1059,6,127,29,167,5,132,19,155,18,250,43,317,42,208,44,296,43,301,51,394,32,204,45,280,27,212,36,284,14,133,37,187,3,40,18,65,204,1608,326,2140
LGA11100,52,1201,132,1385,74,1671,173,1920,224,3802,414,4437,326,2939,280,3546,396,2330,233,2957,287,1714,192,2190,143,1206,154,1500,108,695,156,953,30,170,65,265,1635,15712,1808,19152,53,1105,106,1270,99,1630,150,1874,298,3665,365,4328,471,2875,265,3609,557,2146,190,2895,408,1634,196,2241,257,1330,186,1770,120,830,147,1101,14,366,115,497,2277,15581,1722,19583,108,2304,238,2651,174,3299,322,3793,525,7464,780,8770,795,5813,549,7156,948,4475,424,5846,695,3348,390,4430,399,2535,339,3269,225,1523,306,2052,48,537,175,765,3911,31297,3526,38732
LGA11150,0,32,17,52,3,59,21,81,6,136,34,181,8,91,31,132,19,134,46,201,14,116,52,179,3,87,23,111,0,27,19,48,0,10,3,11,66,685,238,991,4,47,17,68,3,58,18,81,18,148,34,192,24,106,35,161,48,108,50,199,12,90,29,132,12,61,23,96,7,37,20,58,0,16,3,27,127,673,225,1023,5,84,30,121,3,118,38,159,26,275,65,369,34,200,61,294,62,245,100,401,27,202,75,309,14,146,46,209,8,64,36,110,0,29,11,40,186,1362,471,2016
LGA11200,3,28,10,41,9,25,28,62,6,85,29,118,4,72,7,81,23,98,20,145,13,92,9,113,6,46,3,56,0,21,0,26,0,8,3,10,63,469,114,647,6,42,9,51,3,49,3,55,12,91,10,111,7,60,11,81,23,93,13,131,13,81,13,106,3,47,8,51,3,15,3,23,0,7,5,15,69,482,73,621,8,67,14,95,6,81,37,123,20,170,41,231,17,125,15,155,45,193,34,270,27,171,22,216,8,91,11,110,3,38,4,45,3,13,7,21,130,954,185,1274
LGA11250,30,418,66,510,25,397,62,479,87,800,130,1020,113,696,103,906,147,910,129,1190,208,980,128,1320,112,774,127,1011,50,376,80,504,22,128,46,194,777,5488,871,7134,31,369,39,437,38,392,52,486,149,842,101,1097,163,712,74,948,208,867,87,1167,320,898,130,1344,160,754,132,1038,60,526,130,716,15,305,78,398,1136,5671,820,7629,52,793,105,949,63,790,111,962,235,1641,234,2114,272,1405,178,1861,355,1777,218,2356,526,1879,254,2663,269,1527,258,2049,112,897,209,1219,32,439,124,593,1915,11156,1693,14767
LGA11300,57,878,81,1014,103,1931,169,2200,170,3480,262,3909,218,1793,140,2159,273,1660,140,2076,241,1354,110,1705,146,918,88,1153,87,631,62,776,35,303,39,378,1329,12949,1097,15370,59,1011,70,1140,95,1962,141,2200,252,3411,288,3948,330,1747,144,2229,448,1686,127,2267,400,1390,122,1913,252,985,93,1326,121,811,89,1019,33,485,78,601,1991,13498,1146,16638,113,1888,150,2156,197,3890,314,4403,419,6891,553,7860,550,3548,289,4385,723,3351,268,4337,648,2747,225,3615,395,1909,176,2484,212,1441,151,1798,70,788,115,976,3322,26448,2236,32004
LGA11350,37,647,153,834,29,466,91,587,76,1259,265,1600,184,1544,283,2005,207,1712,347,2269,357,1950,392,2697,172,1311,269,1751,42,413,106,562,16,164,54,237,1121,9456,1964,12547,35,581,155,775,35,476,100,606,146,1399,248,1789,291,1792,297,2381,415,1857,335,2614,569,1845,382,2785,250,1129,236,1615,72,488,145,703,8,324,119,450,1828,9887,2016,13726,76,1224,312,1607,63,939,191,1194,223,2661,513,3390,472,3330,582,4381,628,3572,686,4879,925,3788,772,5482,423,2442,510,3371,119,902,245,1270,21,491,174,687,2943,19345,3977,26265
LGA11400,19,383,64,461,14,235,23,273,37,486,53,578,73,605,78,753,114,735,92,938,137,706,75,921,86,630,82,789,41,289,61,394,9,82,25,113,524,4146,551,5217,26,352,72,447,16,194,25,240,73,499,44,617,109,625,65,809,200,677,76,957,193,599,72,868,109,574,87,771,39,301,62,401,6,149,29,188,772,3975,535,5283,43,733,138,907,30,438,47,513,113,987,95,1193,188,1232,141,1555,306,1412,169,1887,330,1306,150,1782,187,1198,166,1559,79,590,120,792,16,234,56,306,1297,8124,1083,10499
LGA11450,107,2423,192,2721,98,2178,150,2419,310,5065,318,5689,549,4989,297,5836,589,3944,297,4825,453,2868,206,3529,282,1912,221,2413,130,789,122,1034,19,227,78,327,2532,24381,1878,28799,139,2332,163,2634,143,2115,158,2425,569,5300,339,6209,955,4873,290,6121,995,3772,246,5015,807,2808,235,3852,410,1935,223,2571,129,944,181,1258,11,474,166,652,4157,24553,2011,30720,245,4751,359,5357,243,4292,310,4846,874,10364,661,11903,1504,9861,592,11954,1583,7716,541,9839,1259,5675,443,7377,695,3842,444,4977,257,1736,300,2292,33,702,243,980,6690,48938,3893,59521
LGA11500,299,4656,517,5481,352,4919,474,5742,854,9435,830,11120,1189,8449,729,10365,1204,7518,653,9376,1161,7142,618,8925,738,4568,555,5860,249,1588,325,2163,43,392,140,572,6089,48680,4845,59612,309,4376,491,5172,463,4842,406,5705,1619,9708,860,12187,1932,8063,743,10735,1980,7517,694,10185,1856,7091,679,9630,918,4627,671,6214,236,1939,434,2609,38,718,336,1096,9348,48871,5319,63534,615,9034,1011,10656,811,9762,883,11451,2471,19147,1686,23307,3115,16504,1472,21097,3184,15036,1346,19566,3019,14233,1303,18553,1652,9199,1222,12079,489,3530,759,4780,81,1111,478,1666,15431,97554,10158,123148
LGA11520,87,1784,175,2045,130,2709,221,3062,374,7196,657,8230,536,5515,427,6471,689,4188,324,5201,673,3372,270,4313,395,2569,252,3213,191,1434,155,1782,61,609,77,738,3129,29385,2543,35060,90,1757,117,1963,125,2860,233,3220,495,7312,648,8453,839,5580,449,6873,1237,4418,376,6029,1082,3540,332,4953,629,2737,288,3651,276,1749,218,2242,44,1091,143,1279,4809,31046,2809,38670,180,3541,285,4009,255,5569,456,6281,862,14515,1308,16685,1372,11097,874,13340,1927,8606,696,11236,1749,6913,604,9267,1027,5308,536,6867,464,3187,375,4023,106,1695,219,2020,7939,60426,5355,73728
LGA11570,552,9652,988,11189,776,10701,1040,12519,2059,22156,2372,26579,2605,18749,1915,23279,2862,16857,1733,21448,2438,14365,1372,18174,1391,9802,1110,12295,799,5682,762,7239,266,2265,391,2921,13746,110225,11673,135647,656,9048,975,10678,991,9989,995,11979,3176,21300,2008,26481,3937,17926,1710,23574,4540,16146,1663,22350,3826,13596,1342,18772,1920,9537,1150,12599,895,6768,962,8624,165,3844,560,4568,20109,108150,11361,139620,1210,18695,1963,21865,1771,20688,2030,24494,5230,43450,4378,53063,6550,36674,3627,46854,7403,33003,3398,43804,6266,27965,2713,36941,3308,19338,2257,24897,1692,12447,1718,15862,427,6109,953,7487,33854,218372,23032,275266
LGA11600,0,62,10,72,7,66,13,82,16,155,22,190,15,129,24,165,26,172,18,216,19,168,17,206,5,99,8,113,14,49,13,75,0,17,5,26,93,920,132,1145,4,69,12,85,6,58,7,72,19,127,26,172,18,126,21,166,36,131,16,183,37,125,17,174,14,68,11,91,3,50,10,62,0,30,6,38,136,786,112,1038,4,135,18,156,10,125,16,155,31,286,46,362,32,256,44,328,63,305,32,397,56,293,33,382,25,166,18,204,20,94,23,135,0,46,10,60,235,1705,243,2185
LGA11650,459,8749,905,10117,485,8112,666,9267,1239,14803,1197,17244,1874,15904,1256,19032,2662,16969,1419,21054,2961,15614,1480,20057,2032,13581,1636,17251,996,7299,1422,9718,357,2671,839,3866,13069,103712,10815,127602,456,8529,819,9808,600,7689,626,8908,2107,14884,1041,18037,3352,15794,1199,20343,4525,16661,1394,22575,5059,15776,1474,22308,3013,14429,1903,19339,1167,8744,2075,11976,268,4509,1633,6407,20537,107016,12153,139707,923,17285,1723,19930,1079,15805,1291,18174,3343,29691,2245,35278,5227,31699,2449,39376,7187,33630,2810,43630,8016,31390,2958,42364,5044,28007,3534,36591,2163,16040,3495,21691,621,7179,2471,10278,33602,210729,22976,267307
LGA11700,3,39,13,58,0,39,11,53,9,74,44,126,14,77,29,110,4,91,35,134,16,111,23,147,5,87,28,125,4,27,10,38,0,0,3,5,52,549,194,800,7,44,13,61,0,43,12,57,14,76,36,127,12,62,17,88,12,82,20,112,15,86,16,121,6,45,15,72,0,21,9,34,0,13,7,19,75,469,139,685,7,85,28,123,0,80,22,108,21,153,78,249,22,137,41,201,21,171,56,249,27,194,40,268,19,131,45,197,4,51,18,73,0,14,9,23,125,1020,339,1485
LGA11720,82,1474,199,1750,106,1390,267,1758,234,2708,575,3520,340,2662,496,3507,409,2686,394,3490,486,2711,351,3542,315,2056,380,2748,108,846,198,1160,23,256,62,343,2105,16793,2924,21820,95,1425,177,1701,124,1424,136,1680,463,2859,312,3631,596,2526,238,3362,708,2514,272,3493,835,2479,318,3634,394,2009,366,2770,120,1018,246,1379,17,543,145,706,3349,16799,2214,22360,171,2905,378,3454,230,2807,409,3443,697,5567,890,7149,939,5188,738,6867,1121,5202,663,6988,1321,5194,668,7177,706,4067,745,5519,230,1861,447,2538,44,799,207,1052,5453,33590,5143,44189
LGA11730,77,1213,245,1538,89,857,143,1081,181,1593,280,2053,263,1915,285,2470,451,2440,346,3234,617,3082,408,4101,399,2935,420,3748,184,1405,332,1923,47,438,120,609,2317,15878,2567,20766,100,1111,210,1424,89,801,79,966,326,1589,182,2094,494,1949,229,2676,724,2487,261,3473,1032,2844,370,4247,599,2645,407,3648,224,1463,382,2061,35,804,170,1014,3612,15705,2286,21595,183,2330,455,2961,178,1655,218,2047,505,3181,463,4148,759,3868,513,5145,1176,4931,601,6710,1647,5931,775,8345,1000,5583,825,7399,411,2866,710,3989,80,1245,290,1618,5936,31579,4852,42364
LGA11750,4,105,28,132,0,107,18,126,24,280,46,349,20,252,44,318,25,236,42,307,31,256,50,342,5,145,37,183,4,57,19,80,0,24,7,27,121,1459,289,1870,8,98,19,117,7,102,20,127,36,289,39,363,31,204,35,271,28,203,40,275,44,180,30,258,19,123,21,167,9,86,31,128,3,35,8,47,190,1321,243,1753,14,201,41,252,10,206,41,257,58,566,84,708,54,460,76,588,57,445,89,586,77,436,82,591,22,269,55,350,22,139,52,212,3,58,18,78,308,2782,530,3623
LGA11800,126,1868,227,2224,94,1611,185,1888,260,3083,357,3701,371,3216,309,3895,548,3543,375,4461,700,4018,504,5220,478,3294,417,4187,249,1558,381,2188,78,494,216,786,2900,22687,2967,28551,118,1758,227,2109,130,1526,146,1806,427,3227,297,3953,638,3397,289,4326,993,3749,424,5167,1220,3837,418,5473,653,3223,450,4328,282,1806,513,2601,55,827,408,1284,4516,23353,3175,31045,251,3630,456,4331,228,3137,333,3688,682,6306,654,7649,1008,6608,600,8219,1537,7293,797,9633,1917,7858,919,10689,1128,6521,868,8512,535,3366,894,4793,131,1322,623,2070,7415,46035,6144,59595
LGA12000,6,105,23,134,3,80,8,93,10,135,18,173,28,170,33,231,27,232,25,284,35,227,30,289,27,194,46,272,14,113,35,163,3,23,13,47,158,1284,235,1680,13,98,15,123,11,92,7,111,20,143,24,182,35,171,21,230,55,226,25,306,73,162,33,265,42,190,47,276,15,118,53,187,0,37,36,76,258,1236,259,1751,23,204,36,259,15,171,12,200,28,281,42,354,61,335,60,457,81,456,55,594,107,385,60,554,68,387,94,550,32,227,89,344,3,65,47,120,416,2515,490,3431
LGA12150,17,69,31,109,14,68,12,91,13,160,39,217,24,113,32,169,45,199,47,296,28,211,45,281,20,159,56,237,10,85,22,116,3,23,15,35,166,1084,298,1550,11,60,21,95,11,102,12,120,35,153,35,224,41,131,37,212,69,162,40,272,52,164,44,261,29,119,47,202,10,75,35,126,0,53,16,70,257,1025,293,1573,26,125,49,201,27,168,20,215,53,312,74,440,63,242,76,378,109,365,93,568,81,374,90,546,51,281,104,439,21,154,63,239,4,72,31,105,422,2110,594,3124
LGA12350,20,309,50,378,13,281,35,335,41,438,51,531,76,475,66,610,108,618,79,805,130,691,89,907,96,648,102,855,46,345,93,486,9,118,36,163,548,3913,614,5073,18,287,49,359,18,260,41,325,72,412,51,535,109,482,57,653,156,618,75,852,207,593,98,899,119,605,99,824,43,382,81,505,11,215,45,273,759,3866,599,5229,35,598,103,739,40,541,74,655,110,855,105,1071,184,955,119,1261,265,1235,155,1663,337,1290,184,1812,215,1256,205,1673,95,719,179,996,23,329,81,433,1306,7775,1211,10296
LGA12380,360,5561,587,6509,579,8064,793,9435,1553,18935,1943,22430,1629,13350,1254,16237,1464,9940,969,12363,1233,8112,837,10178,731,5337,604,6668,329,2654,396,3377,84,906,181,1169,7951,72853,7571,88379,381,5157,482,6016,668,6418,630,7718,2255,15998,1473,19723,2310,10921,994,14218,2272,9187,884,12349,1965,7669,765,10401,1009,5143,575,6734,371,3197,490,4054,66,1685,361,2111,11291,65373,6663,83333,738,10722,1073,12528,1250,14480,1422,17158,3803,34939,3417,42160,3937,24272,2248,30455,3733,19130,1853,24715,3194,15780,1604,20582,1743,10481,1183,13403,699,5846,881,7431,147,2587,546,3282,19246,138226,14232,171707
LGA12700,14,223,38,272,12,158,30,200,26,331,37,391,49,376,50,471,77,511,65,653,104,540,70,716,62,438,58,564,25,224,49,294,7,42,17,69,368,2843,413,3622,10,221,51,286,18,140,17,177,61,322,43,424,97,390,42,529,131,484,54,670,199,464,65,734,70,371,48,491,26,185,60,268,4,81,27,112,620,2657,408,3687,21,440,91,557,30,302,42,373,88,646,80,815,144,766,91,1000,211,997,115,1320,301,1004,140,1447,133,815,112,1058,44,408,107,559,11,121,50,179,989,5505,819,7315
LGA12730,11,207,41,253,14,208,27,256,37,342,43,426,38,375,48,465,81,380,72,535,94,531,77,704,46,381,75,501,32,219,55,304,3,74,32,111,362,2719,477,3552,26,196,26,246,22,172,26,221,55,350,37,440,87,377,42,513,119,406,61,582,132,437,85,656,83,335,89,505,40,241,84,368,6,147,31,181,568,2655,491,3720,37,397,71,507,39,378,55,477,95,688,83,865,131,756,96,977,199,784,130,1119,227,965,167,1362,129,716,165,1010,69,460,142,671,10,225,58,295,932,5374,973,7276
LGA12750,43,726,140,908,49,541,67,658,116,1067,126,1302,178,1268,167,1617,292,1743,222,2256,509,2417,289,3223,384,2597,367,3347,163,1234,270,1671,46,371,133,549,1784,11956,1788,15527,36,744,109,889,53,500,65,620,166,1036,117,1310,278,1363,147,1792,483,1756,175,2409,731,2537,292,3556,517,2367,381,3265,193,1185,329,1706,35,586,221,841,2484,12075,1831,16390,79,1467,245,1799,99,1043,135,1278,275,2102,237,2615,457,2631,312,3405,766,3500,399,4667,1242,4954,577,6778,901,4959,745,6609,357,2414,603,3382,75,955,351,1388,4268,24030,3614,31914
LGA12850,393,6309,584,7281,550,6817,557,7920,1202,11079,963,13246,1355,9495,832,11683,1758,10587,1000,13349,1522,9698,863,12079,759,6148,615,7530,394,3165,388,3945,89,1140,167,1399,8012,64437,5973,78424,481,5888,523,6894,671,6277,465,7410,1771,11107,965,13841,2371,9789,928,13089,2753,10125,906,13787,2540,9517,807,12859,1164,5966,595,7728,416,3798,449,4660,68,1914,211,2192,12231,64380,5839,82452,872,12198,1105,14169,1220,13094,1024,15335,2974,22185,1928,27090,3728,19284,1755,24772,4510,20708,1911,27133,4060,19211,1670,24942,1919,12118,1214,15253,803,6963,833,8601,156,3057,376,3585,20248,128817,11813,160880
LGA12870,13,281,56,353,11,228,31,267,42,402,40,481,45,481,62,592,85,594,80,764,123,721,85,926,90,737,139,968,39,370,118,525,12,113,58,185,470,3927,664,5060,13,264,47,323,23,207,23,254,78,393,34,506,92,468,49,609,152,565,61,780,192,676,89,959,107,678,119,910,53,388,123,569,7,149,71,226,718,3777,629,5122,30,545,100,672,33,434,54,518,120,796,72,985,138,947,114,1198,235,1159,139,1542,313,1391,171,1883,199,1415,258,1875,94,759,240,1093,21,259,132,411,1187,7710,1289,10187
LGA12900,17,259,42,322,21,220,45,282,33,385,48,471,48,402,46,494,85,462,70,612,74,484,69,630,56,452,76,593,34,233,67,328,10,60,28,96,379,2953,491,3821,18,239,55,304,17,168,19,199,49,431,49,531,94,348,46,483,128,430,65,622,123,412,57,592,75,389,71,534,32,271,78,378,3,132,27,166,533,2824,460,3815,34,497,91,631,31,392,57,481,88,815,96,1001,148,751,89,984,211,891,134,1236,193,893,130,1221,131,840,151,1122,65,499,143,710,11,193,51,254,918,5774,952,7636
LGA12930,213,4041,299,4552,293,5303,317,5915,724,10649,751,12129,905,7816,490,9213,1308,7452,494,9262,1185,6273,429,7888,752,4441,364,5557,370,2578,312,3261,113,1032,168,1311,5862,49587,3627,59077,237,3849,258,4351,339,4659,289,5279,1059,10522,709,12298,1498,8024,508,10032,2014,7500,482,9998,1898,6465,422,8787,993,4600,429,6025,445,3099,375,3922,96,1981,383,2456,8578,50695,3864,63143,451,7892,562,8900,631,9960,609,11199,1785,21175,1464,24425,2399,15842,998,19243,3325,14953,982,19255,3088,12739,854,16677,1749,9043,794,11582,819,5674,687,7179,206,3012,549,3763,14445,100285,7495,122216
LGA12950,6,92,19,117,10,86,13,106,14,165,17,193,23,167,16,210,44,211,34,282,37,225,37,299,31,183,32,246,13,117,34,167,10,39,17,60,180,1285,221,1688,6,83,20,109,6,93,9,110,20,182,14,215,37,168,12,220,66,185,20,269,55,227,24,305,36,182,46,263,18,135,29,183,7,49,18,75,255,1297,198,1752,19,170,45,233,18,182,24,216,33,343,35,410,53,341,35,428,106,392,52,552,90,455,65,607,64,370,77,511,33,248,69,354,15,92,29,134,432,2586,422,3440
LGA13010,14,199,39,248,20,150,26,190,27,296,115,435,53,302,115,474,62,374,85,516,111,515,79,705,60,472,102,637,33,243,60,336,4,53,34,92,389,2604,645,3635,12,180,32,228,17,160,26,196,57,278,41,373,79,328,51,460,103,410,42,557,133,473,66,668,92,455,106,660,36,250,83,374,6,123,56,187,545,2651,501,3692,28,379,66,472,32,302,51,386,86,570,153,809,129,632,166,929,165,785,123,1072,243,988,138,1368,157,927,208,1297,70,497,141,706,14,180,84,279,932,5254,1139,7322
LGA13310,32,771,113,917,46,745,147,938,118,1355,336,1815,198,1304,311,1814,273,1526,253,2048,270,1507,169,1945,201,1205,225,1629,78,588,152,816,26,155,69,254,1242,9153,1778,12173,43,687,103,828,63,610,55,729,219,1403,131,1751,271,1310,125,1705,395,1457,133,1992,441,1422,149,2006,235,1183,202,1618,79,660,205,946,21,291,180,484,1765,9019,1280,12065,81,1453,209,1741,112,1349,202,1669,334,2758,466,3567,469,2618,440,3518,669,2982,385,4040,703,2924,321,3954,432,2382,430,3250,154,1249,354,1760,44,449,243,738,3003,18171,3057,24238
LGA13340,20,290,43,350,13,194,23,227,34,343,38,416,52,430,29,516,122,533,34,689,97,618,75,795,61,536,72,667,26,209,55,289,3,77,28,110,428,3221,400,4051,26,267,33,327,20,135,17,166,53,375,41,479,94,431,47,571,176,516,50,736,188,527,69,785,75,429,69,576,33,193,48,271,8,101,47,154,677,2971,422,4061,44,560,78,677,34,325,43,399,89,724,80,887,153,858,74,1084,296,1047,82,1429,282,1147,141,1573,139,962,141,1241,64,394,100,558,8,171,76,259,1108,6192,823,8116
LGA13450,50,712,116,877,37,659,97,794,114,1446,202,1755,154,1248,161,1560,229,1246,175,1655,202,1149,202,1551,105,706,158,974,61,451,152,660,24,136,81,244,977,7757,1343,10081,44,610,90,751,38,614,81,736,184,1396,176,1762,257,1120,163,1533,327,1169,178,1671,335,964,189,1486,162,739,177,1076,70,502,178,758,13,242,162,424,1431,7371,1391,10196,90,1324,210,1624,80,1271,183,1537,298,2846,376,3518,406,2373,317,3097,557,2417,352,3323,535,2108,388,3035,273,1447,335,2050,134,957,331,1418,38,386,248,669,2410,15129,2734,20274
LGA13510,16,259,38,320,11,219,20,245,31,381,46,463,73,432,56,554,87,536,73,691,120,617,92,826,82,571,89,743,43,340,74,454,15,97,26,137,477,3447,511,4438,22,234,35,294,20,192,27,238,60,396,47,505,124,440,55,612,133,496,53,681,198,547,69,815,113,565,92,774,56,362,94,512,14,192,52,258,743,3432,516,4692,45,497,74,607,33,405,43,482,94,783,96,972,194,865,116,1174,225,1034,117,1377,314,1160,156,1636,197,1138,180,1514,99,697,172,969,27,297,72,391,1224,6874,1026,9126
LGA13550,8,301,57,364,19,276,39,331,55,627,64,748,63,555,79,703,90,587,82,761,111,623,81,820,55,447,88,596,31,274,58,366,5,79,32,107,439,3774,586,4799,17,272,47,332,37,262,27,327,97,618,57,774,97,534,48,682,146,554,74,771,141,537,74,750,87,431,78,604,42,305,88,440,6,169,34,211,667,3688,529,4887,29,574,101,702,55,543,68,664,153,1246,120,1520,157,1087,134,1376,237,1140,157,1532,253,1162,155,1573,149,878,166,1192,73,578,154,801,12,247,60,318,1107,7464,1111,9686
LGA13660,6,90,27,129,4,98,11,117,11,176,27,215,22,205,27,253,49,279,35,364,48,280,68,396,44,291,59,389,23,157,52,225,3,38,13,53,210,1611,315,2143,7,95,26,121,13,92,10,113,28,173,23,223,48,197,25,271,64,263,45,370,84,217,45,348,72,260,44,377,20,147,46,211,0,71,34,107,329,1512,299,2137,12,189,51,248,19,193,22,229,41,347,49,440,75,395,56,520,112,544,79,737,126,498,117,739,118,548,103,773,37,309,99,441,3,104,42,155,537,3120,621,4280
LGA13800,87,2053,217,2356,110,1958,153,2216,228,3452,287,3969,361,3327,273,3960,541,3745,366,4647,508,3109,275,3895,286,2162,262,2714,127,929,146,1206,21,278,67,373,2268,21008,2048,25325,121,1892,210,2225,160,1852,161,2173,416,3391,253,4061,674,3250,237,4159,917,3648,346,4904,838,2830,270,3938,464,2119,277,2857,144,1070,218,1430,19,513,114,639,3751,20558,2084,26394,207,3948,429,4580,264,3810,311,4387,646,6839,545,8030,1036,6576,511,8115,1459,7388,710,9554,1343,5937,548,7833,752,4285,540,5571,275,1999,367,2640,39,793,180,1010,6022,41569,4133,51718
LGA13850,7,68,13,90,4,67,12,83,13,110,25,153,15,100,16,127,33,159,39,234,31,167,29,218,15,129,32,176,0,78,30,118,3,14,11,27,124,899,192,1220,8,64,13,84,7,52,9,68,14,109,26,140,26,107,19,153,52,153,26,227,47,137,18,199,25,118,42,182,12,75,26,117,3,18,12,32,191,824,189,1210,17,134,29,173,12,121,17,150,27,216,51,297,37,207,32,277,83,316,61,461,80,301,45,424,39,243,73,358,16,155,59,233,3,33,22,60,321,1725,385,2431
LGA13910,24,459,87,565,25,376,27,426,61,666,63,794,101,831,73,1005,142,925,106,1166,161,992,127,1288,131,919,170,1212,62,428,102,591,14,122,50,178,714,5712,803,7230,33,453,96,580,35,387,39,470,125,693,72,891,175,765,70,1010,258,909,106,1276,271,865,106,1245,192,834,154,1180,68,486,116,667,6,262,72,337,1170,5654,840,7657,51,909,185,1148,64,768,72,899,189,1356,140,1683,282,1594,142,2018,395,1831,209,2439,440,1860,238,2535,319,1755,320,2396,127,909,219,1254,17,383,118,516,1885,11363,1641,14883
LGA14000,196,4521,229,4942,201,3944,171,4315,429,6398,379,7208,844,8599,447,9894,1213,8513,395,10117,1322,6692,321,8336,767,4755,286,5807,402,2528,287,3217,117,1039,230,1389,5487,46990,2755,55227,218,4311,209,4732,245,3640,169,4056,660,6501,327,7490,1307,9101,399,10803,2052,8520,396,10963,2046,6503,313,8861,1118,4901,329,6353,481,2968,413,3857,87,1815,558,2453,8194,48252,3121,59570,409,8833,437,9677,446,7584,347,8372,1083,12902,709,14697,2148,17705,849,20695,3262,17034,789,21080,3368,13194,636,17202,1888,9654,622,12158,880,5495,702,7073,200,2852,787,3841,13683,95244,5871,114796
LGA14100,49,728,27,809,28,307,23,360,34,459,47,545,52,692,44,788,120,780,55,955,129,594,53,780,89,556,50,691,48,298,33,380,21,211,19,249,569,4623,356,5549,12,313,24,355,26,278,27,322,48,496,44,585,111,742,54,910,215,782,48,1048,212,603,52,863,119,551,61,731,53,385,39,474,14,432,45,502,815,4588,392,5794,59,1047,55,1162,51,588,53,686,90,957,89,1134,163,1435,98,1699,338,1560,101,2004,338,1195,106,1640,206,1107,106,1425,101,686,73,856,40,643,62,746,1389,9215,744,11350
LGA14170,153,3025,303,3484,275,5291,548,6107,816,15303,1764,17881,1172,13011,1347,15531,1498,9893,1068,12466,1248,6841,795,8879,664,4592,563,5819,323,2410,356,3087,103,905,154,1168,6248,61274,6898,74421,152,2873,274,3297,300,5737,591,6624,1088,16175,1760,19018,1756,13185,1285,16231,2431,9420,919,12775,2046,6844,746,9636,1079,4767,527,6377,419,2944,390,3755,59,1707,242,2004,9332,63649,6732,79710,309,5899,577,6783,572,11024,1143,12739,1905,31474,3520,36902,2933,26191,2634,31754,3932,19312,1994,25239,3294,13682,1540,18512,1741,9362,1091,12191,743,5355,744,6838,159,2615,394,3170,15582,124915,13633,154128
LGA14200,29,443,101,574,20,384,42,444,64,683,91,838,90,654,81,824,139,767,92,995,150,804,125,1077,98,722,142,961,45,397,100,552,17,99,25,139,647,4948,800,6398,24,381,64,467,48,360,40,455,122,680,74,876,170,667,87,924,205,766,99,1066,260,741,115,1120,155,680,125,959,65,445,111,614,12,213,53,269,1056,4925,776,6759,54,819,168,1042,73,743,81,898,179,1360,170,1710,262,1328,170,1754,335,1533,195,2064,407,1541,238,2192,255,1401,263,1921,116,838,212,1165,27,305,75,408,1709,9873,1575,13158
LGA14300,14,130,40,179,15,116,125,259,27,241,290,562,34,213,301,554,46,276,157,474,52,304,124,473,43,221,48,310,14,96,32,139,4,29,11,40,240,1618,1135,2993,15,118,15,155,15,111,14,138,32,242,30,308,58,211,37,300,81,255,35,367,77,265,44,390,38,228,46,314,10,102,29,144,0,57,14,68,325,1588,261,2176,28,251,57,332,27,234,137,400,62,488,320,870,88,425,334,851,121,528,195,840,132,565,174,862,76,450,95,624,23,200,59,279,3,79,23,115,568,3211,1397,5173
LGA14350,55,636,175,864,53,517,148,716,128,903,340,1377,166,1006,254,1422,259,1315,260,1833,335,1704,290,2326,252,1567,272,2096,106,687,187,991,30,203,88,324,1393,8547,2003,11942,46,604,138,790,66,483,75,620,199,952,156,1307,291,1018,157,1467,429,1261,200,1889,500,1661,240,2395,319,1390,242,1954,120,679,212,1008,16,380,147,542,1975,8435,1563,11972,103,1239,316,1653,124,996,222,1336,325,1857,489,2675,460,2025,409,2892,685,2580,458,3719,833,3363,528,4723,570,2964,512,4042,225,1373,403,1997,42,586,236,867,3370,16978,3570,23915
LGA14400,24,569,62,658,32,516,37,589,49,802,69,921,106,957,72,1131,185,1067,102,1361,273,1302,112,1685,171,1093,111,1379,65,551,67,684,24,176,51,249,932,7031,684,8649,32,513,55,603,27,410,32,471,92,793,54,932,188,961,73,1219,275,1103,91,1465,479,1206,100,1784,246,1077,140,1468,80,597,131,811,28,312,106,456,1447,6974,781,9206,58,1080,121,1254,60,933,64,1058,141,1594,117,1853,286,1914,142,2350,464,2174,193,2828,747,2506,219,3466,421,2174,249,2846,144,1152,200,1498,52,487,162,704,2379,14007,1470,17852
LGA14500,211,4273,285,4762,155,3031,117,3304,287,4060,232,4578,594,6040,266,6899,1076,7239,377,8698,1046,5241,257,6548,715,4007,215,4938,387,2531,225,3143,185,1096,216,1492,4650,37526,2189,44363,181,4112,239,4527,199,2990,144,3330,361,4498,230,5087,1014,6866,305,8182,1733,7713,373,9814,1692,5044,258,6995,1082,4192,306,5581,509,2895,359,3765,134,1898,503,2538,6899,40210,2720,49830,395,8385,518,9293,352,6023,264,6638,643,8560,459,9662,1606,12908,571,15085,2808,14955,745,18515,2740,10286,524,13543,1798,8198,521,10518,890,5429,589,6907,316,2998,718,4036,11550,77735,4910,94189
LGA14550,9,195,46,253,17,147,19,186,27,239,23,295,54,334,46,428,73,504,93,669,141,679,117,930,79,496,75,650,26,200,70,292,4,64,18,84,431,2863,501,3790,20,181,45,247,18,110,10,141,68,248,28,339,77,306,42,431,151,464,80,690,176,562,84,817,83,411,78,572,22,219,55,301,6,109,42,151,618,2600,471,3686,34,381,89,502,42,259,32,329,91,489,50,633,130,635,90,855,223,964,177,1358,315,1234,194,1747,163,911,153,1217,49,420,123,594,8,174,57,239,1050,5459,970,7473
LGA14600,3,118,30,148,10,141,26,179,23,282,37,341,29,255,42,325,38,254,54,340,52,319,63,436,26,250,65,334,20,160,48,232,3,39,15,66,204,1808,380,2397,8,127,32,172,14,146,14,173,55,290,54,390,51,231,44,325,63,244,62,363,84,256,43,376,48,214,50,313,19,156,38,219,7,83,27,110,337,1746,364,2442,11,243,67,322,20,283,42,346,79,571,91,738,75,482,92,654,100,499,114,708,135,576,109,814,77,462,109,651,38,320,89,447,8,121,40,172,543,3554,746,4846
LGA14650,278,5660,416,6350,310,5005,299,5610,772,9323,552,10645,1141,9632,609,11380,1703,10268,739,12709,2099,9762,742,12605,1484,8286,850,10626,676,4332,681,5692,204,1491,410,2111,8669,63757,5300,77721,313,5204,348,5864,412,4587,283,5288,1239,9350,505,11094,2010,9726,517,12245,2957,9769,648,13378,3414,9360,734,13502,2095,8653,911,11657,766,5150,1024,6942,124,2625,822,3568,13320,64425,5790,83535,583,10861,764,12210,720,9590,580,10893,2012,18673,1061,21737,3144,19352,1126,23628,4658,20038,1387,26085,5509,19118,1471,26105,3577,16945,1763,22286,1444,9483,1707,12635,323,4114,1237,5681,21981,128185,11091,161262
LGA14700,55,1051,57,1167,38,908,48,994,133,2733,230,3090,216,2472,171,2854,292,1839,114,2249,276,1365,96,1739,196,1027,80,1303,71,522,45,631,20,225,26,265,1293,12131,872,14294,38,675,36,756,50,907,67,1020,184,2789,210,3182,316,2536,161,3021,436,1884,100,2422,441,1387,113,1941,243,1085,78,1403,99,656,69,822,26,435,53,512,1828,12359,896,15081,97,1730,102,1925,85,1814,116,2015,312,5519,440,6278,531,5004,333,5876,727,3720,223,4673,721,2751,211,3682,440,2112,154,2708,169,1174,110,1453,43,658,80,777,3124,24488,1762,29376
LGA14750,19,394,54,464,15,249,39,300,42,486,63,594,60,491,58,607,99,582,80,757,85,546,84,711,62,372,95,528,27,255,55,337,10,65,10,84,414,3439,536,4388,27,402,63,491,25,229,29,287,68,483,45,595,87,464,66,619,148,502,79,725,147,471,76,692,75,378,92,541,38,256,83,368,4,122,28,157,623,3304,558,4482,48,795,114,953,37,479,64,584,108,972,112,1197,149,952,118,1224,245,1080,157,1481,235,1009,163,1409,131,757,189,1074,65,509,133,708,16,189,35,239,1035,6741,1092,8868
LGA14850,54,1166,186,1397,73,1011,154,1227,160,1731,210,2103,268,1902,209,2377,420,2273,259,2946,515,2478,332,3330,251,1721,245,2219,105,760,146,1013,36,292,78,398,1877,13317,1820,17014,81,1151,153,1389,77,1007,131,1219,259,1806,234,2296,469,2052,231,2750,652,2247,277,3180,750,2307,303,3365,354,1638,222,2216,144,910,207,1262,18,592,140,750,2808,13712,1897,18420,131,2312,336,2785,148,2021,281,2444,420,3533,444,4395,740,3948,441,5124,1075,4524,531,6124,1272,4792,634,6691,609,3357,469,4429,247,1667,359,2270,48,883,214,1148,4683,27030,3713,35430
LGA14870,22,506,103,626,30,462,114,607,83,819,289,1193,117,809,239,1168,202,1037,206,1449,232,1109,210,1547,117,1109,200,1426,59,450,138,650,19,128,43,190,875,6434,1541,8849,32,447,90,569,45,395,54,489,130,819,121,1066,205,850,123,1178,295,974,145,1418,333,1046,168,1547,175,960,189,1322,78,514,141,734,5,252,70,328,1293,6259,1099,8641,51,953,191,1193,78,854,167,1100,206,1641,411,2256,323,1662,362,2345,493,2017,355,2865,559,2154,375,3091,292,2074,385,2751,146,964,277,1382,25,376,107,516,2165,12692,2634,17496
LGA14900,370,6610,764,7740,499,6124,703,7331,1138,11828,1411,14376,1566,11670,1246,14481,1667,10775,1154,13598,1190,8109,914,10216,678,4851,647,6177,325,2168,409,2895,47,653,122,827,7484,62786,7368,77640,458,6000,686,7143,657,5955,611,7221,1875,12209,1295,15389,2515,11458,1235,15207,2532,9965,1039,13534,2013,7523,929,10464,936,4751,745,6431,334,2674,532,3532,63,1187,213,1459,11377,61724,7295,80386,828,12604,1450,14886,1153,12084,1318,14554,3013,24040,2709,29760,4080,23132,2485,29691,4205,20743,2191,27132,3200,15627,1848,20680,1613,9606,1387,12609,657,4836,936,6433,108,1840,341,2283,18854,124506,14664,158031
LGA14920,15,162,41,210,12,148,19,173,29,303,46,376,39,320,42,404,65,389,50,493,74,450,74,603,49,371,75,494,25,194,47,267,5,66,12,78,306,2398,405,3107,13,156,46,212,14,121,23,157,38,319,41,401,77,295,41,413,95,355,57,507,115,397,69,584,71,350,66,481,37,194,42,279,10,77,20,108,464,2265,407,3137,24,318,83,424,22,267,43,335,65,622,88,773,119,616,81,820,154,741,108,1005,188,849,149,1188,117,717,137,976,59,390,93,543,12,149,30,191,771,4661,815,6243
LGA14950,0,87,21,107,0,53,3,57,10,89,9,114,15,128,13,151,29,165,18,216,40,192,24,259,19,150,24,193,9,78,25,117,0,38,12,46,126,981,146,1253,4,50,27,81,11,45,3,58,15,119,5,143,22,120,16,155,39,150,23,210,51,147,30,230,28,136,22,184,10,83,27,114,6,43,12,55,185,889,155,1232,8,137,45,189,10,97,9,115,25,205,20,253,41,244,22,304,71,317,41,429,91,342,52,484,42,284,45,372,14,162,46,231,6,80,15,101,312,1868,303,2477
LGA15050,100,2250,209,2557,124,2060,132,2322,344,4425,314,5073,501,4181,345,5029,638,3794,301,4739,634,3384,289,4306,427,2431,263,3125,165,1060,210,1439,47,305,78,428,2986,23890,2142,29015,146,2086,156,2384,193,2163,129,2490,660,4519,320,5496,871,4013,270,5154,1072,3888,280,5240,1071,3208,257,4534,583,2503,343,3427,186,1355,269,1814,35,631,188,848,4816,24365,2205,31383,248,4337,359,4943,324,4225,263,4808,1003,8940,634,10574,1377,8196,606,10183,1714,7685,580,9977,1701,6589,553,8843,1011,4937,605,6554,352,2416,480,3253,79,935,263,1280,7805,48252,4342,60404
LGA15240,118,1995,327,2447,111,1444,162,1712,278,2642,274,3194,442,3152,315,3908,768,4171,525,5463,1059,5379,627,7072,875,5993,829,7696,400,3040,614,4047,114,937,325,1371,4163,28758,3998,36916,137,1885,322,2339,170,1418,148,1746,508,2758,245,3508,797,3223,333,4354,1264,4155,472,5891,1785,5171,585,7541,1154,5771,797,7713,448,3078,795,4319,80,1442,527,2049,6333,28897,4226,39457,258,3882,650,4782,279,2864,314,3453,788,5402,522,6705,1241,6370,648,8264,2030,8329,999,11361,2843,10552,1214,14612,2023,11756,1622,15411,844,6113,1406,8365,194,2381,845,3421,10502,57652,8218,76370
LGA15270,26,552,139,714,26,485,58,566,98,1097,154,1356,105,1065,136,1306,198,1315,207,1720,190,1201,208,1600,136,1080,214,1431,40,515,111,673,11,140,30,182,837,7453,1262,9550,24,477,115,611,37,431,69,534,146,1050,132,1317,196,1093,160,1452,313,1210,170,1692,306,1063,195,1563,183,988,218,1385,49,536,169,757,13,236,56,305,1269,7079,1276,9626,51,1027,252,1325,64,914,125,1105,244,2144,283,2677,303,2158,297,2756,512,2524,373,3410,495,2269,404,3164,319,2066,433,2823,91,1051,279,1425,25,381,88,487,2107,14534,2537,19175
LGA15300,20,299,87,408,18,311,56,392,45,614,108,775,77,591,132,797,84,724,133,950,89,634,115,842,49,486,105,635,21,232,67,315,4,48,9,60,412,3937,823,5169,21,257,74,348,24,300,56,382,81,664,120,859,113,617,116,843,154,607,120,879,126,538,111,769,70,408,107,586,32,216,65,313,8,85,19,113,624,3690,794,5105,38,550,161,755,51,614,115,769,127,1280,232,1640,189,1208,248,1642,235,1329,261,1823,211,1172,223,1606,123,892,212,1224,50,446,134,631,13,133,32,176,1034,7627,1615,10270
LGA15350,20,687,63,774,24,545,73,645,74,1308,152,1529,110,1608,159,1877,200,1559,138,1898,223,1247,126,1595,145,1041,99,1288,65,540,69,677,27,242,63,332,891,8781,936,10613,27,721,55,804,39,556,47,638,94,1637,152,1877,220,1828,168,2209,386,1832,154,2371,397,1259,139,1791,267,1322,127,1713,104,664,96,870,37,417,125,578,1567,10231,1057,12852,51,1412,114,1575,64,1097,117,1280,165,2938,304,3407,334,3430,322,4088,584,3398,291,4273,622,2505,265,3390,410,2365,231,3000,168,1210,163,1542,57,656,190,910,2459,19014,1993,23465
LGA15520,9,257,30,295,11,184,26,222,29,427,38,498,56,456,56,563,93,582,46,723,99,735,102,937,74,747,106,929,58,331,98,485,10,98,31,140,442,3809,541,4792,17,250,36,306,15,179,18,210,50,484,59,590,79,436,38,553,134,580,63,780,170,621,95,885,126,631,99,853,41,350,118,505,11,145,47,204,638,3673,576,4889,30,506,70,600,21,366,46,434,79,917,95,1089,128,893,92,1112,227,1156,113,1496,269,1348,203,1822,202,1378,208,1784,97,679,218,994,23,243,75,341,1083,7486,1118,9683
LGA15560,4,110,27,144,10,84,13,109,12,183,34,224,16,173,32,220,41,197,33,271,36,216,39,291,25,141,30,196,9,77,18,108,0,24,3,24,151,1202,231,1581,7,79,20,109,11,58,4,68,16,164,26,210,39,162,27,229,56,187,29,269,60,156,33,244,24,132,27,180,11,79,28,111,9,31,4,41,220,1041,205,1466,14,193,48,251,18,142,19,174,32,347,60,436,56,329,61,448,89,382,66,542,99,371,70,535,44,276,52,373,19,154,48,220,10,52,7,70,372,2247,433,3051
LGA15650,22,422,66,504,28,402,54,481,76,919,197,1190,107,803,162,1069,129,898,140,1169,115,742,96,946,54,507,81,641,19,203,63,288,5,47,15,69,543,4946,878,6366,17,398,67,481,32,414,40,486,115,889,76,1081,141,787,77,1005,209,796,96,1098,164,612,82,854,78,465,82,622,28,243,67,332,3,105,25,137,790,4708,602,6097,33,821,128,988,57,820,94,975,186,1805,275,2272,245,1587,241,2077,338,1694,234,2267,283,1349,178,1801,130,975,162,1265,40,443,131,617,12,151,43,203,1332,9650,1475,12458
LGA15700,21,404,83,511,20,340,51,404,65,558,56,679,89,674,64,827,170,876,131,1182,220,1260,156,1629,174,1160,177,1511,73,552,153,775,27,179,75,285,852,6002,957,7808,38,381,84,505,27,291,35,355,117,585,72,778,162,684,68,912,272,878,111,1269,413,1146,134,1694,240,1070,192,1503,80,564,162,803,18,276,122,418,1365,5886,983,8233,59,789,166,1015,43,632,85,758,175,1145,133,1449,248,1360,128,1740,447,1758,250,2449,627,2402,290,3321,413,2224,377,3015,154,1111,315,1582,48,459,205,706,2217,11882,1937,16040
LGA15750,15,332,79,423,14,263,48,330,47,566,77,691,65,626,83,768,91,701,107,900,110,699,130,944,63,513,103,675,24,239,71,336,7,52,27,88,436,3994,728,5153,27,269,62,351,22,255,45,318,73,637,86,800,110,562,87,762,156,600,105,859,169,584,85,838,75,465,87,630,32,272,95,400,15,87,65,166,669,3736,727,5134,36,600,139,777,41,524,86,648,121,1203,165,1491,171,1187,174,1529,242,1300,218,1759,279,1281,222,1785,130,977,196,1308,63,517,164,742,20,137,92,256,1108,7729,1454,10296
LGA15800,15,127,30,165,7,133,13,156,18,215,31,265,36,237,50,319,37,280,59,372,66,321,56,438,39,251,68,357,12,133,37,187,10,44,14,69,236,1740,352,2325,9,117,32,160,14,111,17,142,26,225,26,285,57,223,47,329,86,241,39,363,89,268,60,413,47,244,56,342,21,136,50,202,8,95,32,132,356,1665,345,2370,22,245,63,325,21,242,30,298,47,445,60,547,91,464,95,643,122,521,92,734,153,590,114,853,91,499,123,706,38,270,88,390,13,143,47,199,591,3402,696,4697
LGA15850,7,157,35,199,14,131,28,170,18,268,26,308,40,243,46,330,41,293,50,380,62,326,59,444,31,316,57,403,14,147,40,206,9,45,15,67,229,1919,353,2501,10,131,33,175,15,122,19,159,38,274,39,348,58,253,28,341,79,287,46,410,84,295,71,448,55,261,48,365,17,164,46,216,3,86,23,111,353,1860,351,2567,19,287,64,369,29,251,41,326,53,538,63,659,98,498,75,667,116,572,101,790,146,620,125,891,81,572,106,767,22,308,89,425,7,131,36,179,582,3785,700,5069
LGA15900,171,4082,294,4543,311,6184,377,6867,743,10631,778,12150,960,8319,591,9875,1369,7676,716,9759,1466,6779,690,8939,825,4802,603,6228,368,2421,534,3321,129,878,369,1372,6334,51775,4945,63053,244,3856,251,4357,412,6056,372,6837,1058,10101,591,11754,1529,8156,482,10163,2121,7327,546,9994,2315,6359,583,9257,1139,4941,602,6684,385,3178,779,4342,94,1728,952,2771,9295,51700,5165,66161,413,7942,549,8899,721,12237,745,13701,1798,20726,1372,23898,2495,16474,1075,20042,3491,15005,1262,19751,3781,13138,1270,18200,1965,9740,1203,12906,749,5601,1317,7666,224,2604,1317,4148,15629,103471,10110,129212
LGA15950,29,833,78,939,47,1341,179,1568,245,6684,716,7650,300,5172,513,5988,399,3167,328,3895,436,2531,305,3273,280,2218,230,2727,112,947,118,1182,33,293,55,384,1887,23194,2520,27605,27,805,70,907,71,1630,171,1870,383,7546,775,8699,502,5346,487,6333,615,3371,335,4324,773,2826,313,3907,533,2382,277,3195,180,1163,161,1503,41,596,130,769,3125,25674,2720,31513,52,1642,148,1850,115,2975,353,3440,629,14234,1488,16352,802,10516,1007,12322,1016,6538,667,8222,1208,5362,614,7184,814,4608,503,5927,295,2112,282,2680,75,886,183,1146,5010,48865,5239,59115
LGA15990,204,6777,498,7481,300,5793,390,6485,633,12558,1010,14200,1230,16156,1144,18525,2020,15170,1037,18234,2067,10932,840,13842,1295,8645,733,10672,609,4682,674,5965,217,1824,412,2456,8576,82536,6742,97849,240,6277,421,6932,295,5384,391,6074,956,13432,987,15379,2062,16524,1091,19671,3274,14924,960,19163,3392,10362,829,14581,2003,8839,923,11773,777,5424,912,7121,202,3285,1003,4489,13211,84446,7517,105173,444,13052,918,14412,594,11176,783,12554,1595,25984,1997,29575,3296,32678,2232,38197,5297,30096,1999,37397,5464,21290,1671,28419,3301,17480,1660,22440,1389,10106,1588,13078,424,5105,1414,6945,21787,166976,14257,203023
LGA16100,10,135,44,184,11,114,89,207,17,185,63,263,36,211,49,292,54,286,55,393,44,274,31,350,31,301,59,391,19,100,34,149,3,32,13,44,216,1633,431,2278,9,132,30,168,11,85,6,110,26,169,25,221,43,192,26,269,68,254,39,365,86,250,42,378,39,282,60,380,9,91,43,142,0,54,9,65,311,1513,278,2101,16,272,73,354,22,201,96,318,46,354,83,487,79,401,78,560,127,542,94,757,130,520,74,725,78,579,117,768,26,190,76,298,3,90,20,112,525,3149,703,4375
LGA16150,69,1113,161,1349,51,953,85,1092,176,2154,206,2536,219,2096,210,2525,296,1875,211,2380,292,1790,189,2269,185,1345,167,1693,90,745,149,980,22,230,54,311,1394,12307,1440,15142,77,1074,129,1281,93,1038,91,1219,293,2322,202,2818,339,2067,178,2587,486,1929,201,2608,500,1694,178,2374,308,1440,184,1929,104,914,202,1224,23,479,105,605,2225,12960,1474,16661,148,2188,290,2627,145,1994,177,2312,469,4480,408,5362,560,4163,382,5109,779,3809,405,4991,793,3483,369,4646,489,2788,351,3626,203,1658,349,2208,51,704,160,921,3624,25269,2912,31801
LGA16200,14,396,76,488,21,357,49,426,54,649,56,759,83,586,75,745,118,744,110,965,144,714,109,969,81,553,132,766,41,292,90,418,14,100,42,154,566,4387,737,5680,20,418,72,514,43,311,38,391,102,618,57,780,154,593,78,815,186,638,108,933,229,653,94,976,113,499,134,748,46,362,123,531,8,196,82,283,906,4288,785,5981,40,821,141,998,66,668,81,819,159,1263,116,1539,233,1180,148,1563,304,1383,215,1899,372,1366,207,1947,194,1054,264,1511,86,648,220,951,21,296,124,438,1470,8677,1515,11662
LGA16260,284,5305,430,6020,371,6726,778,7866,1239,19118,2393,22756,1581,15383,1744,18710,1554,10457,1018,13031,1471,8564,763,10801,852,5836,545,7235,438,3163,377,3973,121,1118,213,1453,7912,75671,8252,91838,271,4865,352,5488,406,6058,529,6998,1854,19283,1891,23024,2282,13696,1156,17141,2333,10461,804,13600,2283,8577,707,11568,1274,5978,571,7819,475,3645,498,4620,92,1985,377,2453,11270,74548,6894,92711,552,10171,783,11507,772,12784,1308,14861,3095,38398,4282,45775,3866,29082,2900,35846,3895,20921,1822,26638,3758,17142,1472,22372,2127,11815,1118,15054,915,6806,869,8595,205,3101,589,3898,19183,150223,15143,184550
LGA16350,279,5879,568,6729,362,6112,630,7106,920,12551,1352,14820,1271,11152,1144,13567,1368,9765,945,12076,1361,8544,830,10736,785,5741,634,7156,271,2078,370,2725,53,598,141,793,6665,62415,6619,75700,325,5480,501,6303,462,6002,548,7016,1642,12653,1177,15473,2221,10692,977,13892,2397,9376,897,12664,2326,8372,784,11486,1082,5481,748,7306,320,2585,498,3403,51,1219,261,1529,10828,61863,6390,79074,607,11358,1067,13037,826,12116,1185,14119,2563,25202,2534,30298,3492,21844,2121,27454,3759,19140,1839,24736,3690,16917,1622,22221,1872,11217,1374,14463,595,4665,866,6132,104,1813,400,2316,17492,124278,13004,154775
LGA16380,99,1909,249,2256,76,1332,135,1550,258,2622,277,3152,416,3195,253,3868,591,3820,371,4780,789,4101,417,5305,651,4451,576,5681,334,2419,498,3251,86,839,226,1145,3292,24684,3011,30994,119,1862,198,2177,97,1331,114,1541,472,2754,251,3478,735,3240,267,4242,1015,4007,346,5368,1413,4146,397,5956,922,4494,681,6097,366,2735,647,3751,66,1408,352,1830,5215,25988,3251,34451,217,3769,450,4438,178,2659,250,3090,732,5381,522,6634,1148,6439,519,8102,1602,7824,724,10149,2204,8250,817,11262,1573,8944,1257,11782,703,5157,1146,7001,155,2245,577,2981,8510,50676,6263,65441
LGA16400,92,1781,220,2091,91,1537,193,1832,237,2743,325,3308,413,3093,320,3821,534,3599,405,4542,657,3558,422,4633,535,3663,513,4706,235,1704,396,2341,52,452,145,651,2854,22133,2944,27935,106,1697,218,2016,125,1430,146,1703,458,2660,258,3375,677,3069,276,4020,931,3422,349,4706,1099,3505,434,5037,747,3502,535,4774,245,1754,457,2457,45,787,191,1026,4419,21824,2866,29111,201,3472,433,4111,223,2973,336,3531,693,5411,585,6687,1090,6156,595,7841,1466,7022,760,9249,1752,7064,860,9673,1276,7160,1045,9484,482,3464,853,4798,97,1240,338,1676,7274,43954,5809,57039
LGA16490,64,1582,179,1828,63,1383,148,1594,226,3235,320,3778,337,3238,331,3909,505,3583,381,4471,476,2765,300,3538,267,1671,238,2177,97,687,126,907,19,195,37,247,2048,18330,2063,22443,61,1458,168,1692,107,1402,138,1644,369,3164,358,3891,524,3176,286,3987,754,3402,335,4483,712,2442,284,3436,317,1532,241,2086,102,707,155,969,13,347,71,434,2968,17619,2036,22624,127,3040,353,3523,161,2784,286,3237,596,6399,675,7666,866,6411,618,7892,1257,6983,713,8956,1191,5201,581,6973,583,3203,479,4267,200,1385,282,1867,35,545,104,680,5015,35949,4100,45061
LGA16550,152,3595,381,4128,245,6579,841,7660,511,11138,1614,13259,750,8420,1209,10384,1017,6373,933,8331,908,4730,683,6326,516,3507,602,4626,292,1997,386,2670,99,854,177,1129,4490,47185,6827,58503,162,3550,307,4021,276,6455,596,7325,687,11497,1128,13312,1130,8664,815,10611,1652,6394,623,8672,1498,4717,561,6772,819,3774,540,5138,414,2436,447,3294,100,1556,396,2053,6736,49048,5419,61199,313,7145,690,8150,515,13027,1437,14983,1197,22636,2740,26573,1877,17080,2032,20992,2669,12770,1563,17002,2404,9451,1244,13097,1342,7280,1142,9758,701,4431,830,5967,200,2412,568,3181,11219,96235,12245,119698
LGA16610,35,613,125,778,42,453,64,561,104,782,96,979,147,891,141,1183,191,1116,162,1471,252,1233,170,1651,149,1111,173,1436,87,574,134,795,13,179,49,239,1033,6949,1116,9100,48,586,98,729,48,455,54,560,174,745,84,1005,229,920,137,1289,304,1028,138,1462,380,1100,166,1651,200,1009,168,1374,95,632,154,884,18,309,65,394,1501,6783,1060,9347,88,1195,222,1505,95,906,120,1116,275,1526,182,1984,384,1808,278,2470,491,2141,300,2939,629,2339,333,3304,345,2121,345,2808,185,1201,286,1676,34,482,118,634,2529,13734,2181,18441
LGA16650,128,2416,244,2790,188,3514,332,4036,660,9483,894,11039,778,6577,606,7956,810,5157,447,6418,701,4127,401,5232,483,3227,360,4065,245,1875,340,2458,87,763,262,1117,4090,37138,3895,45121,163,2316,189,2672,237,3490,322,4054,898,9080,879,10867,1084,6194,519,7792,1328,4924,444,6691,1138,4129,402,5677,679,3254,395,4324,334,2319,424,3084,63,1198,443,1702,5926,36908,4028,46861,294,4740,434,5468,430,7003,656,8086,1557,18565,1776,21905,1862,12762,1129,15753,2137,10087,890,13115,1843,8261,800,10903,1158,6481,753,8389,583,4195,769,5545,152,1959,709,2817,10017,74045,7917,91982
LGA16700,130,2864,195,3185,221,4225,241,4687,541,9163,603,10310,730,7292,459,8477,945,5652,380,6983,893,4551,309,5754,477,3212,251,3938,265,1841,196,2305,96,865,119,1079,4288,39668,2762,46719,144,2631,179,2953,228,4409,276,4910,759,9479,632,10868,1100,7169,406,8678,1386,5741,346,7472,1411,4714,332,6463,759,3346,275,4376,321,2378,303,3001,94,1511,289,1895,6198,41372,3046,50619,275,5494,375,6142,441,8630,516,9595,1300,18647,1240,21178,1827,14462,872,17161,2333,11390,727,14453,2303,9273,640,12214,1233,6558,525,8314,586,4220,500,5306,186,2374,412,2972,10492,81040,5809,97335
LGA16900,114,2113,178,2411,107,1910,135,2155,268,3329,248,3851,422,3482,265,4169,607,3544,302,4442,712,3100,269,4075,461,2414,318,3193,197,1144,298,1638,43,358,126,538,2931,21395,2133,26461,124,2014,168,2306,160,1844,119,2122,524,3411,231,4163,799,3408,240,4445,1115,3406,277,4797,1089,3039,304,4436,538,2427,372,3338,197,1414,331,1943,35,594,206,839,4583,21566,2242,28388,241,4132,344,4714,267,3757,253,4276,791,6739,477,8009,1226,6889,497,8611,1720,6954,573,9242,1803,6141,570,8509,1000,4835,688,6531,394,2564,629,3579,85,955,334,1377,7518,42958,4373,54854
LGA16950,117,2233,357,2708,156,1973,344,2469,392,3655,658,4702,566,3834,603,5006,786,4549,608,5937,1134,5593,661,7380,853,5799,787,7435,433,2894,622,3945,116,884,308,1301,4539,31408,4943,40891,162,2119,318,2602,176,1771,198,2151,602,3644,369,4607,893,3836,354,5089,1358,4501,502,6365,1864,5472,633,7966,1072,5679,790,7541,448,3054,762,4259,57,1306,492,1861,6631,31381,4426,42438,275,4352,676,5309,334,3749,542,4622,989,7296,1027,9309,1456,7671,964,10088,2142,9054,1111,12305,3000,11059,1295,15353,1925,11478,1573,14975,881,5947,1383,8210,176,2185,798,3160,11166,62793,9373,83332
LGA17000,40,768,101,906,35,732,54,825,93,1270,117,1480,152,1231,124,1508,183,1375,146,1700,188,1100,118,1403,113,693,105,911,36,300,73,408,13,87,21,114,850,7557,848,9250,24,676,70,774,63,541,48,647,134,1181,114,1427,221,1207,123,1555,292,1227,124,1636,316,912,123,1348,111,597,125,832,39,324,73,432,5,180,40,226,1209,6839,832,8877,61,1444,169,1683,98,1275,103,1472,230,2448,227,2904,374,2439,246,3062,469,2598,268,3336,498,2008,238,2749,222,1286,232,1741,80,620,141,839,21,265,56,343,2055,14390,1677,18127
LGA17040,35,489,107,628,24,479,85,584,71,908,194,1174,113,974,175,1265,189,1157,184,1528,209,1160,157,1524,103,935,148,1181,48,421,108,576,12,121,40,174,802,6640,1197,8637,29,447,67,542,26,405,56,485,106,849,105,1056,176,912,106,1194,273,1092,147,1517,284,972,119,1373,143,820,119,1087,59,371,134,564,13,193,79,285,1117,6071,930,8118,66,936,173,1175,53,884,136,1078,177,1755,294,2236,294,1890,278,2460,459,2252,330,3039,490,2131,274,2896,246,1756,270,2274,111,792,243,1144,29,311,120,460,1918,12709,2126,16754
LGA17080,21,320,65,396,14,278,53,340,45,568,132,746,81,625,129,837,117,746,150,1009,124,810,138,1067,97,681,129,905,44,365,90,500,10,83,58,159,556,4472,937,5962,28,281,65,374,28,260,34,319,88,543,60,693,124,594,73,793,166,656,100,920,219,751,122,1091,112,650,106,873,41,337,104,482,8,175,86,276,810,4252,764,5830,46,600,133,777,38,535,82,658,134,1116,191,1442,204,1219,204,1627,278,1407,249,1933,337,1558,259,2161,207,1336,238,1781,87,701,199,987,26,261,150,430,1365,8719,1706,11789
LGA17100,62,1065,106,1232,92,1754,241,2089,278,4200,490,4969,241,2229,232,2699,304,1732,162,2194,278,1489,150,1920,157,908,85,1160,60,556,60,680,25,217,40,280,1499,14159,1573,17225,68,1056,84,1206,116,1504,152,1765,285,3656,390,4331,353,2010,214,2572,470,1835,172,2476,447,1430,121,1987,208,904,87,1203,90,683,71,846,17,408,42,474,2051,13485,1324,16861,126,2125,187,2441,207,3258,392,3854,567,7859,881,9302,595,4237,443,5278,778,3570,330,4676,722,2919,274,3912,366,1815,178,2355,153,1236,131,1521,44,627,82,752,3547,27640,2895,34086
LGA17150,226,6109,394,6735,282,5923,303,6508,716,11303,715,12739,1146,12725,757,14631,1899,12055,735,14695,2171,10436,666,13275,1297,7736,561,9593,552,3981,434,4972,216,1677,224,2126,8517,71953,4792,85265,252,5777,372,6397,348,5579,275,6205,1047,11738,730,13508,2088,12741,704,15527,3109,11805,691,15609,3529,9817,656,14003,1831,7917,644,10393,642,4841,604,6085,185,3183,461,3827,13024,73391,5141,91552,485,11884,762,13129,626,11501,582,12714,1761,23043,1441,26241,3232,25466,1458,30160,5008,23862,1427,30298,5698,20253,1321,27277,3127,15649,1207,19990,1196,8824,1040,11056,399,4859,684,5947,21537,145341,9930,176814
LGA17200,138,3047,578,3768,346,10807,2084,13236,1071,29322,5087,35479,986,15407,2605,19004,1117,9343,1812,12266,955,6301,1273,8532,523,4060,883,5460,173,1718,451,2334,51,508,148,709,5361,80506,14922,100789,147,3861,601,4603,431,13012,1909,15355,1258,27908,4220,33390,1141,11943,1766,14845,1275,6778,1149,9199,1291,5262,998,7547,674,3632,703,5003,201,1849,471,2524,27,788,260,1075,6450,75036,12067,93549,280,6909,1176,8370,780,23825,3993,28589,2329,57230,9307,68867,2132,27348,4370,33856,2387,16119,2962,21469,2245,11559,2271,16072,1193,7685,1578,10462,376,3567,921,4860,83,1300,404,1790,11808,155540,26984,194336
LGA17310,82,1583,277,1941,94,1355,148,1594,242,2909,366,3519,329,2664,347,3341,439,2877,337,3648,522,2794,380,3695,294,2304,393,3000,171,1158,275,1609,38,362,92,493,2219,18007,2615,22837,89,1496,223,1810,114,1323,162,1599,439,2931,303,3671,596,2705,283,3586,747,2896,329,3978,850,2752,395,4002,479,2272,406,3162,207,1378,375,1959,34,695,210,942,3559,18453,2692,24711,177,3075,498,3757,212,2685,304,3195,678,5842,667,7190,924,5370,628,6927,1190,5770,664,7626,1370,5547,773,7694,781,4581,803,6161,376,2533,656,3566,78,1055,306,1437,5780,36463,5307,47550
LGA17350,4,166,29,198,14,106,13,132,24,229,19,278,33,228,22,280,50,311,37,396,57,334,39,436,48,314,34,403,13,158,33,205,4,69,4,76,252,1915,236,2408,10,156,29,187,6,90,3,108,41,230,16,290,49,243,17,311,102,301,23,423,114,273,31,422,51,287,43,379,13,207,44,268,9,112,14,135,392,1898,229,2527,15,322,55,385,17,199,19,240,65,462,42,568,79,472,38,591,148,610,63,820,173,612,73,857,99,607,78,783,29,363,78,470,10,175,19,210,645,3820,471,4934
LGA17400,11,138,29,181,9,75,13,97,13,152,26,192,30,237,35,306,66,299,53,419,84,468,85,643,52,445,80,584,20,180,60,257,0,28,25,55,293,2041,414,2739,12,112,26,151,15,91,12,111,27,180,29,235,67,257,35,365,85,276,40,401,124,464,76,658,72,392,88,549,25,171,65,262,3,58,49,116,430,1991,425,2845,20,251,57,337,22,163,26,211,40,329,52,431,103,489,74,664,153,579,90,822,203,929,166,1299,128,841,166,1137,45,356,120,518,3,89,76,176,716,4035,837,5591
LGA17420,245,5255,281,5785,228,4662,196,5093,492,7128,358,7977,992,9771,422,11185,1313,9276,466,11050,1308,7326,351,8982,842,5490,300,6635,300,2226,205,2727,78,589,77,748,5796,51723,2669,60193,284,4922,271,5474,266,4189,155,4616,742,7419,365,8531,1623,10369,449,12441,2063,9122,445,11632,2169,7097,361,9624,1103,5480,360,6941,342,2343,237,2921,73,1022,154,1247,8665,51965,2805,63430,523,10180,554,11251,498,8857,353,9709,1233,14539,726,16505,2614,20143,874,23631,3375,18393,912,22686,3478,14422,712,18615,1946,10974,659,13582,641,4567,447,5649,153,1614,235,2000,14464,103687,5470,123621
LGA17550,99,2119,306,2526,98,1767,186,2059,270,3327,366,3964,432,4002,421,4859,643,4479,488,5615,888,4898,593,6374,659,4592,655,5898,336,2582,576,3491,104,1008,338,1453,3529,28773,3929,36237,119,2074,271,2466,118,1605,154,1876,452,3475,328,4258,821,4189,399,5406,1207,4597,491,6302,1583,5020,612,7212,917,4515,691,6129,384,2913,752,4040,74,1500,555,2132,5664,29893,4256,39810,222,4195,574,4990,214,3372,342,3929,722,6799,696,8219,1257,8192,816,10268,1857,9078,982,11917,2471,9914,1203,13583,1573,9111,1349,12026,717,5496,1329,7535,180,2510,896,3581,9198,58660,8184,76052
LGA17620,12,335,48,398,15,273,36,320,50,654,82,783,85,707,95,883,114,695,97,904,115,738,102,962,58,599,97,756,27,272,64,367,5,87,39,135,490,4361,660,5515,12,325,70,406,25,265,36,328,100,691,91,883,102,684,94,877,170,697,78,948,172,635,87,889,73,521,88,675,36,330,95,469,7,159,52,216,692,4307,687,5691,25,664,115,804,42,541,70,650,155,1345,176,1668,184,1389,187,1756,289,1394,177,1855,282,1372,194,1849,134,1116,182,1435,65,605,163,833,15,243,94,352,1179,8668,1352,11207
LGA17640,5,174,41,220,8,121,17,154,24,230,36,292,40,310,38,383,94,441,62,595,97,476,65,635,53,452,64,569,31,203,44,275,5,63,11,82,362,2470,376,3206,21,158,31,214,14,111,19,140,36,271,28,339,73,294,30,390,116,410,65,589,134,395,47,578,81,371,52,501,29,204,52,284,6,83,14,97,501,2300,335,3138,27,338,77,438,19,239,35,297,65,504,61,631,112,601,60,777,209,854,129,1189,232,871,113,1212,134,824,115,1072,58,409,93,559,12,144,28,184,864,4775,705,6346
LGA17650,14,138,28,181,4,103,8,117,21,178,15,211,33,271,30,331,44,326,39,412,74,371,44,493,40,334,42,419,21,104,30,154,4,35,8,44,258,1864,238,2363,15,139,32,186,16,96,7,117,35,206,15,261,77,250,26,350,96,348,44,486,116,332,49,496,42,275,52,370,18,132,29,188,4,61,10,76,420,1848,259,2530,29,284,58,370,25,202,15,237,52,386,38,470,115,518,50,683,140,668,82,892,191,704,91,985,80,611,94,787,42,234,57,337,3,96,17,118,678,3705,498,4888
LGA17750,84,1936,241,2265,115,2084,191,2396,262,3638,311,4208,342,3100,258,3697,428,2961,297,3687,471,2713,301,3483,289,1945,268,2503,129,945,192,1271,43,378,72,488,2166,19701,2131,23997,125,1793,172,2080,170,2233,166,2565,462,3667,269,4400,615,3004,219,3831,711,2904,257,3867,809,2650,263,3730,445,1909,270,2626,197,1245,260,1710,26,700,160,887,3558,20101,2034,25689,207,3730,412,4347,289,4316,355,4960,725,7302,580,8609,954,6103,476,7532,1137,5863,554,7551,1280,5363,566,7210,734,3854,530,5124,333,2197,452,2979,65,1081,229,1372,5728,39803,4161,49690
LGA17850,3,50,15,70,3,62,7,69,12,112,25,146,13,114,16,144,19,170,23,217,29,187,22,244,26,184,50,253,3,76,23,103,0,20,17,33,109,986,195,1284,0,72,13,86,3,54,6,61,12,114,13,135,28,120,20,169,43,138,16,203,51,149,25,224,27,164,28,217,11,84,26,125,0,37,27,61,168,921,180,1276,0,124,30,159,8,116,10,135,18,223,38,276,42,236,37,313,64,310,39,415,79,335,45,464,48,343,79,469,13,163,52,233,0,53,41,96,275,1905,378,2556
LGA17900,16,101,40,157,7,118,31,160,19,270,49,346,41,247,49,336,51,281,54,384,60,392,94,547,36,316,86,439,17,131,51,200,3,23,10,34,252,1895,457,2608,13,78,23,109,7,119,26,152,40,282,65,378,51,236,53,332,65,301,59,428,68,253,54,379,38,195,65,301,5,114,34,149,4,28,4,43,291,1608,381,2275,27,185,58,264,17,238,57,310,59,553,111,725,86,479,104,676,119,585,108,815,125,647,151,926,74,517,148,738,28,242,81,347,8,54,13,77,543,3502,840,4885
LGA17950,3,39,16,60,4,55,5,65,5,119,19,153,16,109,13,139,24,130,23,175,22,156,26,201,15,141,29,183,4,58,19,84,7,17,6,24,103,816,161,1084,0,46,20,70,5,46,7,60,14,118,8,144,19,115,19,156,41,128,21,191,29,118,27,171,16,108,25,148,13,60,16,96,0,29,10,41,144,773,153,1069,5,88,41,132,9,104,12,121,22,237,34,292,33,229,33,296,63,257,44,365,55,275,50,375,34,246,56,329,19,124,38,177,3,47,12,60,246,1595,313,2153
LGA18020,6,201,41,257,5,171,27,207,29,277,47,352,52,327,51,436,80,450,66,601,128,531,95,749,84,513,119,715,34,285,89,402,10,86,33,126,428,2839,579,3844,12,188,38,233,17,142,19,179,57,293,44,396,60,346,61,471,141,432,83,662,147,459,100,712,89,445,102,637,41,259,83,382,3,136,40,183,578,2711,572,3856,20,386,80,488,24,311,55,390,89,576,87,749,120,669,116,900,226,881,153,1263,276,989,198,1461,171,961,221,1354,72,545,170,791,15,225,70,305,1007,5546,1151,7699
LGA18050,45,1038,149,1228,65,1443,202,1705,218,6090,1026,7334,354,5012,677,6041,432,3261,459,4145,461,2018,290,2766,233,1574,246,2053,105,829,183,1121,59,392,120,566,1965,21643,3347,26955,63,1044,115,1217,71,1658,242,1964,320,7001,1093,8415,491,4745,620,5854,703,2942,396,4043,662,1943,305,2908,387,1633,303,2321,153,1056,283,1486,27,683,228,941,2872,22701,3576,29153,106,2077,262,2451,136,3097,443,3669,542,13087,2121,15751,844,9756,1292,11890,1130,6203,850,8188,1119,3959,593,5670,616,3209,547,4371,262,1886,467,2611,85,1077,351,1513,4838,44341,6930,56111
LGA18100,5,70,7,88,0,52,4,67,10,103,15,129,13,156,15,186,43,165,20,235,41,224,37,298,27,246,37,308,18,109,26,152,7,39,17,59,164,1168,184,1519,4,77,16,102,3,40,3,50,10,121,8,140,27,143,18,192,53,164,30,245,60,192,29,280,45,194,47,284,14,110,35,153,3,62,17,82,223,1102,207,1530,4,150,29,184,6,97,7,114,18,223,19,260,45,303,36,381,100,330,48,479,103,414,61,583,70,436,87,590,31,216,61,309,12,106,34,148,390,2270,387,3051
LGA18200,3,155,51,209,8,126,17,152,18,266,57,344,36,287,45,368,69,371,62,501,67,419,71,552,47,337,69,450,20,156,37,213,3,41,8,52,274,2149,413,2831,6,148,25,179,14,140,25,172,39,253,43,338,55,279,43,383,94,308,54,452,98,338,54,494,52,281,66,403,8,139,33,180,7,65,12,88,379,1949,355,2683,15,302,74,397,25,259,35,324,56,513,103,679,94,568,85,744,159,679,115,947,167,754,126,1045,106,612,137,856,28,301,66,390,12,104,19,135,655,4094,767,5519
LGA18230,73,1291,205,1571,94,1260,255,1603,224,2517,536,3274,264,2224,397,2886,397,2315,363,3083,374,2271,319,2964,244,1715,300,2255,119,879,186,1184,40,304,75,412,1823,14769,2632,19222,77,1286,191,1553,100,1276,151,1525,366,2719,338,3430,475,2256,272,3009,663,2299,309,3267,718,2199,317,3223,344,1683,296,2319,146,1067,271,1488,20,521,124,666,2915,15304,2257,20481,150,2577,398,3126,189,2537,400,3131,588,5235,879,6701,740,4481,669,5889,1061,4616,676,6350,1089,4464,628,6185,583,3397,594,4576,265,1945,454,2671,63,822,197,1081,4739,30073,4893,39702
LGA18250,73,1836,97,2011,89,1923,125,2134,251,4720,362,5331,432,5148,323,5904,529,4021,253,4801,531,2794,199,3521,329,2034,193,2555,118,1116,94,1334,54,513,80,647,2413,24113,1723,28247,81,1782,111,1973,102,2078,149,2336,369,5215,404,5989,681,5433,353,6466,863,4109,271,5243,815,2966,214,3996,529,2169,176,2881,218,1311,167,1690,61,883,140,1078,3704,25952,1987,31651,157,3619,214,3986,190,4008,272,4472,613,9942,763,11319,1114,10583,680,12373,1391,8127,526,10050,1341,5767,412,7522,856,4204,368,5430,334,2431,256,3022,115,1396,213,1731,6121,50066,3708,59899
LGA18350,59,1199,194,1450,47,863,78,990,134,1675,164,1973,217,1955,204,2374,413,2348,269,3025,448,2415,233,3095,384,2622,302,3309,210,1417,223,1848,42,400,94,536,1964,14898,1750,18615,89,1330,168,1582,70,762,60,900,235,1644,122,1995,445,2056,188,2694,703,2505,234,3448,817,2475,261,3547,587,2850,344,3789,204,1511,300,2014,46,643,203,894,3199,15786,1877,20861,146,2527,360,3037,121,1630,142,1896,371,3320,284,3972,665,4010,394,5071,1120,4854,499,6470,1261,4889,492,6643,977,5477,644,7096,416,2931,519,3861,87,1043,295,1428,5162,30677,3630,39473
LGA18400,70,1539,166,1777,69,1272,90,1432,180,2390,209,2780,309,2658,226,3188,363,2758,215,3336,385,2349,236,2977,250,1582,211,2038,87,654,143,883,19,166,67,247,1740,15362,1551,18662,79,1377,174,1636,82,1286,97,1468,360,2383,185,2927,566,2631,186,3380,710,2515,213,3432,678,2133,231,3044,325,1457,179,1967,89,671,161,919,10,286,108,404,2900,14740,1540,19180,147,2921,342,3411,159,2553,186,2902,544,4771,393,5706,875,5292,408,6573,1072,5271,425,6769,1065,4480,472,6014,574,3045,389,4005,179,1324,310,1808,28,450,177,652,4642,30100,3092,37840
LGA18450,319,5827,501,6652,425,7186,512,8125,873,11326,900,13103,1355,10595,779,12732,2036,10244,822,13097,1983,8982,800,11759,1262,6943,809,9013,595,4078,711,5386,186,1450,306,1942,9038,66619,6146,81811,330,5539,485,6357,528,6407,464,7403,1373,10793,768,12929,2122,10354,637,13105,3040,9591,730,13362,3224,8506,780,12514,1688,7085,900,9671,701,4996,910,6605,124,2646,543,3313,13135,65913,6217,85266,655,11362,989,13007,957,13590,976,15523,2245,22122,1664,26029,3476,20947,1412,25840,5081,19834,1553,26461,5205,17488,1579,24276,2953,14025,1708,18688,1296,9068,1622,11994,313,4092,852,5253,22175,132535,12359,167073
LGA18500,38,1156,123,1314,54,1152,143,1355,148,3580,460,4194,268,3045,340,3656,369,2637,317,3317,411,2027,273,2705,293,1964,291,2553,117,1001,198,1319,55,434,93,588,1757,17008,2233,21001,44,1137,103,1285,60,1365,157,1578,241,4446,546,5237,401,3393,393,4185,677,2682,349,3704,701,2118,303,3119,503,2145,331,2981,192,1194,284,1661,49,767,196,1014,2868,19240,2659,24768,86,2291,226,2606,115,2519,295,2934,394,8024,1011,9432,668,6438,735,7838,1045,5319,659,7022,1112,4148,571,5833,800,4112,623,5531,309,2194,480,2981,104,1201,294,1599,4628,36246,4893,45764
LGA18710,24,411,71,499,24,316,35,365,54,568,67,692,106,851,92,1045,139,977,96,1212,139,848,103,1097,86,632,85,803,31,262,59,350,8,57,40,107,621,4927,637,6181,41,429,58,526,21,311,31,359,86,628,49,767,165,917,78,1165,239,958,93,1286,240,773,83,1096,120,582,88,787,37,255,85,383,12,100,79,183,967,4950,646,6564,63,837,129,1032,47,619,64,730,148,1200,114,1458,271,1772,169,2211,377,1939,182,2497,376,1626,195,2192,212,1212,171,1596,72,517,146,730,19,158,120,296,1583,9876,1289,12744
LGA19399,0,14,3,14,0,29,6,36,4,55,18,74,11,58,16,91,12,56,6,80,3,72,10,90,3,47,6,59,3,25,3,28,0,4,0,5,34,363,73,466,0,8,5,17,3,26,0,28,6,50,11,58,10,56,8,81,12,44,4,61,20,47,6,76,3,41,6,47,3,7,3,14,0,9,4,10,62,296,52,400,0,22,6,34,3,50,8,59,10,101,23,139,19,118,30,168,27,99,15,142,26,122,17,166,4,87,10,104,3,31,6,47,0,15,8,22,90,658,117,869
LGA19499,8,198,78,285,31,544,171,746,74,1032,507,1615,76,690,505,1269,98,588,466,1148,85,582,323,986,57,477,186,719,8,103,47,162,0,18,17,32,433,4229,2297,6958,17,164,54,232,31,450,135,615,72,734,292,1091,64,375,192,629,100,365,180,646,114,466,149,732,58,316,100,477,6,72,40,120,3,31,15,48,457,2981,1146,4590,26,358,130,517,58,1002,303,1358,138,1765,799,2703,134,1069,695,1900,193,956,647,1798,203,1046,468,1722,121,797,282,1196,14,176,89,282,3,47,25,78,888,7214,3448,11545
LGA19799,0,5,0,3,0,3,0,9,0,8,0,11,0,8,4,18,3,18,0,25,5,14,4,22,0,38,5,48,0,9,9,16,0,3,0,3,12,105,33,157,0,7,0,7,3,0,0,4,3,13,5,24,0,12,3,14,0,19,9,31,11,33,9,53,6,43,14,60,0,11,12,24,0,3,0,7,28,137,54,220,0,12,0,12,0,4,0,9,3,23,7,32,3,21,8,34,6,39,7,50,13,45,18,74,10,73,22,108,0,25,20,42,0,9,0,10,40,247,91,374
