LGA_CODE_2016,F_Mauritius_0_4,F_Mauritius_5_14,F_Mauritius_15_24,F_Mauritius_25_44,F_Mauritius_45_54,F_Mauritius_55_64,F_Mauritius_65_74,F_Mauritius_75_84,F_Mauritius_85ov,F_Mauritius_Tot,F_Myanmar_0_4,F_Myanmar_5_14,F_Myanmar_15_24,F_Myanmar_25_44,F_Myanmar_45_54,F_Myanmar_55_64,F_Myanmar_65_74,F_Myanmar_75_84,F_Myanmar_85ov,F_Myanmar_Tot,F_Nepal_0_4,F_Nepal_5_14,F_Nepal_15_24,F_Nepal_25_44,F_Nepal_45_54,F_Nepal_55_64,F_Nepal_65_74,F_Nepal_75_84,F_Nepal_85ov,F_Nepal_Tot,F_Netherlands_0_4,F_Netherlands_5_14,F_Netherlands_15_24,F_Netherlands_25_44,F_Netherlands_45_54,F_Netherlands_55_64,F_Netherlands_65_74,F_Netherlands_75_84,F_Netherlands_85ov,F_Netherlands_Tot,F_New_Zealand_0_4,F_New_Zealand_5_14,F_New_Zealand_15_24,F_New_Zealand_25_44,F_New_Zealand_45_54,F_New_Zealand_55_64,F_New_Zealand_65_74,F_New_Zealand_75_84,F_New_Zealand_85ov,F_New_Zealand_Tot,F_Nthern_Ireland_0_4,F_Nthern_Ireland_5_14,F_Nthern_Ireland_15_24,F_Nthern_Ireland_25_44,F_Nthern_Ireland_45_54,F_Nthern_Ireland_55_64,F_Nthern_Ireland_65_74,F_Nthern_Ireland_75_84,F_Nthern_Ireland_85ov,F_Nthern_Ireland_Tot,F_Pakistan_0_4,F_Pakistan_5_14,F_Pakistan_15_24,F_Pakistan_25_44,F_Pakistan_45_54,F_Pakistan_55_64,F_Pakistan_65_74,F_Pakistan_75_84,F_Pakistan_85ov,F_Pakistan_Tot,F_PNG_0_4,F_PNG_5_14,F_PNG_15_24,F_PNG_25_44,F_PNG_45_54,F_PNG_55_64,F_PNG_65_74,F_PNG_75_84,F_PNG_85ov,F_PNG_Tot,F_Philippines_0_4,F_Philippines_5_14,F_Philippines_15_24,F_Philippines_25_44,F_Philippines_45_54,F_Philippines_55_64,F_Philippines_65_74,F_Philippines_75_84,F_Philippines_85ov,F_Philippines_Tot,F_Poland_0_4,F_Poland_5_14,F_Poland_15_24,F_Poland_25_44,F_Poland_45_54,F_Poland_55_64,F_Poland_65_74,F_Poland_75_84,F_Poland_85ov,F_Poland_Tot,F_Scotland_0_4,F_Scotland_5_14,F_Scotland_15_24,F_Scotland_25_44,F_Scotland_45_54,F_Scotland_55_64,F_Scotland_65_74,F_Scotland_75_84,F_Scotland_85ov,F_Scotland_Tot,F_Singapore_0_4,F_Singapore_5_14,F_Singapore_15_24,F_Singapore_25_44,F_Singapore_45_54,F_Singapore_55_64,F_Singapore_65_74,F_Singapore_75_84,F_Singapore_85ov,F_Singapore_Tot,F_South_Africa_0_4,F_South_Africa_5_14,F_South_Africa_15_24,F_South_Africa_25_44,F_South_Africa_45_54,F_South_Africa_55_64,F_South_Africa_65_74,F_South_Africa_75_84,F_South_Africa_85ov,F_South_Africa_Tot,F_SE_Europe_nfd_0_4,F_SE_Europe_nfd_5_14,F_SE_Europe_nfd_15_24,F_SE_Europe_nfd_25_44,F_SE_Europe_nfd_45_54,F_SE_Europe_nfd_55_64,F_SE_Europe_nfd_65_74,F_SE_Europe_nfd_75_84,F_SE_Europe_nfd_85ov,F_SE_Europe_nfd_Tot,F_Sri_Lanka_0_4,F_Sri_Lanka_5_14,F_Sri_Lanka_15_24,F_Sri_Lanka_25_44,F_Sri_Lanka_45_54,F_Sri_Lanka_55_64,F_Sri_Lanka_65_74,F_Sri_Lanka_75_84,F_Sri_Lanka_85ov,F_Sri_Lanka_Tot,F_Taiwan_0_4,F_Taiwan_5_14,F_Taiwan_15_24,F_Taiwan_25_44,F_Taiwan_45_54,F_Taiwan_55_64,F_Taiwan_65_74,F_Taiwan_75_84,F_Taiwan_85ov,F_Taiwan_Tot,F_Thailand_0_4,F_Thailand_5_14,F_Thailand_15_24,F_Thailand_25_44,F_Thailand_45_54,F_Thailand_55_64,F_Thailand_65_74,F_Thailand_75_84,F_Thailand_85ov,F_Thailand_Tot,F_FYROM_0_4,F_FYROM_5_14,F_FYROM_15_24,F_FYROM_25_44,F_FYROM_45_54,F_FYROM_55_64,F_FYROM_65_74,F_FYROM_75_84,F_FYROM_85ov,F_FYROM_Tot,F_Turkey_0_4,F_Turkey_5_14,F_Turkey_15_24,F_Turkey_25_44,F_Turkey_45_54,F_Turkey_55_64,F_Turkey_65_74,F_Turkey_75_84,F_Turkey_85ov,F_Turkey_Tot,F_USA_0_4,F_USA_5_14,F_USA_15_24,F_USA_25_44,F_USA_45_54,F_USA_55_64,F_USA_65_74,F_USA_75_84,F_USA_85ov,F_USA_Tot
LGA10050,0,0,0,4,0,0,0,0,0,8,0,0,0,0,0,0,0,0,0,3,5,34,34,25,0,0,0,0,0,101,0,3,0,12,10,16,34,23,12,100,0,19,19,58,54,56,33,17,0,263,0,0,0,0,0,0,3,4,0,10,0,3,0,5,0,0,0,0,0,10,0,0,0,5,6,0,0,0,0,9,3,11,16,68,34,30,13,0,0,182,0,0,0,4,0,3,3,0,7,16,0,0,0,7,8,18,12,16,11,78,0,0,0,3,3,3,0,0,0,11,0,3,5,20,19,9,7,0,4,66,0,0,0,3,0,0,3,5,3,14,3,3,9,29,6,3,0,0,0,57,0,0,0,0,0,0,0,0,0,6,0,0,6,31,10,6,0,0,0,50,0,0,0,0,0,0,0,0,0,0,0,0,0,0,0,0,0,0,0,0,0,4,7,20,3,14,3,0,0,52
LGA10130,0,0,0,0,0,0,0,0,0,0,0,0,0,4,3,0,0,0,0,7,0,0,23,63,0,0,0,0,0,89,0,0,0,6,5,11,13,5,3,33,0,11,27,29,32,29,14,6,0,143,0,0,0,3,0,0,3,0,0,6,0,0,0,3,0,0,0,0,0,9,0,0,0,11,7,4,0,0,0,22,0,4,20,53,10,17,0,0,0,101,0,0,0,3,0,3,0,0,0,3,0,3,3,7,10,8,14,3,3,50,0,8,0,4,0,4,0,3,0,17,0,3,12,14,9,4,3,0,0,44,0,0,0,0,0,0,0,0,0,0,0,5,3,16,3,4,0,0,0,37,0,0,4,23,0,0,0,0,0,33,0,0,3,12,0,0,0,0,0,18,0,0,0,0,0,0,0,0,0,0,0,0,0,0,0,0,0,0,0,3,0,8,7,21,9,15,9,5,0,74
LGA10250,0,0,0,0,0,0,0,0,0,3,0,0,0,0,0,0,0,0,0,0,0,0,0,3,0,0,0,0,0,3,0,0,0,9,12,18,21,11,12,86,0,22,21,89,57,70,54,24,6,337,0,0,0,0,3,3,3,0,0,9,0,0,0,0,0,0,0,0,0,0,0,0,0,4,14,10,0,0,0,39,0,8,3,35,11,23,12,3,0,86,0,0,0,4,0,0,3,0,3,11,0,0,5,18,14,12,22,13,3,83,3,0,0,7,5,3,0,0,0,21,0,7,9,25,27,13,19,10,3,115,0,0,0,0,0,0,3,0,0,4,0,0,0,0,3,0,3,0,0,8,0,0,0,3,0,0,0,0,0,3,0,3,0,25,11,3,0,0,0,50,0,0,0,0,0,0,0,0,0,0,0,0,0,0,0,0,0,0,0,3,0,5,7,19,17,18,10,3,0,84
LGA10300,0,0,0,0,0,0,0,0,0,0,0,0,0,0,0,0,0,0,0,0,0,0,0,0,0,0,0,0,0,0,0,0,0,0,0,0,0,0,0,0,0,0,0,3,0,0,0,0,0,4,0,0,0,0,0,0,0,0,0,0,0,0,0,0,0,0,0,0,0,0,0,0,0,0,0,0,0,0,0,0,0,0,0,0,0,0,0,0,0,3,0,0,0,0,0,0,0,0,0,0,0,0,0,0,0,0,0,0,0,0,0,0,0,0,0,0,0,0,0,0,0,0,0,0,0,0,0,0,0,0,0,0,0,0,0,0,0,0,0,0,0,0,0,0,0,0,0,0,0,0,0,0,0,4,0,0,0,0,0,4,0,0,0,0,0,6,0,0,0,7,0,0,0,0,0,0,0,0,0,0,0,0,0,0,0,0,0,0,0,0,0,0,0,0,0,0,0,0,0,4
LGA10470,0,0,0,3,0,0,0,0,0,3,0,0,0,3,0,0,0,0,0,3,0,6,3,20,0,0,0,0,0,23,0,0,0,3,6,10,20,9,6,60,0,5,21,61,45,35,24,7,8,201,0,0,0,0,0,3,7,0,0,14,0,0,0,9,3,0,0,0,0,14,0,0,0,0,11,3,0,0,0,14,3,9,4,41,23,16,0,3,0,95,0,0,0,0,0,3,0,0,0,11,3,0,3,3,21,16,21,11,4,79,0,0,0,6,4,3,0,3,0,14,0,3,11,20,9,3,7,0,0,54,0,0,0,0,0,0,3,0,0,6,0,3,3,11,6,0,5,0,0,31,0,0,0,0,0,0,0,0,0,4,0,0,0,19,7,3,0,0,0,36,0,0,0,0,0,0,0,0,0,0,0,0,0,0,0,0,0,0,0,0,3,3,3,14,3,4,6,0,0,41
LGA10550,0,0,0,0,0,0,0,0,0,0,0,0,0,0,0,0,0,0,0,0,0,0,0,0,0,0,0,0,0,0,0,0,0,4,8,21,37,26,11,106,0,8,3,31,50,66,25,5,0,186,0,0,0,0,0,3,5,0,0,12,0,0,0,0,0,0,0,0,0,3,0,0,0,4,6,0,0,0,0,11,0,3,0,24,23,29,4,3,0,93,0,0,0,4,0,4,0,3,0,12,0,0,0,3,10,12,29,18,5,74,0,0,0,3,0,4,0,0,0,5,0,0,0,7,3,15,8,5,4,42,0,0,0,0,0,4,0,3,0,11,0,0,0,0,0,0,0,0,0,4,0,0,0,0,0,0,0,0,0,0,0,0,7,26,11,8,0,0,0,43,0,0,0,0,0,0,0,0,0,0,0,0,0,0,0,0,0,0,0,0,0,3,5,14,5,22,16,4,0,73
LGA10600,0,0,0,0,0,0,0,0,0,0,0,0,0,0,0,0,0,0,0,0,0,0,0,0,0,0,0,0,0,0,0,0,0,3,3,10,14,10,0,33,0,0,3,19,14,24,14,8,0,84,0,0,0,0,4,0,3,0,0,4,0,0,0,0,0,0,0,0,0,0,0,0,0,0,3,3,0,0,0,5,0,0,0,3,8,6,0,0,0,22,0,0,0,0,0,0,0,0,0,4,0,0,0,3,4,4,9,3,3,25,0,0,0,3,0,0,0,0,0,4,0,0,0,0,3,3,0,3,0,17,0,0,0,0,0,0,0,0,0,0,0,0,0,0,0,0,0,0,0,0,0,0,0,0,0,0,0,0,0,0,0,0,0,3,0,0,0,0,0,3,0,0,0,0,0,0,0,0,0,0,0,0,0,0,0,0,0,0,0,0,0,0,3,3,3,8,10,3,0,28
LGA10650,0,0,0,0,0,0,0,0,0,0,0,0,0,0,0,0,0,0,0,0,0,0,0,3,0,0,0,0,0,3,0,0,0,0,0,6,9,0,0,20,0,3,5,8,7,10,4,0,0,39,0,0,0,0,0,0,0,0,0,5,0,0,0,0,0,0,0,0,0,0,0,0,0,0,0,0,0,0,0,0,0,4,3,15,8,10,0,3,0,31,0,0,0,0,0,0,0,0,0,3,0,0,0,0,0,3,11,0,0,18,0,0,0,0,0,0,0,0,0,0,0,0,0,4,0,0,0,0,0,12,0,0,0,0,0,0,0,0,0,3,0,3,0,4,0,0,0,0,0,10,0,0,0,0,0,0,0,0,0,0,0,0,0,3,0,0,0,0,0,3,0,0,0,0,0,0,0,0,0,0,0,0,0,0,0,0,0,0,0,0,0,0,0,0,0,0,0,0,0,3
LGA10750,0,9,10,80,63,97,61,35,19,371,0,15,34,159,100,62,40,13,5,420,0,47,96,464,42,38,3,4,0,697,0,0,8,15,16,35,77,58,21,238,82,498,807,1523,523,361,133,34,11,3977,0,0,0,13,24,10,37,15,9,103,52,241,233,972,243,122,47,21,0,1927,0,0,6,22,27,11,8,4,0,82,64,501,1043,4447,2535,2160,928,240,161,12082,0,0,11,95,61,114,84,61,100,522,3,11,11,43,81,98,108,62,33,453,4,33,36,67,42,46,26,12,4,275,3,68,111,318,176,141,68,32,5,931,0,0,4,37,48,56,51,51,16,257,24,101,174,989,408,320,173,77,32,2303,8,3,10,88,14,32,8,0,4,165,3,23,40,229,80,45,15,3,0,442,0,0,0,21,15,28,26,10,0,104,7,9,43,202,205,102,77,25,0,671,8,72,73,138,50,28,21,3,0,394
LGA10800,0,0,0,0,0,0,0,0,0,0,0,0,0,0,0,0,0,0,0,0,0,0,0,0,0,0,0,0,0,0,0,0,0,0,0,0,0,0,0,3,0,0,3,4,0,3,0,0,0,15,0,0,0,0,0,0,0,0,0,0,0,0,0,0,0,0,0,0,0,0,0,3,6,3,0,0,0,0,0,13,0,0,0,8,4,0,0,0,0,17,0,0,0,0,0,0,0,0,0,0,0,0,0,0,0,0,0,0,0,0,0,0,0,0,0,0,0,0,0,0,0,3,0,6,3,0,0,0,0,7,0,0,0,0,0,0,0,0,0,0,0,0,0,0,0,0,0,0,0,3,0,0,0,3,0,0,0,0,0,3,0,0,0,0,0,0,0,0,0,3,0,0,0,0,0,0,0,0,0,0,0,0,0,0,0,0,0,0,0,0,0,0,0,0,0,0,0,0,0,3
LGA10850,0,0,0,0,0,0,0,0,0,0,0,0,0,0,0,0,0,0,0,0,0,0,0,0,0,0,0,0,0,0,0,0,0,3,0,0,5,0,0,8,0,3,0,11,7,7,3,0,4,36,0,0,0,0,0,0,0,0,0,0,0,0,0,0,0,0,0,0,0,0,0,0,0,0,0,0,0,0,0,0,0,0,0,3,0,3,0,0,0,12,0,0,0,0,0,0,0,0,0,3,0,0,0,0,3,3,0,0,0,12,0,0,0,0,0,0,0,0,0,0,0,0,0,4,0,0,0,0,0,4,0,0,0,0,0,0,0,0,0,0,0,0,0,0,0,0,0,0,0,0,0,0,0,0,0,0,0,0,0,0,0,0,0,0,0,0,0,0,0,0,0,0,0,0,0,0,0,0,0,0,0,0,0,0,0,0,0,0,0,0,0,0,0,0,0,3,0,0,0,6
LGA10900,0,0,0,3,5,7,3,0,3,23,0,0,0,0,0,3,0,6,0,11,0,0,0,3,0,0,0,0,0,9,0,0,0,17,20,38,61,28,16,185,0,18,30,130,145,149,92,29,12,610,0,0,0,5,14,13,21,10,4,60,0,0,0,3,5,0,0,0,0,10,0,0,0,9,13,14,3,3,0,43,0,12,17,68,27,39,24,3,0,187,0,0,3,25,13,30,23,10,0,110,0,9,8,22,40,65,74,38,13,260,0,0,11,7,3,3,6,4,0,34,0,7,5,48,36,26,30,11,4,166,0,0,0,5,8,13,6,4,0,30,0,0,3,9,5,6,0,3,0,27,0,3,0,4,6,0,0,0,0,15,4,3,3,48,14,10,3,0,0,86,0,0,0,3,0,0,0,0,0,4,0,0,0,0,0,4,0,0,0,4,0,18,12,57,53,48,48,5,6,253
LGA10950,0,0,0,0,0,0,0,0,0,0,0,0,0,0,0,0,0,0,0,0,0,0,0,0,0,0,0,0,0,0,0,0,0,0,0,0,0,0,0,0,0,0,0,3,0,3,0,0,0,10,0,0,0,0,0,0,0,0,0,0,0,0,0,3,0,0,0,0,0,3,0,0,0,0,0,0,0,0,0,3,0,3,0,3,0,0,0,0,0,4,0,0,0,0,0,0,0,0,0,0,0,0,0,0,0,0,0,0,0,0,0,0,0,0,0,0,0,0,0,0,0,0,0,0,3,0,0,0,0,3,0,0,0,0,0,0,0,0,0,0,0,0,0,0,0,0,0,0,0,0,0,0,0,0,0,0,0,0,0,0,0,0,0,0,0,0,0,0,0,0,0,0,0,0,0,0,0,0,0,0,0,0,0,0,0,0,0,0,0,0,0,0,0,0,0,0,0,0,0,0
LGA11100,0,0,0,9,4,3,8,0,0,29,0,0,5,4,4,0,0,0,0,18,0,3,3,26,0,0,0,0,0,32,0,0,0,8,7,3,4,5,0,28,0,18,29,156,86,59,34,10,0,399,0,0,3,13,9,5,3,0,0,31,3,3,4,30,8,6,0,0,0,58,0,0,3,6,3,0,0,0,0,16,3,29,48,269,115,114,51,18,11,653,0,0,3,25,11,22,9,5,0,79,0,0,3,25,16,16,14,8,0,88,0,0,11,31,4,3,5,0,0,59,3,3,7,54,28,10,14,3,0,118,0,0,0,3,11,10,3,7,7,41,0,0,3,25,10,11,3,0,3,57,0,3,8,43,7,5,3,0,0,67,3,6,8,210,29,23,4,0,0,286,0,0,0,6,5,4,9,8,0,27,0,0,4,42,53,28,28,14,0,168,0,6,17,19,11,4,4,0,0,61
LGA11150,0,0,0,0,0,0,0,0,0,0,0,0,0,0,0,0,0,0,0,0,0,0,0,4,0,0,0,0,0,4,0,0,0,0,0,0,0,0,0,0,0,0,0,3,3,3,0,0,0,7,0,0,0,0,0,0,0,0,0,0,0,0,0,0,0,0,0,0,0,0,0,0,0,3,0,0,0,0,0,3,0,0,0,0,0,0,0,0,0,6,0,0,0,0,0,0,0,0,0,0,0,0,0,0,0,0,0,0,0,0,0,0,0,0,0,0,0,0,0,0,0,0,0,0,0,0,0,0,0,3,0,0,0,0,0,0,0,0,0,0,0,0,0,0,0,0,0,0,0,0,0,0,0,0,0,0,0,0,0,0,0,0,0,0,0,0,0,0,0,0,0,0,0,0,0,0,0,0,0,0,0,0,0,0,0,0,0,0,0,0,0,0,0,3,0,0,0,0,0,3
LGA11200,0,0,0,0,0,0,0,0,0,0,0,0,0,0,0,0,0,0,0,0,0,0,0,0,0,0,0,0,0,0,0,0,0,0,0,0,0,0,0,0,0,0,0,0,0,0,0,0,0,5,0,0,0,0,0,0,0,0,0,0,0,0,0,0,0,0,0,0,0,0,0,0,0,0,0,0,0,0,0,0,0,0,0,0,0,0,0,0,0,0,0,0,0,0,0,0,0,0,0,0,0,0,0,0,0,0,0,0,0,0,0,0,0,0,0,0,0,0,0,0,0,0,0,0,0,0,0,0,0,0,0,0,0,0,0,0,0,0,0,0,0,0,0,0,0,0,0,0,0,0,0,0,0,0,0,0,0,0,0,0,0,0,0,0,0,0,0,0,0,0,0,0,0,0,0,0,0,0,0,0,0,0,0,0,0,0,0,0,0,0,0,0,0,0,0,0,0,0,0,0
LGA11250,0,0,0,0,0,0,0,0,0,0,0,0,0,3,0,0,0,0,0,3,0,0,0,0,0,0,0,0,0,0,0,0,0,0,0,3,7,0,0,13,0,0,4,6,8,8,11,0,0,41,0,0,0,0,0,0,0,0,0,0,0,0,0,0,0,0,0,0,0,0,0,0,0,0,0,0,0,0,0,0,0,5,0,28,15,16,7,0,0,78,0,0,0,0,0,0,0,0,0,0,0,0,0,0,3,3,4,3,0,12,0,0,0,0,0,0,0,0,0,0,0,0,0,3,0,8,0,0,0,11,0,0,0,0,0,0,0,0,0,3,0,0,0,0,0,0,0,0,0,5,0,0,0,0,0,0,0,0,0,0,0,3,0,4,0,0,0,0,0,6,0,0,0,0,0,0,0,0,0,0,0,0,0,0,0,0,0,0,0,0,0,0,0,3,0,5,0,0,0,14
LGA11300,0,0,0,8,3,5,0,0,0,21,0,0,10,15,20,8,3,6,3,68,3,5,198,307,8,3,0,0,0,525,0,0,0,0,0,0,0,0,0,0,0,3,34,47,22,35,14,4,3,167,0,0,0,0,0,0,3,0,0,3,0,7,9,15,3,3,3,0,0,39,0,0,0,3,9,8,7,4,5,31,0,6,16,134,35,44,29,8,3,273,0,0,0,14,3,12,13,6,9,61,0,0,0,5,0,6,5,3,3,24,0,6,24,13,9,10,7,4,0,64,0,3,4,12,7,3,3,3,0,32,0,0,0,0,0,3,3,12,0,17,0,3,5,39,19,23,16,15,5,126,0,4,25,137,12,14,7,3,0,208,0,0,21,115,19,6,0,0,0,170,0,0,0,0,8,0,0,0,0,10,0,0,3,8,17,5,3,8,3,45,0,6,10,10,4,0,0,3,0,39
LGA11350,0,0,0,0,0,3,0,0,0,4,0,0,0,0,0,0,0,0,0,0,0,0,0,0,0,0,0,0,0,0,0,0,3,15,14,17,17,9,3,85,3,23,29,104,85,87,43,12,7,393,0,0,0,3,0,0,3,0,0,7,0,0,0,0,0,0,0,0,0,3,0,0,0,10,10,4,0,0,0,27,0,0,5,11,9,10,4,3,0,38,0,0,0,12,0,3,0,3,3,22,0,0,0,14,6,14,15,4,3,51,0,0,0,3,4,3,0,0,0,8,0,0,3,29,23,21,12,4,3,92,0,0,0,0,0,0,0,0,0,3,0,0,0,3,4,3,0,0,0,12,0,0,0,0,3,0,0,0,0,3,0,0,6,26,8,8,6,0,0,49,0,0,0,0,0,0,0,0,0,3,0,0,0,0,0,0,0,0,0,0,7,7,17,59,42,35,22,7,0,189
LGA11400,0,0,0,0,0,0,0,0,0,0,0,0,0,0,0,0,0,0,0,0,0,0,0,0,0,0,0,0,0,0,0,0,0,0,0,0,3,4,0,10,0,0,5,10,18,4,9,0,0,56,0,0,0,0,0,0,0,3,0,3,0,0,0,0,0,0,0,0,0,0,0,0,0,0,3,0,0,0,0,0,0,0,0,11,3,3,0,0,0,20,0,0,0,0,0,0,0,0,0,4,0,0,0,0,3,0,5,0,0,14,0,0,0,0,0,0,0,0,0,0,0,0,7,7,12,0,0,3,0,27,0,0,0,0,0,0,0,0,0,0,0,0,0,0,0,0,0,0,0,0,0,0,0,0,0,0,0,0,0,0,0,0,0,4,0,0,0,0,0,6,0,0,0,0,0,0,0,0,0,0,0,0,0,0,0,0,0,0,0,0,0,3,0,3,3,0,0,0,0,4
LGA11450,0,0,0,19,10,16,11,3,0,64,0,0,0,0,0,3,0,0,0,7,0,0,0,17,3,6,0,0,0,21,0,0,0,3,7,12,29,13,12,76,3,39,59,188,110,81,24,9,4,520,0,4,0,20,20,10,19,3,0,75,0,10,6,29,16,3,3,0,0,75,0,0,3,6,9,4,0,0,0,23,3,10,23,147,68,58,12,0,3,324,0,0,3,42,8,6,13,3,6,84,0,7,11,37,31,48,43,16,3,203,0,0,4,10,3,8,9,0,0,36,0,9,28,80,40,26,15,0,0,194,0,0,0,9,13,15,3,4,0,45,0,3,5,24,14,7,3,4,0,64,0,0,0,19,3,8,0,0,0,27,3,3,10,62,14,8,0,0,0,102,0,0,0,16,10,9,6,0,0,36,0,0,0,7,3,0,0,0,0,11,3,11,12,33,12,9,3,0,0,77
LGA11500,0,3,7,55,56,53,53,20,9,247,0,3,0,14,10,4,4,3,0,39,3,33,55,390,22,23,7,0,0,534,0,0,0,9,6,31,38,16,13,114,35,278,473,838,308,180,91,36,4,2240,0,0,0,11,18,24,26,16,4,89,12,54,46,280,60,28,3,0,3,491,0,0,6,14,17,10,0,0,0,52,9,106,188,859,555,433,198,44,23,2410,0,0,4,66,35,78,50,17,10,261,0,4,4,32,55,120,117,50,12,387,0,0,7,20,6,17,3,0,0,61,0,9,36,138,90,98,78,25,4,465,0,0,0,6,20,9,18,18,3,82,5,23,24,122,51,40,28,12,3,320,0,0,3,29,8,9,0,0,0,54,4,5,29,180,82,42,24,0,0,370,0,0,6,23,29,23,15,0,0,91,0,0,0,12,5,7,4,0,0,34,0,13,23,48,18,6,13,3,0,130
LGA11520,0,0,0,16,4,16,5,3,0,43,0,0,9,20,11,8,0,3,3,45,0,0,55,101,3,5,0,0,0,162,0,3,6,11,11,5,10,3,3,46,7,33,40,235,127,97,69,18,3,624,0,0,0,13,12,4,11,6,0,49,4,8,8,31,3,5,5,0,0,61,0,0,0,13,9,0,3,0,0,32,3,17,13,237,69,77,33,5,3,456,0,0,0,44,7,24,12,16,12,110,0,3,6,40,25,21,28,19,5,145,8,17,14,48,13,21,11,4,0,146,0,7,21,89,45,40,15,9,3,225,0,0,3,9,14,14,8,8,4,44,0,0,7,72,28,31,21,19,6,186,8,0,17,90,11,24,9,3,0,159,0,15,15,168,24,26,9,3,0,249,0,0,0,10,11,3,0,3,0,28,0,0,0,30,30,23,13,10,6,113,12,31,23,64,30,23,22,0,4,213
LGA11570,0,3,12,56,57,69,70,45,19,338,3,31,76,192,71,50,18,9,3,448,5,49,303,887,41,37,4,0,0,1326,0,0,6,19,8,13,17,20,16,104,46,251,359,814,336,237,110,33,3,2190,0,3,0,7,10,6,16,0,7,50,94,227,186,1061,148,54,15,3,3,1787,0,0,4,23,18,20,6,12,3,80,18,76,215,1013,514,447,206,39,15,2552,0,3,5,83,35,46,66,71,76,385,0,0,0,15,21,51,49,34,25,194,0,20,19,79,34,44,31,18,0,242,0,5,28,99,60,34,29,14,7,282,0,0,0,11,14,29,44,24,3,127,0,9,21,98,47,64,36,19,14,316,8,3,26,150,36,36,12,0,3,270,12,32,78,469,111,102,24,7,0,824,0,7,20,144,204,239,202,127,31,961,0,4,7,96,97,55,47,19,3,324,10,44,42,96,34,21,18,3,3,270
LGA11600,0,0,0,0,0,0,0,0,0,0,0,0,0,0,0,0,0,0,0,0,0,0,0,0,0,0,0,0,0,0,0,0,0,0,0,0,0,0,0,0,0,0,0,4,3,0,0,0,0,8,0,0,0,0,0,0,0,0,0,0,0,0,0,0,0,0,0,0,0,0,0,0,0,0,0,0,0,0,0,0,0,0,0,4,0,0,0,0,0,9,0,0,0,0,0,0,0,0,0,0,0,0,0,3,0,0,0,0,0,4,0,0,0,0,0,0,0,0,0,0,0,3,0,7,0,0,0,0,0,13,0,0,0,0,0,0,0,0,0,0,0,0,0,0,0,0,0,0,0,0,0,0,0,3,0,0,0,0,0,3,0,0,0,0,0,0,0,0,0,0,0,0,0,0,0,0,0,0,0,0,0,0,0,0,0,0,0,0,0,0,0,0,0,0,0,0,0,0,0,0
LGA11650,0,3,0,16,16,18,17,9,5,81,0,0,0,8,3,3,3,6,0,38,0,3,3,33,0,3,0,0,0,42,0,7,4,34,46,88,185,100,52,514,18,98,162,733,622,592,372,175,65,2837,0,3,6,20,40,26,46,31,5,176,3,11,3,26,7,11,5,3,0,60,0,5,7,49,48,31,11,9,5,165,7,46,69,435,269,268,106,20,13,1246,0,4,3,56,24,41,31,16,16,187,0,27,21,94,139,171,253,167,80,950,3,4,5,23,29,29,14,6,4,111,0,43,83,256,164,136,101,51,17,844,0,0,0,8,12,12,19,12,3,72,0,0,6,38,17,20,13,8,3,116,0,9,7,42,11,12,0,0,0,75,8,22,33,230,85,42,3,0,0,422,0,0,0,0,7,6,5,3,0,20,0,0,0,14,7,3,8,0,0,37,7,52,51,153,100,82,60,8,6,513
LGA11700,0,0,0,0,0,0,0,0,0,0,0,0,0,0,0,0,0,0,0,0,0,0,0,0,0,0,0,0,0,0,0,0,0,0,0,0,0,0,0,3,0,0,0,3,0,3,0,0,0,4,0,0,0,0,0,0,0,0,0,0,0,0,0,0,0,0,0,0,0,0,0,0,0,0,0,0,0,0,0,0,0,0,0,0,0,0,0,0,0,3,0,0,0,0,0,0,0,0,0,0,0,0,0,0,0,0,0,0,0,0,0,0,0,0,0,0,0,0,0,0,0,0,0,0,0,0,0,0,0,0,0,0,0,0,0,0,0,0,0,0,0,0,0,0,0,0,0,0,0,0,0,0,0,0,0,0,0,0,0,0,0,0,0,0,0,0,0,0,0,0,0,0,0,0,0,0,0,0,0,0,0,0,0,0,0,0,0,0,0,0,0,0,0,0,0,0,0,0,0,0
LGA11720,0,0,0,0,0,0,0,0,0,0,0,0,0,0,0,0,0,0,0,0,0,0,0,3,0,0,0,0,0,7,0,0,0,7,3,6,24,3,4,47,0,12,8,73,42,59,37,5,0,236,0,0,0,0,0,3,0,3,0,7,0,0,0,0,5,4,0,0,0,3,0,0,0,3,3,7,0,0,0,16,3,9,6,49,30,30,13,0,0,137,0,0,0,5,0,3,0,0,0,11,0,0,7,3,12,22,38,18,3,106,0,0,0,0,0,0,0,0,0,5,0,3,6,9,7,4,5,3,0,48,0,0,0,0,0,0,0,0,0,0,0,0,0,3,0,3,0,0,0,8,0,0,0,3,0,0,0,0,0,3,3,7,6,32,10,5,0,0,0,63,0,0,0,0,0,0,0,0,0,3,0,0,0,0,0,0,0,0,0,0,0,0,0,18,6,11,12,0,0,46
LGA11730,0,0,0,0,0,3,0,0,0,3,0,0,0,0,0,0,0,0,0,0,0,0,0,3,0,0,0,0,0,3,0,0,0,6,6,17,32,14,5,75,3,5,11,54,48,81,64,19,14,289,0,0,0,0,0,3,3,3,0,12,0,0,0,0,0,0,0,0,0,3,0,0,0,4,7,7,4,0,0,24,0,9,5,49,26,35,15,0,0,138,0,0,0,0,0,0,0,0,0,5,0,0,0,0,14,17,32,9,6,79,0,0,0,0,3,0,3,0,0,6,0,4,0,16,9,15,4,0,0,46,0,0,0,0,0,0,0,3,0,4,0,0,0,6,0,0,0,0,0,13,0,0,0,3,3,0,0,0,0,6,0,5,0,14,10,7,0,0,0,41,0,0,0,0,0,0,0,0,0,0,0,0,0,0,0,0,0,0,0,3,0,7,4,11,9,13,11,3,0,62
LGA11750,0,0,0,0,0,0,0,0,0,0,0,0,0,0,0,0,0,0,0,3,0,0,0,0,0,0,0,0,0,0,0,0,0,0,0,0,0,0,0,5,0,0,8,16,14,4,0,0,0,39,0,0,0,0,0,0,0,0,0,0,0,0,0,0,0,0,0,0,0,0,0,0,3,3,0,0,0,0,0,7,0,0,0,4,0,3,0,0,0,11,0,0,0,0,0,0,0,0,0,0,0,0,0,0,0,0,0,0,0,0,0,0,0,0,0,0,0,0,0,0,0,4,0,5,3,0,0,0,0,15,0,0,0,0,0,0,0,0,0,0,0,0,0,0,0,0,0,0,0,4,0,0,0,0,0,0,0,0,0,0,0,0,0,7,0,0,0,0,0,7,0,0,0,0,0,0,0,0,0,0,0,0,0,0,0,0,0,0,0,0,0,0,0,3,0,0,0,0,0,3
LGA11800,0,0,0,0,3,4,0,0,0,4,0,23,34,84,20,12,0,0,0,165,0,0,0,4,0,0,0,0,0,6,0,0,3,5,8,25,35,24,11,116,3,21,31,126,104,115,95,34,16,548,0,0,0,8,5,8,9,6,3,35,3,14,8,4,6,3,0,0,0,33,0,0,3,17,18,16,3,4,0,59,3,15,13,72,55,55,16,7,3,233,0,0,0,13,8,7,8,5,7,37,0,8,3,12,12,24,45,24,14,143,0,0,0,4,0,0,0,0,0,7,0,16,10,50,31,19,17,12,0,161,0,0,0,0,4,0,3,7,0,18,0,0,6,8,3,0,0,0,0,17,0,0,12,51,3,0,0,0,0,72,0,13,16,36,21,9,3,0,0,100,0,0,0,0,0,0,0,0,0,0,0,0,0,3,3,0,0,0,0,10,3,13,6,43,18,14,21,4,3,120
LGA12000,0,0,0,0,0,0,0,0,0,0,0,0,0,0,0,0,0,0,0,0,0,0,0,0,0,0,0,0,0,0,0,0,0,0,0,0,3,0,0,6,0,0,0,3,6,3,3,0,0,16,0,0,0,0,0,0,0,3,0,3,0,0,0,0,0,0,0,0,0,0,0,0,0,0,0,0,0,0,0,0,0,0,0,0,0,0,0,0,0,0,0,0,0,0,0,0,0,0,0,0,0,0,0,0,0,0,0,0,0,6,0,0,0,0,0,0,0,0,0,0,0,0,0,0,0,0,0,0,0,0,0,0,0,0,0,0,0,0,0,0,0,0,0,0,0,0,0,0,0,0,0,0,0,0,0,0,0,0,0,0,0,0,0,0,0,0,0,0,0,0,0,0,0,0,0,0,0,0,0,0,0,0,0,0,0,0,0,0,0,0,0,0,0,0,0,0,0,0,0,0
LGA12150,0,0,0,0,0,0,0,0,0,0,0,0,0,0,0,0,0,0,0,0,0,0,0,0,0,0,0,0,0,0,0,0,0,0,0,0,0,0,0,0,0,0,0,8,0,0,3,0,0,11,0,0,0,0,0,0,0,0,0,0,0,0,0,0,0,0,0,0,0,0,0,0,0,0,0,0,0,0,0,0,0,0,0,0,0,0,0,0,0,0,0,0,0,0,0,0,0,0,0,0,0,0,0,0,0,0,0,0,0,3,0,0,0,0,0,0,0,0,0,0,0,0,0,0,0,0,0,0,0,3,0,0,0,0,0,0,0,0,0,0,0,0,0,0,0,0,0,0,0,6,0,0,0,0,0,0,0,0,0,0,0,0,0,0,0,0,0,0,0,0,0,0,0,0,0,0,0,0,0,0,0,0,0,0,0,0,0,0,0,0,0,0,0,0,0,0,0,0,0,0
LGA12350,0,0,0,0,0,0,0,0,0,0,0,0,0,0,0,0,0,0,0,0,0,0,0,0,0,0,0,0,0,0,0,0,0,0,3,6,3,3,0,23,0,0,0,3,8,14,4,0,0,37,0,0,0,0,0,0,0,0,0,0,0,0,0,0,0,0,0,0,0,0,0,0,0,0,0,0,0,0,0,3,0,0,0,9,3,11,5,0,0,28,0,0,0,0,0,0,0,0,0,0,0,0,0,0,0,3,4,3,0,12,0,0,0,0,0,0,0,0,0,5,0,0,0,0,8,0,4,0,0,16,0,0,0,0,0,0,0,0,0,0,0,0,0,3,0,0,0,0,0,3,0,0,0,3,0,0,0,0,0,3,0,0,0,0,0,0,0,0,0,0,0,0,0,0,0,0,0,0,0,0,0,0,0,0,0,0,0,0,0,0,0,0,4,3,0,3,0,0,0,9
LGA12380,0,4,12,42,11,23,22,22,4,134,0,10,29,163,82,64,36,17,5,414,3,46,568,1507,58,34,9,0,0,2225,0,4,3,3,3,7,11,16,3,44,22,165,253,475,205,117,54,23,11,1317,0,0,0,0,6,6,5,3,0,19,52,213,225,782,129,64,13,3,0,1489,0,0,4,14,6,3,4,0,0,31,13,88,187,955,491,395,195,55,32,2399,0,0,3,29,19,46,27,33,31,192,0,0,0,14,8,31,28,23,13,123,5,22,22,45,21,23,15,11,3,164,0,0,19,45,32,20,18,8,4,143,0,0,0,11,20,21,14,18,9,94,4,92,155,818,391,278,161,95,23,2018,0,3,49,272,24,29,8,0,0,395,0,15,57,263,60,41,10,3,0,456,0,0,0,15,6,13,18,12,3,67,3,21,77,524,524,332,211,90,17,1795,8,27,21,39,7,4,8,0,0,118
LGA12700,0,0,0,0,0,0,0,0,0,0,0,0,0,0,0,0,0,0,0,0,0,0,0,0,0,0,0,0,0,0,0,0,0,0,0,3,3,0,0,5,0,0,0,6,7,9,3,0,0,30,0,0,0,0,0,0,0,0,0,0,0,0,0,0,0,0,0,0,0,0,0,0,0,0,0,0,0,0,0,0,0,0,0,3,3,0,0,0,0,10,0,0,0,0,0,0,0,0,0,0,0,0,0,0,3,0,0,3,0,7,0,0,0,0,0,0,0,0,0,0,0,0,0,0,0,3,0,0,0,9,0,0,0,0,0,0,0,0,0,0,0,0,0,0,0,0,0,0,0,0,0,0,0,0,0,0,0,0,0,0,0,0,0,0,0,0,0,0,0,0,0,0,0,0,0,0,0,0,0,0,0,0,0,0,0,0,0,0,0,0,0,0,0,0,3,0,3,0,0,8
LGA12730,0,0,0,0,0,0,0,0,0,0,0,0,0,0,0,0,0,0,0,0,0,3,0,0,0,0,0,0,0,4,0,0,0,0,0,0,3,0,0,8,0,3,3,14,8,3,8,0,0,36,0,0,0,0,0,0,0,0,0,3,0,0,0,3,0,0,0,0,0,3,0,0,0,0,0,0,0,0,0,5,0,0,3,3,3,0,0,0,0,9,0,0,0,0,0,0,0,0,0,0,0,0,0,0,4,5,4,3,0,12,0,0,0,0,0,0,0,0,0,0,0,5,4,3,3,0,0,0,0,15,0,0,0,0,0,0,0,0,0,0,0,0,0,3,3,0,0,0,0,4,0,0,3,16,0,0,0,0,0,21,0,0,0,0,0,0,0,0,0,0,0,0,0,0,0,0,0,0,0,0,0,0,0,0,0,0,0,0,0,0,0,0,0,3,0,0,0,0,0,7
LGA12750,0,0,0,0,0,0,0,0,0,3,0,0,0,0,0,0,0,0,0,0,0,0,0,3,0,0,0,0,0,3,0,0,0,0,8,18,36,25,4,83,3,3,8,32,50,68,40,18,6,224,0,0,0,0,0,0,4,3,0,11,0,0,0,0,0,0,0,0,0,0,0,0,0,3,0,5,0,0,0,13,3,8,0,35,15,16,11,0,0,89,0,0,0,4,0,5,3,0,5,19,0,0,3,3,12,28,38,26,13,127,0,3,0,0,0,0,0,0,0,6,0,0,0,12,5,13,20,3,0,56,0,0,0,0,6,0,5,7,3,16,0,0,0,3,0,0,0,0,0,5,0,0,0,0,0,0,0,0,0,0,0,0,0,10,3,3,3,0,0,19,0,0,0,0,0,0,3,0,0,3,0,0,0,0,4,0,0,0,0,4,0,3,3,10,8,17,14,3,0,66
LGA12850,0,3,0,20,10,33,28,13,3,107,0,3,32,85,49,26,20,3,5,214,0,0,8,21,0,0,0,0,0,31,0,0,3,3,3,11,15,11,7,65,39,249,355,475,127,79,35,9,3,1376,0,9,0,0,5,8,8,8,3,32,8,21,16,62,18,20,3,3,0,150,0,3,0,8,0,3,0,0,0,12,10,44,98,482,215,301,189,36,21,1409,5,0,0,35,25,66,45,43,50,261,0,3,0,6,10,30,24,21,7,104,0,4,0,10,7,9,10,3,3,48,0,3,7,15,16,8,11,0,0,58,0,0,4,65,65,113,106,72,20,448,0,4,8,24,13,23,22,4,3,98,0,0,9,39,13,30,9,0,0,103,4,40,101,469,118,85,40,6,3,868,0,0,8,55,79,112,108,42,9,410,15,9,26,75,97,49,45,13,7,335,0,20,28,30,3,6,4,0,0,100
LGA12870,0,0,0,0,0,0,0,0,0,0,0,0,0,0,0,0,0,0,0,0,0,0,0,0,0,0,0,0,0,0,0,0,0,0,6,6,8,0,3,21,0,0,0,8,16,8,7,7,0,57,0,0,0,0,0,0,0,0,0,0,0,3,0,0,0,0,0,0,0,5,0,4,0,0,0,0,0,0,0,4,0,0,0,10,7,11,0,0,0,32,0,0,0,0,0,0,0,0,0,3,0,0,0,0,0,8,12,5,0,29,0,0,0,0,0,0,0,0,0,0,0,0,0,0,0,0,0,0,0,0,0,0,0,0,0,0,0,0,0,3,0,0,0,3,0,0,0,0,0,3,0,0,0,0,0,0,0,0,0,0,0,4,0,3,3,0,0,0,0,6,0,0,0,0,0,0,0,0,0,0,0,0,0,0,0,0,0,0,0,0,0,0,0,0,3,0,3,0,0,7
LGA12900,0,0,0,0,0,0,0,0,0,0,0,0,0,0,0,0,0,0,0,0,0,0,0,3,0,0,0,0,0,3,0,0,0,0,0,0,3,0,0,3,0,0,0,6,4,6,4,3,0,24,0,0,0,0,0,0,4,0,0,3,0,0,0,0,0,0,0,0,0,0,0,0,0,0,0,0,0,0,0,0,0,4,0,12,3,0,4,0,0,22,0,0,0,0,0,0,0,0,0,0,0,0,0,0,3,0,3,0,0,13,0,0,0,0,0,0,0,0,0,0,0,3,0,0,0,0,0,3,0,10,0,0,0,0,0,0,0,0,0,0,0,0,0,4,0,0,0,0,0,4,0,0,0,0,0,0,0,0,0,0,0,0,0,3,0,0,0,0,0,4,0,0,0,0,0,0,0,0,0,0,0,0,0,0,0,0,0,0,0,0,0,0,0,0,0,3,0,0,0,3
LGA12930,0,3,4,21,10,12,9,3,3,74,0,0,6,23,13,12,4,0,4,65,13,57,521,1400,29,42,8,0,0,2079,0,0,0,5,3,8,10,10,10,57,8,76,166,361,203,173,80,22,14,1096,0,0,0,4,4,3,11,5,0,33,3,5,10,41,9,5,0,0,0,76,0,0,3,16,12,11,0,3,0,37,9,58,108,664,233,189,74,18,9,1367,0,0,3,43,4,17,10,6,11,98,0,0,0,17,25,36,30,22,9,127,7,15,24,51,27,42,24,8,5,192,0,4,4,70,39,31,26,4,6,196,0,0,0,8,23,31,15,7,7,95,0,0,10,42,19,13,7,6,3,113,3,9,40,190,42,42,17,4,0,342,9,18,37,273,70,42,9,0,3,453,0,3,19,159,200,212,163,93,23,871,0,0,4,10,14,8,6,3,7,49,3,26,13,62,13,20,11,4,0,166
LGA12950,0,0,0,0,0,0,0,0,0,0,0,0,0,0,0,0,0,0,0,0,0,0,0,0,0,0,0,0,0,0,0,0,0,0,0,0,3,3,0,3,0,0,3,4,3,0,0,0,0,13,0,0,0,0,0,0,0,0,0,0,0,0,0,0,0,0,0,0,0,0,0,0,0,0,0,0,0,0,0,0,0,0,0,3,4,0,0,0,0,13,0,0,0,0,0,0,0,0,0,0,0,0,0,0,0,0,3,0,0,3,0,0,0,0,0,0,0,0,0,0,0,0,0,0,0,0,0,0,0,3,0,0,0,0,0,0,0,0,0,0,0,0,0,0,0,0,0,0,0,0,0,0,0,0,0,0,0,0,0,0,0,0,0,0,0,0,0,0,0,0,0,0,0,0,0,0,0,0,0,0,0,0,0,0,0,0,0,0,0,0,0,0,0,0,0,0,0,0,0,0
LGA13010,0,0,0,0,0,0,0,0,0,0,0,0,0,0,0,0,0,0,0,0,0,0,0,4,0,0,0,0,0,8,0,0,0,0,0,0,6,0,3,9,0,3,3,8,8,8,9,3,0,43,0,0,0,0,0,0,0,0,0,0,0,0,0,0,0,0,0,0,0,0,0,0,0,0,0,0,0,0,0,3,0,0,0,10,3,6,0,0,0,18,0,0,0,0,0,0,0,0,0,0,0,0,0,0,0,3,4,3,0,16,0,0,0,0,0,0,0,0,0,0,0,0,0,0,0,0,0,0,0,8,0,0,0,0,0,0,0,0,0,0,0,0,0,0,0,0,0,0,0,0,0,0,0,0,0,0,0,0,0,0,0,0,0,0,0,0,0,0,0,0,0,0,0,0,0,0,0,0,0,0,0,0,0,0,0,0,0,0,0,0,0,0,0,0,4,3,0,0,0,11
LGA13310,0,0,0,0,3,0,0,0,0,3,0,0,5,0,0,0,0,0,0,7,0,0,3,11,0,0,0,0,0,16,0,0,0,4,3,10,21,7,0,43,0,4,16,39,23,33,23,4,0,148,0,3,0,0,0,0,7,3,0,11,3,0,3,0,0,0,0,0,0,12,0,0,0,0,3,3,0,0,0,10,0,12,4,51,18,16,8,3,0,108,0,0,0,5,0,0,3,4,0,12,0,0,0,3,10,3,14,6,0,49,0,0,0,0,0,0,0,0,0,6,0,0,0,4,4,3,0,0,0,19,0,0,0,0,0,0,0,3,0,5,0,0,0,5,0,0,0,0,0,6,0,0,0,4,0,0,0,0,0,4,0,0,0,9,6,3,3,0,0,30,0,0,0,3,0,0,0,0,0,0,0,0,0,3,4,0,0,0,0,4,0,6,0,12,8,4,0,0,0,38
LGA13340,0,0,0,0,0,0,0,0,0,0,0,0,0,0,0,0,0,0,0,0,0,0,0,0,0,0,0,0,0,0,0,0,0,0,3,4,6,4,0,20,4,5,4,6,13,5,8,0,0,37,0,0,0,0,0,0,0,0,0,4,0,0,0,0,0,0,0,0,0,0,0,0,0,3,0,0,0,0,0,3,0,0,0,13,4,3,3,0,0,18,0,0,0,0,0,0,0,0,0,0,0,0,0,0,0,0,0,0,0,3,0,0,0,0,0,0,0,0,0,0,0,0,3,4,0,0,3,0,0,5,0,0,0,0,0,0,0,0,0,0,0,0,0,0,0,0,0,0,0,0,0,0,0,0,0,0,0,0,0,0,0,0,0,0,4,0,3,0,0,7,0,0,0,0,0,0,0,0,0,0,0,0,0,0,0,0,0,0,0,0,0,0,0,4,3,3,0,0,0,12
LGA13450,0,0,0,3,0,0,0,0,0,3,0,0,0,6,0,0,0,0,0,6,0,0,0,3,0,0,0,0,0,0,0,0,0,7,3,0,4,0,0,13,3,36,49,77,24,13,5,5,0,207,0,0,0,0,0,0,0,0,0,0,0,14,7,26,0,0,0,0,0,51,0,0,0,0,0,0,0,0,0,7,3,9,10,47,24,36,8,3,5,144,0,0,0,0,0,0,0,0,0,0,0,0,0,3,4,0,8,4,3,19,0,0,0,0,0,0,0,0,0,3,0,3,10,14,9,3,0,0,0,44,0,0,0,0,0,0,0,0,0,0,0,0,0,9,3,0,0,0,0,18,0,0,19,77,0,0,0,0,0,93,0,0,3,12,6,0,0,0,0,28,0,0,0,0,0,0,3,0,0,4,0,5,4,22,10,4,4,0,0,38,0,3,3,3,5,0,0,0,0,20
LGA13510,0,0,0,0,0,0,0,0,0,0,0,0,0,0,0,0,0,0,0,0,0,0,0,0,0,0,0,0,0,0,0,0,0,0,0,0,3,7,0,11,0,0,3,15,9,6,6,3,0,31,0,0,0,0,0,0,0,0,0,0,0,0,0,0,0,0,0,0,0,0,0,0,0,0,0,0,0,0,0,0,0,4,0,7,0,4,3,0,0,26,0,0,0,0,0,0,0,0,0,0,0,0,0,0,5,3,4,0,0,16,0,0,0,0,0,3,0,0,0,3,0,0,0,0,0,0,0,0,0,3,0,0,0,0,0,0,0,0,0,0,0,0,0,0,0,0,0,0,0,0,0,0,3,8,0,0,0,0,0,11,0,0,0,3,0,0,0,0,0,3,0,0,0,0,0,0,0,0,0,0,0,0,0,0,0,0,0,0,0,0,0,0,3,3,0,3,3,0,0,8
LGA13550,0,0,0,0,0,0,0,0,0,0,0,0,0,0,0,0,0,0,0,0,0,0,0,0,0,0,0,0,0,0,0,0,0,0,0,0,0,0,0,3,0,3,0,16,9,6,0,3,0,46,0,0,0,0,0,0,0,3,0,3,0,0,0,0,0,0,0,0,0,0,0,0,0,0,0,0,0,0,0,4,0,3,0,21,4,4,4,0,0,38,0,0,0,0,0,0,0,0,4,5,0,0,0,0,0,3,0,0,3,8,0,0,0,0,0,0,0,0,0,0,0,0,3,9,5,0,0,3,0,24,0,0,0,0,0,0,0,0,0,0,0,0,0,0,0,0,0,0,0,0,0,0,0,0,0,0,0,0,0,0,0,0,0,0,0,0,0,0,0,3,0,0,0,0,0,0,0,0,0,0,0,0,0,0,0,0,0,0,0,0,0,3,0,0,4,5,0,0,0,16
LGA13660,0,0,0,0,0,0,0,0,0,0,0,0,0,0,0,0,0,0,0,0,0,0,0,0,0,0,0,0,0,0,0,0,0,0,0,0,0,0,0,0,0,0,3,3,3,3,0,0,0,12,0,0,0,0,0,0,0,0,0,0,0,0,0,0,0,0,0,0,0,0,0,0,0,0,0,0,0,0,0,0,0,0,0,9,0,0,0,0,0,7,0,0,0,0,0,0,0,0,0,0,0,0,0,0,0,0,0,4,0,4,0,0,0,0,0,0,0,0,0,0,0,0,0,0,0,0,0,0,0,6,0,0,0,0,0,0,0,0,0,0,0,0,0,0,0,0,0,0,0,0,0,0,0,0,0,0,0,0,0,0,0,0,0,0,0,0,0,0,0,4,0,0,0,0,0,0,0,0,0,0,0,0,0,0,0,0,0,0,0,0,0,5,0,0,0,0,0,0,0,8
LGA13800,0,0,0,3,0,3,0,0,0,7,0,0,0,0,0,0,0,0,0,0,0,0,0,0,0,0,0,0,0,0,0,5,5,3,13,24,30,21,14,119,3,12,30,144,114,84,43,18,0,442,0,0,0,9,8,4,8,3,0,23,0,0,0,3,3,3,0,0,0,13,0,0,0,3,7,6,0,0,0,20,0,4,16,71,58,28,13,5,0,196,0,0,0,9,8,3,0,3,3,24,0,3,3,13,26,31,26,15,7,114,0,0,0,6,5,5,3,3,0,26,0,7,23,47,25,14,13,5,3,129,0,0,0,0,9,3,4,0,0,21,0,0,0,6,3,4,0,0,0,18,0,0,0,5,0,0,0,0,0,7,4,0,3,35,5,5,3,0,0,59,0,0,0,8,5,6,5,8,0,36,0,0,0,4,0,0,0,0,0,4,0,7,8,20,9,22,10,9,0,86
LGA13850,0,0,0,0,0,0,0,0,0,0,0,0,0,0,0,0,0,0,0,0,0,0,0,0,0,0,0,0,0,0,0,0,0,0,0,4,0,0,0,4,0,3,0,3,3,4,3,0,0,19,0,0,0,0,0,0,0,0,0,0,0,0,0,3,0,0,0,0,0,3,0,0,0,0,0,0,0,0,0,0,0,0,0,3,0,0,3,0,0,4,0,0,0,0,0,0,0,0,0,0,0,0,0,0,0,0,0,3,0,3,0,0,0,0,0,0,0,0,0,0,0,0,0,0,0,0,0,0,0,4,0,0,0,0,0,0,0,0,0,0,0,0,0,0,0,0,0,0,0,0,0,0,0,0,0,0,0,0,0,0,0,0,0,0,0,0,0,0,0,0,0,0,0,0,0,0,0,0,0,0,0,0,0,0,0,0,0,0,0,0,0,0,0,0,0,0,0,0,0,0
LGA13910,0,0,0,0,0,0,0,0,0,0,0,0,0,0,3,0,0,0,0,3,0,0,0,0,0,0,0,0,0,0,0,0,0,4,0,7,8,0,4,30,0,3,5,22,17,17,15,0,3,75,0,0,0,0,0,0,0,0,0,4,0,0,0,0,0,0,0,0,0,0,0,0,0,0,3,3,0,0,0,7,0,4,0,10,6,4,0,0,0,32,0,0,0,0,0,0,0,0,0,3,0,0,0,0,5,0,8,7,0,22,0,0,0,0,0,0,0,0,0,3,0,0,3,5,0,0,0,0,0,13,0,0,0,0,0,0,5,0,0,9,0,0,0,3,0,0,0,0,0,3,0,0,0,5,0,0,0,0,0,9,0,0,0,0,4,0,0,0,0,6,0,0,0,0,0,0,0,0,0,0,0,0,0,0,3,0,0,0,0,3,0,3,3,4,0,3,3,0,0,20
LGA14000,0,4,0,16,15,14,4,4,0,64,0,0,3,25,18,15,3,3,0,74,5,16,88,293,18,13,3,0,0,439,0,4,8,17,21,20,39,27,18,164,3,69,117,259,209,213,114,43,25,1057,0,0,3,6,12,8,6,7,6,52,3,15,20,105,43,21,6,9,0,221,0,0,0,26,22,16,5,6,0,81,13,52,71,448,193,181,86,22,12,1080,0,0,0,59,25,67,23,10,7,200,0,15,12,46,64,48,52,28,24,291,11,44,57,84,79,66,37,12,5,388,13,104,142,299,213,143,81,49,18,1056,0,0,0,11,14,12,7,4,0,48,3,45,47,259,203,145,82,40,21,846,3,14,21,139,62,70,27,8,0,341,3,8,33,153,48,29,5,0,0,283,0,0,0,4,3,3,3,0,0,13,0,3,0,11,16,11,0,3,0,44,11,79,48,107,58,46,23,9,3,396
LGA14100,0,0,0,4,0,0,0,0,0,5,0,0,0,0,0,0,0,0,0,4,0,0,0,0,0,0,0,0,0,3,0,0,0,6,0,4,6,0,0,12,0,3,3,24,21,25,17,4,3,95,0,0,0,0,3,0,0,0,0,3,0,0,0,3,0,0,0,0,0,4,0,0,0,0,0,0,3,0,0,9,0,0,0,13,6,10,8,0,0,37,0,0,0,12,3,3,4,0,3,19,0,0,0,6,5,4,4,3,5,31,0,4,3,7,0,0,3,4,0,30,0,0,0,21,9,14,0,8,22,79,0,0,0,0,0,0,0,0,0,3,0,0,0,3,3,0,0,0,0,8,0,0,0,5,3,0,3,0,0,10,0,0,0,8,3,0,0,0,0,11,0,0,0,0,0,0,0,3,0,3,0,0,0,8,5,0,0,0,0,12,0,13,6,10,17,10,4,6,3,64
LGA14170,0,0,0,23,17,12,13,4,3,83,0,0,3,31,15,18,10,5,0,84,4,32,246,655,13,13,7,0,0,962,0,4,7,68,22,22,29,4,0,157,10,44,140,893,450,348,150,33,15,2078,0,0,3,38,17,7,15,3,0,90,0,0,3,32,10,0,0,0,0,49,0,0,6,40,25,21,3,3,4,105,10,46,87,636,182,173,103,25,9,1266,0,0,7,129,18,52,24,24,18,275,0,5,10,134,90,75,49,17,9,393,8,20,23,113,41,22,14,4,3,249,0,11,39,231,68,64,36,11,0,463,0,0,0,13,12,17,18,14,9,86,0,0,12,84,19,29,18,10,7,174,0,3,16,153,23,16,9,3,0,231,3,22,92,618,94,61,26,6,3,927,0,0,3,25,19,40,43,33,7,169,0,0,11,83,40,34,30,8,0,209,34,50,80,379,107,63,47,12,0,778
LGA14200,0,0,0,0,0,0,0,0,0,0,0,0,0,0,0,0,0,0,0,0,0,0,0,0,0,0,0,0,0,0,0,0,0,0,0,3,3,0,0,12,0,3,0,17,14,3,10,0,3,49,0,0,0,0,0,0,3,0,0,3,0,0,0,0,0,0,0,0,0,0,0,0,0,0,0,0,0,0,0,5,3,11,20,29,25,12,0,0,0,96,0,0,0,0,0,0,0,0,0,0,0,0,0,0,0,3,3,6,3,17,0,0,0,0,0,0,0,0,0,0,0,0,0,3,3,4,3,0,0,15,0,0,0,0,0,0,0,0,0,0,0,0,0,0,0,0,0,0,0,0,0,0,4,3,0,0,0,0,0,8,0,3,0,3,0,0,0,0,0,12,0,0,0,0,0,0,0,0,0,0,0,0,0,0,0,0,0,0,0,0,0,3,15,24,3,9,0,0,0,56
LGA14300,0,0,0,0,0,0,0,0,0,0,0,0,0,0,0,0,0,0,0,0,0,0,0,0,0,0,0,0,0,3,0,0,0,0,0,0,4,0,0,4,0,0,0,7,5,6,0,0,0,23,0,0,0,0,0,0,0,0,0,3,0,0,0,0,0,0,0,0,0,0,0,0,0,3,0,0,0,0,0,5,0,0,0,8,0,0,0,0,0,10,0,0,0,0,0,0,0,0,0,0,0,0,0,0,0,0,3,0,0,3,0,0,0,0,0,0,0,0,0,0,0,0,0,0,0,0,0,0,0,3,0,0,0,0,0,0,0,0,0,0,0,0,3,0,0,0,0,0,0,3,0,0,3,19,0,0,0,0,0,22,0,0,0,0,0,0,0,0,0,0,0,0,0,0,0,0,0,0,0,0,0,0,0,0,0,0,0,0,0,0,0,0,0,0,0,0,0,0,0,0
LGA14350,0,0,0,0,0,0,0,0,0,3,0,0,0,0,0,0,0,0,0,0,0,0,0,0,3,0,0,0,0,4,0,0,0,0,0,7,9,5,3,31,0,0,4,27,28,44,23,8,3,137,0,0,0,0,4,3,3,0,0,14,0,3,0,0,0,0,0,0,0,4,0,0,0,4,5,3,0,0,0,8,3,3,0,42,17,18,10,0,0,100,0,0,0,0,0,0,0,0,5,3,0,3,0,3,7,13,11,4,4,43,0,0,0,0,4,3,0,0,0,7,0,0,0,3,6,3,5,0,0,21,0,0,0,0,0,0,0,0,0,0,0,0,0,3,0,0,0,0,0,7,0,0,4,4,0,0,0,0,0,13,0,0,0,12,4,3,0,0,0,27,0,0,0,0,0,0,0,0,0,0,0,0,0,0,0,0,0,0,0,0,0,0,0,5,4,3,7,0,0,25
LGA14400,0,0,0,0,0,3,0,0,0,4,0,0,0,0,0,0,0,0,0,0,0,0,0,0,0,0,0,0,0,0,0,0,3,7,3,4,19,4,0,37,0,15,9,52,26,36,19,13,3,171,0,3,0,5,4,3,10,9,0,27,0,0,0,0,0,0,0,0,0,0,0,0,0,0,3,0,0,0,0,6,0,0,0,5,7,7,9,0,0,30,0,0,0,3,0,3,0,0,0,7,0,0,0,10,11,13,22,15,7,72,0,0,0,0,0,0,3,0,0,3,0,0,0,19,12,8,8,4,3,49,0,0,0,0,0,0,0,0,0,5,0,0,0,3,0,0,0,0,0,3,0,0,0,0,0,0,0,0,0,0,0,5,0,15,5,0,0,0,0,24,0,0,0,0,3,4,0,0,0,10,0,0,0,0,0,0,0,0,0,0,0,9,3,10,9,10,4,3,3,56
LGA14500,0,0,0,8,4,7,13,0,3,32,0,0,0,0,19,8,3,8,0,38,0,3,13,24,6,0,0,0,0,47,0,22,15,21,34,14,41,26,13,189,7,80,146,201,283,189,137,80,40,1154,0,0,0,11,17,10,7,10,3,58,0,0,0,25,19,15,3,3,0,71,0,0,0,26,40,33,15,19,4,145,0,18,22,151,76,63,26,8,9,365,0,3,0,44,22,34,20,11,7,141,0,18,19,33,69,46,36,38,23,278,5,77,56,81,61,59,29,13,0,380,16,146,245,532,476,361,144,79,41,2043,0,0,0,3,0,5,4,0,0,19,0,10,21,98,81,51,27,23,5,309,6,20,33,230,72,78,47,7,0,493,4,9,19,86,36,20,3,0,3,185,0,0,3,4,3,0,0,3,0,14,0,3,8,12,10,6,0,3,3,49,17,121,78,106,89,63,34,20,3,523
LGA14550,0,0,0,0,0,0,0,0,0,0,0,0,0,0,0,0,0,0,0,0,0,0,0,0,0,0,0,0,0,0,0,0,0,0,3,0,0,3,0,8,0,0,3,13,17,26,12,3,0,69,0,0,0,0,0,0,0,0,0,0,0,0,0,0,0,0,0,0,0,0,0,0,0,0,3,0,0,0,0,3,0,0,7,11,6,3,3,0,0,28,0,0,0,0,0,0,0,0,0,0,0,0,0,0,6,4,7,3,0,20,0,0,0,0,0,0,0,0,0,0,0,0,0,0,3,4,4,0,0,9,0,0,0,0,0,0,0,0,0,0,0,0,0,0,3,0,0,0,0,3,0,0,0,3,0,0,0,0,0,3,0,0,0,3,0,0,3,0,0,6,0,0,0,0,0,0,0,0,0,0,0,0,0,0,0,0,0,0,0,0,0,0,0,3,0,3,10,0,3,17
LGA14600,0,0,0,0,0,0,0,0,0,0,0,0,0,0,0,0,0,0,0,0,0,0,0,0,0,0,0,0,0,0,0,0,0,0,0,0,0,0,0,3,0,0,0,4,3,6,0,0,0,22,0,0,0,0,0,0,0,0,0,0,0,0,0,0,0,0,0,0,0,0,0,0,0,0,0,0,0,0,0,0,0,0,0,11,0,3,0,0,0,13,0,0,0,0,0,0,0,0,0,0,0,0,0,0,0,0,0,0,0,0,0,0,0,0,0,0,0,0,0,0,0,0,7,3,3,0,0,0,0,11,0,0,0,0,0,0,0,0,0,0,0,0,0,0,0,0,0,0,0,0,0,0,0,0,0,0,0,0,0,0,0,0,0,3,0,0,0,0,0,8,0,0,0,0,0,0,0,0,0,0,0,0,0,0,0,0,0,0,0,0,0,0,0,0,0,0,0,0,0,0
LGA14650,0,0,3,3,3,9,4,3,0,27,0,0,4,13,4,0,0,3,0,24,0,0,0,12,0,0,0,0,0,15,0,3,0,16,15,36,114,40,28,260,12,37,71,328,230,172,147,75,37,1112,0,0,0,3,9,11,18,8,8,54,0,10,0,19,4,3,8,0,0,39,0,0,7,24,12,22,9,0,0,87,7,21,35,190,106,120,37,4,4,530,0,0,0,21,8,12,33,16,30,124,0,15,10,36,62,81,124,75,34,432,0,0,7,11,13,4,8,3,0,48,0,12,45,91,82,62,22,20,3,342,0,0,0,3,10,10,13,10,7,55,0,7,3,27,13,8,12,3,0,72,0,0,0,3,3,3,0,0,0,13,4,8,13,119,36,14,5,0,0,193,0,0,0,9,27,34,37,24,8,136,0,0,0,5,3,4,3,0,0,11,0,40,34,86,40,41,20,5,3,279
LGA14700,0,0,0,4,3,0,0,0,0,9,0,0,0,0,0,0,0,0,0,4,0,0,38,84,0,0,0,0,0,121,0,7,0,7,6,0,3,3,0,28,4,15,32,119,65,59,37,18,5,351,0,0,0,0,3,4,5,0,0,17,3,3,0,14,4,0,0,0,0,26,0,0,0,8,5,0,3,0,0,26,3,12,23,129,39,20,13,4,5,239,0,0,0,37,10,24,9,5,0,78,0,3,3,19,19,10,11,8,6,79,3,11,3,32,9,10,11,4,0,88,6,7,16,107,35,31,18,11,3,230,0,0,0,5,0,6,0,4,0,14,0,0,0,37,17,12,6,3,3,74,0,0,3,46,9,6,3,0,0,77,0,8,11,80,11,10,3,0,0,119,0,0,0,5,4,5,0,4,0,15,0,0,0,5,5,8,4,4,0,18,9,21,17,62,24,15,10,0,0,177
LGA14750,0,0,0,0,0,0,0,0,0,0,0,0,0,0,0,0,0,0,0,0,0,0,0,0,0,0,0,0,0,0,0,0,0,0,0,0,4,0,0,8,0,10,4,10,14,9,3,0,0,50,0,0,0,0,0,0,0,0,0,0,0,0,0,3,0,0,0,0,0,3,0,0,0,3,0,0,0,0,0,3,4,7,4,22,3,5,0,0,0,52,0,0,0,0,0,0,0,0,0,0,0,0,0,0,0,0,4,4,0,9,0,0,0,0,0,0,0,0,0,0,0,0,3,8,0,0,3,0,0,13,0,0,0,0,0,0,0,0,0,0,0,0,0,0,0,0,0,0,0,9,0,0,0,3,0,0,0,0,0,3,0,0,3,5,6,0,0,0,0,9,0,0,0,0,0,0,0,0,0,0,0,0,0,0,0,0,0,0,0,0,0,0,0,0,0,0,0,0,0,4
LGA14850,0,0,0,0,0,0,0,0,0,3,0,0,0,0,0,0,0,0,0,3,0,0,0,0,0,0,0,0,0,0,0,0,4,7,9,12,27,7,0,69,0,8,21,53,74,77,31,5,3,280,0,0,0,3,0,0,7,5,3,9,0,3,0,7,0,3,0,0,0,14,0,3,0,8,10,8,0,0,0,27,3,3,14,45,34,19,11,0,0,130,0,0,0,3,0,0,3,3,3,11,0,4,0,4,3,14,8,4,5,52,0,0,0,0,3,0,0,0,0,8,0,4,10,19,5,11,4,3,0,56,0,0,0,0,0,0,0,0,0,0,0,0,0,3,0,3,0,0,0,6,0,0,0,9,3,0,0,0,0,12,0,3,0,17,11,3,0,0,0,36,0,0,0,0,0,0,0,0,0,0,0,0,0,0,0,0,0,0,0,0,0,3,3,23,11,15,12,7,3,65
LGA14870,0,0,0,0,0,0,0,0,0,3,0,0,0,0,0,0,0,0,0,0,0,0,0,0,0,0,0,0,0,0,0,0,0,0,0,7,10,9,0,31,0,8,7,23,18,27,19,8,0,110,0,0,0,0,0,3,0,4,0,8,0,0,0,0,0,0,0,0,0,0,0,0,0,0,4,4,0,0,0,7,0,3,0,22,19,20,4,0,0,73,0,0,0,0,0,3,3,0,0,15,0,0,0,3,3,13,14,3,0,47,0,0,0,4,0,0,0,0,0,9,0,0,0,0,5,0,4,0,0,11,0,0,0,0,0,3,3,0,0,5,0,3,0,3,0,4,4,0,0,8,0,0,0,0,0,0,0,0,0,3,0,0,9,7,0,0,0,0,0,22,0,0,0,0,0,0,0,0,0,3,0,0,0,0,0,0,0,0,0,0,0,3,0,3,0,3,4,0,0,18
LGA14900,0,0,3,46,46,55,49,17,14,230,0,0,9,21,17,18,0,0,3,66,0,9,18,166,10,13,0,0,0,216,0,3,3,9,8,10,22,7,13,79,45,235,382,656,210,129,55,18,4,1729,0,0,0,3,5,14,14,7,3,43,9,70,81,329,74,26,10,3,0,605,0,0,4,15,3,3,3,0,0,30,11,53,153,813,508,497,175,47,32,2285,0,3,4,92,71,109,51,46,24,393,0,0,4,19,27,39,42,31,14,183,3,4,4,27,11,23,5,3,0,79,0,9,27,85,59,40,32,6,3,258,0,0,7,130,96,121,81,46,9,492,3,9,19,74,53,52,24,15,9,262,0,0,5,48,15,10,3,0,0,81,3,8,27,250,71,45,20,7,0,428,0,11,18,177,129,131,114,36,10,608,3,15,27,130,81,39,25,6,0,335,4,26,34,50,12,10,3,5,0,136
LGA14920,0,0,0,0,0,0,0,0,0,0,0,0,0,0,0,0,0,0,0,0,0,0,0,0,0,0,0,0,0,0,0,0,0,0,0,0,0,0,0,0,0,0,3,10,5,3,10,0,0,29,0,0,0,0,0,0,0,0,0,3,0,0,0,0,0,0,0,0,0,0,0,0,0,0,0,0,0,0,0,0,0,0,0,3,3,0,0,0,0,8,0,0,0,0,0,0,0,0,0,3,0,0,0,0,0,0,0,0,3,9,0,0,0,0,0,3,0,0,0,3,0,0,0,0,0,3,0,0,0,4,0,0,0,0,0,0,0,0,0,0,0,0,0,0,0,0,0,0,0,0,0,0,0,0,0,0,0,0,0,0,0,0,0,0,0,0,0,0,0,0,0,0,0,0,0,0,0,0,0,0,0,0,0,0,0,0,0,0,0,0,0,0,0,0,3,0,0,0,0,3
LGA14950,0,0,0,0,0,0,0,0,0,0,0,0,0,0,0,0,0,0,0,0,0,0,0,0,0,0,0,0,0,0,0,0,0,0,0,0,0,0,0,3,0,0,3,3,3,3,0,0,0,17,0,0,0,0,0,0,0,0,0,0,0,0,0,0,0,0,0,0,0,0,0,0,0,0,0,0,0,0,0,0,0,0,0,0,0,0,0,0,0,0,0,0,0,0,0,0,0,0,0,0,0,0,0,0,0,0,0,3,0,3,0,0,0,0,0,0,0,0,0,0,0,0,0,0,0,0,0,0,0,0,0,0,0,0,0,3,0,0,0,5,0,0,0,0,0,0,0,0,0,0,0,0,0,0,0,0,0,0,0,0,0,0,0,0,0,0,0,0,0,0,0,0,0,0,0,0,0,0,0,0,0,0,0,0,0,0,0,0,0,0,0,0,0,3,3,0,0,0,0,3
LGA15050,0,0,0,0,0,0,0,0,0,3,0,0,0,0,0,0,0,0,0,0,0,0,0,3,0,0,0,0,0,3,0,0,0,4,3,15,29,13,4,62,8,30,22,131,80,58,40,8,3,373,0,0,0,3,3,3,0,0,0,19,0,0,0,11,6,0,0,0,0,21,0,0,0,3,9,0,3,0,0,18,0,19,4,96,67,39,21,3,3,258,0,0,0,5,5,5,9,11,14,44,0,4,4,19,17,32,23,10,4,112,0,0,0,4,0,4,0,0,0,13,0,15,14,59,34,13,3,0,3,137,0,0,0,4,0,0,0,0,3,10,0,0,0,19,0,3,0,0,0,19,0,0,0,14,0,0,0,0,0,19,0,6,7,27,13,13,0,0,0,62,0,0,0,0,0,0,0,0,0,0,0,0,0,0,0,0,0,0,0,3,3,6,11,27,16,14,3,0,0,80
LGA15240,0,0,0,4,0,3,7,0,0,15,0,0,3,3,0,0,0,0,0,9,0,0,0,8,0,0,0,0,0,6,0,0,0,3,5,19,75,24,11,149,0,14,14,74,73,140,106,43,17,482,0,0,0,0,6,7,15,8,0,33,0,0,0,3,0,0,0,0,0,3,0,0,0,4,9,11,4,3,0,28,0,6,9,88,53,59,27,9,0,253,0,0,0,10,0,8,12,10,0,34,0,3,3,7,17,36,55,32,14,166,0,0,0,3,0,3,3,0,0,12,0,7,3,22,21,13,36,7,0,102,0,0,0,0,0,3,11,7,0,12,0,0,0,8,5,3,0,0,0,17,0,0,0,0,0,0,0,0,0,5,0,8,3,27,18,8,7,0,0,75,0,0,0,0,0,0,0,0,0,0,0,0,0,0,0,0,0,0,0,0,0,6,6,19,18,14,28,3,0,92
LGA15270,0,0,0,0,0,0,0,0,0,0,0,0,0,0,0,0,0,0,0,0,0,0,0,0,0,0,0,0,0,0,0,0,0,0,4,3,15,8,0,34,0,0,3,27,37,30,12,3,0,117,0,0,0,0,0,0,0,0,0,0,0,0,0,0,0,0,0,0,0,0,0,0,0,0,0,0,0,0,0,0,0,3,0,29,11,13,3,0,0,61,0,0,0,0,0,0,0,3,3,6,0,0,0,0,8,12,18,6,0,39,0,0,0,0,3,0,0,0,0,3,0,3,0,13,12,3,0,3,0,38,0,0,0,0,0,0,0,0,0,3,0,0,0,0,0,0,0,0,0,4,0,0,0,0,0,0,0,0,0,0,0,0,0,11,6,0,0,0,0,13,0,0,0,0,0,0,0,0,0,0,0,0,0,0,0,0,0,0,0,0,0,0,0,8,3,6,6,3,0,26
LGA15300,0,0,0,0,0,0,0,0,0,0,0,0,0,0,0,0,0,0,0,0,0,0,0,0,0,0,0,0,0,0,0,0,0,0,0,0,0,0,0,4,0,4,4,13,8,13,3,0,0,40,0,0,0,0,0,0,0,0,0,5,0,0,0,0,0,0,0,0,0,0,0,0,0,3,0,4,0,0,0,3,0,3,5,15,12,5,0,0,0,35,0,0,0,0,0,0,0,0,0,0,0,0,0,3,0,0,0,0,0,5,0,0,0,0,0,0,0,0,0,0,0,0,0,12,3,0,0,0,0,12,0,0,0,0,0,0,4,0,0,8,0,0,0,7,0,0,0,0,0,7,0,0,0,4,0,0,0,0,0,4,0,0,0,11,0,0,0,0,0,9,0,0,0,0,0,0,0,0,0,0,0,0,0,0,0,0,0,0,0,0,0,0,0,4,0,0,0,0,0,13
LGA15350,0,0,0,3,3,0,0,0,0,7,0,0,0,0,0,3,0,0,0,3,0,0,5,28,0,0,0,0,0,32,3,3,3,17,17,4,13,5,3,60,3,11,31,105,117,80,61,31,6,445,0,0,0,8,4,3,5,0,0,28,0,0,5,4,0,3,0,0,0,15,0,0,3,3,14,3,0,3,0,22,0,3,3,56,13,11,10,0,0,103,0,0,3,28,4,12,0,3,3,56,0,6,3,24,29,11,21,11,10,115,0,22,17,20,6,11,6,4,0,84,6,13,10,98,47,34,30,12,4,263,0,0,0,3,0,0,3,3,0,10,0,0,0,12,5,3,3,0,0,28,3,0,0,14,4,3,0,0,0,29,0,4,3,35,16,4,0,0,0,69,0,0,0,0,4,3,3,0,0,7,0,0,0,4,6,0,3,0,0,17,18,57,36,84,49,35,18,3,0,292
LGA15520,0,0,0,0,0,0,0,0,0,0,0,0,0,0,0,0,0,0,0,0,0,0,0,3,0,0,0,0,0,3,0,0,0,0,3,0,5,0,3,16,0,3,5,7,7,12,4,3,0,46,0,0,0,0,0,0,3,0,0,3,0,0,0,0,0,0,0,0,0,0,0,0,0,0,0,0,0,0,0,0,0,4,3,16,10,0,0,0,0,32,0,0,0,0,0,0,0,0,0,0,0,0,0,0,0,5,12,9,0,27,0,0,0,0,0,0,0,0,0,3,0,3,0,4,3,3,3,3,0,17,0,0,0,0,0,4,0,0,0,3,0,0,0,3,0,0,0,0,0,4,0,0,0,0,0,0,0,0,0,0,0,0,0,4,4,0,0,0,0,10,0,0,0,0,0,0,0,0,0,0,0,0,0,0,0,0,0,0,0,0,0,6,0,0,0,3,0,0,0,6
LGA15560,0,0,0,0,0,0,0,0,0,0,0,0,0,0,0,0,0,0,0,0,0,0,0,0,0,0,0,0,0,0,0,0,0,0,0,0,0,0,0,0,0,7,0,8,4,0,0,0,0,18,0,0,0,0,0,0,0,0,0,0,0,0,0,0,0,0,0,0,0,0,0,0,0,0,0,0,0,0,0,0,0,0,0,3,0,0,0,0,0,8,0,0,0,0,0,0,0,0,0,0,0,0,0,0,0,0,0,0,0,4,0,0,0,0,0,0,0,0,0,0,0,0,0,3,0,0,0,0,0,3,0,0,0,0,0,0,0,0,0,0,0,0,0,0,0,0,0,0,0,0,0,0,0,0,0,0,0,0,0,0,0,0,0,0,0,0,0,0,0,0,0,0,0,0,0,0,0,0,0,0,0,0,0,0,0,0,0,0,0,0,0,0,4,0,0,3,0,0,0,4
LGA15650,0,0,0,0,0,0,0,0,0,0,0,0,0,0,0,0,0,0,0,0,0,0,0,3,0,0,0,0,0,3,0,0,0,0,0,9,3,0,0,11,0,11,10,47,28,14,4,0,0,107,0,0,0,0,3,0,0,3,0,7,0,0,0,3,0,0,0,0,0,3,0,0,0,3,0,0,0,0,0,4,0,9,5,32,16,7,0,0,0,66,0,0,0,0,0,0,0,0,0,0,0,0,0,0,3,3,3,0,0,13,0,0,0,0,0,0,0,0,0,5,0,3,6,6,5,0,0,0,0,19,0,0,0,0,0,0,0,0,0,0,0,0,0,8,0,0,0,0,0,9,0,0,0,0,0,0,0,0,0,0,0,0,4,11,4,0,0,0,0,19,0,0,0,0,0,0,0,0,0,0,0,0,0,0,0,0,0,0,0,0,0,0,0,3,0,4,0,0,0,10
LGA15700,0,0,0,0,0,0,0,0,0,0,0,0,0,0,0,0,0,0,0,3,0,0,0,0,0,0,0,0,0,0,0,0,0,0,0,9,12,7,3,36,0,0,0,22,30,42,25,10,5,132,0,0,0,0,0,0,4,0,0,3,0,0,0,0,0,0,0,0,0,0,0,0,0,5,0,0,0,0,0,6,0,0,0,14,3,12,4,0,0,37,0,0,0,0,0,3,0,0,0,4,0,0,0,0,0,10,19,6,0,35,0,0,0,0,3,0,0,0,0,3,0,0,0,3,0,11,8,0,0,23,0,0,0,0,0,0,0,0,0,0,0,0,0,0,3,0,0,0,0,3,0,0,0,0,0,0,0,0,0,0,0,0,0,9,3,3,3,0,0,15,0,0,0,0,0,0,0,0,0,0,0,0,0,0,0,0,0,0,0,0,0,4,0,5,8,7,3,0,0,24
LGA15750,0,0,0,0,0,0,0,0,0,0,0,0,0,0,0,0,0,0,0,0,0,0,0,7,0,0,0,0,0,9,0,0,0,0,0,3,3,0,0,9,0,3,0,12,8,11,0,0,0,38,0,0,0,0,0,0,0,0,0,0,0,0,0,0,0,0,0,0,0,0,0,0,0,0,0,0,0,0,0,3,0,0,3,11,3,9,3,0,0,31,0,0,0,0,0,0,0,0,0,3,0,0,0,0,6,3,0,0,0,13,0,0,0,0,0,0,0,0,0,4,0,0,0,5,0,0,0,0,0,11,0,0,0,0,0,0,0,0,0,0,0,0,0,0,0,0,0,3,0,8,0,0,0,0,0,0,0,0,0,0,0,0,0,0,0,0,0,0,0,5,0,0,0,0,0,0,0,0,0,0,0,0,0,0,0,0,0,0,0,0,0,0,0,0,3,5,3,4,3,23
LGA15800,0,0,0,0,0,0,0,0,0,0,0,0,0,0,0,0,0,0,0,0,0,0,0,0,0,0,0,0,0,0,0,0,0,0,0,0,0,0,0,3,0,3,3,8,0,3,0,0,0,15,0,0,0,0,0,0,0,0,0,0,0,0,0,0,0,0,0,0,0,0,0,0,0,0,0,0,0,0,0,0,0,0,0,3,0,0,0,0,0,10,0,0,0,0,0,0,0,0,0,0,0,0,0,0,0,0,0,0,0,3,0,0,0,0,0,0,0,0,0,0,0,0,3,0,0,0,0,0,0,8,0,0,0,0,0,0,0,0,0,0,0,0,0,0,0,0,0,0,0,0,0,0,0,0,0,0,0,0,0,0,0,0,0,3,0,3,0,0,0,7,0,0,0,0,0,0,0,0,0,0,0,0,0,0,0,0,0,0,0,0,0,0,0,0,0,0,0,0,0,0
LGA15850,0,0,0,0,0,0,0,0,0,0,0,0,0,0,0,0,0,0,0,0,0,0,0,0,0,0,0,0,0,0,0,0,0,0,0,0,0,4,0,9,0,0,0,5,0,3,0,0,0,16,0,0,0,0,0,0,0,0,0,0,0,0,0,0,0,0,0,0,0,0,0,0,0,0,0,0,0,0,0,0,0,0,0,0,0,3,0,0,0,0,0,0,0,0,0,0,0,0,0,0,0,0,0,0,0,0,0,0,0,3,0,0,0,0,0,0,0,0,0,0,0,0,0,0,0,0,0,0,0,0,0,0,0,0,0,0,0,0,0,0,0,0,0,0,0,0,0,0,0,3,0,0,0,0,0,0,0,0,0,0,0,0,0,4,0,0,0,0,0,3,0,0,0,0,0,0,0,0,0,0,0,0,0,0,0,0,0,0,0,0,0,0,0,0,0,0,0,0,0,3
LGA15900,0,0,6,5,4,3,3,3,0,16,0,0,3,14,0,3,0,0,0,18,0,7,10,29,3,0,0,0,0,46,0,4,3,16,8,16,41,13,16,110,4,36,87,273,171,150,55,33,5,818,0,0,0,7,4,4,8,7,0,33,4,9,3,42,0,0,5,0,0,68,0,0,9,31,14,11,0,0,0,65,4,34,45,202,122,115,42,15,0,583,0,0,0,24,13,23,21,31,30,157,0,10,4,48,27,66,62,32,24,272,0,4,38,33,9,5,5,0,0,105,3,15,35,94,30,29,4,12,0,218,0,0,0,3,18,21,16,23,3,80,0,9,16,57,20,9,5,3,0,117,3,3,26,82,4,3,0,0,0,117,0,6,25,99,29,16,0,0,0,184,0,0,3,21,58,80,77,64,19,325,0,0,0,3,0,0,0,0,0,9,7,27,45,137,42,31,17,3,4,306
LGA15950,0,0,0,20,7,3,0,0,0,25,0,0,0,4,3,4,0,0,0,13,3,3,25,96,3,3,0,0,0,134,4,6,7,38,9,13,17,12,4,99,6,34,51,432,185,168,113,31,13,1035,0,0,0,19,4,7,5,3,0,37,4,3,0,21,0,0,0,0,0,32,0,0,0,8,18,15,5,4,0,49,5,13,24,230,59,45,32,12,0,421,0,3,7,90,8,15,12,13,5,156,0,6,4,72,38,37,32,9,7,200,3,20,23,70,19,19,11,12,0,176,3,7,30,253,75,96,46,23,3,542,0,0,0,9,6,10,5,0,0,34,0,0,3,68,22,17,12,3,4,131,0,6,9,94,26,24,7,0,0,155,5,14,20,248,33,18,8,0,0,343,0,0,0,3,3,8,0,0,0,20,0,4,0,22,9,5,0,0,0,49,18,48,53,252,87,67,31,8,3,580
LGA15990,0,0,0,12,17,10,9,3,0,43,0,0,0,7,3,9,0,0,0,18,3,8,57,183,5,3,3,0,0,255,3,24,24,131,90,72,114,107,71,634,19,99,195,1045,632,518,269,106,65,2945,0,0,3,47,38,21,28,19,6,169,0,0,0,12,3,0,8,0,0,29,0,0,0,37,60,34,10,10,3,144,7,25,84,446,218,183,57,27,3,1051,0,0,3,142,41,54,32,15,19,303,0,37,32,261,173,139,139,106,39,920,9,43,30,63,55,34,13,5,3,264,17,111,126,699,349,206,119,63,23,1707,0,0,6,43,44,61,43,52,22,260,0,0,0,29,22,23,9,10,0,95,0,5,8,64,25,16,15,0,0,136,8,15,37,275,114,62,8,3,0,530,0,0,4,10,13,13,8,0,0,46,0,3,0,36,24,26,16,8,11,121,28,137,127,505,254,126,77,24,0,1281
LGA16100,0,0,0,0,0,0,0,0,0,0,0,0,0,0,0,0,0,0,0,0,0,0,0,0,0,0,0,0,0,0,0,0,0,0,0,0,3,3,0,4,0,3,0,15,7,6,3,0,0,42,0,0,0,0,0,0,0,0,0,3,0,0,0,0,0,0,0,0,0,0,0,0,0,0,0,0,0,0,0,0,0,0,0,0,0,0,0,0,0,3,0,0,0,0,0,0,0,0,0,0,0,0,0,0,0,3,0,0,0,5,0,0,0,0,0,0,0,0,0,0,0,0,0,0,0,3,0,0,0,4,0,0,0,0,0,4,5,0,0,5,0,0,0,3,0,0,0,0,0,3,0,0,0,0,0,0,0,0,0,0,0,0,0,0,0,0,0,0,0,0,0,0,0,0,0,0,0,0,0,0,0,0,0,0,0,0,0,0,0,0,0,0,0,0,0,0,0,0,0,0
LGA16150,0,0,0,0,0,0,0,0,0,0,0,0,0,0,0,0,0,3,0,3,0,3,11,41,4,0,0,0,0,55,0,0,3,0,0,9,20,7,4,48,6,16,20,54,29,41,27,13,0,188,0,0,0,0,0,0,5,0,0,8,0,3,0,11,0,0,0,0,0,18,0,3,0,0,3,0,4,3,0,7,0,7,9,53,21,26,9,0,0,118,0,0,0,4,0,0,0,5,9,20,0,0,0,5,10,10,11,4,7,45,0,3,3,3,3,0,0,0,0,8,0,15,10,29,7,7,6,0,0,75,0,0,0,0,0,3,3,3,0,6,0,0,0,18,3,3,0,0,0,26,0,3,0,4,3,0,0,0,0,17,0,0,0,13,4,3,0,0,0,29,0,0,0,0,0,0,0,0,0,6,0,0,0,0,3,0,0,0,0,6,0,9,3,16,4,0,4,0,0,40
LGA16200,0,0,0,0,0,0,0,0,0,0,0,0,0,0,0,0,0,0,0,3,0,0,0,0,0,0,0,0,0,0,0,0,0,0,0,5,10,3,4,15,0,0,4,10,13,6,0,4,0,42,0,0,0,0,0,0,0,0,0,0,0,0,0,6,0,0,0,0,0,5,0,0,0,0,0,0,0,0,0,3,3,0,9,22,7,8,3,0,0,54,0,0,0,0,0,0,0,0,0,0,0,0,0,0,0,3,3,3,0,13,0,0,0,0,0,0,0,0,0,3,0,0,0,7,0,0,0,0,0,16,0,0,0,0,0,0,0,0,0,0,0,0,0,0,0,0,0,0,0,0,0,0,0,0,0,0,0,0,0,0,0,0,0,3,0,0,0,0,0,3,0,0,0,0,0,0,0,0,0,0,0,0,0,0,0,0,0,0,0,0,0,0,0,3,3,0,0,0,0,13
LGA16260,0,4,15,34,19,17,20,8,5,120,0,0,7,63,44,47,25,8,6,203,3,11,88,416,19,16,5,0,0,563,0,7,6,20,11,13,31,30,16,136,21,141,222,498,253,213,108,34,15,1504,0,0,3,19,10,10,16,5,0,64,31,78,66,389,40,25,9,3,0,648,0,3,7,20,14,19,3,0,0,69,18,99,155,1046,333,294,153,36,25,2155,0,0,3,87,36,74,46,20,25,291,0,0,0,36,30,32,57,39,25,230,7,43,49,129,54,58,33,12,0,383,3,20,50,189,79,63,38,23,9,473,0,0,0,30,15,29,20,10,3,103,18,77,97,647,303,211,127,71,21,1582,8,14,55,282,79,82,34,3,0,564,3,19,32,310,63,46,13,7,4,500,0,0,0,9,9,10,7,3,0,34,0,3,12,95,76,43,33,11,3,271,25,80,39,123,29,28,19,5,9,357
LGA16350,0,3,3,19,20,32,23,7,7,115,0,6,3,22,6,8,3,0,0,45,6,8,17,93,16,15,0,3,0,159,0,4,0,11,20,62,98,45,22,259,19,157,296,754,300,242,86,28,6,1890,0,4,0,19,29,42,44,15,9,162,4,27,46,150,37,22,8,0,3,303,0,3,0,21,7,12,8,3,0,46,13,69,148,870,455,417,166,39,30,2204,0,6,0,44,27,44,35,25,26,213,0,7,11,64,99,158,113,62,28,538,0,12,7,28,17,28,3,6,0,97,0,11,35,129,76,71,41,23,0,386,0,0,0,8,24,39,24,24,7,122,3,27,21,151,73,79,37,17,5,414,0,0,3,36,8,8,0,0,0,57,0,14,25,131,63,28,11,0,0,273,0,0,0,5,14,17,16,8,3,61,0,0,9,29,42,19,13,6,0,109,0,9,16,55,24,19,16,4,4,150
LGA16380,0,0,0,0,3,0,0,0,0,6,0,0,0,3,0,0,0,0,0,4,0,0,0,6,0,0,0,0,0,13,0,0,0,6,15,16,65,35,19,160,0,10,15,102,123,116,104,45,19,543,0,0,0,6,4,3,9,15,3,42,0,0,0,3,0,0,0,0,0,3,0,0,0,8,9,13,0,0,0,34,0,10,19,69,47,30,16,3,3,196,0,0,0,7,4,5,3,5,3,27,0,5,3,17,31,34,78,37,19,223,0,3,0,0,6,6,4,0,0,24,0,7,9,30,29,29,24,10,0,140,0,0,0,0,0,3,0,8,3,10,0,0,0,4,4,0,3,0,0,15,0,0,0,3,3,0,0,0,0,8,0,3,3,27,16,6,0,0,0,63,0,0,0,0,0,3,0,0,0,7,0,0,0,4,3,0,0,0,0,4,3,25,5,28,13,29,16,3,0,121
LGA16400,0,0,0,4,3,3,5,0,3,28,0,0,0,0,0,0,0,0,0,0,0,3,3,6,0,0,0,0,0,11,0,0,0,3,6,19,57,27,4,114,4,11,26,104,78,96,86,32,4,441,0,0,0,3,5,4,7,8,3,30,0,0,0,0,0,0,0,0,0,4,0,3,3,9,5,3,0,0,0,23,0,6,6,48,43,39,22,3,3,178,0,0,0,3,0,9,3,3,4,21,0,8,3,10,26,30,62,29,12,176,0,0,0,6,3,3,4,0,0,18,0,3,7,44,20,18,21,8,0,126,0,0,0,0,4,0,3,4,3,11,0,0,0,0,0,0,0,0,0,0,0,0,0,12,0,0,0,0,0,14,3,4,4,41,17,7,0,0,0,75,0,0,0,0,6,0,0,0,0,8,0,0,0,0,0,0,0,0,0,9,5,8,10,43,11,11,16,0,0,103
LGA16490,0,0,0,6,0,0,0,0,0,10,0,0,0,8,0,3,4,0,0,15,0,4,16,47,0,0,0,0,0,69,0,0,0,3,12,11,18,4,3,58,0,10,27,119,81,77,32,9,0,362,0,0,4,6,4,0,3,0,0,14,0,0,3,24,3,3,0,0,0,36,0,0,0,14,18,3,0,0,0,34,0,32,27,108,51,54,9,7,0,289,0,0,0,10,3,18,13,3,12,57,0,5,0,14,19,32,22,10,7,108,0,3,0,3,9,8,0,0,0,27,0,4,19,34,29,11,0,3,0,102,0,0,0,5,10,5,18,10,3,51,0,3,5,23,10,9,3,0,0,52,0,0,0,5,0,3,0,0,0,14,0,7,3,35,10,6,3,0,0,61,0,3,16,55,54,63,30,20,10,245,0,0,0,3,6,0,0,0,0,11,3,20,11,50,30,24,16,4,0,146
LGA16550,0,0,0,23,10,17,9,0,0,57,0,0,30,9,0,3,0,4,0,52,0,5,11,50,3,0,0,0,0,69,3,10,18,52,9,7,15,19,12,149,6,41,93,573,228,202,116,37,8,1312,0,0,16,65,16,9,22,7,3,136,0,3,9,31,8,3,3,0,0,54,0,3,0,18,22,16,8,4,3,77,0,23,62,346,122,106,53,25,4,740,0,5,4,125,29,60,43,19,36,321,4,3,26,158,56,59,36,36,11,385,11,20,122,120,32,42,26,13,9,385,0,29,74,338,199,83,79,43,22,882,0,0,0,14,13,19,16,10,4,71,0,0,36,61,15,17,17,5,3,154,3,6,41,115,30,32,13,3,0,239,4,14,63,209,72,46,15,3,4,435,0,0,0,6,3,3,0,0,0,13,0,0,3,22,27,20,11,3,0,79,8,49,67,295,87,39,19,5,3,581
LGA16610,0,0,0,0,0,0,0,0,0,0,0,0,0,0,0,0,0,0,0,3,0,0,0,0,0,0,0,0,0,0,0,0,0,3,3,8,5,3,0,24,0,8,5,27,18,32,19,5,4,122,0,0,0,0,0,3,0,0,0,3,0,0,0,0,0,0,0,0,0,4,0,0,0,0,5,7,0,0,0,11,0,5,9,34,25,16,3,3,0,97,0,0,0,3,0,0,0,0,0,5,0,0,0,0,3,7,15,3,3,30,0,0,0,0,3,0,0,0,0,3,0,0,0,3,0,3,0,0,0,9,0,0,0,0,0,0,0,0,0,0,0,0,0,0,0,0,0,0,0,0,0,0,0,0,0,0,0,0,0,0,0,0,0,9,3,0,0,0,0,19,0,0,0,0,0,0,0,0,0,0,0,0,0,0,0,0,0,0,0,0,0,3,5,8,0,8,0,0,0,20
LGA16650,0,0,0,18,4,5,5,10,3,49,0,0,0,11,3,6,7,0,0,32,5,41,415,1140,28,19,3,0,0,1658,0,0,0,19,7,3,14,8,4,47,11,53,100,300,147,132,48,13,3,810,0,0,0,7,6,0,3,4,0,24,0,10,10,51,9,6,0,0,0,84,0,0,4,17,4,10,0,0,0,31,11,37,87,562,211,182,79,27,4,1209,0,4,7,82,10,21,6,12,6,143,0,0,0,30,22,22,27,11,14,126,0,5,24,51,15,22,12,0,0,126,0,4,16,55,28,18,21,4,4,150,0,0,0,13,17,40,24,16,7,123,0,0,3,27,9,6,3,0,0,51,0,0,18,101,25,18,8,0,0,164,3,4,42,371,57,43,14,3,0,541,3,18,28,204,238,343,313,197,58,1409,0,3,3,54,37,26,29,8,3,160,5,19,26,37,15,9,3,3,0,123
LGA16700,0,0,15,14,9,4,11,3,4,60,0,0,23,38,15,14,10,4,0,106,3,0,34,158,10,0,0,0,0,207,0,0,0,10,8,8,19,15,7,72,9,44,77,215,135,112,69,22,11,698,0,0,0,7,3,3,3,4,3,19,11,18,11,102,10,9,3,0,0,160,0,0,0,12,17,8,7,7,3,54,9,70,67,614,182,165,68,17,15,1202,0,0,0,56,23,36,17,8,9,150,0,3,7,31,16,33,29,23,12,153,17,21,28,103,36,43,26,8,4,294,5,7,29,108,53,39,33,19,5,289,0,0,0,11,14,22,17,12,4,68,3,17,28,179,83,74,51,39,11,492,5,3,47,230,50,37,15,6,0,377,3,5,38,239,44,26,12,4,6,373,0,0,3,8,9,18,12,8,0,62,0,0,0,37,11,19,11,6,3,88,10,27,46,91,24,17,17,6,0,236
LGA16900,0,0,0,3,0,0,0,0,0,8,0,0,0,0,0,0,0,0,0,3,0,0,0,3,0,0,0,0,0,3,0,0,3,7,0,33,45,39,23,147,3,18,20,95,62,61,33,8,6,302,0,0,0,0,3,11,3,6,0,28,0,3,3,11,4,0,3,0,0,21,0,0,0,4,5,0,0,0,0,15,0,10,23,70,45,58,24,3,4,224,0,0,0,11,8,19,17,5,3,63,0,0,0,13,60,89,47,51,21,281,0,3,4,7,0,5,0,0,0,27,0,14,19,31,16,13,14,3,5,107,0,0,0,0,14,19,16,15,4,61,0,0,4,6,4,3,0,0,0,15,0,0,0,8,0,0,0,0,0,9,0,6,10,45,18,3,4,0,0,90,0,3,0,39,82,134,89,40,14,396,0,0,0,25,26,10,11,5,3,79,0,0,8,20,17,9,4,0,0,61
LGA16950,0,0,0,0,3,3,7,3,0,17,0,0,0,3,0,0,0,0,0,8,0,0,3,9,3,0,0,0,0,19,0,0,0,8,11,40,79,53,22,208,3,29,17,136,111,140,113,39,10,596,0,0,0,5,8,7,27,4,3,52,0,3,0,3,0,3,0,0,0,7,0,0,0,7,8,8,4,5,0,35,3,14,19,80,67,67,30,4,0,286,0,0,0,13,4,14,12,10,3,58,0,4,3,13,36,65,82,61,20,284,0,0,0,3,6,3,8,4,0,25,0,5,4,29,18,21,36,10,0,128,0,0,0,0,3,16,3,9,0,31,0,4,0,6,5,3,5,0,0,26,0,0,0,3,0,0,0,0,0,3,4,8,3,44,23,11,8,0,0,95,0,0,0,3,0,8,9,0,0,13,0,0,0,0,0,0,3,0,0,3,6,11,14,48,20,27,31,6,0,155
LGA17000,0,0,0,0,0,0,0,0,0,0,0,0,0,0,0,0,0,0,0,0,0,0,0,0,0,0,0,0,0,0,0,0,0,0,0,3,11,0,3,22,0,13,19,62,63,33,20,5,0,221,0,0,0,3,0,0,0,0,0,3,0,0,0,0,0,0,0,0,0,3,0,0,0,4,3,0,0,0,0,6,0,5,4,37,13,14,5,0,0,83,0,0,0,0,0,0,0,0,0,0,0,0,0,6,4,7,5,3,0,27,0,0,0,3,0,0,0,0,0,8,0,8,9,25,20,0,3,0,0,65,0,0,0,0,0,0,0,0,0,0,0,0,0,4,0,0,3,0,0,11,0,0,0,11,0,0,0,0,0,14,0,0,0,11,0,0,0,0,0,15,0,0,0,0,0,0,0,0,0,0,0,0,0,0,0,0,0,0,0,0,0,3,3,10,5,0,4,0,0,28
LGA17040,0,0,0,0,0,0,0,0,0,0,0,0,0,0,0,0,0,0,0,0,0,0,0,0,0,0,0,0,0,0,0,0,0,3,8,11,17,8,3,47,0,6,3,32,35,26,19,5,0,134,0,0,0,0,0,3,4,0,0,8,0,3,0,0,0,0,0,0,0,3,0,0,0,6,8,0,0,0,0,10,0,0,0,9,4,10,4,0,0,26,0,0,0,8,0,8,0,0,3,18,0,0,0,6,4,7,18,3,3,45,0,0,0,0,3,4,0,0,0,5,0,0,5,6,4,4,0,0,0,25,0,0,0,0,0,0,0,3,0,8,0,0,0,4,4,0,0,0,0,8,0,0,11,23,0,0,0,0,0,36,0,0,0,18,7,4,3,0,0,32,0,0,0,0,0,0,0,0,0,3,0,0,0,0,4,0,0,0,0,8,0,0,3,14,5,12,3,0,0,37
LGA17080,0,0,0,0,0,0,0,0,0,0,0,0,0,0,0,0,0,0,0,0,0,0,0,0,0,0,0,0,0,0,0,0,0,0,0,0,4,7,0,15,0,4,12,30,18,18,11,3,0,89,0,0,0,0,0,0,3,0,0,3,0,0,0,0,0,0,0,0,0,0,0,0,0,0,3,0,0,0,0,4,0,0,3,15,6,9,0,0,0,32,0,0,0,0,0,0,0,0,0,8,0,0,0,4,0,7,9,3,0,31,0,0,0,0,0,3,0,0,0,3,0,9,14,20,11,3,0,0,0,49,0,0,0,0,0,0,0,0,0,3,0,0,0,0,0,0,0,0,0,0,0,0,4,20,0,0,0,0,0,24,0,0,0,8,3,0,3,0,0,13,0,0,0,0,0,0,0,0,0,0,0,0,0,0,0,0,0,0,0,0,0,3,0,3,0,3,0,0,0,13
LGA17100,0,0,0,6,3,3,3,4,0,22,0,0,5,19,17,9,6,7,0,60,0,14,116,308,17,7,4,0,0,467,0,0,0,0,0,3,3,3,0,12,4,14,33,49,20,25,17,3,0,160,0,0,3,3,3,0,0,0,0,11,3,5,17,46,12,7,3,0,0,92,0,0,3,7,3,6,5,0,0,15,0,11,30,177,45,37,15,6,3,321,0,0,0,11,8,10,4,6,0,32,0,0,0,5,0,0,0,0,3,13,3,7,3,28,3,14,11,0,0,64,0,0,6,18,7,3,4,4,0,46,0,0,0,0,3,4,9,0,0,9,3,20,47,156,131,132,78,60,46,677,0,4,13,66,16,9,9,0,0,118,0,0,19,105,19,7,0,0,0,154,0,0,0,0,0,3,0,0,0,3,0,0,3,5,10,5,10,0,0,29,3,6,6,16,5,4,0,0,0,39
LGA17150,0,0,0,13,25,22,13,9,4,90,0,0,0,9,3,5,3,4,3,31,0,4,17,72,3,3,0,0,0,108,0,4,3,28,22,33,68,42,40,239,7,58,121,565,373,262,135,49,27,1600,0,0,3,7,18,12,27,13,9,94,0,9,3,18,8,11,3,0,0,52,0,0,0,23,27,21,5,0,3,78,4,23,45,326,169,148,59,22,12,802,0,0,3,94,37,50,29,19,9,246,0,12,9,78,86,97,119,56,27,489,3,15,10,38,28,33,26,3,0,162,0,30,47,211,132,107,71,34,9,628,0,0,0,10,31,30,14,13,4,99,0,3,0,29,12,14,9,0,0,72,0,3,5,39,9,21,9,0,4,89,0,13,24,194,60,21,13,0,0,327,0,0,6,55,72,75,58,15,7,294,0,0,0,12,29,15,7,0,0,67,6,40,59,147,77,48,37,12,4,432
LGA17200,0,0,3,32,5,9,3,3,3,60,0,0,37,33,10,4,9,5,0,100,4,0,20,73,5,0,0,0,0,109,3,3,33,119,13,18,16,18,4,230,7,21,252,1126,417,330,156,65,16,2387,0,0,12,70,12,11,11,0,0,111,0,0,11,34,5,3,0,0,0,63,0,0,14,40,25,14,5,7,0,101,0,15,87,595,119,112,54,8,3,997,0,0,16,187,18,50,29,15,10,325,4,0,30,210,50,47,35,20,8,408,13,8,172,326,42,46,17,3,3,630,3,3,58,296,65,56,39,10,0,528,0,0,0,20,17,27,7,14,0,89,0,0,21,105,13,6,12,3,0,163,4,6,122,581,46,40,13,0,0,810,18,24,489,3325,166,80,20,3,0,4128,0,0,3,25,8,13,12,10,0,68,0,3,9,83,32,21,12,4,3,176,23,48,263,721,109,74,54,14,0,1297
LGA17310,0,0,0,0,0,0,0,0,0,0,0,0,3,15,3,0,0,0,0,20,0,0,0,11,0,0,0,0,0,16,0,0,0,4,3,11,19,7,4,54,0,6,14,60,41,41,30,13,7,206,0,0,0,0,0,0,0,0,0,3,0,4,0,6,0,0,0,0,0,13,0,0,0,3,3,3,0,0,0,13,4,28,25,97,30,28,18,0,0,241,0,0,0,0,0,3,0,0,0,9,0,0,0,10,6,16,17,8,4,59,0,0,8,4,8,0,7,3,0,27,0,12,11,26,17,5,3,0,0,80,0,0,0,0,0,0,0,0,0,4,0,4,0,9,4,0,0,0,0,19,6,0,10,32,0,0,0,0,0,54,0,3,0,12,11,7,0,0,0,32,0,0,0,0,0,0,0,0,0,0,0,0,0,0,0,0,0,0,0,0,0,3,0,13,17,16,9,3,0,62
LGA17350,0,0,0,0,0,0,0,0,0,0,0,0,0,0,0,0,0,0,0,0,0,0,0,0,0,0,0,0,0,0,0,0,0,0,0,0,0,5,0,7,0,0,0,3,0,0,0,0,0,13,0,0,0,0,0,0,0,0,0,0,0,0,0,0,0,0,0,0,0,0,0,0,0,0,0,0,0,0,0,0,0,4,3,9,7,0,0,0,0,17,0,0,0,0,0,0,0,0,0,0,0,0,0,0,0,0,3,0,0,5,0,0,0,0,0,0,0,0,0,0,0,0,0,0,0,0,0,0,0,0,0,0,0,0,0,0,0,0,0,0,0,0,0,0,0,0,0,0,0,3,0,0,0,0,0,0,0,0,0,0,0,0,0,0,0,0,0,0,0,0,0,0,0,0,0,0,0,0,0,0,0,0,0,0,0,0,0,0,0,0,0,0,0,0,0,3,0,0,0,7
LGA17400,0,0,0,0,0,0,0,0,0,0,0,0,0,0,0,0,0,0,0,0,0,0,0,0,0,0,0,0,0,0,0,0,0,0,0,0,8,0,0,11,0,0,0,7,10,16,9,3,0,51,0,0,0,0,0,0,0,0,0,0,0,0,0,0,0,0,0,0,0,0,0,0,0,0,0,0,0,0,0,0,0,0,0,10,0,4,0,0,0,16,0,0,0,0,0,0,0,0,0,3,0,0,0,0,0,0,0,0,0,3,0,0,0,0,0,0,0,0,0,0,0,0,0,4,0,0,0,0,0,6,0,0,0,0,0,0,0,0,0,0,0,0,0,0,0,0,0,0,0,0,0,0,0,0,0,0,0,0,0,0,0,0,0,0,0,0,0,0,0,3,0,0,0,0,0,0,0,0,0,0,0,0,0,0,0,0,0,0,0,0,0,3,0,0,0,0,0,0,0,6
LGA17420,0,0,0,12,28,19,23,7,0,87,0,4,0,31,20,13,20,3,0,87,0,0,15,48,6,4,0,0,0,71,0,11,9,15,15,23,63,19,13,164,11,104,141,299,223,216,94,24,3,1110,0,0,0,7,10,17,20,5,4,65,4,28,30,161,52,42,14,3,3,339,0,0,3,13,14,9,3,0,0,57,3,35,72,439,305,295,164,23,23,1352,0,3,3,75,41,72,26,14,10,249,0,18,11,34,44,48,59,24,15,254,14,39,39,73,57,48,40,7,3,320,16,108,185,410,253,141,64,34,4,1222,0,0,0,7,27,10,7,8,3,59,10,49,77,361,302,244,103,46,24,1210,4,3,12,121,41,65,27,3,0,268,3,9,27,129,44,27,4,0,0,237,0,0,0,5,0,9,4,3,0,17,0,0,4,46,45,16,7,10,0,120,12,87,144,115,62,33,19,3,0,479
LGA17550,0,0,0,4,0,0,3,0,0,11,0,0,0,0,0,0,0,0,0,3,0,0,0,7,0,0,0,0,0,12,0,0,0,12,10,21,57,32,11,145,3,36,65,329,255,276,212,110,49,1336,0,0,0,3,7,7,15,6,3,46,0,0,0,0,0,0,0,0,0,3,0,0,0,25,19,15,6,3,0,68,4,14,19,132,76,71,28,7,3,364,0,0,0,14,0,8,6,3,3,31,0,3,0,22,24,49,73,61,34,268,0,0,0,8,4,3,9,0,0,23,0,5,15,48,32,24,20,11,0,155,0,0,0,3,3,0,10,6,0,28,0,0,0,3,3,3,0,0,0,14,0,0,0,13,5,0,3,0,0,25,0,5,12,63,28,20,3,0,0,129,0,0,0,0,0,0,0,0,0,4,0,0,0,0,0,3,0,0,0,5,3,16,11,43,26,36,21,7,3,173
LGA17620,0,0,0,0,0,0,0,0,0,0,0,0,0,0,0,0,0,0,0,0,0,0,0,3,0,0,0,0,0,3,0,0,0,0,0,4,5,0,0,7,0,5,3,23,20,19,12,8,0,88,0,0,0,3,0,3,3,0,0,4,0,0,0,0,0,0,0,0,0,0,0,0,0,0,4,0,0,0,0,4,3,0,3,23,10,8,3,0,0,49,0,0,0,0,0,0,0,0,0,0,0,3,0,4,4,3,0,0,0,14,0,0,0,0,0,0,0,0,0,0,0,0,4,8,4,0,0,0,0,18,0,0,0,0,0,0,0,0,0,0,0,0,0,3,0,0,0,0,0,5,0,0,0,3,0,0,0,0,0,5,0,0,0,5,0,0,0,0,0,4,0,0,0,0,0,0,0,0,0,0,0,0,0,0,0,0,0,0,0,0,0,0,3,4,0,3,0,0,0,12
LGA17640,0,0,0,0,0,0,0,0,0,0,0,0,0,0,0,0,0,0,0,0,0,0,0,0,0,0,0,0,0,0,0,0,0,0,0,0,0,0,0,4,0,0,0,5,5,17,8,4,0,35,0,0,0,0,0,0,0,0,0,0,0,0,0,0,0,0,0,0,0,0,0,0,0,0,0,3,0,0,0,3,0,0,0,0,3,3,0,0,0,8,0,0,0,0,0,0,0,0,0,3,0,0,0,0,3,3,4,6,0,13,0,0,0,0,0,0,0,0,0,0,0,0,0,0,0,0,0,0,0,4,0,0,0,0,0,0,0,0,0,0,0,0,0,0,0,0,0,0,0,0,0,0,0,3,0,0,0,0,0,3,0,0,0,0,0,0,0,0,0,0,0,0,0,0,0,0,0,0,0,0,0,0,0,0,0,0,0,0,0,0,0,3,0,3,0,3,0,0,0,12
LGA17650,0,0,0,0,0,0,0,0,0,0,0,0,0,0,0,0,0,0,0,0,0,0,0,0,0,0,0,0,0,0,0,0,0,0,0,4,0,0,0,3,0,0,0,9,4,7,11,0,3,37,0,0,0,0,0,0,0,0,0,0,0,0,0,0,0,0,0,0,0,0,0,0,0,3,0,0,0,0,0,3,0,0,0,0,0,0,0,0,0,4,0,0,0,0,0,0,0,0,0,0,0,0,0,0,0,0,0,0,0,10,0,0,0,0,0,0,3,0,0,0,0,0,3,4,4,0,0,0,0,6,0,0,0,0,0,0,0,0,0,0,0,0,0,0,0,0,0,0,0,0,0,0,0,0,0,0,0,0,0,0,0,0,0,0,0,0,0,0,0,0,0,0,0,0,0,0,0,0,0,0,0,0,0,0,0,0,0,0,0,0,0,0,0,5,0,0,0,3,0,10
LGA17750,0,0,0,0,0,0,0,0,0,3,0,10,6,40,4,0,0,0,0,57,0,5,0,22,0,3,0,0,0,30,0,0,0,0,0,12,19,9,6,48,3,11,24,51,42,53,20,8,3,204,0,0,0,0,5,0,7,5,0,15,3,11,5,18,3,0,3,0,0,41,0,3,0,7,3,4,0,0,0,23,7,32,17,92,30,21,13,3,0,218,0,0,0,3,3,0,0,3,3,11,0,3,8,5,18,9,18,0,6,72,0,0,4,3,6,0,0,0,0,20,0,16,13,40,18,6,4,3,0,110,0,0,0,0,4,3,0,4,3,15,0,3,3,28,8,3,3,0,0,49,0,0,7,17,3,0,0,0,0,23,0,0,3,17,9,3,0,0,0,37,0,0,0,0,0,0,0,0,0,0,0,0,0,0,0,0,0,0,0,0,0,3,10,23,12,7,8,0,0,63
LGA17850,0,0,0,0,0,0,0,0,0,0,0,0,0,0,0,0,0,0,0,0,0,0,0,0,0,0,0,0,0,0,0,0,0,0,0,0,0,0,0,0,3,3,0,3,0,0,0,0,0,14,0,0,0,0,0,0,0,0,0,0,0,0,0,0,0,0,0,0,0,0,0,0,0,0,0,0,0,0,0,0,0,0,0,0,0,3,0,0,0,3,0,0,0,0,0,0,0,0,0,0,0,0,0,0,0,0,0,0,0,4,0,0,0,0,0,0,0,0,0,0,0,0,0,0,0,0,0,0,0,0,0,0,0,0,0,0,0,0,0,0,0,0,0,0,0,0,0,0,0,0,0,0,0,0,0,0,0,0,0,0,0,0,0,0,0,0,0,0,0,0,0,0,0,0,0,0,0,0,0,0,0,0,0,0,0,0,0,0,0,0,0,0,0,0,0,0,0,0,0,3
LGA17900,0,0,0,0,0,0,0,0,0,0,0,0,0,0,0,0,0,0,0,0,0,3,0,3,0,0,0,0,0,6,0,0,0,0,0,3,3,0,0,8,0,0,0,3,6,7,3,3,3,34,0,0,0,0,0,0,0,0,0,0,0,3,0,3,0,0,0,0,0,8,0,0,0,0,3,0,0,0,0,3,0,6,5,15,3,0,0,0,0,34,0,0,0,0,0,0,0,0,0,3,0,0,0,0,3,0,0,0,0,5,0,0,0,0,0,0,0,0,0,0,0,0,0,0,0,0,0,0,0,6,0,0,0,0,4,0,6,5,0,13,0,0,0,0,0,0,0,0,0,0,0,0,0,0,0,0,0,0,0,0,0,0,0,0,0,0,0,0,0,0,0,0,0,0,0,0,0,0,0,0,0,0,0,0,0,0,0,0,0,0,0,0,0,3,0,0,3,0,0,5
LGA17950,0,0,0,0,0,0,0,0,0,0,0,0,0,0,0,0,0,0,0,0,0,0,0,0,0,0,0,0,0,0,0,0,0,0,0,0,0,0,0,0,0,0,0,0,3,0,0,0,0,3,0,0,0,0,0,0,0,0,0,0,0,0,0,0,0,0,0,0,0,0,0,0,0,0,0,0,0,0,0,0,0,0,0,5,0,0,0,0,0,5,0,0,0,0,0,0,0,0,0,0,0,0,3,0,0,0,0,0,0,7,0,0,0,0,0,0,0,0,0,0,0,0,0,5,0,0,0,0,0,8,0,0,0,0,0,0,0,0,0,0,0,0,0,0,0,0,0,0,0,0,0,0,0,0,0,0,0,0,0,0,0,0,0,0,4,0,0,0,0,5,0,0,0,0,0,0,0,0,0,0,0,0,0,0,0,0,0,0,0,0,0,0,0,0,0,0,0,0,0,0
LGA18020,0,0,0,0,0,0,0,0,0,0,0,0,0,0,0,0,0,0,0,0,0,0,0,0,0,0,0,0,0,0,0,0,0,0,0,3,6,0,0,9,0,0,0,13,4,13,6,4,0,37,0,0,0,0,0,0,0,0,0,3,0,0,0,0,0,0,0,0,0,0,0,0,0,0,0,0,0,0,0,3,0,0,0,7,10,0,0,0,0,17,0,0,0,0,0,0,0,0,0,3,0,0,0,0,0,5,0,0,0,10,0,0,0,0,0,0,0,0,0,3,0,0,0,4,3,0,0,0,0,12,0,0,0,0,0,0,0,0,0,0,0,0,0,0,0,0,0,0,0,0,0,0,0,0,0,0,0,0,0,0,0,0,0,4,0,0,0,0,0,4,0,0,0,0,0,0,0,0,0,0,0,0,0,0,0,0,0,0,0,0,0,0,0,0,3,3,0,0,0,5
LGA18050,0,0,0,5,3,10,0,0,0,21,0,0,0,5,0,0,0,0,3,10,0,0,3,14,0,0,0,0,0,21,0,4,3,50,8,9,9,7,8,95,3,22,56,453,152,97,61,25,6,873,0,0,3,31,8,7,5,0,0,56,0,0,0,6,7,0,0,0,0,16,0,0,0,14,10,3,0,0,0,25,0,9,23,127,44,32,16,3,0,261,0,0,3,86,11,22,41,15,30,203,0,0,10,83,18,16,19,10,3,153,6,12,11,38,13,13,11,9,0,115,4,27,115,517,305,218,129,99,28,1440,0,0,0,7,11,7,3,5,3,37,0,0,3,7,3,0,4,5,0,20,0,0,5,29,10,3,7,0,0,56,3,6,9,85,24,7,5,0,0,145,0,0,0,13,8,0,0,0,0,18,0,0,0,12,3,0,0,3,5,22,13,54,45,310,50,35,6,3,3,525
LGA18100,0,0,0,0,0,0,0,0,0,0,0,0,0,0,0,0,0,0,0,0,0,0,0,0,0,0,0,0,0,0,0,0,0,0,0,0,7,0,0,7,0,0,0,3,4,3,3,0,0,8,0,0,0,0,0,0,0,0,0,3,0,0,0,0,0,0,0,0,0,0,0,0,0,0,0,0,0,0,0,0,0,0,0,0,0,0,3,0,0,8,0,0,0,0,0,0,0,0,0,0,0,0,0,0,0,0,0,0,0,0,0,0,0,0,0,0,0,0,0,0,0,0,0,0,0,0,0,0,0,0,0,0,0,0,0,0,0,0,0,0,0,0,0,0,0,0,0,0,0,0,0,0,0,0,0,0,0,0,0,0,0,0,0,0,0,0,0,0,0,0,0,0,0,0,0,0,0,0,0,0,0,0,0,0,0,0,0,0,0,0,0,0,0,0,0,3,0,0,0,8
LGA18200,0,0,0,0,0,0,0,0,0,0,0,0,0,0,0,0,0,0,0,0,0,0,0,0,0,0,0,0,0,0,0,0,0,0,0,3,0,0,0,6,0,0,0,5,6,5,4,0,0,25,0,0,0,0,0,0,0,0,0,0,0,0,0,0,0,0,0,0,0,0,0,0,0,0,3,0,0,0,0,3,0,0,4,3,0,4,0,0,0,11,0,0,0,0,0,0,0,0,0,3,0,0,0,4,0,3,0,0,0,5,0,0,0,0,0,0,0,0,0,0,0,0,0,0,0,0,0,0,0,0,0,0,0,0,0,0,0,0,0,3,0,0,0,0,0,0,0,0,0,0,0,0,0,0,0,0,0,0,0,0,0,0,0,0,3,0,0,0,0,3,0,0,0,0,0,0,0,0,0,0,0,0,0,0,0,0,0,0,0,0,0,0,3,4,0,0,0,0,0,6
LGA18230,0,0,0,0,3,0,0,0,0,3,0,0,0,0,0,0,0,0,0,3,0,10,15,74,0,0,0,0,0,99,0,0,0,8,3,11,12,10,3,45,0,8,19,62,36,32,25,11,5,185,0,0,0,3,0,3,0,0,0,10,3,7,0,20,0,0,0,0,0,29,0,0,0,3,4,0,0,0,0,11,6,16,21,58,23,16,11,3,0,145,0,0,0,3,0,3,0,0,0,9,0,0,0,3,4,10,11,5,0,39,0,3,0,4,0,5,0,0,0,13,0,9,12,18,3,4,4,3,0,55,0,0,0,0,0,0,0,0,0,3,4,3,11,30,14,0,3,0,0,73,0,0,3,8,0,0,0,0,0,17,0,6,0,10,4,4,0,0,0,23,0,0,0,0,0,0,3,0,0,3,0,0,0,0,0,0,0,0,0,3,0,0,4,12,0,9,3,0,3,42
LGA18250,0,0,0,12,3,4,0,4,0,22,0,0,4,12,4,4,3,0,4,26,0,15,26,123,3,0,0,0,0,168,3,8,0,10,3,10,10,5,6,60,5,47,68,219,148,120,68,27,21,723,0,0,0,10,9,7,4,0,0,23,3,3,0,44,3,0,3,0,0,62,0,0,0,29,29,29,19,27,12,144,10,31,49,298,85,55,40,6,3,567,0,0,3,38,5,26,15,5,9,93,0,0,4,21,24,14,10,14,0,88,11,36,32,95,36,36,27,9,3,280,4,11,23,130,69,39,35,11,7,326,0,0,0,3,4,6,3,0,0,25,0,0,0,39,16,4,12,3,3,75,8,5,61,346,55,68,31,9,0,587,6,17,22,213,45,25,9,0,0,324,0,0,0,4,8,0,10,13,0,37,0,3,0,15,10,11,7,6,3,50,17,59,23,88,45,25,11,5,3,274
LGA18350,0,0,0,0,0,0,0,0,0,4,0,0,0,0,0,0,0,0,0,3,0,5,8,50,0,4,0,0,0,63,0,0,0,3,6,21,44,16,14,103,3,8,16,76,66,82,93,36,7,396,0,0,0,3,0,0,8,3,0,20,0,0,0,0,0,0,3,0,0,0,0,0,0,10,7,9,0,0,0,28,0,0,10,39,18,15,11,0,0,91,0,0,0,4,3,9,9,6,5,42,0,3,3,10,18,39,49,36,12,174,0,6,7,3,5,3,0,0,0,27,0,3,6,30,18,19,33,6,0,120,0,0,0,0,6,0,3,3,0,18,0,0,0,6,0,0,0,3,3,13,0,3,3,9,4,3,0,3,0,23,3,0,0,20,7,5,0,0,0,27,0,0,0,3,0,0,3,0,0,16,0,0,0,0,0,0,0,0,0,5,0,4,14,22,22,20,21,4,0,107
LGA18400,0,0,0,0,3,0,3,0,0,10,0,0,0,0,0,0,0,0,0,3,0,0,0,5,0,0,0,0,0,5,0,0,3,3,6,23,22,6,3,68,4,7,12,72,61,51,24,8,0,244,0,0,0,6,10,3,10,3,0,32,0,0,0,7,0,0,0,0,0,7,0,0,0,4,3,0,0,0,0,13,0,3,0,24,20,25,10,3,0,86,0,0,0,4,0,5,0,0,0,18,0,0,0,22,22,39,28,10,9,126,0,0,4,3,7,5,0,0,0,16,0,9,15,36,9,7,6,6,0,86,0,0,0,0,4,4,3,3,3,24,0,0,3,5,0,3,0,0,0,14,0,0,0,0,0,0,0,0,0,6,0,5,3,17,8,4,0,0,0,36,0,0,0,0,3,0,0,3,0,11,0,0,0,5,3,3,0,0,0,7,0,3,8,16,10,14,6,4,0,63
LGA18450,0,0,0,5,5,4,0,3,0,17,3,5,18,54,14,9,9,0,0,109,0,0,4,25,0,0,0,0,0,31,0,6,7,23,16,66,124,85,45,368,0,62,109,351,223,181,102,42,21,1093,0,0,0,9,11,22,25,22,6,95,0,5,7,52,6,6,3,0,0,75,0,3,0,19,13,6,0,3,0,54,7,30,38,265,116,192,85,14,4,753,0,3,3,49,17,41,32,35,39,205,0,12,3,42,137,157,203,140,58,747,3,5,5,28,9,9,4,3,0,70,0,19,25,92,42,48,27,14,3,277,0,0,3,23,34,58,59,51,20,244,3,6,19,50,19,14,8,8,3,141,0,4,5,36,16,9,4,0,0,74,7,37,69,190,58,35,8,0,0,406,0,6,12,172,266,344,365,250,51,1475,0,3,7,53,93,36,52,20,0,263,9,25,54,127,48,42,39,4,0,354
LGA18500,0,0,3,4,0,0,3,0,0,13,0,0,0,0,0,3,4,0,0,6,0,0,0,3,0,0,0,0,0,8,0,0,3,31,12,3,24,3,3,68,5,21,55,326,151,129,93,43,13,832,0,0,0,13,3,0,3,3,0,31,0,0,0,0,3,0,0,0,0,6,0,0,8,8,8,0,0,0,3,37,0,10,18,95,38,24,9,0,0,196,0,0,4,29,8,16,28,23,36,139,0,3,3,51,14,16,19,14,5,122,8,43,15,38,13,18,8,3,0,147,3,9,60,308,179,227,152,86,25,1049,0,0,0,0,6,11,5,0,0,22,0,0,0,17,11,8,3,3,0,38,3,0,0,16,9,3,0,0,0,38,0,3,5,56,9,8,5,0,0,88,0,0,0,4,0,0,0,0,0,6,0,0,0,14,11,0,3,3,0,28,23,60,50,167,69,33,37,9,7,446
LGA18710,0,0,0,0,0,0,0,0,0,0,0,0,0,0,0,0,0,0,0,0,0,0,0,0,0,0,0,0,0,0,0,0,0,5,3,11,11,3,0,32,3,3,13,27,24,17,12,8,0,106,0,0,0,0,0,0,0,0,0,6,0,0,0,0,0,0,0,0,0,0,0,0,0,9,13,3,0,0,0,18,0,0,0,3,3,3,3,0,0,19,0,0,0,0,0,4,0,0,0,3,0,0,0,4,4,9,5,0,0,30,0,0,0,0,0,0,0,0,0,7,0,0,0,3,3,4,3,0,0,20,0,0,0,0,0,0,0,0,0,3,0,0,0,0,0,0,0,0,0,0,0,0,0,0,0,0,0,0,0,0,0,0,4,3,3,0,0,0,0,7,0,0,0,0,0,0,0,0,0,0,0,0,0,0,0,0,0,0,0,0,0,6,4,18,5,9,4,0,0,41
LGA19399,0,0,0,0,0,0,0,0,0,0,0,0,0,0,0,0,0,0,0,0,0,0,0,0,0,0,0,0,0,0,0,0,0,0,0,0,0,0,0,0,0,0,0,4,3,0,3,0,3,11,0,0,0,0,0,0,0,0,0,0,0,0,0,0,0,0,0,0,0,0,0,0,0,0,0,0,0,0,0,3,0,0,0,0,0,0,0,0,0,0,0,0,0,0,0,0,0,0,0,0,0,0,0,0,0,0,0,0,0,0,0,0,0,0,0,0,0,0,0,0,0,0,0,0,0,0,0,0,0,0,0,0,0,0,0,0,0,0,0,0,0,0,0,0,0,0,0,0,0,0,0,0,0,0,0,0,0,0,0,0,0,0,0,0,0,0,0,0,0,0,0,0,0,0,0,0,0,0,0,0,0,0,0,0,0,0,0,0,0,0,0,0,0,0,0,0,0,0,0,0
LGA19499,0,0,0,0,0,0,0,0,0,3,0,0,0,3,0,0,0,0,0,3,0,0,10,4,0,0,0,0,0,14,0,0,3,5,0,4,6,0,0,18,4,6,9,44,23,28,24,0,0,136,0,0,3,3,0,0,0,0,0,4,0,3,0,7,0,0,0,0,0,8,0,0,0,4,0,3,0,0,0,10,0,0,4,24,5,11,0,3,0,52,0,0,3,4,0,0,0,0,0,10,0,0,3,7,0,5,3,3,0,25,0,0,0,3,3,0,0,0,0,9,3,3,0,14,0,6,9,0,0,31,0,0,0,0,0,0,0,0,0,0,0,0,0,3,0,0,0,0,0,3,0,0,5,27,0,0,0,0,0,38,0,0,10,13,0,0,0,0,0,24,0,0,0,3,0,0,0,0,0,4,0,0,0,3,0,0,0,0,0,3,0,5,9,13,5,6,0,0,0,37
LGA19799,0,0,0,0,0,0,0,0,0,0,0,0,0,0,0,0,0,0,0,0,0,0,0,0,0,0,0,0,0,0,0,0,0,0,0,0,3,0,0,3,0,0,0,0,0,0,6,0,0,8,0,0,0,0,0,0,0,0,0,0,0,0,0,0,0,0,0,0,0,0,0,0,0,0,0,0,0,0,0,0,0,0,0,0,0,0,0,0,0,0,0,0,0,0,0,0,0,0,0,0,0,0,0,0,0,0,0,0,0,0,0,0,0,0,0,0,0,0,0,0,0,0,0,0,0,0,0,0,0,0,0,0,0,0,0,0,0,0,0,0,0,0,0,0,0,0,0,0,0,0,0,0,0,0,0,0,0,0,0,0,0,0,0,0,0,0,0,0,0,0,0,0,0,0,0,0,3,0,0,3,0,0,0,0,0,0,0,0,0,0,0,0,0,0,0,0,0,0,0,0
