LGA_CODE_2016,Aust_BP_B_OS,Aust_FO_B_OS,Aust_MO_B_OS,Aust_Both_parents_born_Aust,Aust_Birthplace_not_stated,Aust_Tot_Resp,Aust_Abor_BP_B_OS,Aust_Abor_FO_B_OS,Aust_Abor_MO_B_OS,Aust_Abor_BP_B_Aus,Aust_Abor_BP_NS,Aust_Abor_Tot_Resp,Chinese_BP_B_OS,Chinese_FO_B_OS,Chinese_MO_B_OS,Chinese_BP_B_Aus,Chinese_BP_NS,Chinese_Tot_Resp,Croatian_BP_B_OS,Croatian_FO_B_OS,Croatian_MO_B_OS,Croatian_BP_B_Aus,Croatian_BP_NS,Croatian_Tot_Resp,Dutch_BP_B_OS,Dutch_FO_B_OS,Dutch_MO_B_OS,Dutch_BP_B_Aus,Dutch_BP_NS,Dutch_Tot_Resp,English_BP_B_OS,English_FO_B_OS,English_MO_B_OS,English_BP_B_Aus,English_BP_NS,English_Tot_Resp,Filipino_BP_B_OS,Filipino_FO_B_OS,Filipino_MO_B_OS,Filipino_BP_B_Aus,Filipino_BP_NS,Filipino_Tot_Resp,French_BP_B_OS,French_FO_B_OS,French_MO_B_OS,French_BP_B_Aus,French_BP_NS,French_Tot_Resp,German_BP_B_OS,German_FO_B_OS,German_MO_B_OS,German_BP_B_Aus,German_BP_NS,German_Tot_Resp,Greek_BP_B_OS,Greek_FO_B_OS,Greek_MO_B_OS,Greek_BP_B_Aus,Greek_BP_NS,Greek_Tot_Resp,Hungarian_BP_B_OS,Hungarian_FO_B_OS,Hungarian_MO_B_OS,Hungarian_BP_B_Aus,Hungarian_BP_NS,Hungarian_Tot_Resp,Indian_BP_B_OS,Indian_FO_B_OS,Indian_MO_B_OS,Indian_BP_B_Aus,Indian_BP_NS,Indian_Tot_Resp,Irish_BP_B_OS,Irish_FO_B_OS,Irish_MO_B_OS,Irish_BP_B_Aus,Irish_BP_NS,Irish_Tot_Resp,Italian_BP_B_OS,Italian_FO_B_OS,Italian_MO_B_OS,Italian_BP_B_Aus,Italian_BP_NS,Italian_Tot_Resp,Korean_BP_B_OS,Korean_FO_B_OS,Korean_MO_B_OS,Korean_BP_B_Aus,Korean_BP_NS,Korean_Tot_Resp,Lebanese_BP_B_OS,Lebanese_FO_B_OS,Lebanese_MO_B_OS,Lebanese_BP_B_Aus,Lebanese_BP_NS,Lebanese_Tot_Resp,Macedonian_BP_B_OS,Macdonian_FO_B_OS,Macdonian_MO_B_OS,Macdonian_BP_B_Aus,Macdonian_BP_NS,Macedonian_Tot_Resp,Maltese_BP_B_OS,Maltese_FO_B_OS,Maltese_MO_B_OS,Maltese_BP_B_Aus,Maltese_BP_NS,Maltese_Tot_Resp,Maori_BP_B_OS,Maori_FO_B_OS,Maori_MO_B_OS,Maori_BP_B_Aus,Maori_BP_NS,Maori_Tot_Resp,NZ_BP_B_OS,NZ_FO_B_OS,NZ_MO_B_OS,NZ_BP_B_Aus,NZ_BP_NS,NZ_Tot_Resp,Polish_BP_B_OS,Polish_FO_B_OS,Polish_MO_B_OS,Polish_BP_B_Aus,Polish_BP_NS,Polish_Tot_Resp,Russian_BP_B_OS,Russian_FO_B_OS,Russian_MO_B_OS,Russian_BP_B_Aus,Russian_BP_NS,Russian_Tot_Resp,Scottish_BP_B_OS,Scottish_FO_B_OS,Scottish_MO_B_OS,Scottish_BP_B_Aus,Scottish_BP_NS,Scottish_Tot_Resp,Serbian_BP_B_OS,Serbian_FO_B_OS,Serbian_MO_B_OS,Serbian_BP_B_Aus,Serbian_BP_NS,Serbian_Tot_Resp,Sth_African_BP_B_OS,Sth_African_FO_B_OS,Sth_African_MO_B_OS,Sth_Afrcan_BP_B_Aus,Sth_African_BP_NS,Sth_African_Tot_Resp,Spanish_BP_B_OS,Spanish_FO_B_OS,Spanish_MO_B_OS,Spanish_BP_B_Aus,Spanish_BP_NS,Spanish_Tot_Resp,Sri_Lankan_BP_B_OS,Sri_Lankan_FO_B_OS,Sri_Lankan_MO_B_OS,Sri_Lankan_BP_B_Aus,Sri_Lankan_BP_NS,Sri_Lankan_Tot_Resp,Turkish_BP_B_OS,Turkish_FO_B_OS,Turkish_MO_B_OS,Turkish_BP_B_Aus,Turkish_BP_NS,Turkish_Tot_Resp,Vietnamese_BP_B_OS,Vietnamese_FO_B_OS,Vietnamese_MO_B_OS,Vietnamese_BP_B_Aus,Vietnamese_BP_NS,Vietnamese_Tot_Resp,Welsh_BP_B_OS,Welsh_FO_B_OS,Welsh_MO_B_OS,Welsh_BP_B_Aus,Welsh_BP_NS,Welsh_Tot_Resp,Other_BP_B_OS,Other_FO_B_OS,Other_MO_B_OS,Other_BP_B_Aus,Other_BP_NS,Other_Tot_Resp,Ancestry_NS_BP_B_OS,Ancestry_NS_FO_B_OS,Ancestry_NS_MO_B_OS,Ancestry_NS_BP_B_Aus,Ancestry_NS_BP_NS,Ancestry_NS_Tot_Resp,Tot_P_BP_B_OS,Tot_P_FO_B_OS,Tot_P_MO_B_OS,Tot_P_BP_B_Aus,Tot_P_BP_NS,Tot_P_Tot_Resp
LGA10050,218,1322,922,17211,283,19963,0,7,3,160,4,177,248,12,27,90,3,382,95,24,15,41,0,178,363,105,76,305,11,855,1791,1312,851,15890,326,20164,257,9,46,14,5,332,45,11,13,120,8,197,454,213,145,3009,53,3882,125,46,19,134,3,319,77,16,9,40,3,144,615,29,25,10,5,677,358,348,220,6121,92,7137,245,116,45,717,13,1137,28,0,5,0,0,34,45,18,11,67,3,144,7,3,3,3,0,19,32,17,3,61,0,114,105,19,14,24,0,158,107,83,53,46,3,295,141,31,18,100,0,291,46,10,10,24,0,94,471,316,222,4612,75,5702,68,0,0,23,0,97,57,11,12,5,0,89,82,9,4,72,3,170,95,8,7,3,0,113,3,5,0,0,0,10,48,3,5,0,3,59,69,35,12,144,13,271,1934,239,173,522,33,2901,123,25,15,458,3276,3889,6989,2586,1734,35769,3993,51076
LGA10130,112,786,615,10666,190,12375,4,5,3,346,3,366,445,15,21,76,0,566,4,5,0,6,0,20,121,55,32,119,7,325,1085,730,541,9157,195,11701,149,3,19,3,3,178,52,23,7,62,0,136,204,75,63,1037,12,1384,37,7,3,46,0,95,37,10,0,13,0,55,196,4,4,11,0,219,247,173,132,3374,47,3975,62,40,28,234,4,368,15,0,0,0,0,22,13,11,8,44,0,70,0,3,0,0,0,3,6,6,4,19,0,40,49,12,19,15,3,96,63,29,31,30,0,158,40,10,10,40,0,91,30,4,0,28,0,71,336,196,149,2677,48,3411,10,0,0,3,0,16,50,7,7,3,0,67,33,3,3,28,0,70,58,0,3,0,0,60,3,0,4,0,0,13,58,4,0,0,0,61,50,21,15,95,0,182,1493,174,169,268,9,2113,35,5,4,266,1976,2288,4205,1386,1082,20370,2404,29449
LGA10250,146,1457,1081,13791,300,16767,3,7,3,240,8,256,152,24,25,88,4,300,37,8,6,12,0,70,311,85,58,125,3,586,2386,1379,995,13270,308,18330,104,0,40,12,0,157,95,28,16,140,0,276,321,113,86,1286,19,1834,49,19,8,96,0,180,53,16,7,21,0,97,148,22,7,31,0,212,501,364,251,4873,94,6092,288,148,51,714,16,1207,24,0,3,0,0,30,14,17,0,29,0,56,5,0,0,4,0,14,60,14,10,41,0,129,59,24,22,16,3,119,170,75,65,33,5,352,82,17,17,47,0,173,29,17,3,29,0,77,604,382,268,3720,94,5072,17,3,0,5,0,25,106,20,9,14,0,151,69,4,0,36,3,117,16,6,0,9,0,29,16,3,0,4,0,22,36,0,8,0,0,43,111,30,16,139,3,294,934,297,227,457,21,1933,39,23,15,331,2734,3139,5454,2684,1908,28331,3398,41790
LGA10300,8,28,20,875,21,947,0,0,0,37,0,37,7,0,0,3,0,9,0,0,0,0,0,0,3,0,0,8,0,8,29,31,30,656,4,752,3,0,0,0,0,4,0,0,0,3,0,3,0,3,0,69,3,79,0,0,0,3,0,6,0,0,0,0,0,0,4,0,0,3,0,6,7,7,13,265,7,303,94,17,10,138,7,269,3,0,0,0,0,3,7,0,0,0,0,7,0,0,0,0,0,0,0,4,0,7,0,6,3,4,0,0,0,4,4,0,0,0,0,4,0,0,0,3,0,4,0,0,0,3,0,3,8,4,5,157,0,178,0,0,0,0,0,0,0,0,0,0,0,0,0,0,0,0,0,3,0,0,0,0,0,0,4,0,0,0,0,4,0,0,0,0,0,0,0,0,0,4,0,4,62,8,8,20,0,95,3,0,0,25,225,251,220,70,63,1674,261,2287
LGA10470,149,1103,825,15510,278,17872,0,11,7,266,5,291,215,11,30,124,5,375,38,10,12,17,0,76,203,86,48,216,0,552,1441,996,798,13238,299,16769,137,6,53,17,8,218,49,9,14,141,0,218,230,104,71,1029,22,1456,38,17,8,83,5,147,40,8,3,17,0,70,232,14,10,3,0,251,340,270,184,5404,85,6285,144,120,41,446,3,756,19,0,6,0,0,26,64,26,6,43,9,148,9,3,3,5,0,14,53,14,20,91,0,183,65,28,11,15,0,120,108,66,37,56,0,267,78,22,11,64,0,179,27,10,12,19,0,68,436,256,211,3311,59,4264,22,6,4,15,0,44,63,17,17,10,0,103,45,5,0,23,0,76,46,3,3,12,0,66,4,0,0,0,0,9,55,0,3,0,0,65,68,39,12,115,3,232,908,198,142,369,8,1631,65,16,16,378,3429,3909,4354,2001,1536,29375,4036,41300
LGA10550,110,1089,816,11674,290,13982,0,7,0,119,6,132,106,9,26,50,4,198,34,8,3,6,0,55,347,104,59,137,8,648,2171,1067,764,10176,253,14430,105,0,28,6,8,147,58,17,4,72,9,171,407,98,99,1041,23,1667,50,10,5,29,0,91,55,13,7,22,0,94,55,3,0,12,0,70,361,232,138,3348,72,4152,152,72,35,285,7,543,17,0,0,3,0,19,11,0,0,24,0,30,5,3,0,3,0,11,61,23,6,38,0,129,47,10,3,13,0,80,74,33,21,21,3,156,84,19,9,61,3,176,44,10,3,25,0,76,491,281,185,2715,58,3729,6,0,3,3,0,14,56,10,8,9,0,83,34,3,0,26,6,71,6,0,0,4,0,10,5,0,0,0,0,6,27,0,0,0,0,30,98,26,12,94,0,223,717,162,126,358,22,1386,40,9,14,320,2239,2632,4723,1983,1417,22271,2856,33253
LGA10600,37,504,322,4350,105,5318,0,6,3,65,0,73,19,11,0,18,3,51,11,0,0,11,0,20,127,30,23,38,0,216,878,465,325,3810,106,5588,15,0,10,5,0,26,36,13,5,47,3,105,156,29,45,379,10,619,10,12,0,20,3,47,23,4,3,18,0,49,22,4,0,3,0,29,154,120,66,1380,24,1741,34,32,9,125,7,202,3,0,0,0,0,3,3,3,0,5,0,18,4,0,0,0,0,4,3,5,0,22,0,27,16,4,6,8,0,34,37,21,17,21,0,90,32,9,3,19,3,66,16,4,3,12,0,37,203,122,102,1101,18,1547,0,0,4,0,0,5,19,3,8,3,0,28,17,4,6,15,0,40,0,0,0,0,0,0,5,0,0,0,0,3,8,0,3,0,0,11,46,14,7,41,0,110,298,107,64,140,13,620,25,12,0,121,710,871,1758,914,610,8448,941,12668
LGA10650,22,203,149,3051,72,3497,0,0,0,5,0,8,35,3,4,9,0,53,0,0,0,0,0,4,54,5,14,25,4,112,264,183,130,2748,78,3409,30,0,6,0,3,44,13,4,0,19,0,33,53,17,9,232,5,311,3,3,0,5,0,15,3,3,0,3,0,13,24,0,0,3,0,26,68,32,32,949,17,1090,32,23,5,112,5,186,3,0,0,0,0,3,0,0,0,7,0,7,0,0,0,0,0,0,3,5,0,8,0,25,9,0,0,5,0,19,22,14,10,7,0,53,11,9,3,3,0,22,4,0,0,0,0,4,100,60,41,730,10,945,3,0,0,0,0,3,14,0,0,0,0,16,3,0,0,0,0,3,9,3,0,3,0,15,0,0,0,0,0,0,0,0,0,0,0,6,7,8,0,20,0,39,125,19,14,86,6,248,14,3,0,158,732,909,774,374,260,6158,893,8462
LGA10750,6227,9191,6172,53848,1234,76673,22,142,49,1161,27,1400,12759,222,417,396,92,13894,1913,225,138,450,28,2754,1328,386,249,664,25,2655,15640,6696,4536,41633,1202,69707,27911,486,1126,170,237,29931,745,92,63,330,13,1247,2763,663,423,3255,105,7206,1896,414,231,936,45,3511,863,136,53,193,9,1254,37211,292,208,136,224,38064,3043,1563,1095,13201,223,19114,3750,1172,512,3114,92,8644,1951,8,34,17,7,2012,3381,769,336,709,40,5241,318,57,22,56,3,456,4571,917,492,2396,79,8457,2767,325,250,138,76,3551,1392,444,284,209,37,2371,1817,205,164,431,19,2633,756,61,54,166,18,1055,3200,1379,1079,9125,174,14958,981,76,45,78,10,1197,1126,132,115,54,12,1434,3065,128,77,138,30,3437,3795,68,53,45,18,3971,2125,225,146,145,13,2660,1280,40,83,19,5,1421,310,106,65,393,9,884,64975,3356,2206,2490,718,73744,2770,154,158,1064,15759,19902,189424,17999,12419,97472,19651,336962
LGA10800,10,114,64,2426,62,2673,0,0,0,17,0,17,23,0,3,9,0,33,3,0,0,0,0,3,17,0,3,14,0,35,138,92,75,2025,54,2380,14,3,0,0,0,23,0,0,0,11,0,14,16,8,12,279,4,313,3,0,0,13,0,18,0,3,0,0,0,6,12,0,0,0,0,12,22,23,12,591,6,643,4,7,0,17,0,32,0,0,0,0,0,0,0,0,0,0,0,3,0,0,0,0,0,0,0,6,0,4,0,16,11,0,0,0,0,17,9,4,0,3,0,15,3,0,0,0,0,7,4,0,0,0,0,8,33,22,24,532,6,623,5,0,0,0,0,7,12,0,0,0,0,17,0,0,0,0,0,0,4,0,0,0,0,4,0,0,0,0,0,0,3,0,0,0,0,5,3,0,0,9,0,12,91,15,7,18,11,143,0,0,3,101,621,726,361,179,120,4549,745,5955
LGA10850,13,181,114,3085,64,3449,0,0,0,25,0,25,20,5,0,14,0,34,0,0,0,3,0,7,37,15,16,31,3,103,238,163,130,2436,61,3032,9,0,0,0,0,9,8,3,0,20,0,34,39,16,10,172,0,237,3,4,0,7,0,19,3,4,0,4,0,15,3,0,0,3,0,10,52,46,21,927,10,1063,18,4,5,69,3,98,0,0,0,0,0,0,7,0,0,0,0,14,0,0,0,0,0,0,9,3,0,13,0,24,4,7,0,0,0,8,21,15,4,5,0,51,13,4,0,8,0,26,0,0,0,6,0,4,69,52,39,556,14,725,4,0,0,0,0,4,3,0,3,4,0,9,3,0,0,3,0,10,0,4,0,4,0,6,0,0,0,0,0,0,3,0,0,0,0,3,9,3,4,22,0,38,73,33,12,56,0,163,4,0,3,87,441,536,533,327,222,5607,564,7257
LGA10900,401,3927,2622,22338,382,29668,0,24,13,220,5,261,630,69,109,192,21,1014,185,52,28,95,3,354,761,281,179,400,11,1630,6853,3817,2619,20759,403,34456,283,12,50,35,9,381,268,73,44,230,5,615,1115,407,276,1873,43,3716,290,93,49,230,0,662,296,55,33,84,4,465,293,47,33,36,4,411,1702,1135,692,8893,149,12568,680,275,114,870,27,1963,89,3,5,4,0,100,117,29,10,72,4,235,20,3,3,6,0,40,310,122,56,280,3,768,92,22,17,26,3,158,305,185,125,90,3,718,517,102,62,183,4,862,226,48,24,108,3,412,1778,994,652,6149,101,9665,56,19,6,17,0,102,172,39,37,16,0,267,270,32,18,78,3,400,59,18,14,10,0,101,30,6,8,3,0,40,145,9,10,9,0,172,300,106,76,372,8,862,3091,909,550,1068,46,5670,105,35,31,373,3305,3852,16671,7327,4839,43869,4198,76904
LGA10950,4,28,33,1280,19,1373,0,0,0,29,0,29,11,0,0,7,0,17,0,0,0,9,0,6,4,0,0,0,0,3,44,37,27,887,16,1008,4,0,3,0,0,10,5,0,0,3,0,3,3,6,3,60,0,73,3,0,0,0,0,3,0,0,0,4,0,3,14,0,0,0,0,11,20,11,4,281,4,320,0,0,0,12,0,13,0,0,0,0,0,0,0,0,0,0,0,3,0,0,0,0,0,0,3,0,0,4,0,13,0,6,0,0,0,12,4,6,7,0,0,10,3,0,0,11,0,14,0,0,0,0,0,3,16,7,7,170,0,195,0,0,0,0,0,0,7,0,0,0,0,7,0,0,0,0,0,3,0,0,0,0,0,0,0,0,0,0,0,0,4,0,0,0,0,4,0,0,0,4,0,3,46,4,4,6,0,61,0,0,0,34,274,314,144,60,50,2119,312,2692
LGA11100,678,1211,933,5653,112,8588,7,12,0,148,3,171,6152,71,102,100,55,6469,348,38,30,78,3,496,148,28,30,53,3,257,2479,889,634,4495,137,8627,1280,25,100,15,7,1428,211,29,13,47,0,294,342,90,58,393,12,897,1729,262,144,594,32,2766,174,19,4,11,0,210,1172,14,19,11,12,1222,1062,310,221,2160,43,3799,1022,198,85,475,25,1809,240,0,13,4,0,257,343,38,39,87,3,505,110,7,5,21,0,141,389,87,39,142,11,668,254,50,20,18,3,348,288,68,41,30,3,433,252,37,21,30,3,345,389,12,22,25,4,454,596,197,139,1136,38,2105,240,12,10,22,7,290,177,23,18,8,3,231,658,19,23,35,6,745,88,3,3,7,3,100,668,69,28,43,3,819,334,0,13,3,4,350,67,24,18,66,0,177,9457,457,379,379,84,10749,318,29,17,113,2889,3359,27352,2594,1886,11430,3391,46654
LGA11150,4,56,25,1158,48,1286,0,0,0,136,13,152,4,0,0,13,0,13,0,0,0,0,0,0,7,0,0,7,0,15,35,37,15,614,30,722,3,0,0,0,0,4,0,0,0,3,0,3,3,3,3,48,0,58,0,0,0,3,0,5,0,0,0,0,0,0,3,0,0,0,0,3,8,8,8,209,3,233,6,3,0,5,0,11,0,0,0,0,0,0,3,0,0,0,0,5,0,0,0,0,0,0,0,3,0,3,0,9,0,0,0,0,0,0,0,0,0,0,0,3,0,0,0,0,0,3,0,0,0,0,0,0,17,8,3,110,6,138,0,0,0,0,0,0,0,0,0,0,0,0,0,0,0,0,0,0,0,0,0,0,0,0,0,0,0,0,0,0,0,0,0,0,0,0,3,0,0,0,0,8,37,9,8,13,4,79,7,0,0,28,482,521,127,79,38,1833,560,2634
LGA11200,4,13,8,544,18,591,0,7,0,525,5,536,0,0,0,12,0,7,0,0,0,0,0,0,0,0,0,0,0,3,14,14,11,300,11,351,0,0,0,0,0,0,0,0,0,0,0,0,5,3,0,39,0,46,0,0,0,0,0,0,0,0,0,0,0,0,8,0,0,0,0,6,3,3,3,121,0,135,0,0,0,0,0,0,0,0,0,0,0,0,0,0,0,0,0,0,0,0,0,0,0,0,0,0,0,3,0,6,0,0,0,0,0,0,0,0,0,0,0,3,0,0,0,0,0,0,0,0,0,0,0,0,4,8,3,83,0,90,0,0,0,0,0,0,0,0,0,0,0,0,0,0,0,0,0,0,0,0,0,0,0,0,0,0,0,0,0,0,0,0,0,0,0,0,0,0,0,0,0,0,12,8,3,11,0,38,0,0,0,27,139,172,41,35,16,1375,180,1651
LGA11250,31,375,216,7591,213,8424,0,3,0,153,6,168,24,4,0,20,0,47,32,3,4,27,0,65,30,17,14,21,0,81,282,319,173,5841,176,6782,103,0,33,8,7,149,9,4,3,44,0,58,62,36,19,710,24,849,20,9,0,40,5,74,3,0,0,3,0,7,64,0,0,17,0,77,52,57,33,1497,26,1667,125,75,22,330,12,557,7,0,0,0,0,5,3,3,6,17,0,29,0,0,0,0,0,3,65,36,23,112,3,236,14,7,3,5,0,27,18,12,8,5,0,40,11,0,4,32,0,49,0,7,0,9,0,14,86,60,45,1244,32,1476,8,0,0,0,0,12,11,0,4,0,0,17,14,0,0,12,0,27,10,0,4,0,0,17,0,0,0,0,0,3,7,0,3,0,0,9,16,8,3,46,0,67,198,63,26,152,6,444,22,3,3,250,1352,1638,1089,681,384,13796,1768,17708
LGA11300,340,596,404,2406,31,3781,0,11,4,35,0,49,11699,88,170,78,82,12117,304,12,16,49,0,380,49,17,14,27,0,105,1194,376,287,2055,47,3954,503,3,40,4,0,560,89,12,14,28,0,146,162,39,35,181,7,420,805,103,38,309,10,1278,64,6,8,15,0,100,1786,16,14,4,8,1834,452,181,90,1137,22,1888,1894,283,143,589,21,2929,1517,13,19,0,3,1558,1083,218,108,210,8,1630,48,6,5,15,0,69,87,14,12,44,0,167,40,12,4,3,0,60,88,20,23,10,0,140,172,23,12,38,0,251,178,10,12,22,0,217,222,103,61,610,11,1015,68,4,8,13,0,92,25,5,3,0,0,32,198,11,4,18,0,241,164,5,0,0,0,176,94,3,3,3,0,108,692,15,24,10,7,747,20,4,3,23,0,52,4390,190,185,156,43,4965,187,11,3,36,1745,1990,26566,1520,1097,5594,2025,36809
LGA11350,196,1416,1003,7900,201,10712,0,4,5,78,3,90,85,37,14,55,0,196,43,7,0,13,0,66,301,93,54,120,3,578,2793,1206,853,7316,208,12373,58,7,18,13,0,101,254,32,29,102,8,429,648,171,116,745,24,1701,86,41,10,77,3,213,55,19,4,20,7,106,105,9,18,20,5,152,671,363,235,3317,84,4663,384,113,55,333,16,895,24,3,0,0,0,29,22,16,3,29,0,68,10,9,0,0,0,18,40,13,9,27,3,89,51,26,11,3,3,98,180,71,40,23,6,317,159,36,19,62,3,278,90,22,9,24,0,156,647,296,221,2294,61,3527,12,4,4,0,0,18,104,16,19,11,3,146,136,21,12,29,3,200,20,8,5,5,0,40,12,9,0,3,0,30,18,3,3,6,0,34,108,34,20,98,5,268,1518,396,270,407,49,2640,64,24,11,220,3659,3985,6700,2617,1790,16301,4149,31556
LGA11400,9,291,270,5751,93,6418,0,0,0,32,0,35,26,0,0,15,0,44,17,3,0,4,0,21,58,26,17,48,0,152,424,269,230,4657,96,5674,30,0,4,8,0,44,6,12,3,39,0,58,66,25,18,333,13,455,3,4,0,3,0,11,12,0,0,0,0,14,20,3,0,3,0,23,73,72,44,1479,26,1697,53,11,9,135,0,209,3,0,0,0,0,3,0,0,0,11,0,16,0,0,0,0,0,0,15,9,3,35,0,61,28,9,5,7,0,52,39,22,16,4,0,83,14,8,9,24,0,54,11,3,5,14,0,27,96,71,57,1128,20,1362,0,0,3,0,0,4,26,5,3,0,0,38,7,0,0,3,0,14,0,0,0,0,0,3,0,0,0,0,0,0,3,0,0,0,0,4,14,5,4,40,3,66,143,43,37,77,4,298,16,7,3,174,781,985,989,532,434,10450,983,13386
LGA11450,642,3356,2187,22545,365,29094,0,20,8,218,3,253,1295,57,101,138,19,1606,483,95,59,277,6,921,390,149,96,263,7,905,4565,2763,1966,17520,299,27110,686,69,101,33,10,902,184,46,20,165,4,413,657,259,180,1447,25,2564,389,138,85,397,7,1018,166,56,12,74,4,309,1483,70,23,38,8,1620,1157,608,435,5682,66,7948,1930,779,285,2317,61,5374,57,0,11,3,0,75,620,173,70,223,11,1094,177,39,30,68,3,318,862,255,145,893,8,2169,232,33,40,30,0,337,307,139,109,87,0,643,391,79,78,196,10,760,173,19,18,56,3,272,1174,666,485,4044,62,6434,391,72,28,108,3,605,277,43,48,20,5,389,417,55,28,92,3,590,130,9,12,11,0,160,113,33,10,32,0,186,293,26,16,11,0,347,162,68,41,144,3,415,6060,954,549,960,67,8591,200,47,30,350,3343,3973,21791,6607,4257,41388,4177,78218
LGA11500,2671,5115,3579,32590,794,44739,20,79,38,822,25,972,4356,94,176,222,45,4891,747,95,79,165,7,1093,603,239,96,323,14,1268,8474,3966,2760,26038,768,42004,5067,129,400,52,43,5692,504,57,35,210,15,825,1586,406,261,2094,46,4397,880,220,130,450,34,1716,345,53,35,86,0,519,8281,122,69,47,69,8588,1863,945,586,8517,170,12077,1699,558,269,1644,65,4241,213,3,25,9,0,254,2260,523,230,390,46,3454,378,53,33,64,4,526,673,231,142,588,29,1662,1300,174,119,96,34,1724,799,260,171,149,3,1380,938,95,83,229,7,1346,395,52,34,82,9,571,2080,934,668,5967,136,9792,445,70,30,67,7,612,742,88,75,46,4,956,1518,87,78,105,24,1810,522,11,20,11,3,565,234,60,26,58,0,371,1276,46,59,17,19,1412,275,77,56,231,7,640,29748,1946,1287,1462,434,34877,1167,109,91,640,8077,10087,70098,10028,6971,59591,10314,157006
LGA11520,734,2391,1674,10510,131,15446,3,6,3,71,7,89,13928,246,334,316,86,14911,477,66,41,176,3,752,282,84,44,125,8,542,4424,1857,1300,9569,193,17340,834,37,99,34,4,1007,306,39,27,122,0,495,652,160,108,830,16,1765,1875,300,164,920,20,3277,216,40,25,48,3,328,2892,72,68,42,12,3087,1580,704,425,5205,73,7988,7658,1331,688,3225,125,13028,3695,15,27,15,13,3771,1065,253,126,428,11,1875,131,32,10,37,0,216,373,84,63,216,0,743,152,32,17,9,4,209,359,130,69,32,0,585,421,50,68,133,3,669,343,43,28,65,0,479,1114,466,351,2944,43,4915,258,28,30,50,3,363,232,54,36,20,3,341,625,48,52,89,9,822,380,24,16,13,3,440,399,33,17,24,0,477,760,17,49,23,6,863,163,36,38,167,3,402,7206,706,685,774,62,9436,253,26,27,139,4789,5240,48073,5722,3999,24744,5484,88015
LGA11570,8172,7336,4395,28312,975,49187,23,71,31,447,6,571,37510,323,570,445,436,39284,1211,132,79,272,17,1710,493,146,84,233,12,965,11867,4335,2697,22750,795,42442,4838,116,417,45,66,5482,722,69,42,221,18,1074,1691,356,208,1814,67,4136,15017,1812,977,4617,317,22740,550,89,43,98,14,791,8253,145,106,67,53,8623,2099,1173,758,9684,164,13873,8039,1589,719,3656,154,14167,4213,19,71,14,24,4338,37278,6559,2774,5179,566,52357,3299,409,167,499,35,4410,1054,231,142,473,22,1928,1393,133,128,48,35,1735,886,239,135,103,21,1386,1252,141,83,229,22,1729,624,50,43,86,8,807,1903,932,613,5697,124,9271,696,41,47,70,4,865,376,55,59,24,7,519,1736,99,93,153,18,2096,567,25,27,20,3,647,1492,164,64,140,20,1886,24302,150,350,157,239,25195,207,82,51,273,4,621,66993,3888,2360,2661,747,76645,3405,327,180,747,17916,22568,227699,20839,12162,63426,22186,346302
LGA11600,9,54,41,1117,19,1239,0,0,0,16,0,24,21,0,0,4,0,26,0,0,0,3,0,3,13,3,3,4,0,23,58,53,41,828,21,994,11,0,0,0,0,11,5,0,0,5,0,7,12,5,3,62,0,86,0,0,0,3,0,3,0,0,0,0,0,0,31,3,0,0,0,31,17,20,7,273,3,324,16,8,3,23,0,58,25,0,4,0,0,22,0,0,0,6,0,10,0,0,0,0,0,0,3,0,0,0,0,7,6,0,0,0,0,11,8,0,3,0,0,13,3,0,0,3,0,5,3,0,0,0,0,3,19,11,12,259,5,305,0,0,0,0,0,0,20,0,0,0,0,20,0,0,0,0,0,3,0,0,0,0,0,0,3,0,0,0,0,3,0,0,0,0,0,0,0,0,0,3,0,3,63,8,5,21,0,100,9,0,5,27,208,252,322,99,77,1979,248,2719
LGA11650,1684,13931,9672,109393,2463,137137,6,81,39,1275,32,1433,2920,203,256,743,42,4166,523,152,79,274,9,1039,2099,658,396,1289,43,4491,24285,12726,8978,94025,2368,142375,1778,106,456,89,38,2460,789,169,129,896,28,2011,2605,951,604,6834,165,11162,1029,331,136,846,15,2357,486,129,55,175,8,854,1861,135,94,149,6,2257,5234,3057,1916,31464,579,42252,2717,1141,406,3859,112,8240,695,11,38,17,3,762,410,168,63,263,6,911,83,24,7,33,0,151,1401,411,210,1210,46,3279,1103,330,221,226,22,1896,1483,803,521,438,27,3270,928,225,141,449,20,1764,697,94,96,206,6,1100,5767,3105,2118,22431,479,33906,258,36,15,83,5,397,1014,187,140,92,11,1441,1069,101,70,377,9,1628,211,44,29,33,4,318,169,40,21,29,0,263,336,13,45,18,3,410,952,276,191,1049,21,2495,10129,2613,1771,3444,200,18158,575,189,147,2249,16527,19680,60471,24662,16940,203827,21832,327736
LGA11700,0,20,26,553,11,609,0,4,0,412,41,453,3,0,0,0,0,5,0,0,0,0,0,0,3,0,0,3,0,3,20,24,13,356,14,430,0,0,3,0,0,3,0,0,0,0,0,0,9,0,0,36,0,46,0,0,0,3,0,3,0,0,0,0,0,0,0,0,0,0,0,4,3,10,0,90,0,104,3,8,0,3,0,15,0,0,0,0,0,0,0,0,0,0,0,0,0,0,0,0,0,0,4,3,0,3,0,10,0,0,0,0,0,0,3,0,0,0,0,7,0,0,0,0,0,3,0,0,0,0,0,0,8,8,3,98,0,118,0,0,0,0,0,0,0,0,0,0,0,0,0,0,0,0,0,0,0,0,0,0,0,0,0,0,0,0,0,0,0,0,0,0,0,0,0,0,0,5,0,6,26,4,8,18,4,60,7,3,0,31,278,320,82,51,33,1316,353,1833
LGA11720,153,1542,1057,22981,503,26224,0,8,4,289,7,310,118,7,13,79,8,222,27,8,3,23,0,60,162,65,61,164,0,457,1825,1383,951,19187,448,23795,172,15,64,16,8,274,42,9,9,106,7,173,297,130,98,1654,37,2212,34,29,0,91,3,151,37,5,6,25,0,80,115,10,6,12,3,154,343,267,138,4541,100,5387,117,74,15,436,16,661,15,0,0,0,0,19,21,4,8,31,0,65,3,9,0,11,4,31,51,18,13,70,12,161,112,31,20,31,3,202,146,77,64,63,5,343,148,42,21,150,7,365,26,8,5,35,0,72,615,450,312,4821,87,6287,9,0,0,9,0,15,66,17,6,29,0,113,49,10,0,73,3,132,5,0,0,0,0,9,6,0,0,0,0,13,15,0,4,0,0,20,74,43,22,308,9,451,746,192,117,454,27,1534,45,19,15,590,4390,5062,4441,2655,1773,41307,5387,55560
LGA11730,147,1318,940,19918,455,22776,0,16,7,532,5,557,142,18,11,93,4,264,12,3,0,8,0,32,321,91,55,151,3,613,2078,1209,940,16798,467,21499,136,3,49,3,9,198,69,15,12,117,5,215,305,113,69,1791,25,2300,35,22,5,59,3,123,28,7,6,6,0,50,115,9,7,37,0,167,384,274,166,5293,126,6247,112,82,13,416,7,633,5,0,7,3,0,14,9,3,0,17,0,21,3,3,0,0,0,8,52,14,4,62,0,138,54,23,8,15,6,110,94,61,56,50,7,263,69,32,10,27,5,145,27,5,4,22,0,61,508,358,252,4645,91,5861,6,3,0,3,0,11,45,8,13,13,0,78,38,3,7,34,5,82,19,0,0,5,0,27,9,0,0,0,0,11,25,0,0,0,0,26,83,27,16,139,3,272,681,195,156,469,24,1527,35,27,15,652,3458,4184,4523,2370,1678,37670,4421,50671
LGA11750,9,103,91,2133,63,2396,0,0,0,97,3,104,22,0,3,10,0,32,3,0,6,3,0,10,22,5,4,12,0,38,94,66,62,1167,39,1431,16,0,4,0,0,19,6,0,0,6,0,15,24,6,7,111,4,151,4,0,3,14,0,15,5,0,0,0,0,5,23,3,0,4,0,25,50,10,19,421,6,507,11,3,3,46,0,62,0,0,0,0,0,0,0,0,0,3,0,3,0,0,0,0,0,0,0,3,0,0,0,3,21,0,5,0,0,25,10,8,3,5,0,27,7,3,4,4,0,18,3,0,7,0,0,10,33,19,20,280,5,355,0,0,0,0,0,0,17,0,0,0,0,21,0,0,0,7,0,7,8,0,0,0,0,8,0,0,0,0,0,0,3,0,0,0,0,3,3,0,5,10,0,16,116,15,17,30,3,179,7,0,4,62,497,573,400,152,146,3350,595,4647
LGA11800,371,2417,1740,24334,479,29343,0,25,4,412,12,453,385,45,54,154,5,645,68,21,6,32,0,129,485,162,84,274,6,1013,4200,2275,1612,21679,524,30300,276,10,78,21,10,394,159,22,21,197,3,403,668,212,151,2042,44,3116,91,57,10,129,0,280,107,19,13,40,0,176,1134,61,94,51,10,1346,894,521,350,7565,121,9459,431,172,73,905,22,1593,47,0,0,10,0,61,38,12,5,53,0,111,20,3,0,11,0,30,103,39,34,111,6,285,156,52,26,47,0,280,245,140,90,56,5,540,194,31,25,102,4,357,89,17,7,37,3,158,985,600,409,5779,93,7859,17,0,3,4,0,31,145,32,17,12,0,201,151,13,28,87,3,276,31,8,0,4,0,43,23,10,0,4,0,38,53,3,6,3,3,64,154,50,28,249,3,484,3118,452,368,772,62,4765,195,38,30,592,4822,5674,12333,4392,3175,47121,5918,72944
LGA12000,13,82,57,1759,44,1952,0,0,0,14,0,13,3,0,0,7,0,11,0,0,0,0,0,0,17,3,5,21,3,43,97,85,54,1387,37,1660,0,0,0,0,0,0,3,0,0,12,0,20,12,15,11,153,5,195,4,0,0,8,0,16,0,0,0,0,0,0,13,0,0,4,0,14,19,15,9,572,15,625,7,0,4,31,0,46,0,0,0,0,0,0,3,0,0,5,0,5,0,0,0,0,0,0,3,0,0,0,0,3,4,0,0,0,0,4,8,3,0,8,0,18,3,0,0,3,0,12,0,0,0,3,0,3,30,27,14,418,7,499,0,0,0,0,0,0,0,0,0,0,0,0,0,0,0,5,0,7,0,0,0,0,0,0,0,0,0,0,0,0,0,0,0,0,0,0,4,0,0,12,0,18,44,14,3,38,0,96,0,4,0,47,407,462,218,158,104,3344,495,4315
LGA12150,7,35,38,1913,39,2039,0,0,0,51,3,53,3,0,0,15,0,19,0,0,0,0,0,0,3,3,4,7,0,21,31,33,31,1155,39,1291,3,0,0,0,0,3,0,0,0,11,0,11,11,3,0,96,0,114,7,0,0,0,0,12,0,0,0,0,0,0,17,0,0,0,0,17,10,13,5,333,11,375,7,4,0,20,0,34,0,0,0,0,0,0,3,0,0,0,0,4,0,0,0,0,0,0,0,0,0,0,0,3,8,0,0,0,0,8,3,4,4,0,0,10,5,0,0,0,0,7,0,0,0,0,0,3,14,3,12,253,3,286,0,0,0,0,0,0,0,0,0,0,0,0,0,0,0,0,0,0,4,0,0,0,0,10,0,0,0,0,0,0,3,0,0,0,0,3,0,0,0,14,0,11,16,9,0,16,0,43,0,3,4,62,568,630,133,70,64,2993,661,3918
LGA12350,27,256,199,5307,126,5918,0,3,0,142,0,148,43,0,5,20,0,68,17,3,3,4,3,29,62,11,8,22,3,111,361,244,185,4319,101,5213,24,0,0,0,0,25,13,3,0,32,0,47,83,37,19,296,9,446,21,7,0,24,0,62,15,0,0,7,0,21,23,0,0,0,0,27,65,57,32,1261,33,1449,35,19,11,70,4,144,3,0,3,0,0,4,3,3,0,7,0,16,0,0,0,0,0,0,27,5,10,32,0,71,17,0,4,10,0,29,17,5,23,17,0,59,23,3,3,15,0,35,12,0,0,0,0,9,92,68,52,957,15,1182,0,0,4,0,0,7,9,3,0,3,0,17,10,0,0,8,0,22,3,0,0,0,0,3,3,0,0,0,0,3,3,0,0,0,0,3,10,13,4,32,3,57,171,48,21,105,0,344,11,9,3,130,889,1041,989,475,355,9508,1124,12460
LGA12380,5615,3591,2199,13819,530,25760,6,24,13,161,7,217,26487,143,301,235,216,27386,1638,125,75,302,15,2152,281,68,40,115,3,503,7534,2090,1417,10799,413,22251,4860,86,211,27,58,5252,334,27,20,128,5,514,786,154,104,847,33,1916,1578,238,93,526,28,2469,225,39,8,33,3,302,17798,92,96,53,113,18147,1114,533,337,4225,82,6286,2937,560,267,1253,51,5064,5181,17,41,12,23,5273,19973,3978,1641,2743,324,28656,194,20,17,27,5,253,2230,295,172,663,40,3394,916,91,54,16,24,1107,464,103,68,61,16,711,691,71,42,122,12,927,630,32,25,85,14,792,926,426,261,2367,54,4032,452,42,11,45,3,551,192,23,16,14,5,248,1122,52,29,49,15,1265,2615,9,24,6,10,2665,6077,498,325,319,86,7304,4065,39,73,40,46,4261,98,36,24,127,9,293,52923,1615,1066,1043,549,57202,2501,166,103,359,10580,13717,157353,10516,6180,29031,12992,216079
LGA12700,12,216,145,3866,85,4324,0,0,0,25,0,24,9,0,3,12,0,24,3,0,0,4,0,8,32,13,11,23,0,85,259,221,153,3160,73,3872,9,3,0,3,0,16,7,3,0,8,0,21,47,22,9,362,9,452,3,0,0,3,0,4,3,0,0,6,0,13,0,0,0,0,0,3,53,28,29,864,28,1002,13,8,7,50,0,83,3,0,0,0,0,3,0,0,0,3,0,4,4,0,0,3,0,3,4,0,3,3,0,7,6,9,8,10,0,29,10,18,3,12,0,37,18,5,3,15,0,40,5,0,0,3,0,16,84,62,24,742,18,922,3,0,0,0,0,3,5,0,0,3,0,6,3,0,0,5,0,6,0,0,0,0,0,0,0,0,0,0,0,0,0,0,0,0,0,0,8,3,8,33,0,50,91,35,26,84,0,240,8,4,0,116,582,707,569,390,261,7012,744,8975
LGA12730,13,184,103,3716,90,4109,0,0,0,41,3,40,54,4,0,17,0,73,0,0,0,3,0,3,34,10,9,48,0,103,207,159,112,2753,72,3303,15,0,3,0,3,19,4,3,0,18,0,25,35,14,19,198,8,270,13,3,0,7,7,28,0,0,0,0,0,0,42,0,0,0,0,49,40,27,32,834,15,950,65,21,14,133,4,236,12,0,0,0,0,12,0,0,0,3,0,3,3,0,0,0,0,3,3,0,3,6,0,13,27,6,6,4,3,45,13,6,8,6,0,32,8,6,0,3,0,21,0,3,0,0,0,3,61,59,35,832,17,1004,0,0,0,0,0,0,28,3,0,3,0,31,3,0,0,0,0,7,13,0,0,0,0,13,4,0,0,0,0,4,0,0,0,0,0,0,13,8,4,7,0,35,115,22,6,47,4,197,7,3,0,100,777,884,709,315,219,6646,958,8851
LGA12750,134,1159,852,12425,358,14930,0,13,4,378,9,398,82,16,17,94,5,215,162,16,10,33,0,220,344,81,50,171,5,652,2626,1189,834,10969,288,15906,98,0,28,7,0,134,90,5,9,115,3,229,532,102,82,932,23,1673,101,24,0,61,0,191,85,15,5,18,0,122,85,4,9,4,0,106,472,285,173,3983,61,4978,259,92,35,322,10,721,13,0,0,4,0,13,24,12,0,11,0,50,14,3,3,7,0,29,102,29,9,42,4,193,50,17,17,30,3,107,112,34,44,45,6,231,144,16,12,55,7,225,58,10,3,26,0,96,675,298,238,2971,65,4242,36,4,0,7,5,46,52,17,6,9,0,83,58,5,9,34,5,112,18,3,0,5,0,25,9,8,0,0,0,18,45,3,0,0,0,52,121,40,16,131,3,312,874,173,97,361,24,1529,70,17,8,326,2520,2948,6143,2156,1537,24188,3202,37232
LGA12850,4423,2286,1533,9675,414,18326,3,29,11,183,10,237,25747,244,326,270,356,26945,2915,216,112,400,38,3677,236,41,25,64,4,363,6573,1317,920,7027,412,16255,2903,49,171,29,57,3217,381,19,25,54,9,493,1186,146,89,550,19,1992,1024,151,111,379,18,1686,315,33,17,23,4,387,1925,35,29,20,19,2025,628,346,196,2306,56,3530,7487,1232,527,2505,151,11914,156,4,3,4,0,170,4110,993,331,587,80,6107,1243,99,73,160,15,1595,1777,263,170,624,31,2879,717,85,42,19,15,879,355,56,52,25,14,504,926,98,33,116,21,1191,778,62,24,53,79,1004,755,285,205,1417,60,2722,3311,180,140,193,96,3918,61,8,9,7,3,90,2693,96,93,108,37,3030,169,15,5,3,0,199,1120,78,75,77,16,1373,37876,329,519,254,600,39581,60,15,13,70,7,169,59894,1616,1239,935,666,64348,2473,94,78,230,8113,10992,155710,6968,4758,20358,11026,198817
LGA12870,34,271,202,4755,102,5369,0,0,0,22,0,22,23,0,0,13,0,44,8,4,0,0,0,13,70,22,12,28,0,136,428,275,166,3967,120,4951,47,6,4,3,0,61,3,4,0,34,0,47,69,24,17,459,10,577,6,3,3,16,0,32,18,6,0,5,0,28,16,3,3,0,0,22,87,68,33,1400,28,1623,65,16,11,127,4,223,18,0,0,0,0,14,3,0,0,0,0,3,0,0,0,0,0,0,10,0,0,10,0,22,9,3,7,0,0,20,33,3,8,8,0,56,27,7,0,19,4,49,3,0,0,9,0,11,119,65,33,1180,31,1433,3,0,0,0,0,4,3,0,0,3,0,8,10,0,0,0,0,14,4,0,0,0,0,4,0,0,0,0,0,3,8,0,0,0,0,8,13,13,0,32,0,51,141,28,13,73,7,266,16,9,5,181,894,1105,1077,497,326,9241,1141,12277
LGA12900,18,164,132,4339,118,4766,0,3,0,62,0,65,23,0,0,16,0,49,5,5,0,3,0,12,20,12,6,35,3,75,159,134,103,3388,84,3871,27,3,6,4,0,38,5,0,0,34,0,40,17,14,14,289,9,338,7,11,0,14,0,28,3,0,0,3,0,5,32,3,0,3,0,35,40,36,17,1089,23,1203,31,15,0,62,0,112,0,0,0,0,0,0,3,0,0,5,0,6,7,0,0,0,0,4,9,0,4,0,0,9,3,9,0,7,0,18,12,3,5,5,0,22,9,3,0,12,0,31,3,3,0,4,0,8,48,41,27,651,13,771,0,0,0,0,0,0,9,0,0,0,0,10,3,0,0,12,0,10,0,0,0,0,0,4,0,0,0,0,0,0,6,0,0,0,0,6,4,4,5,15,0,23,72,14,17,67,0,178,3,0,3,140,746,897,473,274,202,7691,952,9587
LGA12930,1633,3097,2274,15385,303,22692,6,22,14,147,3,192,39343,321,578,372,255,40869,1432,153,96,384,30,2091,275,84,49,127,3,541,5452,2371,1664,14084,371,23943,2568,53,224,30,35,2910,296,58,37,184,8,578,780,208,140,1052,35,2214,6207,964,538,3055,87,10854,264,42,13,54,3,385,3257,55,69,27,28,3443,1237,685,493,6188,103,8705,3049,706,354,1806,62,5975,660,5,31,13,5,712,3359,621,297,662,46,4993,3045,303,223,610,25,4203,535,127,69,235,13,979,863,91,41,24,23,1036,501,150,99,54,7,818,426,53,43,82,3,598,503,28,23,42,0,598,1135,575,435,3850,68,6058,512,49,32,48,6,651,250,41,28,12,0,334,869,58,41,66,14,1055,228,16,8,13,0,264,240,37,20,25,0,325,1263,29,75,21,13,1397,143,72,22,163,3,407,18820,1140,959,1165,183,22271,674,61,71,253,5693,6744,91197,7658,5566,35299,7121,146841
LGA12950,4,75,51,2010,50,2181,0,0,0,76,7,85,6,0,0,5,0,17,0,0,0,0,0,0,14,0,0,6,0,25,65,73,37,1376,52,1606,6,3,9,0,3,22,0,0,3,10,0,19,16,8,3,143,6,170,4,0,0,0,0,9,3,0,0,0,0,3,14,0,0,0,0,18,11,11,8,404,7,445,7,0,0,18,0,22,0,0,0,0,0,0,3,0,0,0,0,8,0,0,0,0,0,0,0,0,0,4,0,6,11,5,3,0,0,23,3,0,5,0,0,6,3,0,3,3,0,8,0,0,0,0,0,3,19,20,10,306,5,360,0,0,0,0,0,0,3,3,0,0,0,6,0,0,0,3,0,4,0,0,0,0,0,0,0,0,0,0,0,0,0,0,0,0,0,0,0,0,0,3,0,9,18,3,7,38,4,78,3,0,0,65,278,358,202,135,84,3413,398,4236
LGA13010,18,166,138,3455,73,3848,0,0,6,53,0,60,23,0,0,19,0,42,0,0,0,0,0,0,53,9,9,12,0,82,281,167,137,2895,86,3562,21,0,8,0,0,32,6,3,0,12,4,29,43,29,6,391,3,471,7,3,0,3,0,13,5,0,0,0,0,11,30,3,0,0,0,29,51,39,32,880,20,1026,9,18,0,58,0,89,6,0,0,0,0,6,0,0,0,15,0,18,0,0,0,0,0,0,0,0,0,6,0,6,6,3,0,3,0,17,24,6,4,3,0,34,4,3,0,3,0,11,6,0,3,3,0,11,72,56,40,849,10,1029,0,0,0,0,0,0,6,0,0,0,0,7,0,3,0,6,0,13,0,0,0,0,0,0,0,0,0,0,0,0,0,0,0,0,0,0,25,3,3,30,0,62,121,26,16,52,5,228,6,0,3,112,952,1071,669,318,235,6506,1107,8836
LGA13310,95,761,601,10969,244,12672,0,3,0,96,4,111,153,5,8,68,3,231,35,9,3,20,3,64,144,34,25,81,6,296,1158,707,520,9503,257,12146,155,7,31,11,0,196,47,10,4,76,0,138,193,79,48,671,14,1005,88,31,13,95,0,226,38,13,8,21,0,74,143,3,3,12,0,162,255,187,113,3245,67,3873,161,59,23,222,8,464,64,0,0,3,0,72,45,12,4,12,0,69,22,4,0,4,0,30,55,15,9,59,0,144,51,12,10,5,0,89,60,30,23,23,0,133,65,16,6,40,0,126,25,3,6,12,3,52,295,195,121,2182,33,2838,9,0,0,3,0,19,20,12,17,3,0,54,45,4,4,19,3,70,19,0,4,3,0,23,8,0,0,0,0,12,7,0,0,3,0,7,48,18,18,102,0,183,763,133,89,212,13,1214,47,7,13,272,2380,2719,3567,1401,1001,20741,2900,29609
LGA13340,33,239,166,4203,82,4722,0,0,0,34,3,33,13,11,0,6,0,33,6,5,0,3,0,13,68,18,16,55,0,158,308,213,164,3157,63,3908,29,0,8,4,0,40,15,0,4,23,3,42,87,37,35,1016,17,1194,3,0,0,11,0,10,10,0,0,3,0,14,11,0,0,3,0,15,60,57,45,1078,16,1258,24,13,3,75,0,116,3,0,0,0,0,3,3,6,0,12,0,19,0,0,0,0,0,4,9,0,0,13,0,21,10,5,0,9,0,21,19,16,16,7,0,57,13,7,3,11,0,29,4,0,0,4,0,14,65,44,34,921,15,1071,3,0,0,3,0,6,4,0,0,0,0,10,8,3,0,9,0,16,5,0,0,0,0,5,0,0,0,0,0,0,3,0,3,0,0,9,13,0,0,24,0,39,131,35,29,94,3,287,11,9,6,131,596,747,778,423,335,8057,763,10351
LGA13450,268,568,302,6444,160,7734,4,0,3,150,8,162,288,3,8,41,6,351,7,0,0,7,0,7,62,24,20,51,0,158,677,444,287,5481,132,7019,218,0,22,0,4,247,29,0,4,28,0,70,113,50,29,597,14,803,12,6,5,24,0,47,3,3,0,4,0,5,942,15,3,13,3,971,101,84,71,1830,23,2116,2610,679,233,2808,92,6421,23,0,0,0,0,22,26,8,3,21,0,49,8,0,4,0,0,16,16,3,8,9,0,37,67,4,3,0,3,82,76,28,17,16,6,138,18,6,11,13,0,43,7,0,3,4,0,17,132,112,92,1370,29,1732,0,0,0,5,0,10,56,6,0,4,0,67,95,12,16,35,0,158,14,0,0,0,0,19,99,3,3,3,0,115,3,0,0,0,0,8,9,5,4,47,3,74,2027,155,63,112,69,2431,120,17,15,195,2166,2503,7256,1450,774,13548,2619,25641
LGA13510,28,216,149,4805,140,5337,0,0,0,18,8,27,36,0,5,22,3,66,0,0,0,0,0,0,43,12,0,19,0,73,300,192,128,3906,129,4656,33,0,4,0,0,40,14,0,0,24,0,34,37,21,16,328,5,406,10,3,0,11,0,26,3,0,0,0,0,8,22,3,3,0,0,35,61,30,33,1313,39,1468,21,9,5,78,0,114,0,0,0,0,0,3,5,3,3,14,0,25,0,0,0,0,0,0,7,0,0,11,0,17,12,7,0,3,0,24,17,9,9,3,0,40,9,3,0,10,0,24,3,0,0,3,0,10,68,52,41,819,25,1002,0,0,0,0,0,0,9,0,0,0,0,6,12,0,0,4,0,17,4,6,0,0,0,9,0,0,0,0,0,0,15,0,0,0,0,15,5,7,0,23,0,41,108,22,24,63,5,222,3,5,0,171,658,835,729,374,251,8854,934,11141
LGA13550,30,219,178,5698,128,6260,0,0,0,118,0,124,56,0,6,40,0,95,3,3,0,4,0,9,39,13,4,45,0,108,241,187,147,3934,87,4596,40,5,4,4,0,55,7,4,0,31,0,49,52,33,29,446,6,562,6,6,3,18,0,36,3,0,0,0,0,3,16,3,0,3,0,21,45,28,41,1230,21,1359,21,4,0,79,0,114,10,0,0,0,0,15,0,3,0,11,0,14,0,0,0,0,0,0,6,0,0,10,0,25,25,9,5,3,0,39,13,6,13,13,0,48,10,3,0,7,0,24,3,0,3,3,0,9,67,53,31,989,25,1169,0,0,0,0,0,0,36,0,5,0,0,38,6,5,0,5,0,20,5,0,0,0,0,5,8,0,0,0,0,8,9,0,4,0,0,14,20,7,4,21,0,49,185,14,19,107,3,331,3,0,3,160,812,977,791,377,287,9721,1037,12215
LGA13660,7,67,60,2321,44,2507,0,0,0,6,0,6,0,4,0,13,0,21,0,0,0,0,0,0,11,4,3,12,0,28,115,84,72,1909,43,2223,13,0,0,0,0,13,0,0,0,8,0,11,19,5,6,177,0,214,0,3,0,3,0,7,4,0,3,3,0,10,9,0,3,3,0,9,22,14,12,456,14,521,3,4,7,30,0,40,3,0,0,0,0,3,3,0,0,0,0,3,0,0,0,0,0,0,4,0,0,3,0,9,0,0,0,0,0,0,3,0,0,0,0,8,3,0,0,0,0,3,3,0,3,3,0,8,19,27,19,480,3,552,0,0,0,0,0,3,6,0,0,0,0,6,0,0,0,6,0,6,0,0,0,0,0,0,0,0,0,0,0,0,0,0,0,0,0,0,3,0,0,9,0,16,41,8,4,33,0,81,3,0,3,74,465,548,244,135,114,4206,555,5258
LGA13800,340,2675,1889,21972,368,27252,0,22,9,259,4,291,489,33,35,112,3,676,198,36,28,96,3,367,539,185,134,388,15,1272,4041,2416,1828,17810,370,26467,289,6,60,12,7,368,109,22,23,146,0,304,644,242,168,1356,31,2441,204,56,27,184,6,478,139,27,20,44,3,228,204,22,29,17,6,276,907,567,355,5495,81,7402,643,313,121,1094,24,2188,32,0,5,4,0,48,175,72,31,114,5,389,173,26,22,53,0,273,1299,349,187,1294,30,3156,157,46,22,21,0,242,246,144,109,70,0,567,209,55,35,157,3,459,70,21,20,53,3,159,975,512,382,4154,80,6102,63,15,6,14,0,102,157,43,26,13,0,240,158,14,6,49,0,234,39,17,7,0,0,60,28,14,0,5,0,39,66,0,7,0,0,77,159,59,23,187,0,432,1673,426,329,652,29,3114,98,38,19,362,3402,3917,11782,5010,3484,40094,4217,64592
LGA13850,6,65,29,1247,28,1368,0,3,0,20,0,21,5,0,0,4,0,14,0,0,0,0,0,0,8,0,0,4,0,13,70,51,36,961,19,1138,3,0,5,0,0,10,3,0,0,7,0,10,7,4,0,49,0,64,9,3,0,0,0,16,0,0,0,0,0,0,12,0,0,0,0,15,6,13,3,308,3,334,34,15,0,40,6,93,0,0,0,0,0,0,0,0,0,0,0,0,0,0,0,3,0,3,0,0,0,3,0,3,13,0,0,0,3,16,4,10,3,0,0,17,0,0,0,3,0,0,0,0,0,0,0,0,19,9,9,228,4,269,0,0,0,0,0,0,3,0,0,0,0,3,0,0,0,0,0,3,0,0,0,0,0,0,0,0,0,0,0,0,0,0,0,0,0,0,3,0,3,3,0,9,75,13,8,13,0,111,0,7,0,40,313,356,243,111,59,2162,365,2946
LGA13910,51,388,295,7848,174,8763,0,6,3,47,0,53,55,3,14,31,3,99,19,0,0,7,0,26,73,25,18,42,0,158,498,359,288,6301,154,7605,54,3,4,8,0,66,24,5,6,47,0,80,80,36,29,524,4,675,9,7,0,24,0,40,14,5,0,4,0,15,45,3,0,3,0,49,81,85,57,2476,41,2741,59,26,0,108,10,202,3,0,0,0,0,8,130,30,19,30,3,210,9,0,0,0,0,7,23,8,3,22,0,59,18,3,0,9,0,29,18,5,14,16,0,56,28,3,0,11,0,40,10,0,7,3,0,20,147,108,56,1376,19,1704,33,0,12,0,0,53,13,3,0,0,0,15,5,0,0,5,0,14,3,0,0,0,0,10,11,0,0,0,0,11,3,0,0,0,0,5,16,6,9,45,0,77,235,48,44,99,10,436,19,10,7,239,1071,1349,1449,707,551,14381,1414,18498
LGA14000,1229,5479,4171,26157,324,37361,6,6,9,86,0,102,18807,235,539,331,170,20080,305,63,43,106,6,522,1017,316,149,374,10,1857,10791,4646,3339,24098,420,43297,2148,46,153,19,22,2379,447,88,56,317,5,914,1425,420,303,2037,39,4230,504,114,80,322,12,1021,363,64,26,67,4,526,7641,113,91,50,28,7921,2251,1148,844,9525,121,13895,1972,566,255,1607,44,4438,3503,17,70,19,11,3618,1260,178,160,458,18,2079,45,3,13,9,0,72,292,105,61,175,5,645,174,42,18,12,3,253,706,286,225,119,0,1344,763,95,80,168,11,1113,784,44,60,103,3,993,2283,1170,851,7284,104,11691,153,21,11,22,0,210,1100,110,73,20,3,1310,715,38,32,66,3,857,1556,65,35,14,9,1678,145,13,3,7,0,177,666,13,57,3,3,737,420,102,65,376,10,975,13689,1119,1146,1250,118,17326,414,49,36,296,4972,5768,67609,9640,7485,51776,6154,142667
LGA14100,89,635,453,2695,27,3910,0,0,0,10,0,10,1006,48,72,47,11,1190,55,12,9,29,0,101,87,40,20,32,0,170,911,520,348,2574,45,4397,75,4,12,3,0,85,47,18,13,37,0,112,120,47,27,262,3,456,236,48,35,140,8,461,54,13,5,25,3,101,197,14,17,5,3,235,293,193,137,1511,15,2148,445,130,66,392,12,1049,97,6,12,9,0,113,128,47,26,92,5,297,30,0,0,5,0,36,42,26,8,29,0,93,16,0,4,3,0,21,91,47,24,8,0,174,94,21,7,15,7,141,38,4,9,16,21,87,229,159,91,807,3,1290,49,0,7,16,0,70,56,29,16,0,5,103,55,8,6,12,0,74,37,6,3,0,0,43,39,7,9,4,0,59,73,3,6,0,0,81,48,3,6,45,0,111,916,150,132,184,67,1447,35,4,3,38,796,877,4763,1296,908,6050,980,13999
LGA14170,1579,7269,5217,27379,468,41913,17,46,17,441,11,528,13005,407,596,565,132,14711,792,136,83,231,8,1252,855,365,238,480,11,1947,14149,6336,4449,27025,567,52520,2399,54,272,56,33,2810,961,158,108,410,16,1658,1915,698,438,2844,64,5953,5095,614,326,1409,91,7540,490,146,72,147,6,856,3404,147,135,65,25,3771,4982,2334,1536,15464,237,24553,6564,1381,622,2974,122,11667,1009,25,60,35,5,1136,2030,300,214,515,30,3086,526,65,23,55,7,677,585,203,124,335,13,1258,483,82,56,25,4,651,1296,360,323,108,22,2110,1036,191,162,321,12,1721,656,68,86,146,10,968,3792,1700,1215,9336,143,16184,539,64,48,53,10,717,524,116,58,37,4,736,1337,128,77,165,12,1713,452,42,42,25,0,560,725,50,29,34,6,843,3920,59,135,45,38,4198,599,175,107,597,3,1486,19542,2173,1696,2240,239,25895,592,65,66,428,12737,13884,80649,14807,10561,61496,14538,182043
LGA14200,34,326,256,7135,178,7930,0,0,0,137,8,147,44,9,0,80,3,139,3,0,0,3,0,10,54,12,11,49,0,124,400,293,231,5502,166,6591,151,0,6,0,0,166,23,5,5,51,0,85,121,36,25,666,19,860,7,9,0,16,3,29,7,0,0,8,0,13,25,3,0,3,3,34,65,53,28,1546,24,1720,54,23,7,122,3,217,24,0,0,0,0,24,13,0,3,5,0,22,0,0,0,0,0,0,6,3,0,9,0,25,14,4,3,17,0,41,13,13,12,21,0,58,18,4,3,22,0,45,4,0,0,5,0,8,100,75,47,1398,30,1650,0,0,0,0,0,3,17,9,0,4,0,23,14,0,0,6,0,28,0,0,0,0,0,0,0,0,0,0,0,0,25,0,0,0,0,26,18,5,4,34,0,66,272,46,38,79,9,449,44,7,3,172,1155,1377,1261,565,418,12726,1516,16483
LGA14300,9,105,84,2285,37,2522,0,0,0,27,0,23,67,0,0,6,3,79,0,0,0,0,0,3,14,5,0,16,0,38,121,93,86,1747,37,2088,21,0,0,0,0,25,0,0,0,19,3,25,26,13,9,222,3,275,0,0,0,9,0,9,0,0,0,0,0,3,7,0,0,0,0,12,30,20,18,610,15,689,6,0,3,33,0,47,9,0,0,0,0,7,0,0,0,0,0,4,0,0,0,3,0,3,0,0,3,6,0,11,14,5,0,0,0,21,7,11,0,3,0,23,15,0,3,6,0,16,3,0,0,0,0,0,27,17,15,369,13,444,0,0,0,0,0,7,4,3,3,0,0,10,6,0,3,3,0,13,3,0,0,0,0,6,0,0,0,0,0,0,0,0,0,0,0,0,4,0,0,5,0,7,75,11,10,37,0,139,10,0,3,84,1316,1414,415,180,156,4138,1405,6295
LGA14350,65,727,504,11514,266,13073,0,6,11,696,23,730,95,4,10,40,3,150,11,3,5,3,0,20,132,49,17,58,3,249,1014,637,474,9241,244,11616,110,0,38,6,3,157,31,13,10,74,3,123,159,50,44,743,23,1025,26,14,3,38,0,85,17,9,0,4,0,41,60,10,4,11,0,84,188,127,74,2781,61,3226,61,36,21,240,3,363,5,0,0,0,0,8,10,5,0,20,0,37,6,0,0,3,0,9,58,13,5,70,0,141,23,14,5,18,0,66,58,38,23,25,0,144,48,9,3,11,3,77,18,4,0,17,0,35,264,139,121,1847,39,2413,0,0,0,0,0,3,25,0,4,8,0,36,31,0,3,24,0,60,4,0,0,0,0,9,4,0,0,7,0,7,7,8,3,0,0,16,46,19,9,85,3,154,408,109,77,213,18,825,19,17,4,338,2789,3165,2435,1230,879,20998,3344,28885
LGA14400,103,900,568,7108,124,8809,0,6,0,35,5,46,116,3,7,44,0,171,46,14,10,30,0,98,152,48,32,104,4,340,1708,860,581,6022,137,9305,36,5,10,7,0,56,47,3,9,63,0,124,219,85,46,453,8,811,71,12,7,44,0,139,26,8,0,9,0,47,44,4,6,17,0,67,378,193,167,2570,44,3355,225,80,25,258,0,598,12,3,0,0,0,18,17,0,0,10,0,26,43,7,4,16,0,71,81,18,14,52,3,168,49,9,13,10,3,78,96,44,28,18,0,189,85,23,7,37,0,146,25,0,0,16,0,51,435,200,162,1781,29,2608,18,6,0,14,0,37,53,12,10,3,0,74,54,3,3,28,0,83,7,0,0,0,0,11,3,0,3,0,0,7,10,5,0,0,0,17,70,24,6,86,4,191,543,155,112,207,10,1018,28,15,6,103,1195,1342,3839,1589,1072,13493,1476,21464
LGA14500,1052,4792,3814,19601,230,29484,0,0,0,46,0,46,19134,369,714,513,137,20875,259,49,21,140,3,472,934,196,128,283,10,1544,11935,4110,3038,18924,379,38388,646,30,91,20,0,786,469,76,72,263,9,884,1667,352,280,1487,24,3808,547,166,77,360,6,1152,393,58,55,72,3,583,3187,105,65,36,14,3418,2372,1090,819,7820,74,12181,1301,384,236,980,22,2930,3191,16,102,19,8,3335,260,87,29,163,4,544,49,7,5,17,0,84,142,63,37,117,0,355,80,25,7,8,0,113,768,221,187,64,0,1235,633,76,81,117,3,904,604,54,58,109,3,834,2625,977,768,6474,78,10924,147,13,15,39,3,222,2446,141,124,35,14,2763,418,42,49,49,3,566,720,46,23,14,6,813,132,7,0,7,0,148,498,18,51,8,3,576,436,87,64,285,3,880,10030,1033,1070,1101,74,13314,330,45,31,188,4060,4660,57171,8513,6999,40406,4965,118053
LGA14550,28,259,184,3288,81,3840,0,0,0,90,0,93,21,4,3,10,0,35,3,3,0,0,0,11,57,14,9,25,0,107,431,228,167,2759,94,3687,28,0,3,0,3,28,21,8,0,16,0,44,91,30,12,275,11,416,6,0,0,6,0,18,3,0,0,0,0,11,28,8,4,14,0,47,95,46,41,956,20,1157,28,17,9,103,3,158,4,0,0,0,0,6,0,3,0,10,0,13,0,0,0,0,0,0,11,0,0,0,0,14,17,7,0,10,0,34,27,14,8,9,3,57,26,0,5,10,0,38,6,0,0,0,0,8,126,64,57,729,5,983,0,0,0,0,0,3,8,6,0,3,0,20,14,0,0,3,0,14,8,0,0,0,0,8,0,0,0,0,0,0,0,0,4,0,0,3,9,9,0,30,0,48,170,44,34,110,4,364,11,5,4,94,744,860,1013,455,333,6210,926,8940
LGA14600,9,78,92,2935,81,3199,0,0,0,114,4,116,16,0,0,7,0,24,0,0,0,0,0,0,7,3,0,10,0,22,87,65,73,1925,70,2218,30,0,5,0,0,33,0,0,0,7,0,16,21,7,5,151,3,186,8,0,3,19,3,31,8,0,0,0,0,10,16,0,0,0,0,16,11,18,11,502,9,553,4,3,4,22,0,28,0,0,0,0,0,0,7,0,0,3,0,12,0,0,0,0,0,0,4,0,3,0,0,10,6,0,0,3,0,13,10,3,10,0,0,19,0,0,0,0,0,5,3,0,0,0,0,3,16,18,17,407,8,463,0,0,0,0,0,0,5,0,9,0,0,14,0,3,0,5,0,9,0,0,0,0,0,0,0,0,0,0,0,0,3,0,0,0,0,3,0,0,0,7,0,10,59,14,10,29,0,112,12,3,0,92,625,736,282,143,135,4856,777,6194
LGA14650,669,6873,4853,73329,1409,87135,0,53,17,860,6,935,1239,89,167,412,24,1925,266,59,25,91,0,443,1061,386,235,838,20,2541,8662,6388,4686,66569,1248,87553,680,29,247,39,16,1009,233,73,56,531,3,900,1598,691,484,5596,97,8473,419,136,56,490,13,1115,222,55,17,99,8,400,903,53,30,69,11,1053,1727,1428,918,18477,268,22817,1136,490,165,2152,38,3986,209,5,20,13,3,244,114,37,16,154,0,322,560,95,53,226,5,938,273,96,55,301,4,733,304,152,86,99,4,647,499,383,229,211,14,1337,794,180,135,571,16,1698,227,56,45,164,3,494,2572,1927,1321,17527,279,23629,145,16,18,30,0,209,352,83,64,38,0,534,279,64,32,182,6,560,128,15,25,23,4,195,38,13,6,7,0,61,162,8,30,4,0,209,471,253,146,1240,23,2132,4817,1270,916,2170,102,9273,227,80,60,1528,7751,9638,24995,12573,8860,140338,10611,197371
LGA14700,311,1496,1252,5965,78,9109,0,3,0,20,0,27,3644,112,218,128,22,4128,168,39,9,50,0,263,266,86,44,100,4,495,3107,1359,952,5731,82,11234,446,14,40,8,4,515,184,50,18,94,3,343,451,127,101,523,9,1216,272,67,36,177,5,553,129,28,13,29,0,197,1194,37,38,22,4,1296,942,417,343,3036,42,4779,599,191,84,487,12,1371,386,5,24,11,3,437,130,39,21,76,0,267,58,0,0,7,0,71,60,24,17,63,0,162,43,7,7,3,3,65,271,97,60,23,3,457,300,52,30,62,3,445,203,18,14,13,0,249,754,320,263,1961,19,3315,75,11,7,16,0,108,237,32,27,4,0,300,241,17,12,12,0,284,191,16,17,4,3,232,65,0,3,0,0,69,178,10,16,8,0,209,124,33,17,107,3,278,4159,320,383,362,26,5246,80,11,4,69,1591,1756,16217,2903,2291,12781,1857,36051
LGA14750,48,226,120,4190,110,4699,0,0,0,52,0,52,48,0,7,16,6,77,4,3,0,6,0,9,24,10,3,32,3,82,248,198,101,3389,78,4010,94,0,0,0,0,92,9,3,0,24,0,33,51,20,8,426,7,509,9,9,0,15,0,28,9,0,0,4,0,10,95,0,0,0,0,96,40,49,31,1103,29,1245,451,141,25,465,7,1088,6,0,0,0,0,3,3,0,0,4,0,11,0,0,0,0,0,0,5,3,3,7,0,20,23,0,0,0,0,26,15,4,8,12,0,40,6,9,0,17,0,32,4,0,0,0,0,3,76,51,42,933,29,1136,0,0,0,0,0,0,9,5,0,6,0,15,4,0,0,11,0,9,13,0,0,0,0,9,0,0,0,4,0,6,5,4,3,0,0,12,4,4,0,28,0,39,235,31,25,70,11,372,28,7,7,137,906,1090,1353,482,250,7945,1133,11168
LGA14850,144,1340,915,15097,313,17814,0,21,11,368,3,407,158,18,22,91,3,299,17,9,7,7,0,40,216,77,46,122,9,474,1894,1272,869,13473,290,17799,136,6,67,12,5,225,121,18,19,123,0,280,387,132,77,1407,30,2035,41,26,9,81,0,165,50,11,3,16,0,77,154,14,15,37,9,228,417,368,191,5467,101,6547,502,216,64,1109,18,1903,34,0,9,5,0,44,13,10,0,56,0,73,4,0,0,0,0,5,36,12,12,51,4,111,76,25,16,33,0,158,137,74,59,30,3,288,88,24,11,57,0,180,44,10,4,28,0,85,500,328,262,3882,66,5038,7,0,0,0,0,11,62,15,10,16,0,103,51,0,5,55,3,117,15,4,0,4,0,23,4,0,3,0,0,3,50,3,8,0,7,67,67,17,20,145,0,260,1015,297,222,547,26,2107,61,24,23,336,3133,3582,5098,2553,1735,29968,3790,43135
LGA14870,68,650,370,7805,223,9112,0,9,0,107,3,115,99,7,3,32,0,144,30,4,0,12,3,44,107,38,12,62,3,218,900,544,359,6414,195,8427,81,0,35,3,0,122,28,10,7,43,0,89,140,55,24,450,14,671,40,12,3,33,3,96,34,6,3,14,0,59,63,10,3,10,0,79,166,130,59,1945,57,2359,113,27,24,188,3,355,5,3,0,0,0,9,17,8,0,13,0,33,11,3,0,0,0,18,37,19,3,31,0,91,25,8,13,13,0,64,39,19,13,11,0,88,59,18,3,25,0,105,9,5,0,5,0,23,264,198,138,1660,67,2331,19,0,0,0,5,23,7,7,3,0,0,18,27,0,3,18,0,53,8,0,0,0,0,12,3,7,0,3,0,10,30,0,5,0,0,36,49,21,7,73,0,147,430,97,62,169,12,774,33,4,7,217,2199,2461,2406,1121,685,14234,2647,21090
LGA14900,4463,4224,2910,21721,562,33880,5,26,27,406,9,481,9623,167,294,248,114,10455,2002,225,140,434,24,2831,386,105,68,212,14,779,7215,2651,1975,16250,536,28624,5054,99,304,66,45,5570,503,57,34,149,13,748,1277,245,187,1302,28,3037,2603,531,269,1163,29,4596,403,44,22,71,7,548,12824,118,156,57,87,13238,1116,606,405,5304,80,7510,6887,1621,818,4173,117,13608,239,6,8,3,0,255,8261,1795,737,1277,127,12193,2052,244,168,322,15,2807,1619,418,190,1004,25,3251,1011,137,96,49,23,1304,570,153,128,79,11,943,1237,104,96,190,11,1645,509,33,36,62,11,647,1318,562,411,3555,76,5926,4757,296,155,258,51,5519,339,47,35,28,0,448,2400,126,124,129,31,2810,520,14,19,9,3,567,1541,177,102,104,16,1937,10056,139,232,158,138,10726,140,49,24,137,0,351,50107,2463,1625,1555,564,56311,1996,141,91,480,12543,15254,126797,11487,7532,43633,14884,204326
LGA14920,17,164,110,3577,97,3958,0,0,0,134,8,141,20,0,0,16,0,38,3,0,0,3,0,8,24,8,3,21,0,55,191,151,102,2458,64,2965,11,0,4,0,0,14,3,0,0,22,0,24,25,13,13,187,3,240,0,0,0,0,0,4,4,0,0,0,0,7,12,0,0,3,0,14,40,36,19,632,11,737,10,4,0,43,0,58,3,0,0,0,0,6,3,0,0,0,0,3,0,0,0,0,0,0,6,3,0,7,0,19,15,0,0,0,0,21,11,6,6,8,0,25,3,0,3,0,0,12,0,0,0,6,0,7,51,45,28,674,14,816,0,0,0,0,0,0,3,0,0,0,0,4,0,0,0,5,3,9,0,0,0,0,0,0,0,0,0,0,0,0,0,0,0,0,0,0,14,8,0,17,0,31,57,8,25,55,0,147,3,7,3,74,616,704,429,274,180,6018,784,7687
LGA14950,11,49,45,1257,22,1381,0,0,0,11,0,12,13,3,0,5,0,20,0,0,0,0,0,0,20,9,6,7,0,41,73,43,30,976,21,1139,0,0,0,7,0,4,0,0,0,12,0,13,10,3,6,228,0,252,0,0,0,4,0,4,3,0,0,8,0,10,0,0,0,0,0,0,17,9,11,401,0,434,7,0,0,12,0,20,0,0,0,0,3,3,0,0,0,0,0,0,0,0,0,0,0,0,0,0,3,11,0,9,5,3,0,0,0,11,5,0,4,0,0,12,7,0,0,3,0,12,0,0,0,0,0,3,18,15,0,306,3,348,0,0,0,0,0,0,6,0,0,0,0,6,0,0,0,4,0,4,0,0,0,0,0,0,0,0,0,0,0,3,4,0,0,0,0,6,0,0,3,4,0,10,29,5,9,12,0,62,3,0,0,54,256,320,190,82,72,2471,296,3119
LGA15050,245,2275,1619,30672,425,35238,3,15,9,379,6,419,368,28,44,135,3,581,59,18,5,36,0,119,306,159,89,362,15,933,2590,2209,1510,27160,439,33901,372,16,109,20,11,524,59,12,7,164,4,244,488,267,142,2716,38,3652,83,43,16,165,0,305,53,22,9,32,0,120,532,19,3,33,5,592,550,468,346,8068,115,9542,226,117,49,720,9,1123,44,3,3,7,0,55,28,17,0,38,0,86,26,13,0,41,0,78,58,29,13,102,0,213,184,75,31,62,4,352,174,128,98,94,0,490,339,64,26,306,7,742,64,11,18,52,0,149,758,602,439,6489,85,8371,23,8,6,5,0,54,158,27,23,24,3,234,95,15,7,71,0,189,30,16,11,12,0,63,12,3,0,3,0,19,69,9,0,3,0,79,136,79,41,336,5,597,1605,434,303,807,35,3183,87,31,23,678,3507,4336,7846,4242,2893,57901,4421,77305
LGA15240,280,2680,1804,35090,918,40769,0,18,9,830,21,873,276,21,28,171,3,501,78,13,13,33,0,138,570,152,86,237,8,1061,4742,2601,1718,29934,849,39850,287,10,75,11,12,396,120,37,32,223,5,413,641,211,161,2472,71,3555,92,47,14,124,4,284,82,17,7,34,0,141,235,18,8,19,5,280,762,505,305,8094,167,9827,328,146,58,803,33,1369,45,0,0,0,0,56,43,18,21,75,0,153,10,3,0,4,0,23,220,65,37,186,12,509,80,41,26,55,6,203,197,100,73,61,6,442,207,35,19,87,4,355,71,4,7,24,0,104,1108,662,432,7149,179,9532,26,5,0,8,0,34,117,15,3,10,3,157,102,6,6,65,4,185,37,9,4,3,4,56,11,0,0,0,0,15,40,0,4,0,0,41,154,73,41,267,9,536,1480,369,278,728,42,2899,95,59,28,843,5463,6480,10222,4780,3174,64802,7318,90303
LGA15270,88,617,502,9970,234,11415,0,0,3,89,5,94,54,6,10,49,3,122,27,3,0,7,0,39,128,43,38,92,0,296,910,567,458,7475,190,9607,82,0,26,5,3,123,18,3,0,35,0,65,178,39,56,667,21,959,43,8,3,47,0,105,21,4,0,6,3,36,71,0,3,3,0,75,136,133,78,2334,50,2736,98,48,21,182,0,358,12,0,0,7,0,14,9,0,7,8,0,28,0,0,0,0,0,0,57,20,11,61,0,148,26,16,13,7,0,60,72,32,23,25,0,152,40,18,4,21,3,86,14,0,0,9,0,24,209,110,110,1650,32,2109,7,0,0,0,0,12,43,3,12,4,0,56,29,0,3,19,0,51,0,0,0,0,0,4,0,0,0,0,0,8,23,0,0,0,0,23,29,14,8,59,3,119,354,74,61,169,10,673,26,4,9,232,2169,2447,2305,1048,860,17239,2631,24076
LGA15300,20,160,170,5319,116,5791,0,5,3,829,40,879,54,4,0,50,3,113,7,3,0,0,0,11,34,11,6,27,0,73,216,168,126,3742,116,4368,43,0,12,0,6,62,9,0,3,14,0,30,42,13,15,332,11,411,12,0,0,8,5,26,13,0,4,0,0,10,65,3,0,7,0,71,56,56,33,1189,28,1359,14,4,5,68,0,88,3,0,0,0,0,3,15,9,0,17,0,44,0,0,0,0,0,0,3,3,0,7,0,16,14,3,0,8,7,38,15,8,9,10,0,38,10,4,0,8,0,23,4,0,0,0,0,4,70,24,44,972,15,1124,29,0,0,4,0,36,22,0,4,0,0,29,3,0,0,14,0,19,4,0,0,0,0,7,3,0,0,0,0,3,3,0,0,0,0,3,12,3,4,38,0,53,195,30,31,91,6,360,17,3,3,206,1479,1703,816,311,280,9984,1769,13159
LGA15350,204,1290,957,4829,57,7331,0,4,0,10,0,14,1224,62,74,76,4,1444,128,17,7,44,0,205,295,55,36,43,4,432,3843,1209,922,5363,92,11425,167,0,10,3,4,186,266,52,19,94,3,433,553,90,66,431,8,1145,205,70,48,147,5,473,123,20,8,21,0,179,362,14,27,9,6,413,981,338,257,2595,36,4198,569,122,71,325,5,1086,119,3,8,0,0,129,72,17,13,48,3,149,35,4,4,9,0,51,45,15,7,27,0,94,30,3,3,4,0,45,324,51,73,16,3,473,208,35,21,32,0,297,179,16,14,21,0,231,898,288,229,1914,27,3355,60,0,0,0,0,64,265,24,18,4,0,309,190,10,8,8,0,215,68,3,5,3,0,83,47,3,3,0,0,60,79,0,6,5,0,90,154,25,14,90,0,281,2294,246,241,276,23,3080,62,9,4,71,1877,2024,10990,2377,1847,11199,2076,28475
LGA15520,19,211,199,4606,114,5150,0,5,0,97,0,105,35,0,0,16,0,53,7,0,0,0,0,8,62,23,9,51,0,148,354,200,200,3843,90,4684,43,4,8,4,0,64,6,0,0,23,0,28,59,20,16,384,10,486,14,0,4,20,0,36,4,0,0,0,0,10,24,0,0,0,0,25,51,46,29,1167,18,1319,73,23,14,215,0,324,0,0,0,0,0,0,4,0,0,0,0,3,0,0,0,3,0,4,14,0,0,3,0,16,18,3,0,7,0,27,23,4,0,15,0,50,19,4,3,12,0,39,10,0,0,5,0,13,107,56,37,1104,21,1330,0,0,0,0,0,0,17,0,0,0,0,20,8,3,0,5,0,19,14,0,0,0,0,14,4,0,0,0,0,4,4,0,0,0,0,4,10,0,0,25,0,46,128,18,32,60,3,240,17,3,4,133,787,947,988,387,341,8943,1013,11680
LGA15560,14,63,66,1599,51,1782,0,0,0,8,0,8,18,0,0,9,0,28,3,0,0,4,0,8,16,3,0,5,3,26,90,49,54,1182,32,1404,21,0,4,4,0,25,3,0,0,8,0,11,9,4,4,82,0,95,5,0,0,0,0,4,0,0,0,0,0,4,16,0,0,3,0,16,29,9,14,414,4,473,35,23,10,90,0,162,3,0,0,0,0,3,0,0,0,0,0,3,0,0,0,0,0,0,7,4,3,7,0,11,6,0,0,0,0,6,18,3,3,0,0,23,3,0,0,4,0,11,3,0,0,5,0,3,26,16,13,329,3,396,0,0,0,0,0,0,6,7,0,0,0,9,4,0,0,14,0,16,0,0,0,0,0,0,0,0,0,0,0,0,0,0,0,0,0,0,0,0,0,5,0,10,60,16,14,38,0,124,7,3,0,51,379,436,314,118,104,2840,458,3836
LGA15650,45,362,276,6813,129,7619,0,7,0,87,0,93,71,5,3,30,0,115,5,3,0,3,0,16,70,26,21,50,3,174,460,319,245,5341,118,6476,108,3,24,6,3,139,21,4,3,23,0,53,53,32,20,523,10,638,10,4,0,21,0,40,6,0,0,5,0,14,94,9,3,19,0,121,143,81,41,1453,23,1745,42,26,14,123,3,210,3,0,7,0,0,5,12,5,0,16,0,33,0,0,0,0,0,4,21,3,6,14,0,39,56,9,9,13,0,82,56,28,26,12,3,130,17,13,7,13,0,51,5,3,0,3,0,15,131,100,54,1135,21,1438,11,3,0,4,0,14,22,5,4,0,0,30,9,5,0,13,0,29,18,0,0,0,0,18,5,3,0,0,0,5,0,0,0,0,0,0,25,12,3,52,0,90,302,57,61,117,7,540,19,0,5,182,1223,1430,1488,652,487,11977,1478,16086
LGA15700,76,608,380,7321,217,8608,0,8,4,326,13,350,32,9,3,43,0,94,15,3,0,5,0,27,112,30,19,48,0,205,1022,616,375,6096,160,8271,40,0,20,3,3,68,28,9,11,49,0,99,134,44,31,531,6,745,20,15,4,18,5,67,14,12,0,4,0,30,25,3,3,6,0,38,161,132,64,1838,35,2233,79,35,5,169,3,289,3,0,0,0,0,3,11,6,0,20,0,34,0,0,0,0,0,0,25,12,3,26,3,65,32,13,7,17,3,78,54,34,25,12,5,134,31,11,3,26,0,77,10,3,7,16,0,35,218,142,113,1498,38,2014,4,3,0,0,0,5,14,4,7,7,0,30,39,0,0,19,0,56,3,0,0,3,0,10,0,0,0,0,0,0,11,0,0,0,0,11,43,5,8,44,0,105,306,94,67,172,14,654,24,3,11,201,1300,1539,2074,1092,697,13654,1692,19212
LGA15750,21,226,147,6152,128,6672,0,3,0,104,0,106,44,3,3,20,0,73,3,0,0,0,0,4,42,17,14,43,0,104,201,181,138,4262,97,4875,50,3,8,3,0,59,9,0,0,14,0,20,45,21,16,362,5,456,3,5,0,15,0,27,3,0,0,3,0,3,24,0,0,0,0,29,54,39,30,1157,17,1301,10,0,3,50,0,64,0,0,0,0,0,0,0,0,0,9,0,5,3,0,0,0,0,4,4,0,0,3,0,5,20,8,11,0,0,33,17,14,6,9,0,48,9,6,0,9,0,22,3,3,0,4,0,11,68,42,33,989,10,1143,0,0,0,0,0,3,14,0,0,3,0,12,10,3,0,18,0,29,13,0,0,0,0,16,3,0,0,3,0,3,0,4,0,0,0,3,18,3,0,27,0,47,113,27,21,67,0,229,7,7,4,185,1307,1507,641,369,261,10293,1510,13084
LGA15800,9,102,61,2501,55,2734,0,0,0,49,3,50,12,0,0,20,0,30,3,0,0,0,0,3,25,3,0,11,0,33,110,107,59,1862,63,2203,8,0,0,0,0,11,11,0,0,14,0,24,24,10,8,222,7,274,9,3,0,8,0,18,3,0,0,0,0,4,19,0,0,0,0,24,10,25,12,681,6,739,34,9,8,105,3,159,6,0,0,0,0,6,3,0,0,3,0,6,0,0,0,0,0,3,0,0,0,6,0,4,9,3,0,0,0,12,4,3,0,0,0,13,15,3,0,9,0,26,0,0,0,0,0,4,33,15,20,472,9,549,0,0,0,4,0,4,4,0,0,0,0,8,12,3,0,3,0,12,8,0,0,0,0,8,0,0,0,0,0,5,0,0,0,0,0,0,0,3,0,13,0,15,58,12,5,30,3,111,3,4,0,72,596,672,359,185,107,4487,717,5853
LGA15850,11,128,92,3099,62,3389,0,0,0,82,3,86,17,0,0,12,0,27,3,0,0,3,0,3,17,0,8,12,0,36,105,82,69,2159,60,2476,3,0,0,0,0,3,0,0,0,11,0,17,34,8,10,160,3,216,0,3,3,0,0,4,0,0,0,0,0,0,10,0,0,4,0,13,28,15,14,614,10,673,9,4,0,41,0,62,3,0,0,0,0,3,0,0,0,6,0,11,0,0,0,0,0,0,11,0,0,15,0,27,3,0,3,12,0,19,7,9,4,4,0,19,3,0,0,3,0,3,0,0,3,0,0,3,24,16,18,517,3,579,3,0,0,0,0,3,3,0,0,0,0,3,0,0,0,7,0,7,3,3,0,0,0,6,0,0,0,0,0,0,0,0,0,0,0,0,4,3,3,13,0,24,47,14,14,23,0,98,0,0,0,84,560,642,293,187,141,5149,679,6444
LGA15900,617,5094,3832,49801,879,60233,5,36,17,637,6,708,2983,105,171,320,46,3629,347,89,27,108,0,576,567,312,201,693,16,1790,5846,4964,3489,48495,824,63622,839,26,279,28,8,1182,250,68,73,436,10,840,1117,525,351,4500,60,6560,799,215,78,614,6,1713,161,49,30,80,3,319,1510,63,58,50,5,1686,1454,1206,812,17204,228,20908,1449,510,173,2006,42,4183,453,7,25,20,6,511,71,42,22,106,0,243,1176,157,68,355,19,1782,111,56,29,190,0,394,238,93,90,81,9,508,414,248,238,136,10,1046,804,169,126,593,18,1704,204,43,32,135,3,414,1790,1404,994,13713,189,18092,257,27,17,54,0,358,253,69,44,35,6,398,287,32,26,159,7,509,205,7,19,16,0,249,71,12,7,6,0,99,502,13,24,11,3,555,313,209,103,1028,14,1665,6779,1240,942,2014,83,11063,287,67,61,1072,7674,9149,26865,9900,7181,101885,9581,155411
LGA15950,414,2494,2008,10094,116,15130,0,3,4,21,0,25,5204,208,289,204,36,5938,228,39,20,54,3,340,551,163,73,174,9,969,7465,2419,1750,11160,225,23017,779,17,72,21,7,893,687,65,49,176,11,983,1143,254,188,1027,20,2636,346,121,51,218,0,737,304,57,34,63,0,453,1840,45,47,12,5,1952,2168,793,575,5745,78,9353,1169,320,144,628,19,2275,541,10,19,22,3,593,143,43,24,76,0,281,84,15,0,14,0,112,101,48,23,67,0,231,118,13,11,3,4,149,622,118,102,42,3,884,539,62,38,97,3,746,520,27,40,44,6,634,1896,618,466,4068,50,7089,150,16,13,16,0,196,561,43,31,4,3,640,494,36,28,37,0,593,305,16,3,8,5,331,124,15,3,0,0,137,309,11,17,4,5,345,292,43,30,220,3,586,7608,645,639,686,75,9654,146,19,19,110,5009,5299,30083,5018,3857,23193,5506,67658
LGA15990,2201,12429,9875,53534,863,78905,12,14,8,149,0,179,6653,313,510,537,56,8062,1246,197,118,438,21,2016,2692,706,420,908,55,4782,33340,11247,8455,49351,1058,103450,1835,70,257,26,16,2204,2032,286,234,673,20,3253,4476,902,625,3881,106,9985,1212,370,176,818,16,2591,682,142,64,121,11,1018,2138,125,104,56,23,2447,7312,2759,2100,20272,305,32750,6357,1398,705,3718,113,12286,958,11,45,22,6,1040,428,131,89,233,7,883,176,24,17,36,0,254,377,153,104,286,12,928,741,127,94,38,14,1007,2101,717,554,245,21,3632,1232,192,163,303,4,1897,845,93,96,172,5,1220,7268,2547,2050,14458,258,26579,1180,126,82,129,10,1532,2038,249,185,60,10,2552,1398,68,94,152,14,1719,197,48,33,19,0,301,259,33,27,18,3,338,555,15,57,19,3,648,1363,220,176,737,15,2505,20092,2663,2652,2781,216,28402,605,121,86,788,12239,13837,90912,22234,17263,107710,14756,252878
LGA16100,12,143,86,1906,43,2189,0,0,0,12,0,13,19,0,0,0,0,25,6,0,3,3,0,8,28,14,11,23,3,77,232,143,94,1560,64,2084,3,0,3,0,0,6,3,0,0,8,0,14,47,9,7,100,3,166,6,0,0,11,0,25,7,0,0,0,0,12,3,0,0,0,0,7,40,33,17,642,16,746,18,17,0,35,3,70,0,0,0,0,0,0,9,6,0,8,3,26,3,3,0,0,0,3,6,0,7,10,0,29,39,3,11,4,0,53,13,3,4,3,0,22,13,3,0,6,0,23,8,0,0,0,0,17,46,30,15,328,6,425,4,0,0,8,0,13,4,0,0,0,0,4,11,0,0,0,0,11,0,0,0,0,0,0,0,0,0,0,0,0,0,0,0,0,0,0,8,3,3,7,0,21,130,31,11,42,3,221,3,0,0,55,621,684,596,271,160,3543,730,5301
LGA16150,96,1007,651,15284,343,17379,0,7,3,261,4,273,294,19,12,107,4,431,58,30,0,29,0,114,206,67,43,170,3,491,1186,1026,697,13571,317,16799,197,10,37,8,6,253,30,16,10,95,0,154,227,91,70,1135,32,1556,75,20,7,51,0,154,44,8,6,24,3,82,508,17,3,10,5,545,271,228,181,4815,78,5567,263,96,43,505,13,912,76,7,0,8,0,86,29,14,7,33,0,81,14,8,3,0,0,28,25,16,16,48,0,104,55,30,7,19,9,116,84,40,46,51,3,221,109,10,22,66,3,207,78,18,21,38,0,153,346,255,165,3212,57,4036,22,10,6,10,0,50,85,6,7,3,3,104,51,6,4,27,0,86,46,3,0,0,0,52,24,3,0,0,0,21,43,0,8,3,0,56,52,13,20,150,13,250,1168,206,103,398,19,1897,51,22,13,366,2251,2695,4821,1945,1257,29353,2964,40344
LGA16200,33,293,239,6281,141,6981,0,3,0,127,0,138,65,6,0,16,3,91,11,3,0,5,0,18,73,17,9,55,3,160,279,264,210,4943,132,5829,72,0,18,4,12,101,10,6,0,28,0,42,43,27,17,439,11,545,8,3,0,10,0,23,3,0,0,3,0,8,39,0,3,0,0,49,56,59,24,1600,20,1754,23,12,7,83,0,130,14,0,3,0,0,17,8,0,0,26,0,33,0,0,0,0,0,0,6,6,4,19,0,34,14,3,8,4,0,25,25,9,15,20,0,67,25,10,0,22,0,52,5,0,0,0,0,10,85,78,36,1045,21,1266,0,0,0,0,0,0,22,6,0,0,0,29,11,0,3,9,0,26,0,0,0,0,0,0,0,4,0,0,0,3,7,0,0,0,0,7,9,5,4,41,0,58,211,57,31,103,10,405,9,7,3,237,1184,1439,972,524,386,11254,1476,14608
LGA16260,2939,4737,3682,24416,502,36270,3,31,15,169,6,216,43332,390,732,449,273,45182,743,103,47,180,10,1085,704,232,103,264,13,1313,9497,3741,2549,21558,436,37784,4289,94,336,50,41,4811,462,78,48,219,3,814,1285,303,243,1756,55,3644,1391,220,135,607,23,2382,355,68,31,88,3,548,27363,168,130,64,112,27838,2087,1082,774,9210,141,13291,2723,845,423,1919,62,5969,11525,53,115,21,54,11773,5246,961,508,1383,87,8185,153,29,0,37,0,221,676,173,82,365,17,1323,647,100,49,36,18,843,783,230,175,94,15,1290,962,108,72,193,8,1349,809,48,48,94,12,1014,1934,892,668,6190,93,9784,520,48,12,41,9,629,521,74,47,15,8,665,1123,76,59,56,8,1321,2544,37,35,18,20,2660,917,86,54,58,15,1126,1461,29,52,22,9,1576,233,91,51,314,4,691,29363,1455,1229,1385,259,33683,1207,65,60,345,13556,15227,143589,9992,7529,49546,15494,226149
LGA16350,1942,7900,5228,53948,1020,70044,14,106,61,895,8,1081,2983,106,156,325,24,3593,1323,204,122,386,18,2051,1256,410,274,920,28,2885,11781,6433,4561,41547,926,65251,4773,190,376,69,39,5447,444,71,25,332,12,883,1834,591,410,3564,68,6472,1211,277,143,733,29,2403,564,86,53,152,9,863,5452,129,96,84,32,5792,2888,1579,1027,13549,237,19279,2733,974,428,2994,68,7202,405,8,17,3,0,430,1441,351,165,369,17,2345,235,33,16,67,0,354,3289,917,519,2809,53,7583,1303,258,136,81,31,1807,916,376,279,183,15,1767,1044,192,129,498,17,1871,356,56,55,120,5,590,2944,1415,1081,8948,164,14546,444,81,52,92,4,667,525,87,75,51,3,746,971,90,59,171,12,1303,792,24,33,25,6,877,608,88,53,87,5,839,506,31,44,16,4,596,382,126,73,406,12,1003,17025,1920,1230,1928,229,22329,768,123,75,1015,10800,12784,61345,14831,9994,96711,13192,196066
LGA16380,266,2589,1882,28507,610,33847,0,8,9,323,9,353,322,41,46,170,13,578,76,14,5,43,0,135,529,156,102,237,19,1053,4950,2511,1798,25321,686,35268,232,10,65,8,12,327,152,39,26,243,7,463,633,179,140,2060,42,3061,93,45,14,136,6,298,97,42,8,54,5,205,266,17,19,22,3,325,987,563,373,8195,162,10277,340,177,57,752,17,1345,48,0,7,0,0,52,30,19,3,75,4,133,18,0,3,7,0,26,145,46,37,158,3,395,91,35,23,40,0,193,234,141,94,79,13,562,150,38,24,89,3,305,78,15,13,35,0,152,1189,603,461,6111,116,8472,19,3,0,5,0,32,133,36,25,19,0,210,118,22,16,80,4,238,34,5,4,3,0,39,13,0,0,3,0,20,76,0,7,3,0,86,177,59,45,237,3,512,1452,399,273,667,111,2899,101,21,35,628,4497,5297,10573,4623,3283,54093,5960,78539
LGA16400,256,2346,1763,25397,511,30271,0,17,9,447,3,477,247,21,19,99,3,394,169,26,12,76,3,287,482,139,103,255,9,988,4189,2210,1574,21792,521,30285,223,20,85,14,5,349,132,28,17,176,10,363,554,234,142,1890,43,2863,150,42,14,132,7,346,84,16,11,31,0,150,123,23,5,16,4,165,712,430,295,6218,111,7763,383,166,65,605,15,1230,49,0,3,0,0,55,30,16,0,32,0,81,35,8,5,30,0,75,206,61,30,146,0,447,121,39,26,34,9,228,218,116,79,72,7,499,244,47,35,176,3,498,81,14,10,38,0,141,999,593,393,5207,97,7292,40,3,5,12,0,54,136,19,24,13,3,187,117,24,13,76,5,232,14,6,3,3,0,25,20,6,3,4,0,33,52,0,0,3,0,67,235,60,45,338,12,682,1414,393,303,668,35,2804,82,38,17,538,4588,5259,9461,4198,2975,47235,5682,69556
LGA16490,382,1995,1523,16975,291,21161,3,20,5,206,5,234,504,26,39,137,8,707,362,69,22,157,5,606,350,133,113,283,11,879,3119,1782,1395,13717,285,20299,479,7,62,8,4,559,114,26,13,156,3,315,626,222,156,1482,22,2510,311,69,23,187,4,587,127,31,17,57,0,239,1006,24,17,24,13,1086,684,465,320,5646,86,7191,999,273,100,917,22,2311,57,7,8,3,0,70,55,13,3,38,3,114,871,119,58,152,14,1207,142,50,28,139,10,367,191,41,23,25,5,286,195,108,77,47,4,427,279,52,34,120,3,484,105,14,9,40,3,176,834,466,379,3794,56,5533,291,44,35,54,5,430,84,25,7,5,0,120,167,13,21,53,0,251,76,12,14,5,0,104,32,8,0,0,0,44,102,3,3,0,0,114,135,50,20,164,3,373,2946,410,370,627,43,4402,140,39,15,336,3678,4212,12993,3849,2827,31992,4376,56027
LGA16550,1154,4361,3612,18878,335,28345,18,31,7,378,24,459,18954,309,417,433,119,20229,472,59,52,131,9,724,643,180,121,267,5,1225,11058,3584,2648,16663,399,34351,1306,30,192,13,14,1560,1526,148,103,210,12,2002,1958,376,304,1583,33,4248,3949,699,327,1863,77,6909,745,103,68,136,10,1066,2101,80,95,37,18,2331,5763,1357,1045,9758,187,18107,3115,692,302,1644,52,5807,719,7,27,12,4,769,775,159,143,361,9,1447,91,25,14,18,0,150,651,127,83,274,13,1153,484,70,32,45,8,638,764,253,167,68,6,1265,1158,142,114,234,9,1667,1600,91,77,109,17,1895,2658,942,635,5027,83,9345,397,19,33,41,12,497,1242,117,102,19,4,1484,1210,65,64,115,16,1475,339,25,21,6,6,393,285,36,12,25,12,369,861,8,43,12,9,938,427,71,54,292,5,859,16711,1434,1215,1351,163,20879,486,47,52,311,11100,11994,71051,9091,7035,41025,12449,140660
LGA16610,60,517,346,9722,257,10908,0,12,0,227,5,241,49,4,10,33,0,95,3,0,0,4,0,11,90,28,23,57,0,207,637,485,327,7657,181,9290,94,0,29,22,0,145,17,3,0,42,0,64,96,69,36,721,10,935,16,9,5,45,0,81,11,0,0,3,0,20,26,6,3,13,0,49,133,91,84,2430,35,2771,71,35,16,410,13,540,3,0,0,0,0,3,9,7,0,23,0,39,0,0,0,0,0,0,18,11,3,10,4,48,24,6,8,35,0,76,51,13,22,15,3,100,22,3,5,22,0,54,4,3,0,0,0,13,165,116,71,1749,39,2144,0,3,0,0,0,4,14,0,0,0,0,12,19,0,0,26,0,55,0,0,0,0,0,3,0,0,0,0,0,0,3,0,0,0,0,3,22,16,4,55,0,98,249,77,50,171,12,563,21,11,18,328,1547,1922,1580,946,648,17641,1999,22807
LGA16650,1798,2061,1552,8866,225,14502,7,23,7,102,3,151,14423,150,220,176,116,15083,666,76,42,135,10,925,230,51,43,91,3,422,4287,1452,1044,7721,286,14786,2310,51,176,28,37,2605,323,32,20,83,10,472,759,139,83,656,20,1656,7211,895,506,2526,101,11243,283,26,14,38,8,365,2688,51,24,18,14,2794,1173,540,292,3568,77,5653,2859,536,251,1185,97,4935,433,0,8,3,3,454,5499,842,356,675,84,7459,4312,303,200,487,46,5357,631,112,77,217,7,1053,665,76,45,25,11,817,360,96,67,32,11,572,453,41,24,69,0,589,638,15,45,25,11,728,877,391,258,2014,48,3589,789,62,29,42,4,927,163,27,12,7,5,221,1249,34,50,70,18,1411,102,9,3,5,0,120,480,49,32,45,6,611,1318,28,30,14,20,1414,95,37,21,104,3,258,20518,923,791,864,206,23297,766,86,39,230,6451,7574,70505,5970,4005,21229,7700,109404
LGA16700,1052,2906,2395,13906,300,20556,5,7,3,64,0,81,26549,323,561,377,190,27997,563,71,46,133,8,827,415,118,63,152,8,759,5277,2441,1693,12282,292,21980,2309,37,162,42,15,2560,330,47,39,127,3,548,852,218,163,1063,20,2315,1129,192,106,641,14,2073,266,49,23,60,3,402,5337,59,85,50,22,5555,1364,737,504,5738,92,8434,3810,907,408,2171,92,7387,5647,49,66,21,26,5810,1296,238,150,391,17,2091,194,18,17,47,7,273,275,59,61,184,8,581,179,30,28,6,3,249,398,141,106,48,5,701,513,72,44,104,8,741,489,21,47,42,3,606,1202,704,436,3766,62,6165,337,28,12,27,0,402,323,59,27,14,3,419,668,27,25,53,8,784,880,30,21,18,3,947,241,12,17,12,3,284,987,25,35,13,11,1071,169,59,44,209,5,493,14079,926,842,921,126,16896,441,35,28,197,4580,5282,70127,6369,4880,29254,5670,116302
LGA16900,431,2802,2126,21185,493,27039,0,20,14,353,5,395,343,18,36,94,11,503,377,86,31,130,11,635,512,145,107,325,17,1106,5002,2568,2021,16584,464,26643,332,14,84,13,4,449,106,24,31,148,3,311,1026,327,218,1529,61,3160,349,99,49,260,16,776,188,44,17,71,7,319,262,23,6,19,0,311,830,449,352,4892,91,6619,1104,358,153,1154,44,2813,62,3,8,0,0,69,98,28,22,58,0,210,1488,197,98,394,39,2211,598,170,74,356,11,1206,222,46,27,35,0,331,179,113,65,46,3,413,296,65,47,125,10,537,72,6,14,39,0,130,1240,639,445,3773,90,6181,304,41,19,50,8,418,99,25,11,5,0,142,790,108,87,246,24,1257,25,4,3,5,0,42,288,48,26,27,3,395,143,7,3,9,0,161,343,73,77,199,3,694,2697,555,406,729,68,4457,168,39,19,391,3000,3612,16815,5385,3929,38138,4182,68460
LGA16950,443,3655,2558,35460,789,42905,4,34,10,704,25,768,422,38,56,217,18,751,242,32,25,65,14,373,667,188,133,353,17,1360,6841,3493,2560,29205,824,42934,340,31,103,28,10,502,160,43,34,237,3,475,1000,283,196,2319,55,3856,318,58,31,256,7,667,181,33,16,56,5,291,322,32,10,26,4,393,1199,677,505,9185,200,11762,713,268,102,1054,33,2169,37,9,4,9,0,58,52,19,11,50,4,135,49,0,7,11,5,77,372,89,46,240,13,763,140,56,37,52,0,285,296,168,92,77,6,639,332,71,37,111,4,569,142,23,21,53,5,249,1574,879,629,7071,162,10319,75,8,4,23,6,116,140,32,17,26,0,211,200,18,19,94,0,342,42,4,3,8,0,59,27,6,0,6,0,43,77,10,9,5,4,106,337,79,61,307,10,791,2260,560,383,1014,72,4282,166,54,36,722,6843,7829,15703,6461,4545,64316,8622,99650
LGA17000,66,612,527,9521,132,10853,0,9,0,80,0,91,91,3,12,23,0,132,10,0,4,5,0,18,135,44,36,90,0,304,867,513,462,7615,142,9595,127,0,26,0,3,157,36,9,5,65,0,112,126,58,41,856,16,1100,16,10,0,32,0,55,17,3,8,19,0,45,53,3,3,4,3,67,217,90,102,2186,26,2619,63,31,13,188,3,300,13,0,6,0,0,17,9,0,0,7,0,23,0,0,0,0,0,0,39,18,13,58,0,120,82,18,17,21,0,130,89,38,42,36,7,216,31,11,11,52,0,102,18,3,3,9,0,36,252,146,121,1802,18,2341,9,0,0,0,0,10,49,0,17,10,0,79,24,3,0,22,0,48,10,0,0,0,0,10,9,0,0,0,0,7,26,3,3,0,0,33,27,11,5,67,0,117,328,86,66,159,5,647,22,11,10,244,1590,1872,2249,1012,896,16968,1872,22987
LGA17040,100,668,501,6945,132,8348,0,0,0,31,3,35,112,9,3,46,4,177,33,13,3,12,0,62,187,48,36,74,7,352,1068,624,498,5581,143,7922,42,6,9,3,0,55,50,8,17,35,0,114,343,111,67,547,15,1093,38,6,16,28,0,89,42,7,6,17,0,70,37,3,5,8,3,52,197,151,110,1988,48,2493,178,62,24,182,6,457,31,0,0,0,0,32,49,16,0,34,3,104,17,3,3,4,0,24,19,8,13,24,0,59,25,16,4,8,3,56,96,31,27,14,3,169,83,15,11,34,0,144,41,11,3,25,0,86,289,159,153,1599,35,2238,13,4,4,7,0,33,27,6,3,3,0,45,34,12,0,4,0,46,7,0,0,0,0,10,18,0,0,0,0,16,14,0,0,0,0,14,39,21,7,50,0,122,655,141,87,240,21,1151,42,8,7,181,1734,1968,3184,1244,955,12774,2060,20218
LGA17080,34,296,241,5807,165,6548,0,0,0,97,0,97,59,3,3,33,0,101,13,3,0,4,0,23,73,19,13,43,3,148,468,258,209,4531,136,5600,42,0,0,3,4,50,15,3,7,34,0,52,125,38,25,457,10,654,15,4,3,14,0,31,10,5,0,5,0,19,33,0,0,4,0,35,80,65,42,1476,23,1687,25,18,4,92,0,139,7,0,0,0,0,7,4,0,0,4,0,8,11,0,0,3,0,10,10,0,0,7,0,21,40,22,7,0,3,73,58,17,20,8,0,104,27,4,0,13,3,47,8,3,3,7,0,16,144,60,74,1057,21,1353,3,0,0,0,0,6,60,0,3,3,0,66,7,0,0,3,0,12,0,0,0,0,0,0,0,0,0,0,0,0,4,0,0,0,0,4,9,10,0,22,0,43,294,50,43,86,3,484,10,6,5,166,1277,1473,1394,538,408,10471,1590,14395
LGA17100,468,469,435,2087,59,3518,3,0,0,12,0,15,7939,85,139,117,55,8332,180,14,7,43,0,248,46,12,9,26,0,92,1188,317,244,1809,59,3614,616,16,21,6,5,668,80,10,8,27,0,122,132,45,33,176,7,396,531,76,41,214,8,868,83,11,7,22,3,129,5083,35,30,15,29,5185,289,138,102,983,20,1537,1091,208,138,501,26,1978,3593,9,50,10,21,3681,1504,310,180,441,38,2464,34,5,0,7,0,40,77,24,10,38,0,143,59,9,5,0,3,78,73,23,13,3,5,113,129,22,9,14,0,172,186,4,9,31,0,235,176,84,57,530,6,862,77,14,9,3,0,109,29,3,10,0,3,45,175,12,12,19,0,213,857,13,5,0,4,882,148,16,8,6,0,172,977,15,23,19,3,1031,16,6,3,24,0,42,6012,244,196,209,67,6722,262,4,13,31,2533,2846,29686,1449,1165,5113,2904,40312
LGA17150,1264,9058,6619,61996,974,79909,4,25,9,300,4,347,6400,196,396,534,65,7583,1006,161,101,401,13,1671,1263,410,228,828,24,2746,13721,8303,5751,55139,956,83866,1315,56,292,42,19,1723,634,158,95,632,14,1536,2060,684,462,4178,71,7448,3831,818,458,2446,50,7605,418,95,49,172,7,732,1826,102,84,81,21,2121,3588,2217,1419,21375,277,28879,3790,1228,587,3989,88,9673,291,9,42,14,3,360,1413,299,168,553,18,2452,1202,208,65,311,12,1798,1008,369,168,782,17,2351,805,226,103,80,20,1235,970,472,349,185,22,2000,954,149,131,339,6,1573,1036,81,66,175,10,1373,3281,1840,1326,14207,212,20864,410,54,20,76,6,559,696,141,127,73,9,1042,942,82,102,186,16,1319,176,27,24,31,0,257,215,33,19,11,4,288,507,8,66,17,3,607,591,215,132,728,8,1686,11296,2065,1798,2689,162,18005,391,91,69,1028,7874,9453,55856,17465,12350,122508,10279,218464
LGA17200,1182,5068,4012,21290,410,31968,20,50,21,483,14,586,34455,382,567,484,274,36166,576,101,50,141,10,879,1177,313,198,441,21,2150,16965,4713,3489,22996,532,48686,2023,44,237,24,25,2355,2353,176,108,379,33,3052,2976,524,401,2475,69,6443,2059,426,175,826,41,3531,579,131,65,139,9,918,4048,98,87,56,15,4302,6141,1618,1133,12428,202,21524,4225,821,342,1742,38,7164,3799,37,65,37,25,3955,927,142,110,276,10,1475,337,35,25,21,5,422,353,126,83,246,7,813,625,57,45,39,16,782,1295,218,158,63,16,1755,1334,165,121,318,19,1961,1772,89,85,153,16,2121,4174,1254,1035,7723,145,14328,580,45,27,38,7,701,609,64,46,18,3,748,2033,63,44,93,18,2247,542,32,25,14,3,617,655,30,14,12,10,718,2597,24,65,29,25,2751,618,130,79,440,9,1270,30060,1636,1447,1724,270,35142,877,42,37,346,25145,26450,112560,10719,8218,49938,26939,208374
LGA17310,144,1235,945,25900,530,28751,3,8,0,498,12,526,359,22,22,205,11,616,16,17,0,18,0,51,197,66,48,177,3,501,1397,1103,803,20277,530,24110,380,10,29,6,14,436,57,18,21,159,5,251,219,98,67,2166,43,2585,35,9,6,65,4,118,29,9,5,21,0,60,307,9,3,19,3,341,279,249,163,6093,114,6899,94,64,26,481,11,675,165,0,4,0,0,173,34,13,3,52,0,103,4,6,0,4,0,15,62,26,9,78,3,175,89,30,25,38,0,179,98,75,45,64,6,291,51,12,7,53,0,126,36,4,3,14,0,65,394,306,200,4928,92,5928,9,0,0,9,0,11,113,13,18,10,0,150,44,3,6,27,3,83,34,3,0,3,0,43,3,4,0,4,0,8,64,0,3,0,0,70,48,25,18,163,0,259,925,193,137,427,18,1696,54,13,9,667,4003,4751,4786,2153,1542,46090,5086,59663
LGA17350,31,99,69,2505,44,2752,0,0,3,16,0,21,12,0,0,9,3,30,3,0,0,0,0,3,21,12,7,10,0,41,132,98,65,2209,41,2543,32,0,0,4,4,43,3,0,0,9,0,17,24,12,10,513,8,560,7,3,0,7,0,21,0,0,0,0,0,0,22,0,0,0,0,22,24,24,13,713,10,780,16,12,0,34,0,59,0,0,0,0,0,0,4,0,0,3,0,13,0,0,0,0,0,0,0,0,0,3,0,6,5,0,0,0,0,5,5,3,0,4,0,17,11,3,0,7,0,21,0,0,0,0,0,0,43,19,15,576,13,660,4,0,0,0,0,4,3,0,3,0,0,7,4,0,0,4,0,5,7,0,0,0,0,7,0,0,0,0,0,0,16,0,4,0,0,20,6,6,0,15,0,26,42,14,4,32,3,100,4,3,0,96,284,394,391,182,122,5027,382,6110
LGA17400,14,151,81,2345,71,2665,0,0,0,136,0,142,9,0,5,5,0,22,0,3,0,0,0,5,36,13,3,6,3,61,254,153,93,1971,52,2525,23,0,3,0,0,27,16,0,0,13,3,29,49,33,9,396,12,502,7,3,0,5,0,12,3,0,0,0,0,4,10,0,0,0,0,14,44,34,27,775,21,900,44,25,3,78,0,157,0,0,0,0,0,0,0,0,0,0,0,0,0,0,0,0,0,0,8,0,0,5,0,12,4,3,0,4,0,19,15,4,0,3,0,24,12,4,0,0,0,14,6,4,0,3,0,15,70,44,23,552,32,718,3,0,0,0,0,3,0,0,0,0,0,3,6,3,0,0,0,10,5,0,0,0,3,5,0,0,0,0,0,3,3,0,0,0,0,3,11,3,3,18,0,40,86,28,19,56,4,190,9,4,0,94,651,759,596,293,168,4761,811,6628
LGA17420,1520,5154,3763,28693,326,39462,3,9,4,86,0,100,18505,280,471,471,104,19829,919,156,104,334,6,1526,1096,289,156,474,12,2030,9978,4082,3047,24689,367,42166,3079,116,226,51,20,3499,435,75,48,270,6,840,1545,353,325,2049,36,4318,1092,239,126,741,12,2200,354,56,43,112,3,575,9462,166,158,85,43,9918,2488,1038,762,9155,113,13548,3435,1072,460,2825,59,7859,3324,14,51,14,18,3419,1844,426,245,802,37,3352,101,26,14,41,0,178,1271,367,207,961,21,2825,283,37,32,18,5,378,660,280,218,91,5,1257,916,113,117,216,8,1373,588,49,44,119,3,804,2214,976,730,6866,87,10878,349,49,39,82,4,521,1355,115,70,36,11,1584,954,83,51,93,6,1189,2174,50,39,15,5,2289,480,71,24,27,0,604,660,38,32,30,0,761,376,78,50,336,7,846,16541,1358,1093,1477,107,20579,511,61,58,350,4226,5206,77200,10143,7532,56990,5383,157243
LGA17550,476,3345,2381,29185,688,36073,0,21,5,460,14,504,449,42,38,211,11,749,96,33,11,51,5,194,608,192,122,356,18,1293,7407,3066,2237,26010,733,39452,433,19,143,9,10,613,248,63,37,264,6,616,859,290,203,2522,73,3947,136,91,22,211,12,466,113,40,10,34,5,202,468,38,51,50,3,602,1439,793,543,9928,189,12892,592,284,105,1051,32,2067,35,0,3,3,0,45,36,16,4,69,3,126,10,4,0,4,0,23,146,48,26,142,4,366,382,68,51,69,7,574,552,212,172,90,8,1043,216,45,33,102,9,402,95,30,23,36,3,187,1805,838,606,7092,147,10491,32,7,4,11,0,52,161,51,29,22,5,262,159,19,29,96,8,311,24,5,5,11,0,52,23,7,4,6,0,41,30,13,11,10,0,62,295,74,45,255,16,679,2423,655,471,1322,66,4937,185,70,38,761,5886,6936,15711,6220,4390,57571,7487,91371
LGA17620,26,284,217,6019,129,6675,3,0,0,53,0,62,80,0,0,16,0,89,3,0,3,3,0,6,45,26,12,47,0,120,475,295,199,4607,128,5708,92,0,4,4,0,98,9,0,0,24,0,38,54,32,25,399,9,523,5,0,3,16,0,19,8,3,3,0,0,17,37,0,0,0,0,41,155,62,44,1341,29,1633,36,13,6,102,0,162,9,0,0,0,0,9,12,0,0,8,0,20,0,0,0,0,0,0,9,9,0,22,0,38,29,3,0,4,0,38,46,9,6,9,0,71,5,3,7,5,0,20,7,0,0,8,0,14,133,87,45,1140,29,1424,3,0,0,3,0,5,25,0,0,3,0,28,6,3,0,16,0,22,8,0,0,0,0,8,0,0,0,0,0,0,33,0,0,0,0,39,16,8,7,42,0,69,171,30,29,73,3,307,23,13,7,205,1143,1393,1249,523,375,10557,1401,14112
LGA17640,15,161,148,3062,51,3433,0,0,0,14,0,12,12,0,3,11,0,32,6,3,0,3,0,15,43,10,13,40,0,105,296,147,127,2485,53,3111,5,5,0,3,0,12,8,0,0,25,0,34,42,17,10,143,8,221,11,4,5,16,0,29,5,4,0,9,0,17,6,0,0,0,0,6,76,39,35,1077,11,1245,19,8,0,47,0,72,0,0,0,0,0,0,6,4,0,7,0,19,3,0,0,0,0,3,25,8,0,21,0,57,12,0,3,0,0,12,14,7,5,4,0,31,17,3,0,0,0,25,5,0,4,3,0,17,92,54,42,723,20,927,4,0,0,0,0,4,6,3,0,0,0,9,6,0,0,3,0,11,3,4,0,0,0,6,0,0,0,0,0,0,0,0,0,0,0,0,14,5,0,26,0,45,80,27,27,40,3,185,7,4,6,78,539,642,657,309,262,5815,653,7695
LGA17650,15,171,126,2618,42,2971,0,0,0,28,0,23,6,0,0,6,0,12,0,0,0,0,0,0,31,9,3,14,0,64,239,135,100,1947,52,2475,0,0,7,0,0,9,9,3,5,19,0,37,43,20,8,245,4,325,4,0,0,3,0,8,4,0,0,0,0,3,3,0,0,0,0,7,35,22,25,664,7,757,22,12,0,33,0,60,0,0,0,0,0,0,3,0,0,3,0,9,0,0,0,0,0,0,3,6,0,4,0,19,7,3,6,3,0,13,17,17,8,3,0,43,5,0,0,11,0,21,4,4,0,0,0,10,63,37,36,531,7,678,0,0,0,0,0,0,16,3,4,0,0,22,4,0,0,3,0,10,0,0,0,0,0,0,0,0,0,0,0,0,3,0,0,0,0,3,11,0,0,17,0,27,71,24,27,43,3,173,3,3,0,68,361,436,487,278,208,4622,456,6048
LGA17750,164,1409,993,23881,439,26878,0,11,3,418,16,452,518,22,44,139,0,722,33,3,8,33,0,84,238,94,76,303,7,712,1565,1363,965,20518,360,24765,408,4,46,25,0,493,68,25,21,188,3,301,298,147,118,2728,41,3330,89,32,8,146,0,273,40,10,6,25,0,80,812,10,14,21,3,854,344,326,264,7859,109,8909,184,125,44,750,15,1113,62,0,10,5,0,75,26,15,11,46,3,96,3,0,0,7,0,14,42,11,9,85,3,152,71,25,10,31,6,142,101,72,55,52,5,280,91,21,26,91,3,221,39,3,0,15,0,57,462,330,260,5540,82,6682,28,0,0,5,0,36,136,14,22,3,0,178,77,3,3,53,0,139,105,0,7,6,0,119,3,0,0,0,0,4,69,0,9,0,0,81,55,25,20,165,0,275,2248,296,168,561,39,3314,91,22,14,634,3170,3932,7159,2615,1853,46705,4046,62385
LGA17850,3,57,51,1330,29,1472,0,0,0,30,0,30,7,0,0,0,0,10,3,0,0,0,0,3,3,3,0,9,0,12,81,43,41,985,21,1168,4,0,0,0,0,4,3,0,0,0,0,10,11,7,4,90,0,115,0,0,0,6,0,6,0,0,0,0,0,0,0,0,0,0,0,4,11,11,9,264,6,310,3,5,0,18,0,30,0,0,0,0,0,0,0,0,0,3,0,6,0,0,0,0,0,0,0,0,0,4,0,5,8,0,0,3,3,14,11,10,4,0,0,24,4,0,0,0,0,3,7,0,0,0,0,7,25,19,14,315,3,375,0,0,0,0,0,0,0,0,0,0,0,0,0,0,0,0,0,5,0,0,0,0,0,0,0,0,0,0,0,0,0,0,0,0,0,0,0,0,0,12,0,16,36,3,11,10,0,61,3,0,0,55,318,375,177,93,88,2361,374,3092
LGA17900,18,108,67,2479,87,2762,0,4,0,532,14,550,18,0,3,9,0,36,36,0,0,7,0,45,31,12,3,14,0,63,150,70,64,1397,48,1727,43,0,3,4,0,48,3,3,0,13,0,22,63,13,3,121,5,208,10,0,0,5,0,13,15,3,4,5,0,27,28,4,0,3,0,34,38,19,18,439,6,517,17,3,0,32,0,51,7,0,0,0,0,7,3,0,0,0,0,7,8,0,0,0,0,8,4,0,0,7,0,9,14,3,0,6,0,21,3,6,3,12,0,23,15,0,4,0,0,25,3,0,0,0,0,3,47,16,16,358,8,436,44,7,0,3,0,58,5,0,0,0,0,5,3,3,4,3,0,18,0,0,0,0,0,0,3,3,0,0,0,4,0,0,0,0,0,0,3,3,0,6,0,16,181,25,19,51,3,280,11,4,0,101,666,790,690,189,125,4307,802,6107
LGA17950,0,46,19,1210,19,1297,0,0,0,22,0,22,8,0,0,5,0,13,0,0,0,0,0,0,4,4,0,6,0,12,45,36,37,968,28,1113,10,0,0,0,0,13,5,0,0,10,0,14,14,3,7,34,0,54,0,0,0,0,0,0,0,0,0,0,0,0,0,0,0,0,0,0,18,6,7,304,3,339,9,0,0,15,0,23,0,0,0,0,0,0,0,0,0,8,0,4,0,0,0,0,0,0,0,0,0,0,0,0,0,0,0,0,0,0,3,3,0,0,0,4,4,0,0,0,0,4,0,0,0,0,0,0,20,13,11,215,4,259,0,0,0,0,0,0,3,0,0,0,0,3,0,0,0,0,0,0,0,0,0,0,0,0,0,0,0,0,0,0,0,0,0,0,0,0,0,0,0,4,0,4,30,3,4,10,0,46,0,0,0,37,244,283,142,75,54,2176,288,2732
LGA18020,32,181,145,4006,104,4465,0,3,3,70,6,84,17,0,3,25,0,49,4,3,0,0,0,4,35,12,8,14,0,80,267,180,113,3136,91,3790,18,0,3,0,4,24,12,0,4,16,0,33,62,23,11,235,11,337,18,3,0,16,0,38,8,3,0,0,0,12,31,4,0,0,0,34,45,28,23,805,25,935,23,8,4,53,0,82,4,0,0,0,0,7,3,0,0,7,0,10,0,0,0,3,0,5,10,7,0,8,0,21,10,7,0,3,0,19,12,9,9,9,0,37,17,0,0,3,0,19,3,0,0,0,0,8,72,53,47,757,20,947,4,0,0,0,0,4,11,0,4,3,3,18,6,0,0,5,0,14,3,0,0,0,0,3,0,0,0,0,0,0,4,5,0,0,0,6,11,0,0,17,0,30,100,21,24,64,3,211,12,7,4,86,894,998,693,334,248,7014,1097,9384
LGA18050,637,2708,2105,8350,134,13931,3,3,6,36,0,55,1697,123,149,181,24,2172,215,42,22,66,3,342,433,95,78,144,3,757,8006,2029,1454,7672,193,19353,443,3,58,10,4,522,1040,78,62,128,18,1325,1539,255,183,774,23,2781,790,184,90,432,14,1514,807,114,76,149,4,1153,467,42,38,42,3,585,2752,631,467,4209,67,8133,2139,319,163,673,20,3309,212,0,13,12,0,238,224,37,22,114,4,396,65,5,8,17,0,96,134,33,29,68,0,266,185,30,11,22,4,246,634,109,120,32,10,903,1143,145,130,234,5,1654,1474,93,72,105,11,1756,1521,475,361,2475,44,4881,148,7,4,13,4,175,1991,175,125,23,11,2328,872,30,32,37,7,981,77,13,9,7,0,110,124,6,0,0,4,134,135,10,12,3,0,160,275,45,26,126,0,473,9581,1005,819,773,92,12264,341,46,34,146,6765,7328,32072,5193,3959,18280,7312,66812
LGA18100,9,65,75,1505,29,1688,0,0,0,4,0,10,7,3,0,3,0,14,0,0,0,0,0,0,15,0,0,15,0,36,111,78,63,1298,33,1585,13,0,0,0,0,17,0,0,0,3,0,4,18,3,4,88,0,114,3,0,0,5,0,9,3,0,0,0,0,8,9,0,0,6,0,14,13,17,8,368,10,417,8,0,0,20,0,31,0,0,0,0,0,0,0,0,0,0,0,0,0,0,0,0,0,0,5,0,0,4,0,12,3,5,0,0,0,4,3,0,0,9,0,9,0,0,0,0,0,5,3,0,0,0,0,3,26,17,12,341,7,399,0,0,0,0,0,0,0,0,0,0,0,0,3,0,0,0,0,4,0,0,0,0,0,0,0,0,0,0,0,0,3,0,0,0,0,3,4,3,0,6,0,16,25,10,0,22,0,57,5,0,0,49,282,335,246,125,117,2828,351,3664
LGA18200,18,103,76,2489,84,2773,0,4,4,259,19,288,7,0,0,4,0,13,14,0,3,5,0,23,30,3,13,16,0,58,179,113,84,2054,51,2472,19,0,3,0,0,21,8,0,0,13,0,21,30,13,4,295,6,349,6,3,3,8,0,20,11,3,0,0,0,19,13,0,0,0,0,9,37,27,14,541,9,625,122,31,9,165,5,340,0,0,0,0,0,0,0,0,0,0,0,0,0,0,0,0,0,0,3,3,0,8,0,18,11,0,3,0,0,11,11,3,3,3,0,30,6,6,3,10,0,18,3,0,0,0,0,7,36,35,25,569,12,672,0,0,0,0,0,0,0,0,0,0,0,0,0,0,0,3,0,3,0,0,0,0,0,0,9,0,0,0,0,9,0,0,0,0,0,0,8,0,0,19,0,32,61,18,4,63,8,161,8,0,0,133,674,822,553,228,159,5034,826,6794
LGA18230,112,973,668,21538,417,23709,4,15,7,698,16,739,288,13,24,176,7,511,12,4,3,11,0,37,173,60,57,220,0,508,980,888,671,16321,350,19216,217,4,48,5,9,280,40,7,11,133,5,201,163,78,58,1320,16,1631,62,17,13,85,0,181,24,7,0,10,0,40,456,7,11,16,3,495,226,224,159,5445,81,6141,110,59,20,405,3,602,52,3,4,0,3,63,43,13,3,40,3,97,6,3,0,0,0,11,32,25,4,54,0,117,65,25,24,33,0,150,69,54,29,46,3,208,53,15,17,61,3,142,36,3,3,16,0,56,264,258,174,3719,59,4468,3,0,3,4,0,16,46,7,4,12,0,73,24,4,0,35,7,66,99,3,6,0,0,112,10,4,0,0,0,14,60,0,3,0,4,63,38,18,11,116,0,184,1121,145,101,337,29,1733,48,11,15,557,4167,4800,4206,1736,1267,37882,4980,50077
LGA18250,578,2484,2071,9749,123,14998,4,5,0,21,0,32,16716,251,507,347,108,17932,483,62,38,95,0,679,358,131,69,126,3,686,5310,2074,1488,9081,164,18118,975,17,76,14,3,1086,340,59,43,138,4,583,704,187,135,771,15,1810,471,94,51,273,6,896,268,38,17,54,0,382,2422,41,53,38,18,2564,1368,633,449,4544,70,7061,1193,285,153,694,22,2355,2591,8,61,8,7,2679,348,62,46,115,4,574,107,19,5,12,0,136,87,29,17,49,3,183,85,6,0,0,0,89,449,129,93,22,3,695,375,52,45,83,4,558,338,25,44,46,3,462,1188,529,372,2983,42,5117,128,0,12,14,0,155,393,59,27,12,3,484,339,20,11,32,5,406,168,25,12,7,0,214,60,13,3,3,0,81,382,17,20,10,4,433,212,48,34,130,3,425,8304,566,736,573,69,10254,236,21,17,128,3376,3784,41380,4619,3881,20501,3916,74302
LGA18350,233,2027,1387,14504,310,18461,0,6,6,79,4,99,414,14,33,67,6,533,98,23,19,20,0,173,375,129,64,185,10,764,4009,2020,1418,13446,362,21256,127,13,25,4,0,171,131,41,12,126,3,308,541,169,123,1036,26,1902,196,56,26,118,10,403,127,19,11,24,0,190,230,12,3,4,0,251,768,476,292,4919,113,6566,501,167,67,589,22,1349,35,0,3,3,0,45,72,29,11,62,0,175,58,6,3,13,3,74,138,36,25,108,3,301,64,19,21,16,3,119,163,77,58,35,3,342,218,30,28,89,0,374,79,14,14,36,0,148,1055,580,393,4000,88,6112,45,3,0,3,0,53,119,22,22,22,0,190,101,13,9,40,3,159,21,0,10,5,0,40,23,4,3,3,3,38,69,0,4,4,0,79,160,41,29,160,3,392,1573,339,252,547,22,2737,54,25,16,331,2823,3252,9443,3728,2552,28570,3588,47882
LGA18400,270,2127,1353,18158,351,22260,0,22,8,199,3,228,244,16,25,97,4,387,239,48,26,131,0,449,318,119,48,201,9,694,3112,1768,1326,12370,265,18845,120,5,46,11,0,186,76,14,8,100,8,208,455,141,134,1021,30,1775,185,60,25,158,4,434,109,28,12,42,0,189,109,20,13,10,0,163,721,398,265,3701,82,5165,741,313,140,1029,34,2250,20,0,0,0,0,24,237,46,22,72,9,396,53,16,9,16,0,88,551,157,126,593,19,1448,81,26,19,12,5,142,135,96,70,62,0,363,152,50,30,70,4,314,92,15,10,38,0,150,741,395,263,2838,54,4284,89,22,18,49,0,178,97,24,13,8,4,142,117,28,13,22,0,179,31,0,5,0,0,33,29,9,3,12,0,49,52,3,11,0,0,70,130,41,24,117,3,313,1458,388,235,526,40,2635,74,23,18,344,2203,2666,8828,3781,2529,30467,2920,48519
LGA18450,1469,8192,5917,53940,1079,70592,7,77,32,674,12,802,4528,98,145,323,38,5132,1184,168,114,338,29,1839,1547,517,317,1047,32,3456,13259,7374,5703,45406,1048,72786,1197,64,237,55,34,1579,436,89,81,473,12,1095,2316,756,567,3884,96,7612,1705,348,189,950,40,3231,442,70,37,166,13,730,1945,60,47,56,19,2128,2796,1706,1211,16211,284,22202,5784,1367,685,4110,164,12116,357,6,16,20,3,396,1170,240,150,283,29,1864,4845,504,276,909,69,6594,919,279,150,759,24,2130,498,121,114,105,22,858,623,354,271,200,26,1467,939,168,122,398,18,1639,322,45,51,127,7,554,3814,2014,1549,12120,192,19690,1453,148,87,194,23,1911,332,87,67,33,12,527,1162,158,107,273,14,1712,298,19,16,11,3,348,933,104,53,54,13,1163,1117,36,49,26,10,1232,771,252,180,702,16,1932,12718,1819,1421,2411,225,18598,537,93,75,1007,9153,10874,60972,15974,11686,102995,12000,203630
LGA18500,512,2393,1696,8078,128,12806,0,3,0,19,0,22,1989,114,146,109,25,2390,178,33,17,47,0,279,339,92,37,122,0,598,5771,2029,1441,8591,173,18011,316,12,37,7,3,366,596,66,50,136,9,855,1083,231,144,838,10,2299,766,207,104,626,11,1719,752,98,59,142,5,1059,473,42,38,15,3,578,1549,596,462,4536,73,7218,985,286,129,597,19,2008,163,3,14,5,0,183,186,75,52,203,0,517,50,12,3,7,0,77,81,33,18,57,0,186,92,9,3,4,0,110,443,85,62,17,3,614,964,162,110,212,6,1446,769,86,73,95,6,1026,1373,550,337,3160,48,5475,104,10,18,9,3,149,1371,93,87,13,4,1564,348,24,27,28,0,428,105,14,18,8,0,146,95,9,9,3,0,120,182,3,23,3,0,204,195,22,18,138,0,381,5641,831,634,703,59,7865,170,17,31,137,4628,4984,21772,4838,3447,19110,5072,54240
LGA18710,71,577,469,6224,99,7446,0,3,0,26,0,34,56,4,13,18,3,97,77,15,0,48,0,135,147,51,35,82,0,311,913,486,441,4731,103,6668,27,3,3,3,0,37,21,8,8,44,0,92,151,54,51,396,9,662,26,18,3,28,0,70,22,14,10,20,0,64,31,7,0,6,0,43,197,141,91,1799,30,2259,59,30,8,144,5,254,3,0,0,0,0,6,18,0,10,11,0,31,8,3,0,4,0,11,23,11,3,41,0,82,12,8,7,11,0,35,50,18,25,3,0,98,50,14,19,30,3,111,13,3,4,14,0,34,228,159,101,1267,31,1782,9,4,0,6,0,23,25,10,3,3,0,39,9,0,4,8,0,22,4,0,0,0,0,6,5,0,0,0,0,5,18,0,4,3,0,26,31,13,3,52,0,108,349,106,78,188,7,729,17,21,8,130,916,1094,2092,1037,803,11076,1139,16142
LGA19399,3,23,23,438,12,499,0,0,0,0,0,0,0,0,0,0,0,8,3,0,0,0,0,4,0,3,0,0,0,4,36,14,23,295,5,373,0,0,0,0,0,0,3,0,0,3,0,4,10,3,6,44,0,67,0,0,0,0,0,0,3,0,0,0,0,3,0,0,0,0,0,0,3,3,3,115,0,131,3,0,0,7,0,16,0,0,0,0,0,0,0,0,0,0,0,0,0,0,0,0,0,0,0,0,0,0,0,5,4,3,3,0,0,7,9,3,0,0,0,12,0,3,0,0,0,3,3,0,0,0,0,3,9,3,3,96,0,116,0,0,0,0,0,0,0,0,0,0,0,0,0,0,0,0,0,3,0,0,0,0,0,0,0,0,0,0,0,0,0,0,0,0,0,0,0,0,0,5,0,8,14,8,6,17,0,46,3,0,0,11,113,120,93,42,45,754,126,1056
LGA19499,70,302,198,2595,82,3249,0,3,3,95,6,105,428,12,7,20,4,473,26,0,0,4,0,34,79,21,13,35,0,149,812,254,191,1952,70,3270,76,0,22,4,0,105,62,9,6,27,0,108,151,27,20,202,4,399,44,9,3,20,3,76,27,3,0,5,0,33,142,0,0,3,0,144,205,66,40,714,12,1039,123,30,15,95,8,265,45,0,0,0,0,45,79,10,5,16,0,111,10,0,0,0,0,9,18,8,0,8,0,43,54,10,7,6,0,79,60,17,8,6,6,94,38,6,8,13,0,70,22,0,3,6,3,34,189,57,46,536,16,840,18,0,0,0,0,15,39,3,4,3,0,50,53,0,0,10,0,65,13,0,0,3,0,11,27,0,0,0,0,36,82,3,3,0,0,86,32,8,7,25,0,66,890,76,55,102,26,1140,48,4,4,63,3194,3312,3262,554,393,4675,3398,12288
LGA19799,6,17,7,91,0,125,0,0,0,0,0,0,33,0,0,3,0,39,3,0,0,0,0,3,3,0,0,0,0,0,39,12,6,72,10,137,0,0,0,0,0,0,0,0,0,0,0,0,4,0,0,4,0,11,0,0,0,0,0,0,0,0,0,0,0,0,0,0,0,0,0,0,8,0,3,31,0,44,10,0,0,0,3,10,3,0,0,0,0,3,0,0,0,0,0,0,3,0,0,0,0,3,3,0,0,0,0,3,3,0,0,0,0,3,0,0,0,0,0,0,3,0,0,0,0,3,8,0,0,0,0,8,14,0,7,24,0,42,0,0,0,0,0,0,0,0,0,0,0,0,0,0,0,0,0,0,0,0,0,0,0,0,0,0,0,0,0,0,14,0,0,0,0,14,0,0,0,0,0,0,23,0,0,4,0,26,8,0,0,3,38,52,166,17,13,176,42,412
