LGA_CODE_2016,Buddhism_M,Buddhism_F,Buddhism_P,Christianity_Anglican_M,Christianity_Anglican_F,Christianity_Anglican_P,Christianity_Asyrin_Apstlic_M,Christianity_Asyrin_Apstlic_F,Christianity_Asyrin_Apstlic_P,Christianity_Baptist_M,Christianity_Baptist_F,Christianity_Baptist_P,Christianity_Brethren_M,Christianity_Brethren_F,Christianity_Brethren_P,Christianity_Catholic_M,Christianity_Catholic_F,Christianity_Catholic_P,Christianity_Church_Christ_M,Christianity_Church_Christ_F,Christianity_Church_Christ_P,Christianity_Eastrn_Orthdox_M,Christianity_Eastrn_Orthdox_F,Christianity_Eastrn_Orthdox_P,Christinty_Jehvahs_Witnses_M,Christinty_Jehvahs_Witnses_F,Christinty_Jehvahs_Witnses_P,Christianity_Lattr_day_Snts_M,Christianity_Lattr_day_Snts_F,Christianity_Lattr_day_Snts_P,Christianity_Lutheran_M,Christianity_Lutheran_F,Christianity_Lutheran_P,Christianity_Orintal_Orthdx_M,Christianity_Orintal_Orthdx_F,Christianity_Orintal_Orthdx_P,Christianity_Othr_Protestnt_M,Christianity_Othr_Protestnt_F,Christianity_Othr_Protestnt_P,Christianity_Pentecostal_M,Christianity_Pentecostal_F,Christianity_Pentecostal_P,Christinty_Prsbytrin_Refrmd_M,Christinty_Prsbytrin_Refrmd_F,Christinty_Prsbytrin_Refrmd_P,Christianity_Salvation_Army_M,Christianity_Salvation_Army_F,Christianity_Salvation_Army_P,Christnty_Sevnth_dy_Advntst_M,Christnty_Sevnth_dy_Advntst_F,Christnty_Sevnth_dy_Advntst_P,Christianity_Uniting_Church_M,Christianity_Uniting_Church_F,Christianity_Uniting_Church_P,Christianity_Christian_nfd_M,Christianity_Christian_nfd_F,Christianity_Christian_nfd_P,Christianity_Othr_Christian_M,Christianity_Othr_Christian_F,Christianity_Othr_Christian_P,Christianity_Tot_M,Christianity_Tot_F,Christianity_Tot_P,Hinduism_M,Hinduism_F,Hinduism_P,Islam_M,Islam_F,Islam_P,Judaism_M,Judaism_F,Judaism_P,Othr_Rel_Aust_Abor_Trad_Rel_M,Othr_Rel_Aust_Abor_Trad_Rel_F,Othr_Rel_Aust_Abor_Trad_Rel_P,Othr_Rel_Sikhism_M,Othr_Rel_Sikhism_F,Othr_Rel_Sikhism_P,Othr_Reln_Other_reln_groups_M,Othr_Reln_Other_reln_groups_F,Othr_Reln_Other_reln_groups_P,Other_Religions_Tot_M,Other_Religions_Tot_F,Other_Religions_Tot_P,SB_OSB_NRA_NR_M,SB_OSB_NRA_NR_F,SB_OSB_NRA_NR_P,SB_OSB_NRA_SB_M,SB_OSB_NRA_SB_F,SB_OSB_NRA_SB_P,SB_OSB_NRA_OSB_M,SB_OSB_NRA_OSB_F,SB_OSB_NRA_OSB_P,SB_OSB_NRA_Tot_M,SB_OSB_NRA_Tot_F,SB_OSB_NRA_Tot_P,Religious_affiliation_ns_M,Religious_affiliation_ns_F,Religious_affiliation_ns_P,Tot_M,Tot_F,Tot_P
LGA10050,213,299,515,3876,4774,8647,0,0,0,243,291,533,49,64,116,6130,6945,13079,11,19,38,147,164,312,70,113,178,22,24,49,449,619,1073,6,7,17,47,54,104,230,294,523,833,989,1825,60,79,140,99,103,204,844,1298,2139,492,580,1073,16,15,32,13636,16442,30077,429,406,835,134,107,242,12,11,27,9,8,19,131,117,244,63,72,135,201,196,404,7506,6559,14068,78,68,146,18,35,48,7604,6659,14264,2434,2292,4723,24662,26411,51076
LGA10130,129,182,313,3067,3658,6726,0,0,0,141,165,309,66,68,141,2792,3153,5947,24,35,55,43,40,82,36,43,77,21,33,53,29,40,70,0,3,3,28,38,67,97,141,244,621,711,1330,74,90,165,83,99,185,375,536,912,286,288,575,21,13,33,7816,9142,16955,131,155,283,257,210,463,14,3,17,7,6,19,27,16,41,58,62,118,88,85,181,4224,3850,8074,50,40,85,19,24,46,4294,3914,8204,1504,1534,3041,14227,15220,29449
LGA10250,199,309,503,3599,4364,7966,0,0,0,236,270,507,0,3,3,4302,4866,9168,15,11,26,52,54,105,106,132,238,29,31,59,52,62,114,5,0,5,58,74,131,224,297,519,793,980,1775,34,60,90,108,114,220,787,1016,1809,415,498,920,27,37,63,10843,12864,23709,54,42,95,23,26,48,26,23,49,3,4,6,22,21,44,59,100,156,82,118,204,6660,5960,12618,78,63,135,42,73,114,6775,6093,12877,2122,2182,4304,20127,21658,41790
LGA10300,7,10,16,175,171,341,0,0,0,3,3,4,0,0,0,416,395,810,0,3,5,0,0,0,0,3,3,0,0,0,8,7,15,0,0,0,0,4,5,9,7,11,72,80,156,0,0,0,0,0,0,30,38,68,28,35,58,0,0,0,735,745,1486,6,8,10,4,0,7,0,0,0,0,0,0,0,0,0,0,3,3,0,3,4,268,212,471,0,0,0,0,0,0,264,208,476,154,137,289,1177,1115,2287
LGA10470,128,177,307,3626,4263,7893,0,0,0,252,279,524,92,81,166,6116,6723,12833,16,26,43,75,66,147,66,62,126,30,29,61,40,45,79,8,7,14,76,75,148,123,143,260,827,894,1723,53,58,115,29,46,69,688,829,1512,294,334,631,14,10,15,12406,13955,26367,103,93,202,104,77,183,6,9,14,6,10,18,36,28,59,48,49,95,87,92,182,4994,4250,9250,54,44,96,22,32,53,5077,4322,9394,2786,1872,4661,20695,20605,41300
LGA10550,119,226,342,3398,3878,7277,0,0,0,174,185,361,0,3,3,2893,3060,5949,4,15,16,51,55,98,76,140,212,33,24,58,43,66,111,3,0,3,38,37,82,38,44,82,445,507,950,31,43,80,46,61,111,535,717,1245,287,357,649,14,18,35,8111,9214,17322,30,23,55,14,15,26,9,17,27,4,9,14,0,0,0,48,79,129,56,87,144,6064,5608,11672,67,53,120,31,60,88,6161,5719,11880,1752,1702,3452,16252,17001,33253
LGA10600,86,129,210,1114,1273,2392,0,0,0,32,32,65,0,0,0,860,1002,1859,5,0,7,5,7,10,13,14,26,0,0,0,9,13,18,0,0,0,16,16,36,60,87,143,167,177,345,12,6,21,13,20,28,289,344,636,109,159,268,9,21,28,2712,3182,5897,18,8,25,8,4,16,14,15,31,7,5,11,3,4,11,27,52,72,31,58,97,2541,2449,4992,29,28,65,21,32,55,2593,2517,5108,659,624,1283,6123,6548,12668
LGA10650,12,11,19,768,861,1626,0,0,0,15,11,23,0,0,0,1095,1138,2239,0,0,0,10,9,20,11,12,21,44,60,101,7,24,36,0,0,0,9,7,17,24,28,52,277,275,547,4,7,12,0,0,0,288,344,628,71,57,130,5,3,8,2630,2837,5464,15,6,23,10,6,13,0,0,3,3,0,3,3,4,4,8,13,23,17,17,32,1051,871,1916,13,8,21,6,11,20,1076,888,1964,472,473,944,4224,4236,8462
LGA10750,2628,3101,5731,16843,19018,35864,90,84,171,2188,2306,4499,44,62,106,47152,51121,98278,454,487,946,2951,3071,6025,541,652,1186,1130,1219,2344,215,246,458,1831,1822,3648,1558,1564,3124,3535,4030,7563,2772,3216,5987,222,279,501,852,975,1827,2979,3292,6278,5117,5565,10681,186,194,375,90666,99200,189864,14739,14043,28781,11519,11121,22645,79,71,151,11,16,25,6144,5234,11380,624,732,1358,6783,5982,12767,27253,23313,50568,298,211,503,113,144,254,27662,23663,51330,13490,12212,25702,167574,169390,336962
LGA10800,12,11,21,713,768,1484,0,0,0,15,19,33,0,0,0,748,797,1545,0,4,3,3,9,8,16,17,34,3,3,3,39,49,86,0,0,3,16,19,32,7,12,22,209,191,406,13,11,28,0,0,6,198,192,391,97,115,214,0,0,0,2081,2220,4303,9,3,16,3,0,4,0,0,0,0,0,0,0,0,3,0,7,7,0,9,6,479,344,824,3,0,5,3,4,6,483,355,839,379,391,770,2971,2988,5955
LGA10850,7,20,26,843,902,1750,0,0,0,57,50,106,0,0,0,997,1074,2066,3,0,0,7,3,11,3,3,10,0,0,3,7,9,16,0,0,0,19,22,42,32,39,62,158,158,315,5,7,9,10,12,16,230,267,490,69,77,138,0,0,3,2434,2623,5056,8,4,5,3,9,9,0,0,0,0,0,0,0,0,0,3,13,16,3,13,16,817,685,1502,6,4,12,3,8,13,821,698,1515,332,289,617,3613,3647,7257
LGA10900,409,613,1018,6054,7042,13094,0,6,6,961,1094,2055,100,126,227,7000,8168,15171,44,41,87,282,273,553,125,166,291,76,93,172,108,142,251,13,17,33,129,155,284,424,448,874,968,1129,2098,78,97,171,61,88,157,975,1257,2229,1052,1214,2265,37,79,118,18498,21633,40131,107,108,218,99,85,187,71,84,156,6,14,25,19,7,24,190,256,440,214,275,494,14202,13285,27485,245,216,459,90,191,277,14532,13689,28221,3190,3283,6471,37119,39782,76904
LGA10950,0,3,9,340,344,683,0,0,0,17,7,25,0,0,0,470,476,943,0,0,0,0,4,3,3,0,5,0,0,0,10,4,13,0,0,0,5,3,9,0,8,6,38,26,66,0,3,4,7,3,3,108,124,232,15,18,36,0,0,0,1003,1017,2024,0,4,3,13,9,22,0,0,0,0,0,0,0,0,3,0,0,0,0,3,6,166,145,311,0,0,0,0,0,0,166,145,311,168,155,326,1355,1334,2692
LGA11100,746,1064,1813,1727,1892,3618,112,100,217,153,202,352,0,0,4,6597,7258,13851,4,8,13,1615,1705,3319,30,50,74,66,77,143,18,30,49,119,122,239,87,102,192,269,300,566,323,380,709,10,20,25,23,23,43,263,307,570,500,608,1113,14,16,25,11928,13189,25124,543,464,1003,1626,1392,3016,372,369,740,4,0,0,38,28,63,59,52,111,96,81,176,5621,4689,10307,59,43,103,18,30,53,5704,4762,10464,2209,2100,4314,23229,23420,46654
LGA11150,0,8,10,236,229,467,0,0,0,12,15,28,0,0,0,434,530,964,0,0,0,4,3,7,4,9,14,0,0,0,0,3,3,0,0,4,0,0,3,11,15,30,49,51,96,0,0,3,0,0,0,25,27,52,27,36,67,0,0,3,817,924,1733,8,6,14,4,3,6,0,0,0,3,0,3,0,0,0,0,0,0,3,0,3,195,141,334,0,0,0,0,0,0,195,145,336,275,253,531,1301,1329,2634
LGA11200,3,0,3,162,182,346,0,0,0,0,3,6,8,10,20,212,226,436,0,0,0,0,0,4,0,0,0,0,0,0,0,0,3,0,0,0,3,3,9,6,5,6,12,9,27,0,0,0,4,4,7,11,9,24,18,17,37,0,0,0,443,480,918,3,3,6,0,0,0,0,0,0,6,3,11,0,0,0,0,0,0,9,5,10,252,219,472,0,3,3,0,3,5,255,226,477,141,89,232,849,802,1651
LGA11250,43,51,90,1029,1151,2176,0,0,0,92,109,197,0,0,0,1916,2184,4099,14,14,30,27,26,54,9,17,28,18,31,49,65,100,168,6,9,11,64,101,166,35,48,81,79,102,178,72,119,190,13,15,30,671,965,1636,146,149,293,0,7,5,4264,5140,9402,24,17,45,25,12,40,7,3,8,8,7,11,3,3,5,17,19,36,21,20,45,3289,2936,6224,24,16,37,3,13,16,3315,2968,6281,917,877,1790,8615,9091,17708
LGA11300,1022,1472,2491,775,878,1650,5,3,8,150,203,355,0,0,6,4233,4835,9072,15,19,32,730,824,1557,38,48,82,8,19,29,16,20,34,81,71,152,50,48,94,96,123,217,454,566,1018,22,27,50,16,7,23,218,301,522,320,378,700,10,5,21,7243,8383,15626,1604,1171,2769,306,270,579,15,7,22,0,0,0,31,26,57,57,73,122,88,98,183,5986,6041,12030,36,31,61,19,21,44,6039,6098,12135,1468,1532,3004,17785,19028,36809
LGA11350,323,466,794,1439,1639,3074,0,0,0,54,68,121,0,0,0,1880,2072,3952,0,7,4,62,51,112,37,48,85,4,3,9,25,28,57,0,0,0,27,28,53,92,128,218,305,379,689,3,6,18,26,58,85,402,489,887,198,225,424,7,9,18,4564,5230,9791,42,37,77,27,10,42,149,136,287,6,7,12,35,26,65,95,166,257,131,196,336,7193,7423,14615,73,64,138,95,178,274,7363,7662,15022,2599,2613,5214,15197,16361,31556
LGA11400,36,33,66,1761,1800,3565,0,0,0,153,155,307,39,42,80,1812,1919,3739,3,3,9,5,6,13,3,0,7,4,0,8,7,18,26,0,0,0,40,41,82,49,74,121,185,221,407,8,22,30,10,8,22,512,526,1039,144,145,291,4,0,4,4743,4991,9733,0,0,0,11,3,10,0,3,3,0,0,0,6,8,10,13,14,25,19,26,44,1268,1074,2343,10,13,19,3,9,11,1280,1090,2377,600,551,1156,6692,6699,13386
LGA11450,379,492,876,7796,8929,16729,89,88,176,483,500,979,49,53,105,13026,13850,26876,31,34,66,769,781,1550,119,176,295,121,130,250,99,110,212,110,100,207,133,145,280,497,545,1036,589,725,1312,57,83,146,103,99,207,817,1035,1855,899,947,1844,50,57,106,25831,28399,54231,470,487,961,788,770,1557,26,18,46,5,3,5,97,93,192,80,108,186,183,203,382,7945,6859,14805,80,72,155,29,42,64,8054,6971,15026,2595,2540,5135,38336,39884,78218
LGA11500,1782,2259,4041,11060,12767,23828,35,23,62,1131,1273,2401,118,115,232,19835,21910,41741,65,72,137,1379,1350,2726,332,436,771,796,812,1612,165,166,334,482,464,950,503,556,1051,1185,1409,2592,1445,1580,3030,118,165,290,362,426,788,1265,1503,2765,2116,2320,4438,109,126,234,42496,47481,89979,3517,3518,7033,6350,6088,12434,38,29,67,19,25,40,572,471,1045,323,386,712,917,882,1795,15132,12991,28124,163,107,273,92,98,185,15383,13200,28583,6529,6548,13074,77002,79999,157006
LGA11520,1052,1678,2729,3072,3839,6915,12,20,37,326,368,691,6,3,7,14052,15763,29810,9,15,29,1727,1952,3681,95,118,211,35,30,65,70,84,155,201,214,418,105,135,239,255,334,591,1086,1373,2458,19,19,42,40,45,86,693,828,1521,580,714,1296,15,25,48,22403,25892,48294,1375,1174,2546,751,683,1439,96,95,189,3,4,9,85,61,148,127,150,278,211,216,427,12555,11866,24423,111,99,205,40,66,108,12705,12038,24737,3754,3898,7654,42348,45666,88015
LGA11570,9520,11699,21215,9073,10499,19580,59,60,113,1774,2115,3887,11,13,23,39105,41967,81073,111,132,238,15240,15483,30724,344,472,817,342,337,678,185,232,421,1293,1274,2574,619,774,1390,1212,1468,2679,2195,2494,4689,166,263,435,252,295,542,1967,2402,4363,3594,3850,7448,154,181,330,77687,84312,161996,3417,3166,6578,37493,34401,71894,84,85,171,9,20,23,569,496,1066,526,527,1058,1110,1043,2145,27447,24352,51799,252,196,450,124,137,266,27824,24693,52516,15193,14587,29780,172327,173977,346302
LGA11600,10,6,10,302,304,607,0,0,0,26,21,47,0,0,0,383,376,759,0,0,0,5,4,4,0,3,3,0,0,0,7,7,17,0,0,0,7,0,3,7,8,12,63,49,111,3,4,6,0,5,4,130,136,259,25,29,55,0,0,0,956,940,1898,14,18,32,0,0,0,0,0,3,0,0,0,10,5,15,0,0,3,13,11,20,293,205,491,0,0,0,0,0,0,292,205,498,137,127,268,1421,1303,2719
LGA11650,1269,1907,3179,33809,40007,73814,11,12,26,2599,3025,5621,110,128,239,37930,43078,81002,186,248,429,1083,1068,2148,580,771,1354,369,404,769,334,419,753,114,87,201,1457,1621,3079,1551,1913,3467,4000,4655,8656,377,508,893,657,756,1419,4573,5933,10510,3262,3777,7043,165,193,355,93170,108605,201779,583,578,1158,551,485,1030,156,203,356,50,33,78,130,111,243,347,522,874,527,670,1197,48316,42252,90564,517,384,894,241,375,617,49071,43009,92082,13439,13521,26955,158768,168972,327736
LGA11700,0,0,3,131,126,257,0,0,0,0,4,4,0,0,0,277,266,538,0,0,3,0,0,0,0,3,3,0,0,0,5,3,12,3,0,4,6,6,8,0,3,6,18,15,34,0,0,3,0,3,4,41,40,82,11,7,18,0,0,0,505,479,984,0,0,3,0,0,0,0,0,0,0,4,4,0,0,0,0,0,3,0,3,5,228,184,408,0,0,3,0,0,0,223,185,414,241,188,426,973,859,1833
LGA11720,127,189,318,6950,7769,14714,0,0,0,302,326,626,4,3,3,5454,5754,11209,10,14,26,59,56,117,75,111,189,77,94,174,29,39,66,4,4,4,142,163,306,193,216,409,912,1054,1968,144,158,301,105,132,233,1358,1639,2992,448,502,947,13,12,29,16276,18053,34333,65,62,125,35,33,68,7,10,19,8,8,11,18,10,32,49,93,149,75,111,187,7565,6770,14339,88,57,141,32,52,81,7684,6883,14566,3353,2588,5949,27633,27928,55560
LGA11730,153,206,361,6181,6860,13037,0,0,0,324,349,669,0,5,5,4821,5303,10133,3,0,4,39,36,78,158,183,338,33,40,80,49,69,117,3,0,8,60,77,137,122,164,281,1468,1570,3036,121,129,248,45,83,133,833,1026,1859,454,480,939,12,11,21,14724,16390,31119,37,34,69,25,18,43,4,9,13,15,6,17,25,28,50,48,88,135,81,121,198,7144,6243,13387,69,47,117,37,48,82,7252,6337,13586,2867,2414,5278,25140,25530,50671
LGA11750,3,13,15,416,419,840,0,0,0,46,54,100,0,0,0,789,783,1567,0,0,0,0,4,3,4,6,13,0,0,0,4,5,11,0,0,0,3,7,7,7,13,13,55,54,108,3,3,5,3,0,6,154,141,292,26,40,64,8,5,14,1523,1532,3054,9,10,15,12,16,30,0,0,0,0,0,0,0,0,0,0,3,4,0,3,4,496,394,888,0,3,4,0,4,4,505,402,898,338,287,623,2394,2255,4647
LGA11800,306,461,764,6525,7625,14147,0,0,0,594,652,1243,0,6,10,6602,7534,14133,25,32,54,84,108,190,211,262,470,45,59,99,87,109,194,17,14,28,100,157,260,518,645,1161,1245,1460,2710,80,115,192,101,127,226,1016,1346,2366,820,1052,1871,39,45,84,18109,21340,39446,123,107,228,241,226,466,26,19,50,14,18,35,689,622,1311,92,160,247,794,799,1589,11819,10796,22616,118,92,209,65,108,179,12005,11001,23006,3715,3681,7391,35319,37629,72944
LGA12000,17,8,22,413,466,879,0,0,0,31,26,57,0,0,0,672,686,1361,0,0,3,4,0,4,3,4,9,0,4,5,6,18,23,0,0,0,3,4,13,18,19,33,89,76,166,3,5,4,0,3,5,185,188,374,49,54,97,0,0,3,1483,1554,3035,3,0,3,3,4,5,0,0,0,0,0,0,4,0,3,5,3,6,7,8,11,380,321,703,3,0,8,0,4,6,388,323,713,263,253,523,2160,2156,4315
LGA12150,8,5,14,578,675,1254,0,0,0,3,5,11,0,0,0,537,513,1053,0,0,0,6,3,4,8,6,13,0,0,0,5,6,9,0,3,3,6,0,5,4,3,7,110,95,201,0,0,0,8,0,3,50,53,102,7,13,23,0,0,0,1319,1383,2698,3,7,11,3,5,8,0,0,0,0,0,0,0,0,0,0,3,8,0,3,8,281,247,530,3,0,5,3,0,3,284,246,530,334,321,651,1947,1970,3918
LGA12350,31,33,58,1577,1677,3258,0,0,0,79,95,170,70,82,154,1764,1851,3612,0,0,0,20,17,37,52,67,117,25,25,52,14,13,22,0,0,0,13,15,26,32,32,72,295,329,622,12,29,43,0,7,12,246,271,518,123,144,268,5,11,14,4333,4662,8995,5,6,14,0,0,3,3,0,3,8,3,14,5,3,10,8,22,28,22,30,50,1137,951,2087,11,6,17,6,0,3,1144,960,2106,620,612,1231,6157,6308,12460
LGA12380,4088,5196,9290,4722,5170,9889,79,87,162,1073,1139,2216,31,29,62,25017,26830,51846,52,72,127,2750,2795,5544,180,261,447,221,219,449,61,72,132,431,452,880,383,393,771,944,1066,2012,1522,1652,3176,89,116,206,216,234,450,1345,1556,2898,2212,2380,4592,133,154,288,41466,44678,86135,11853,10168,22025,26111,21178,47286,17,33,52,3,7,7,1304,935,2240,527,542,1072,1839,1486,3318,16377,13402,29777,129,96,230,85,96,179,16595,13588,30183,9115,8662,17783,111080,105000,216079
LGA12700,22,34,61,1364,1386,2755,0,0,0,102,103,209,0,0,0,780,840,1615,0,3,3,8,5,14,3,3,3,0,0,4,4,9,17,0,0,0,26,20,50,21,18,36,236,223,462,4,8,17,11,11,19,258,267,523,58,73,131,3,0,3,2884,2982,5866,0,9,8,3,0,4,0,0,0,0,0,0,0,0,0,14,9,27,14,9,28,1112,1023,2141,7,7,12,4,13,19,1130,1042,2168,439,402,838,4497,4479,8975
LGA12730,13,11,28,682,850,1533,0,0,0,63,62,127,0,0,0,1044,1091,2136,0,5,5,18,14,32,18,23,36,3,0,5,13,22,34,0,0,0,6,7,12,5,10,17,208,193,401,9,14,26,0,0,0,378,476,856,69,69,137,0,0,0,2516,2835,5359,10,14,20,6,5,6,0,0,5,4,0,3,0,3,3,6,3,13,10,10,19,1284,1076,2362,6,5,9,3,4,7,1287,1084,2378,502,532,1033,4353,4492,8851
LGA12750,126,199,322,3815,4518,8337,0,0,0,166,178,345,0,0,0,3843,4148,7989,6,8,17,112,80,191,115,143,254,15,26,43,80,94,174,8,3,9,36,54,97,107,132,236,550,637,1191,59,53,108,21,40,57,514,728,1239,294,342,638,14,14,26,9744,11203,20946,34,39,71,32,12,46,9,16,26,7,17,22,11,10,17,53,74,120,65,99,161,6161,5419,11580,62,47,105,41,52,90,6262,5513,11778,2005,1881,3883,18270,18955,37232
LGA12850,18987,22150,41136,3469,3885,7355,3640,3844,7485,1194,1290,2488,7,3,7,29852,31554,61408,23,37,58,3894,3867,7763,306,403,707,449,500,949,115,100,209,623,616,1242,373,443,815,728,862,1594,529,574,1103,52,71,122,287,332,622,636,677,1318,3500,3700,7198,74,67,144,49749,52833,102580,734,744,1473,6195,5599,11797,14,8,21,0,4,5,90,69,159,811,894,1702,901,970,1873,13864,11237,25108,76,68,146,49,57,112,13996,11365,25358,7381,7184,14567,97959,100855,198817
LGA12870,27,40,63,1173,1301,2474,0,0,0,82,68,149,0,0,3,1567,1723,3292,3,0,3,8,6,19,9,18,23,0,0,7,50,52,100,0,0,0,8,11,20,28,25,50,436,415,857,7,9,15,4,9,13,325,374,693,70,76,141,4,9,10,3767,4103,7874,11,11,26,10,6,20,0,3,0,0,0,0,5,3,13,3,14,18,8,20,31,1628,1357,2987,3,8,12,5,8,9,1641,1369,3010,634,625,1260,6102,6174,12277
LGA12900,20,12,25,1154,1218,2372,0,0,0,90,89,180,4,3,6,1643,1653,3293,0,0,0,6,13,21,9,12,14,0,0,0,22,18,35,0,0,0,8,7,14,36,39,73,197,198,387,14,19,37,0,6,5,218,243,461,46,66,111,0,0,3,3445,3582,7030,9,5,13,6,10,18,0,0,4,7,0,7,3,3,8,4,3,7,10,8,22,800,682,1478,6,4,11,3,0,3,807,683,1494,510,482,991,4806,4784,9587
LGA12930,2870,4161,7033,5863,6881,12749,10,3,13,1179,1420,2599,4,6,11,14733,16585,31319,50,54,107,7309,7401,14710,167,204,368,130,138,261,64,89,159,843,819,1660,359,450,806,493,626,1120,1146,1325,2471,96,134,227,58,81,136,1082,1374,2458,1690,1925,3620,102,99,206,35382,39620,74996,3694,3008,6700,2957,2678,5636,101,105,210,3,4,6,121,115,239,185,192,371,308,305,619,20807,19460,40262,138,119,256,78,105,185,21021,19682,40702,5421,5522,10944,71755,75086,146841
LGA12950,4,5,10,537,586,1122,0,0,0,9,28,37,0,0,0,455,529,989,0,3,3,10,3,9,16,11,28,0,3,4,31,25,58,0,0,0,16,9,26,53,65,115,229,199,427,0,3,3,5,0,5,103,130,232,32,35,63,3,3,8,1495,1635,3131,3,0,3,4,0,4,0,0,0,3,0,7,0,0,3,0,0,0,6,0,8,376,323,701,3,3,4,0,0,0,378,328,709,200,168,369,2089,2142,4236
LGA13010,12,21,38,1239,1384,2618,0,0,0,70,63,130,0,0,0,848,926,1772,3,0,3,3,9,14,24,18,43,6,9,11,5,10,17,0,0,0,7,9,12,27,44,73,180,184,361,19,40,58,14,24,40,219,245,457,81,93,178,0,0,3,2736,3051,5794,17,15,31,11,13,24,3,3,7,0,0,0,6,7,8,15,27,43,22,34,58,892,760,1651,4,14,16,5,7,13,898,785,1683,681,526,1209,4380,4453,8836
LGA13310,95,128,223,3593,3980,7577,0,0,0,173,190,365,64,61,127,3977,4292,8262,0,4,6,114,91,204,34,53,86,13,22,36,31,34,64,10,4,18,32,20,53,61,66,125,332,328,657,32,57,92,41,52,88,587,617,1199,225,223,453,12,12,32,9327,10103,19432,60,55,120,54,50,113,8,4,9,0,0,0,26,23,44,39,39,80,61,63,121,3360,2905,6263,40,37,77,20,23,44,3417,2964,6380,1951,1265,3217,14982,14631,29609
LGA13340,10,29,37,944,1059,2005,0,0,0,57,68,129,0,0,0,1120,1140,2258,6,3,5,8,11,23,6,9,18,4,9,14,491,454,946,0,0,4,12,14,25,129,126,258,265,246,514,11,12,22,9,9,25,302,345,650,136,142,275,0,3,3,3508,3667,7173,3,8,5,9,8,13,3,0,7,0,3,5,0,0,0,7,13,23,12,18,26,1192,1022,2211,11,10,28,8,0,10,1212,1034,2243,432,416,851,5187,5170,10351
LGA13450,49,74,122,1581,1763,3344,0,0,0,79,101,179,42,32,71,4989,5136,10125,0,0,0,16,21,40,41,50,87,50,54,102,48,48,96,10,8,20,71,76,149,110,141,255,356,374,723,28,32,62,114,104,226,613,771,1384,180,192,371,4,9,15,8341,8912,17252,256,230,492,317,197,509,3,4,7,0,0,3,404,350,752,13,21,40,419,374,796,1945,1654,3604,20,13,32,7,15,18,1968,1682,3652,1447,1366,2812,12795,12847,25641
LGA13510,17,7,27,1686,1787,3477,0,0,0,50,63,116,0,0,0,1695,1816,3513,3,0,3,9,11,21,9,15,30,0,0,0,10,15,27,0,0,0,11,3,16,11,18,26,183,185,365,8,13,26,8,5,15,265,291,559,82,98,174,3,3,5,4038,4335,8376,8,10,19,3,3,5,0,0,6,0,0,0,7,4,12,6,4,9,11,11,20,905,785,1692,12,6,17,4,7,9,916,807,1724,520,448,968,5514,5624,11141
LGA13550,13,26,40,1754,1871,3623,0,0,0,61,88,154,0,0,0,1564,1643,3204,0,0,0,8,11,22,11,10,15,0,5,5,24,24,48,0,0,0,7,5,13,28,37,70,295,304,600,30,38,67,15,18,38,218,238,459,72,101,171,3,3,3,4085,4396,8483,11,5,14,7,13,22,0,4,3,4,8,7,3,3,7,12,9,16,19,17,33,1363,1100,2460,14,4,21,0,4,4,1371,1110,2487,591,534,1132,6105,6107,12215
LGA13660,10,9,17,1013,1019,2028,0,0,0,15,11,25,0,0,0,506,567,1073,0,4,4,0,3,5,0,0,0,0,0,0,11,13,26,0,0,0,3,7,11,8,3,14,171,166,338,11,10,22,3,5,13,97,112,207,37,37,75,3,0,5,1879,1954,3830,3,0,7,0,0,0,0,0,3,0,0,0,0,0,0,0,3,3,0,3,3,443,350,796,0,0,3,4,0,4,448,354,802,324,267,590,2657,2592,5258
LGA13800,148,256,405,7529,8350,15877,6,4,7,566,600,1165,95,111,198,8714,9058,17768,43,44,87,325,299,631,121,153,276,81,93,169,75,79,153,3,5,11,64,94,161,415,424,839,708,773,1478,59,76,133,67,66,128,930,1222,2155,608,682,1291,29,27,55,20429,22151,42579,55,43,103,108,98,206,29,28,59,7,9,12,23,17,38,66,105,168,98,128,225,8241,7200,15443,78,62,145,39,55,97,8357,7319,15679,2729,2606,5337,31952,32635,64592
LGA13850,4,4,6,362,370,732,0,0,0,14,11,24,0,0,0,453,495,946,0,0,0,6,7,18,0,0,0,0,0,0,0,3,7,4,0,4,0,0,5,9,15,22,87,82,173,0,0,0,0,0,0,45,60,105,4,9,15,0,0,0,988,1054,2040,11,3,12,3,3,6,0,0,0,0,0,0,4,5,11,0,3,7,7,7,14,274,215,482,0,4,9,0,0,0,275,216,490,205,174,379,1480,1461,2946
LGA13910,25,44,72,2311,2485,4795,0,0,0,78,85,165,51,53,109,3038,3336,6372,0,0,0,30,34,66,30,37,61,4,0,3,26,27,57,0,0,0,15,8,28,12,19,34,309,312,622,33,36,67,26,24,49,404,448,846,137,140,275,3,8,11,6495,7063,13557,16,9,26,132,141,276,5,0,5,0,0,0,10,3,9,30,19,45,36,21,60,1568,1353,2914,12,4,18,4,11,15,1583,1367,2946,803,763,1561,9088,9402,18498
LGA14000,1897,2456,4346,10254,11813,22070,4,7,11,1573,1837,3406,56,62,117,14506,16095,30595,102,104,207,693,730,1426,108,141,251,114,130,250,194,239,432,191,184,376,346,417,764,840,929,1774,1869,2066,3931,69,85,159,388,497,883,2500,3146,5641,1601,1803,3405,78,88,164,35498,40358,75853,3263,3247,6515,1050,1024,2076,167,203,370,0,3,10,333,300,635,274,346,623,614,655,1268,21680,19495,41177,254,216,473,94,136,229,22032,19841,41878,5116,5241,10355,69634,73027,142667
LGA14100,99,132,233,882,1083,1968,0,0,0,34,24,55,0,0,0,2579,2390,4972,0,6,5,270,275,540,6,10,17,4,0,4,22,23,40,26,35,59,13,32,40,42,57,102,125,165,290,0,0,5,12,10,27,137,151,290,64,77,141,7,8,18,4228,4347,8570,52,49,103,48,65,111,115,193,311,0,0,0,7,5,16,26,23,46,33,34,60,1800,1619,3419,15,19,38,12,6,16,1827,1646,3476,586,553,1135,6987,7016,13999
LGA14170,2789,3774,6565,5955,7037,12988,22,16,32,455,525,983,7,3,11,18958,21773,40730,29,31,62,3628,4073,7696,114,181,295,50,60,109,148,203,357,160,179,339,223,275,496,318,451,769,1076,1267,2345,62,72,136,60,105,165,969,1255,2231,1071,1299,2364,60,51,114,33373,38838,72208,2453,1960,4407,1353,1178,2534,363,404,769,13,18,29,67,75,139,349,382,734,427,478,903,37243,36326,73564,559,507,1067,201,270,466,38003,37099,75100,9978,9567,19549,88736,93302,182043
LGA14200,24,47,68,2223,2467,4693,0,0,0,43,51,94,0,0,0,1722,1807,3532,7,14,26,7,9,15,36,39,81,3,6,14,8,15,21,3,0,3,9,10,16,53,87,137,551,539,1084,87,130,214,28,40,62,352,457,810,205,238,446,18,22,34,5363,5927,11288,5,6,12,9,8,14,0,3,4,0,0,3,6,0,4,12,17,34,20,22,44,1750,1525,3274,6,8,19,6,11,21,1762,1546,3308,876,871,1745,8061,8423,16483
LGA14300,16,5,18,648,670,1321,0,0,0,36,52,87,0,0,0,855,901,1757,0,3,3,0,3,3,3,0,5,0,0,7,7,16,23,0,0,0,4,5,8,4,11,15,117,121,235,3,14,14,9,4,8,115,122,234,33,34,70,0,0,0,1840,1949,3797,4,4,9,4,3,6,0,0,3,0,0,0,0,6,4,0,0,0,3,6,7,533,476,1011,0,0,0,0,3,6,540,476,1012,1165,274,1435,3574,2720,6295
LGA14350,81,125,205,2992,3398,6390,0,0,0,113,109,221,0,0,0,3070,3297,6365,5,3,14,29,31,53,80,117,198,20,16,32,19,26,45,0,0,0,35,42,70,115,152,270,399,398,803,73,97,170,236,300,535,782,921,1701,208,210,418,3,3,7,8190,9114,17305,15,19,34,16,12,32,0,3,3,3,9,12,9,0,9,18,41,57,33,46,85,3978,3418,7397,24,28,55,18,38,50,4020,3479,7498,2095,1633,3726,14447,14439,28885
LGA14400,75,104,178,2209,2485,4689,0,0,0,114,129,247,0,0,0,2514,2739,5251,7,11,12,74,80,153,41,63,102,3,4,8,35,30,65,3,4,5,29,28,54,48,56,109,307,345,649,11,9,23,9,10,22,526,683,1210,203,231,435,4,6,10,6134,6914,13048,14,18,33,13,13,28,9,5,23,0,0,3,0,0,3,7,22,36,12,32,41,3293,2843,6141,40,25,66,18,31,56,3351,2905,6264,912,947,1857,10528,10936,21464
LGA14500,1238,1872,3113,10116,12134,22251,3,0,3,564,683,1248,6,8,16,10337,12017,22353,42,35,75,593,653,1244,36,47,82,38,55,92,158,203,359,175,181,361,244,260,503,483,586,1065,1617,1850,3467,41,37,77,183,244,426,2354,3220,5578,1034,1216,2257,55,68,122,28085,33489,61577,1087,1106,2194,419,437,856,1585,1574,3161,0,0,3,236,209,449,246,277,519,486,490,972,19098,17541,36636,199,155,357,59,82,136,19350,17777,37129,4410,4646,9054,56657,61394,118053
LGA14550,52,65,116,723,785,1505,0,0,0,34,22,55,3,0,4,805,823,1624,6,0,4,8,3,14,32,34,68,0,0,4,10,8,16,0,0,0,13,16,30,68,69,137,251,224,477,11,9,29,19,30,53,290,341,634,110,118,227,16,16,25,2405,2505,4909,12,15,28,3,4,6,4,7,11,0,7,11,3,7,11,24,27,47,30,44,73,1400,1230,2631,12,11,24,9,22,32,1419,1263,2687,613,507,1118,4529,4411,8940
LGA14600,13,10,22,711,748,1458,0,0,0,13,13,28,82,83,165,748,831,1578,0,0,0,13,10,20,3,6,12,3,0,3,6,7,18,5,3,6,6,7,18,27,49,73,181,175,354,3,4,6,7,12,20,213,192,407,76,96,170,0,0,3,2097,2234,4337,15,9,25,3,3,3,0,0,0,0,0,3,0,0,0,0,0,0,4,0,3,562,477,1037,0,0,0,3,3,3,565,476,1040,404,363,767,3100,3099,6194
LGA14650,636,962,1593,19351,22665,42017,0,0,0,2069,2364,4432,71,66,141,19323,21746,41064,38,87,119,729,698,1432,366,455,816,193,233,421,206,264,468,21,24,44,398,441,837,1224,1416,2643,2779,3059,5835,417,539,957,1648,1876,3531,5047,6634,11681,2248,2543,4791,225,251,471,56339,65363,121703,339,314,655,255,235,494,41,44,86,25,28,50,55,52,112,181,265,444,259,340,605,30752,26359,57114,354,272,624,111,188,301,31220,26825,58040,7201,6999,14197,96294,101077,197371
LGA14700,402,569,975,2109,2579,4689,0,0,0,90,117,212,3,0,5,4797,4906,9708,21,21,37,294,377,671,14,22,32,0,9,6,55,65,120,86,93,180,49,75,127,117,135,252,332,369,703,9,7,14,12,20,32,326,443,770,229,317,540,8,12,20,8552,9558,18102,604,507,1117,241,208,455,187,185,369,0,0,0,40,48,85,81,101,181,121,154,268,6002,5547,11551,72,74,144,20,22,46,6097,5644,11740,1526,1492,3018,17733,18313,36051
LGA14750,16,18,36,1028,1167,2199,0,0,0,21,40,60,62,77,146,1937,2013,3948,0,0,0,9,7,12,18,15,34,4,5,11,34,46,80,3,3,6,15,12,28,48,77,121,327,355,690,12,23,34,12,11,26,220,224,449,57,54,114,0,3,3,3811,4139,7949,20,13,33,51,15,65,0,0,0,0,0,3,55,48,97,13,9,19,68,61,123,942,787,1728,11,3,12,3,7,8,955,793,1745,615,601,1214,5530,5633,11168
LGA14850,237,331,564,2929,3374,6301,0,0,0,169,214,382,0,0,0,4290,4797,9085,16,26,36,37,33,66,82,118,192,28,44,72,38,46,87,0,8,4,57,48,106,199,219,417,960,1063,2023,56,62,109,138,153,294,928,1110,2046,464,570,1032,101,107,208,10481,11989,22473,55,51,104,57,52,110,15,13,23,7,24,29,24,24,47,147,260,405,179,309,483,7318,6774,14095,108,85,198,62,116,176,7495,6977,14470,2455,2443,4900,20975,22160,43135
LGA14870,54,91,146,2120,2228,4347,0,0,0,143,154,295,77,67,145,2440,2634,5073,4,4,6,43,29,72,33,65,104,10,22,34,13,16,28,3,5,8,41,47,88,46,63,109,411,469,878,35,42,75,26,29,53,606,692,1300,174,182,357,5,9,14,6226,6753,12978,32,27,62,26,29,57,8,8,14,0,3,3,4,4,12,28,44,65,28,54,78,2587,2185,4774,22,13,38,12,20,36,2626,2220,4846,1688,1230,2911,10689,10401,21090
LGA14900,5250,6020,11268,7093,7949,15046,903,1003,1908,1218,1280,2501,6,5,14,28409,30116,58522,77,68,143,5881,6114,11995,385,437,826,426,464,887,113,135,247,1068,1102,2171,424,481,899,1429,1604,3031,986,1068,2059,98,94,199,253,295,541,854,941,1794,3247,3444,6694,135,152,291,53013,56748,109767,4971,5119,10090,12536,12016,24550,13,16,32,3,3,6,485,401,885,2688,2765,5451,3174,3170,6341,12694,10406,23105,130,74,201,70,69,140,12897,10552,23448,9493,9340,18828,101351,102975,204326
LGA14920,11,10,17,1356,1420,2782,0,0,0,20,17,40,0,0,0,838,877,1711,0,0,0,0,0,3,19,17,37,7,3,7,4,4,14,0,0,0,3,6,9,35,32,71,126,102,225,8,6,14,4,7,11,170,179,349,62,65,122,3,10,17,2665,2747,5414,4,6,6,8,3,13,0,0,0,0,0,0,3,0,3,5,12,10,4,8,17,755,604,1361,9,0,7,3,0,3,763,612,1370,418,433,850,3870,3815,7687
LGA14950,3,7,10,265,254,523,0,0,0,5,10,21,0,0,0,440,479,912,0,0,0,0,0,0,0,0,0,0,0,0,56,72,131,0,0,0,3,0,3,12,17,23,117,117,230,0,6,4,0,7,6,166,151,317,17,23,41,0,0,0,1086,1126,2218,0,0,0,0,0,0,0,0,0,0,0,0,0,0,0,0,0,3,0,0,3,289,251,539,7,0,4,0,0,0,291,251,542,154,189,349,1537,1579,3119
LGA15050,190,290,483,8819,9845,18660,0,0,0,688,741,1427,87,80,169,9756,10836,20590,48,49,90,111,108,215,83,122,199,108,106,213,60,72,133,8,9,17,199,213,413,319,349,666,1108,1255,2369,156,225,384,97,119,208,1662,2127,3788,806,877,1684,18,24,36,24126,27145,51272,173,192,356,159,133,287,11,9,29,10,9,16,56,63,112,69,107,174,130,181,310,9878,8661,18534,123,112,236,27,64,89,10024,8838,18865,2920,2790,5706,37736,39571,77305
LGA15240,271,397,665,12258,13583,25839,3,0,3,894,1023,1921,10,6,17,8184,9035,17224,68,83,158,115,95,208,230,299,530,88,125,214,73,102,175,15,16,33,164,200,366,235,306,543,1675,1814,3484,203,269,470,119,150,270,2174,2708,4886,864,1079,1945,26,33,59,27415,30929,58344,77,74,154,67,38,104,16,26,47,14,9,28,15,14,31,75,109,190,111,139,251,11752,10295,22049,109,91,203,60,82,145,11923,10467,22390,4202,4151,8352,44091,46215,90303
LGA15270,56,83,137,3185,3404,6591,0,0,0,126,127,249,0,0,0,2983,3069,6050,4,0,4,33,34,69,49,59,106,13,12,31,20,28,45,3,3,3,28,22,53,109,124,235,438,467,907,25,28,55,10,15,28,378,447,825,157,209,370,4,7,9,7555,8055,15615,25,14,40,10,9,14,3,5,3,0,3,3,9,14,20,18,32,49,24,44,70,2937,2380,5320,25,15,41,9,10,26,2974,2413,5381,1456,1353,2811,12099,11975,24076
LGA15300,22,27,47,1818,1833,3650,0,0,0,69,78,144,5,0,5,1781,1870,3657,4,0,6,15,16,31,23,26,48,0,6,4,34,37,74,0,0,0,8,15,20,61,85,143,276,270,544,46,46,97,29,37,63,187,202,386,118,120,235,4,3,13,4473,4642,9118,42,23,66,13,14,23,0,0,0,12,6,12,0,0,3,0,4,7,14,14,28,1144,929,2066,9,8,16,0,4,6,1153,939,2091,927,860,1787,6636,6520,13159
LGA15350,148,255,406,2578,3135,5712,0,0,0,44,74,111,3,0,4,2998,3801,6801,3,0,5,231,262,500,10,14,23,9,7,12,54,68,122,21,24,46,39,48,87,68,96,160,316,410,727,3,4,10,3,8,11,227,311,540,151,214,365,3,14,19,6765,8503,15264,141,150,288,63,46,106,110,129,234,0,0,0,7,4,11,32,43,77,37,46,84,4413,4508,8918,48,62,107,14,28,42,4475,4601,9068,1453,1562,3016,13189,15290,28475
LGA15520,26,33,53,1031,1217,2250,0,0,0,56,56,118,0,0,0,1344,1434,2779,11,22,37,9,10,20,8,9,15,0,6,8,21,40,64,0,4,3,5,14,24,15,19,34,208,234,440,14,12,27,3,3,9,484,604,1086,93,88,181,3,0,4,3317,3780,7092,13,5,19,7,3,13,0,0,0,26,28,47,8,3,5,0,4,6,29,33,66,1823,1440,3257,3,12,10,3,0,3,1825,1448,3273,580,578,1155,5795,5881,11680
LGA15560,4,8,9,413,446,859,0,0,0,4,10,13,0,0,0,587,526,1113,3,3,8,0,3,4,0,0,0,0,0,0,5,8,12,0,0,0,6,4,11,9,12,21,90,78,169,3,4,7,9,7,15,159,163,329,28,22,49,0,0,0,1318,1276,2596,15,10,18,9,3,11,0,0,0,0,0,0,0,0,0,5,0,9,5,0,9,420,301,719,6,4,9,0,0,0,425,303,730,250,216,467,2026,1812,3836
LGA15650,27,44,79,2348,2470,4813,0,0,0,89,107,199,0,0,0,1969,1977,3946,4,0,4,11,13,24,26,38,66,9,5,20,8,3,16,0,3,7,26,20,38,31,44,71,225,224,442,11,18,27,17,29,45,220,275,499,139,136,279,9,12,17,5141,5365,10508,29,24,53,23,20,43,4,3,12,0,0,0,8,3,12,18,21,36,26,29,55,1945,1658,3607,17,17,33,6,9,17,1973,1681,3656,1015,669,1681,8243,7837,16086
LGA15700,82,107,191,1993,2176,4168,0,0,0,63,74,140,0,0,0,1790,1923,3716,3,7,9,19,11,33,94,118,211,10,23,30,17,22,42,0,0,0,22,28,44,66,94,159,413,516,929,84,103,183,64,92,157,345,429,772,207,219,432,5,8,19,5192,5845,11046,10,15,24,11,10,17,11,4,17,12,16,26,6,6,7,37,49,86,53,74,120,2938,2668,5607,25,18,41,14,28,43,2975,2717,5697,1076,1023,2101,9421,9794,19212
LGA15750,17,34,49,2040,2170,4209,0,0,0,26,25,56,0,0,0,1503,1566,3067,0,3,3,7,5,11,4,8,16,11,13,25,14,12,28,0,0,0,12,12,21,82,88,171,303,294,595,22,28,53,6,22,30,185,220,402,111,132,241,7,3,5,4338,4598,8929,18,17,31,11,9,24,0,0,0,0,0,0,0,0,0,4,3,9,10,8,11,1289,1071,2365,8,6,17,7,13,17,1306,1086,2395,828,809,1635,6528,6559,13084
LGA15800,7,12,19,662,739,1401,0,0,0,13,12,28,0,0,0,739,793,1535,3,0,3,0,7,7,19,16,35,5,5,12,14,13,26,0,0,0,10,5,12,44,46,91,106,98,202,7,6,12,0,6,6,243,248,489,42,49,89,0,0,3,1905,2053,3956,3,0,5,9,6,14,0,0,0,0,0,0,0,3,3,3,8,12,3,9,9,616,515,1126,0,3,7,0,3,3,613,521,1137,358,354,708,2901,2953,5853
LGA15850,3,11,15,820,881,1702,0,0,0,42,41,76,0,0,0,908,892,1800,0,0,0,4,3,3,0,3,3,0,4,6,4,8,12,0,0,0,6,3,6,18,19,40,121,125,251,5,4,10,40,54,92,251,304,557,55,51,102,0,0,0,2266,2393,4655,3,3,7,4,3,11,0,0,0,0,3,3,3,0,3,0,0,0,3,4,5,543,475,1016,6,0,7,0,0,0,546,473,1019,387,340,726,3214,3226,6444
LGA15900,798,1076,1878,12234,14118,26349,0,0,0,1247,1413,2661,24,24,56,16216,18350,34569,39,62,101,1308,1324,2632,127,163,292,104,115,218,118,136,253,50,48,98,368,422,794,735,821,1562,1873,1981,3855,272,324,591,203,229,437,2766,3748,6516,1807,2173,3986,66,76,137,39570,45538,85110,570,492,1066,1067,815,1877,43,44,94,28,27,56,99,81,179,199,240,439,323,344,666,27224,23783,51009,418,351,768,161,200,365,27797,24337,52140,6471,6119,12585,76642,78766,155411
LGA15950,702,1153,1855,3962,4798,8763,4,0,11,154,220,378,0,0,0,6255,8188,14448,14,28,41,354,465,819,37,42,76,12,18,36,93,119,207,43,57,100,84,128,207,163,223,382,546,699,1245,10,6,16,25,32,55,493,787,1285,408,555,965,20,30,56,12685,16395,29078,814,738,1551,242,223,471,300,352,648,0,0,0,41,52,96,96,140,231,140,192,329,12840,12386,25231,191,163,356,63,99,166,13092,12651,25751,3932,4040,7970,31910,35744,67658
LGA15990,1488,2216,3701,20721,24379,45097,4,4,12,985,1099,2086,3,3,5,28987,32317,61300,34,50,90,1748,1887,3636,279,355,636,142,161,301,368,515,881,533,562,1093,444,526,971,1249,1464,2715,2562,2975,5543,77,142,224,88,110,193,3010,3855,6858,2159,2614,4772,61,90,148,63464,73106,136566,900,754,1651,580,516,1095,401,419,820,5,6,11,303,224,526,328,445,774,636,672,1316,44902,40381,85280,442,334,771,168,323,490,45511,41038,86548,10526,10653,21179,123507,129370,252878
LGA16100,9,17,25,501,490,990,0,0,0,16,21,38,0,0,0,844,851,1691,0,0,0,17,18,30,0,3,3,0,3,7,15,17,27,0,0,0,3,4,10,14,16,25,73,67,139,0,0,0,22,20,41,117,122,241,43,40,89,5,5,7,1666,1675,3342,3,3,3,13,5,16,0,0,0,0,0,0,5,4,7,6,9,12,8,6,17,583,521,1099,9,6,13,0,0,3,589,529,1117,469,313,782,2751,2543,5301
LGA16150,100,142,235,3776,4502,8276,0,0,0,225,252,471,119,132,256,5772,6288,12060,24,18,42,93,76,166,43,58,98,18,20,40,39,47,88,12,9,24,206,211,414,210,256,459,500,541,1040,55,51,101,35,52,90,1165,1420,2581,477,528,1010,9,13,18,12762,14471,27237,138,136,271,77,66,148,3,5,12,5,3,10,32,34,62,40,67,114,79,105,185,4672,4108,8782,40,35,74,16,19,34,4731,4157,8889,1723,1642,3367,19615,20728,40344
LGA16200,28,28,57,1766,1946,3708,0,0,0,201,196,399,30,29,56,1939,2050,3990,0,0,0,4,3,8,4,15,13,8,5,11,41,40,83,15,16,25,17,14,30,116,108,224,298,349,647,20,28,41,19,16,38,459,554,1012,140,151,292,5,3,7,5067,5526,10587,16,15,32,20,9,30,0,0,0,0,0,0,3,0,4,5,17,24,14,12,25,1262,1058,2321,3,10,13,4,3,9,1274,1065,2337,780,755,1537,7190,7416,14608
LGA16260,3770,4884,8655,8645,10068,18713,30,37,68,2020,2342,4361,214,255,475,22491,24630,47124,147,187,340,1809,1909,3715,153,212,368,262,265,523,153,185,333,540,584,1128,687,716,1403,1193,1372,2566,3658,4130,7786,111,145,262,175,218,393,2494,3089,5584,2367,2721,5092,78,84,162,47222,53157,100380,13606,12007,25605,5134,4531,9660,92,87,181,0,4,3,1515,1155,2667,792,838,1631,2310,1994,4307,29157,26233,55389,301,199,499,109,143,257,29567,26573,56142,11455,9765,21219,113158,112996,226149
LGA16350,902,1215,2117,16770,19332,36105,85,72,155,904,1031,1936,199,178,381,30384,32498,62884,114,133,245,1596,1644,3242,256,320,578,416,450,866,232,280,513,492,482,972,474,503,975,1349,1547,2901,2041,2353,4391,162,242,408,223,269,485,1808,2131,3936,2175,2377,4546,81,107,186,59764,65932,125696,1766,1707,3476,2210,1998,4208,41,42,84,17,20,33,793,732,1524,228,316,550,1035,1070,2105,22274,19057,41334,266,196,463,102,129,231,22637,19386,42025,8475,7884,16363,96822,99243,196066
LGA16380,213,331,544,8825,10501,19327,3,0,5,423,491,913,0,3,3,8296,9812,18106,23,35,60,92,110,210,155,198,344,61,52,112,101,127,231,17,13,25,147,153,303,385,445,832,1341,1520,2863,140,198,337,239,285,525,1655,2105,3757,905,1128,2035,18,27,47,22821,27203,50026,109,99,205,43,34,77,32,32,56,19,14,27,13,16,33,70,111,186,106,142,242,10737,9380,20111,92,90,178,60,118,174,10881,9581,20467,3493,3422,6911,37697,40846,78539
LGA16400,215,296,510,8259,9071,17328,4,0,5,732,770,1496,6,12,20,7261,7801,15059,30,42,71,163,150,315,93,119,214,54,61,119,81,92,178,11,8,14,151,146,299,426,502,928,1071,1226,2294,130,140,271,76,79,153,1567,1835,3403,690,843,1533,13,16,32,20820,22924,43747,49,57,103,59,44,101,15,20,34,11,9,18,12,7,24,56,100,159,81,123,203,9622,8359,17984,101,73,179,37,63,97,9757,8498,18255,3384,3218,6597,34384,35174,69556
LGA16490,212,270,477,4293,4874,9171,0,0,0,217,225,441,85,74,161,7300,7782,15078,13,15,27,752,692,1442,52,74,121,55,32,83,144,175,315,11,9,19,100,110,203,190,243,425,561,612,1172,56,57,111,33,33,72,646,809,1460,651,673,1315,19,23,35,15164,16502,31666,360,323,679,342,302,641,22,18,39,7,12,16,230,198,431,64,108,172,298,314,616,8645,7422,16062,107,80,190,42,52,92,8796,7550,16344,2948,2622,5572,28133,27899,56027
LGA16550,1674,2167,3846,5617,6844,12465,48,58,101,348,426,774,3,3,4,17529,19692,37223,10,19,30,3561,4075,7635,62,107,171,46,54,105,157,142,294,151,170,322,206,240,444,425,563,994,1008,1167,2173,13,20,33,30,37,67,573,709,1278,843,1080,1926,31,24,52,30675,35417,66090,750,639,1388,1271,1052,2318,2361,2690,5051,20,14,36,75,71,141,174,193,365,269,272,538,22836,21434,44273,243,223,467,87,142,231,23168,21806,44971,9023,7434,16456,69179,71482,140660
LGA16610,48,64,112,2421,2654,5076,0,0,0,132,159,298,3,5,8,2842,2925,5772,3,3,3,11,17,28,54,67,113,6,9,10,22,23,47,0,0,0,19,11,33,121,150,271,683,697,1372,46,51,97,24,35,63,517,629,1148,207,254,463,67,63,131,7168,7758,14932,8,15,28,12,6,17,0,0,3,7,3,4,0,0,4,26,50,74,30,51,80,2818,2461,5279,20,25,50,15,15,31,2860,2508,5361,1190,1088,2274,11318,11489,22807
LGA16650,1845,2553,4404,2971,3517,6485,18,21,35,338,384,719,7,4,14,10884,12019,22906,43,61,102,7848,8403,16249,92,127,223,71,79,152,66,72,141,750,786,1534,218,233,450,340,426,765,588,661,1246,82,120,206,55,64,119,482,654,1133,1531,1683,3211,31,35,66,26415,29335,55751,3066,2462,5532,5667,4930,10597,89,85,174,4,3,10,79,81,156,148,185,329,235,269,497,11375,10302,21674,110,95,204,67,82,152,11550,10477,22026,5202,5225,10423,54079,55325,109404
LGA16700,1965,2776,4739,4704,5349,10059,7,12,22,948,1147,2099,45,55,99,13737,15637,29370,38,46,89,1406,1453,2857,81,124,201,62,51,114,107,132,232,846,878,1725,267,323,585,550,652,1201,1851,2065,3921,35,58,90,86,115,197,1061,1298,2358,1335,1543,2880,38,35,78,27204,30982,58184,2383,2086,4471,1457,1286,2740,181,185,370,3,0,4,251,239,489,220,211,427,469,452,925,18017,17121,35137,161,121,284,57,91,153,18236,17337,35572,4612,4690,9301,56509,59791,116302
LGA16900,205,317,520,6471,7614,14084,0,0,0,257,311,573,0,3,7,9079,10059,19141,34,37,72,1219,1200,2421,204,240,444,47,63,111,164,223,385,28,29,54,60,83,149,313,370,678,754,909,1658,88,104,192,31,43,75,1017,1282,2300,969,1042,2011,16,31,39,20753,23640,44396,69,70,139,312,332,642,3,3,12,15,15,35,9,17,26,63,102,168,90,135,226,9276,7851,17124,82,71,156,28,60,89,9395,7976,17371,2614,2531,5149,33444,35015,68460
LGA16950,363,551,911,11223,12810,24033,0,0,0,725,832,1557,4,3,9,9599,10597,20198,61,73,140,312,304,615,241,284,532,61,93,149,153,159,305,8,12,18,122,157,283,396,474,870,1630,1794,3428,140,150,288,57,53,104,1614,2009,3622,1037,1136,2174,31,37,67,27428,30966,58394,113,99,216,97,86,181,33,55,87,21,16,42,24,25,54,115,203,318,159,246,407,15424,13539,28962,142,120,258,98,105,211,15662,13765,29426,5434,4592,10029,49284,50364,99650
LGA17000,52,80,132,3324,3426,6745,0,0,0,145,164,311,72,64,133,2811,2867,5680,0,4,3,14,11,25,21,28,50,12,12,24,18,22,40,8,3,12,57,54,107,73,73,143,286,247,530,16,21,33,28,19,53,498,560,1055,192,212,403,34,30,60,7607,7811,15419,21,20,40,35,22,55,6,7,9,0,0,0,3,0,3,15,31,50,19,31,56,2801,2255,5058,37,32,74,13,8,23,2849,2301,5152,1113,1010,2121,11701,11288,22987
LGA17040,74,111,184,2000,2111,4115,0,0,0,186,157,340,0,0,0,2418,2360,4774,3,3,7,69,68,138,25,48,66,3,10,14,75,74,152,4,3,5,19,14,29,57,53,107,259,266,534,24,21,44,9,16,29,265,294,554,145,176,323,6,5,5,5572,5684,11251,8,9,14,40,31,65,11,8,14,3,3,8,0,3,6,26,39,66,36,45,77,3272,2749,6023,39,36,73,13,27,39,3322,2812,6131,1411,1058,2469,10461,9756,20218
LGA17080,28,39,66,2034,2180,4218,0,0,0,75,82,150,0,0,0,1830,1935,3763,0,0,0,12,9,20,33,38,71,0,3,3,24,35,58,3,4,7,15,17,27,56,73,122,258,247,501,10,20,29,29,38,67,203,252,451,128,126,254,3,5,9,4713,5053,9762,15,11,24,13,3,18,0,6,6,4,4,10,6,3,6,15,21,36,22,29,53,1510,1193,2703,13,12,22,6,3,9,1529,1206,2735,959,771,1737,7278,7119,14395
LGA17100,939,1349,2280,725,839,1559,10,10,16,187,199,382,12,11,19,4489,4767,9258,13,17,22,629,661,1287,29,42,68,12,9,15,16,16,32,132,158,287,74,83,164,131,164,289,632,746,1375,7,12,18,37,55,96,362,411,774,356,439,797,33,23,49,7875,8643,16516,3683,2910,6598,1102,868,1968,22,16,36,5,0,3,148,103,252,68,58,125,216,156,378,4521,4179,8694,44,23,64,16,15,30,4573,4211,8785,2017,1725,3746,20434,19874,40312
LGA17150,921,1436,2361,20871,24295,45165,4,4,6,1864,2058,3924,85,82,166,30267,33623,63885,182,179,356,4567,4661,9226,123,185,317,134,155,287,254,308,562,429,431,857,400,453,855,900,1020,1918,2340,2689,5032,234,312,548,61,79,140,3017,3937,6956,2007,2267,4276,94,113,208,67838,76848,144686,609,606,1211,759,772,1528,128,151,279,11,7,15,108,90,203,162,191,357,280,285,569,28500,24099,52599,304,244,545,86,170,254,28882,24504,53392,7291,7141,14434,106713,111750,218464
LGA17200,6317,8352,14672,6043,6050,12093,9,8,21,573,593,1169,0,0,3,15989,16100,32089,12,15,27,1952,2100,4053,63,94,160,69,69,136,205,202,409,94,82,169,292,332,628,663,887,1550,1136,1166,2305,26,37,66,73,81,152,998,1021,2018,1473,1813,3287,63,53,112,29745,30694,60441,1676,1201,2878,1740,1119,2863,1014,978,1990,30,35,69,87,101,190,377,293,671,494,434,931,47907,42108,90020,678,477,1150,220,223,443,48802,42813,91611,18060,14932,32989,107852,100530,208374
LGA17310,130,176,304,8358,9557,17909,0,0,0,294,353,651,76,85,157,6878,7709,14586,9,13,26,48,42,87,102,139,241,31,33,61,39,56,92,9,10,19,61,79,140,335,387,716,1163,1316,2480,115,128,244,68,66,140,1173,1440,2614,505,590,1098,14,18,35,19278,22004,41281,124,107,230,86,77,161,4,4,8,16,10,28,29,26,63,44,78,126,98,122,217,6343,5200,11543,70,68,142,38,28,66,6447,5306,11753,2917,2786,5704,29077,30581,59663
LGA17350,10,9,15,804,850,1658,0,0,0,59,63,128,0,0,0,834,914,1747,0,0,0,10,3,16,5,10,22,0,0,0,151,172,322,3,3,5,8,4,8,18,22,39,165,184,348,17,11,23,10,9,17,165,198,365,33,35,71,0,0,0,2289,2482,4768,5,0,3,0,0,0,0,0,0,0,0,0,3,5,7,0,5,9,10,7,16,511,381,885,3,3,3,0,0,0,514,382,894,220,196,410,3036,3073,6110
LGA17400,21,19,41,764,753,1514,0,0,0,27,29,58,0,0,0,639,720,1358,0,0,0,9,7,12,26,35,60,5,3,5,18,17,27,0,0,0,3,4,13,22,31,48,154,176,326,19,26,44,7,17,30,158,189,343,83,105,185,5,9,14,1933,2106,4039,4,0,3,3,3,3,0,0,0,0,0,0,0,4,3,14,14,28,13,23,34,823,744,1565,15,9,16,0,4,7,831,762,1593,445,460,905,3253,3375,6628
LGA17420,2003,2567,4570,11118,12366,23487,16,22,40,1295,1491,2787,230,228,458,22038,23341,45378,77,102,176,1491,1487,2977,146,169,309,252,259,511,170,229,402,463,483,940,453,473,928,1890,2163,4055,1987,2113,4096,80,103,183,331,441,771,2082,2521,4600,1707,1898,3610,70,91,160,45899,49971,95866,3512,3554,7066,2042,1996,4044,105,90,195,4,0,4,725,714,1440,438,473,905,1166,1186,2349,17768,15576,33341,215,156,368,74,94,161,18050,15817,33875,4673,4612,9288,77451,79791,157243
LGA17550,401,648,1046,8199,9780,17981,0,0,0,395,453,848,3,4,5,9493,10895,20388,68,87,150,149,149,292,335,434,774,45,62,110,136,168,305,12,16,24,111,146,257,477,622,1100,1698,1827,3524,74,126,208,307,371,677,1368,1843,3207,1022,1168,2192,25,30,61,23925,28174,52100,320,299,616,60,45,107,43,47,90,23,24,44,114,90,207,125,209,332,257,324,579,14172,12828,27000,128,97,224,124,233,358,14432,13161,27589,4673,4567,9243,44109,47261,91371
LGA17620,38,34,75,2348,2601,4950,0,0,0,55,55,110,0,0,0,1827,1826,3657,0,0,3,6,6,9,19,29,52,4,0,5,4,9,17,0,0,0,11,11,21,6,11,16,199,192,393,17,18,38,6,15,17,275,349,626,75,81,157,4,0,4,4865,5208,10069,14,20,38,24,16,43,0,6,3,0,0,0,3,4,3,9,14,20,11,18,22,1271,1081,2355,15,10,24,0,11,8,1286,1099,2391,730,738,1469,6970,7140,14112
LGA17640,6,17,29,1094,1108,2203,0,0,0,16,31,51,0,0,0,1209,1176,2389,0,0,0,18,7,31,3,3,3,3,11,12,3,20,24,0,0,0,5,9,12,5,11,19,104,86,189,9,7,20,5,13,17,206,224,427,38,42,75,5,7,5,2728,2747,5476,3,0,3,9,9,15,0,3,4,0,0,0,0,0,3,9,8,19,10,11,18,749,623,1376,10,9,26,3,10,13,759,651,1409,391,344,734,3917,3785,7695
LGA17650,15,21,34,855,911,1761,0,0,0,35,35,66,0,0,0,568,668,1239,0,3,8,3,3,7,23,30,57,4,3,6,6,12,15,0,0,0,8,6,12,15,16,22,143,150,291,22,20,41,4,9,9,122,155,279,37,56,92,3,9,13,1845,2072,3917,0,3,0,8,0,10,3,4,7,0,0,0,0,0,0,7,10,18,8,11,26,748,699,1446,3,9,13,6,8,14,756,711,1467,292,293,583,2926,3120,6048
LGA17750,173,187,359,5676,6458,12136,0,0,0,396,397,801,94,98,189,9060,10054,19110,46,39,85,90,77,165,69,90,163,30,47,73,309,390,703,77,76,160,127,117,248,283,326,611,1449,1636,3085,72,76,145,77,74,147,1264,1546,2814,528,619,1147,12,9,23,19661,22157,41818,243,190,432,310,249,552,3,9,18,6,15,22,37,30,73,45,72,119,96,115,210,7328,6494,13819,87,68,155,41,37,79,7453,6599,14050,2565,2383,4945,30504,31880,62385
LGA17850,3,3,4,508,545,1054,0,0,0,6,8,12,0,0,0,292,300,597,0,0,0,0,0,0,18,25,45,0,0,0,0,5,5,0,0,0,0,0,4,0,6,4,160,146,304,3,0,3,7,4,10,14,23,37,14,10,27,0,0,0,1024,1075,2103,3,0,3,0,0,0,0,0,0,3,3,6,0,0,0,0,3,6,4,10,14,304,249,555,3,4,6,0,0,0,310,250,560,206,201,404,1551,1540,3092
LGA17900,11,8,15,863,805,1667,0,0,0,15,13,30,0,0,0,721,696,1416,0,3,3,40,22,61,7,9,16,15,11,25,18,7,24,0,0,3,3,6,10,3,5,7,108,95,203,6,7,13,13,7,20,51,46,95,46,40,89,0,0,0,1905,1787,3693,8,18,31,17,20,33,0,0,0,8,8,18,0,0,0,9,3,12,15,12,35,808,629,1440,3,3,5,6,5,18,824,636,1460,458,390,847,3235,2875,6107
LGA17950,0,11,9,359,395,755,0,0,0,3,6,10,0,0,0,486,474,963,3,0,4,0,0,0,0,0,0,0,0,0,3,0,3,0,0,0,3,0,6,6,9,11,116,117,230,0,0,4,6,0,3,30,47,79,11,11,17,0,0,0,1024,1056,2086,0,0,0,0,0,0,0,0,0,0,0,0,0,0,0,0,0,3,0,0,3,179,141,316,0,0,0,0,0,0,179,141,316,160,155,318,1366,1366,2732
LGA18020,15,21,31,1405,1478,2878,0,0,0,22,23,41,0,0,0,969,1077,2049,0,0,3,14,6,19,16,21,42,6,6,12,8,12,20,0,0,0,12,8,22,16,18,30,248,264,515,3,5,15,29,37,63,146,156,302,61,70,128,3,6,13,2956,3199,6149,8,6,18,8,3,10,0,0,0,3,0,5,3,0,3,6,13,18,9,12,24,1064,869,1929,3,7,11,4,13,19,1071,886,1956,623,569,1191,4689,4692,9384
LGA18050,321,542,865,2432,2877,5312,0,4,5,49,63,115,0,0,0,6276,7015,13292,7,3,16,682,849,1528,31,29,61,11,20,26,68,77,138,20,22,39,68,96,160,68,100,172,330,370,706,6,6,11,11,17,29,243,283,525,262,361,630,10,21,25,10577,12216,22796,134,114,250,155,99,256,4828,5243,10076,0,3,3,19,24,45,57,70,135,76,101,179,11442,10905,22349,140,119,261,52,97,147,11637,11118,22761,4743,4893,9635,32485,34334,66812
LGA18100,6,3,9,481,499,977,0,0,0,9,3,10,0,0,0,434,446,882,0,0,0,0,3,3,3,0,3,0,3,6,4,7,5,0,0,0,3,5,5,27,34,60,125,126,250,16,22,35,0,3,3,147,154,293,19,24,38,0,0,3,1262,1316,2578,3,10,12,0,0,0,0,0,0,0,0,0,0,0,0,4,0,6,4,0,6,368,310,678,0,0,0,3,0,4,369,314,687,184,186,375,1834,1831,3664
LGA18200,11,14,21,503,536,1042,0,0,0,21,14,33,0,0,0,698,699,1400,9,11,18,17,10,19,8,11,22,0,3,6,31,48,81,0,0,0,7,3,10,11,21,31,95,96,191,16,12,21,25,29,55,194,239,430,66,63,132,0,0,4,1701,1791,3499,3,3,4,11,3,14,0,0,0,22,29,54,0,0,0,5,3,9,34,26,60,1257,1001,2258,3,0,8,4,5,10,1264,1008,2273,492,439,926,3512,3288,6794
LGA18230,137,184,318,5568,6201,11773,0,0,3,433,484,922,0,3,3,6786,7733,14520,19,21,42,78,84,165,48,57,106,9,13,26,81,102,185,23,18,40,56,55,107,222,259,483,940,1013,1954,92,116,206,58,77,129,1150,1452,2599,476,517,987,3,6,11,16048,18214,34259,227,227,453,133,106,240,9,14,23,25,28,50,47,32,80,42,48,96,112,115,227,4753,4106,8860,32,40,75,24,24,54,4810,4172,8984,3087,2479,5566,24566,25505,50077
LGA18250,1265,1959,3228,3907,4625,8529,0,0,0,297,380,678,7,3,6,7519,8496,16013,23,29,56,541,553,1088,17,23,40,17,10,27,90,109,197,348,366,720,139,160,295,223,303,531,877,997,1879,5,7,20,20,16,37,677,852,1533,618,750,1371,18,21,38,15344,17710,33055,1081,1014,2091,420,437,856,361,372,734,0,0,0,47,53,101,149,182,331,197,236,430,13743,13391,27130,91,99,191,53,71,122,13888,13560,27446,3129,3337,6463,35686,38624,74302
LGA18350,188,260,445,5579,6692,12270,0,0,0,230,281,508,83,83,165,4984,5683,10662,16,37,52,176,180,357,123,146,271,19,31,55,66,73,135,10,7,14,46,58,104,150,190,344,649,826,1479,35,31,60,40,45,86,793,1062,1854,534,651,1188,48,59,103,13586,16118,29698,166,152,309,51,37,84,53,62,118,0,0,0,18,17,36,46,85,137,68,104,173,6463,5973,12433,88,69,156,51,63,120,6604,6109,12708,2178,2157,4336,22894,24988,47882
LGA18400,100,141,244,6304,7033,13342,3,0,3,250,270,515,87,85,174,7229,7443,14673,10,16,18,300,268,567,61,84,150,40,33,82,95,135,224,15,18,31,71,75,140,146,166,316,480,505,980,38,42,79,42,40,84,689,769,1454,495,528,1024,31,44,75,16389,17552,33941,26,23,53,114,100,215,15,17,27,0,0,3,10,4,14,33,49,83,44,60,100,5708,4667,10371,47,42,92,14,24,40,5772,4732,10500,1737,1695,3434,24207,24314,48519
LGA18450,1084,1495,2574,15551,18308,33860,9,6,19,857,966,1821,143,141,279,24699,27378,52076,117,135,259,4402,4380,8779,316,463,778,150,172,322,337,418,759,114,116,230,261,318,583,934,1185,2118,2247,2659,4911,278,348,619,122,152,273,3110,3910,7019,2873,3007,5880,57,87,148,56585,64148,120737,729,545,1274,2426,2187,4610,57,53,115,17,20,34,56,37,96,250,349,591,326,403,728,30594,26020,56611,358,299,659,152,226,379,31102,26544,57644,8231,7721,15951,100542,103087,203630
LGA18500,243,401,644,3252,4211,7463,3,4,7,41,69,109,0,0,0,4498,5870,10371,4,8,9,762,955,1716,20,25,48,5,7,8,56,103,158,13,12,30,43,50,98,65,100,167,446,465,911,7,10,15,14,15,29,232,327,555,220,310,534,13,13,25,9702,12560,22259,124,143,265,95,105,200,3382,3670,7050,4,0,4,12,13,25,49,76,123,67,88,151,8203,8191,16393,132,79,209,50,69,121,8377,8346,16722,3241,3710,6946,25232,29009,54240
LGA18710,29,48,79,1646,1867,3515,0,0,0,105,104,213,0,0,0,2112,2128,4244,0,0,4,32,39,69,6,11,18,3,0,7,54,62,114,0,0,0,21,31,44,61,47,100,162,193,361,18,22,36,15,12,24,309,374,678,156,175,327,4,7,8,4694,5067,9760,4,11,15,17,28,46,7,14,20,0,3,3,0,3,4,27,26,53,29,36,60,2366,2238,4602,32,22,54,8,18,20,2396,2273,4673,752,741,1497,7931,8209,16142
LGA19399,3,0,3,103,105,207,0,0,0,3,0,8,0,0,0,109,90,201,0,0,0,0,0,3,0,0,3,0,0,0,3,7,13,0,0,0,0,0,0,0,0,0,14,13,24,0,0,4,21,20,41,32,34,70,10,12,13,0,0,0,292,289,581,0,0,0,0,0,0,0,0,0,0,0,0,0,0,0,0,3,3,0,3,3,197,135,328,0,3,3,0,0,0,197,133,332,76,66,141,569,492,1056
LGA19499,100,107,211,785,549,1339,4,0,8,44,37,79,0,0,0,912,731,1643,0,3,3,43,38,83,21,11,31,58,24,81,11,13,32,15,7,17,26,25,48,34,43,75,134,104,238,9,13,26,21,19,46,143,146,292,147,138,281,8,5,9,2419,1912,4328,73,48,122,150,70,222,17,10,24,11,7,17,13,3,14,31,26,60,54,39,91,2021,1415,3434,33,27,57,21,26,52,2073,1463,3537,2461,1286,3744,7351,4939,12288
LGA19799,3,10,17,32,37,69,0,0,0,7,0,5,0,0,0,47,71,120,0,0,0,4,6,13,0,0,0,0,0,3,0,0,3,0,0,0,0,0,0,0,3,3,3,5,15,0,0,0,0,0,3,7,7,18,3,3,5,0,0,0,104,143,249,0,0,0,0,0,0,0,0,4,0,0,0,0,0,0,0,0,0,0,0,0,40,48,85,0,0,0,0,0,0,40,49,88,20,36,60,171,239,412
