LGA_CODE_2016,One_method_Train_M,One_method_Train_F,One_method_Train_P,One_method_Bus_M,One_method_Bus_F,One_method_Bus_P,One_method_Ferry_M,One_method_Ferry_F,One_method_Ferry_P,One_met_Tram_incl_lt_rail_M,One_met_Tram_incl_lt_rail_F,One_met_Tram_incl_lt_rail_P,One_method_Taxi_M,One_method_Taxi_F,One_method_Taxi_P,One_method_Car_as_driver_M,One_method_Car_as_driver_F,One_method_Car_as_driver_P,One_method_Car_as_passenger_M,One_method_Car_as_passenger_F,One_method_Car_as_passenger_P,One_method_Truck_M,One_method_Truck_F,One_method_Truck_P,One_method_Motorbike_scootr_M,One_method_Motorbike_scootr_F,One_method_Motorbike_scootr_P,One_method_Bicycle_M,One_method_Bicycle_F,One_method_Bicycle_P,One_method_Other_M,One_method_Other_F,One_method_Other_P,One_method_Walked_only_M,One_method_Walked_only_F,One_method_Walked_only_P,One_method_Tot_one_method_M,One_method_Tot_one_method_F,One_method_Tot_one_method_P,Two_methods_Train_Bus_M,Two_methods_Train_Bus_F,Two_methods_Train_Bus_P,Two_methods_Train_Ferry_M,Two_methods_Train_Ferry_F,Two_methods_Train_Ferry_P,Two_mt_trn_Trm_incl_lt_rl_M,Two_mt_trn_Trm_incl_lt_rl_F,Two_mt_trn_Trm_incl_lt_rl_P,Two_methods_Trn_Car_as_drvr_M,Two_methods_Trn_Car_as_drvr_F,Two_methods_Trn_Car_as_drvr_P,Two_methods_Trn_Car_as_pass_M,Two_methods_Trn_Car_as_pass_F,Two_methods_Trn_Car_as_pass_P,Two_methods_Train_Other_M,Two_methods_Train_Other_F,Two_methods_Train_Other_P,Two_methods_Train_Tot_M,Two_methods_Train_Tot_F,Two_methods_Train_Tot_P,Two_methods_Bus_Ferry_M,Two_methods_Bus_Ferry_F,Two_methods_Bus_Ferry_P,Two_mth_Bu_Trm_inc_lt_rl_M,Two_mth_Bu_Trm_inc_lt_rl_F,Two_mth_Bu_Trm_inc_lt_rl_P,Two_methods_Bus_Car_as_drvr_M,Two_methods_Bus_Car_as_drvr_F,Two_methods_Bus_Car_as_drvr_P,Two_methods_Bus_Car_as_pass_M,Two_methods_Bus_Car_as_pass_F,Two_methods_Bus_Car_as_pass_P,Two_methods_Bus_Other_M,Two_methods_Bus_Other_F,Two_methods_Bus_Other_P,Two_methods_Bus_Tot_M,Two_methods_Bus_Tot_F,Two_methods_Bus_Tot_P,Two_methds_Othr_two_methds_M,Two_methds_Othr_two_methds_F,Two_methds_Othr_two_methds_P,Two_methods_Tot_two_methods_M,Two_methods_Tot_two_methods_F,Two_methods_Tot_two_methods_P,Three_meth_Trn_two_othr_met_M,Three_meth_Trn_two_othr_met_F,Three_meth_Trn_two_othr_met_P,Three_met_Bs_2_ot_met_ex_tr_M,Three_met_Bs_2_ot_met_ex_tr_F,Three_met_Bs_2_ot_met_ex_tr_P,Three_meth_Othr_three_meth_M,Three_meth_Othr_three_meth_F,Three_meth_Othr_three_meth_P,Three_meth_Tot_three_meth_M,Three_meth_Tot_three_meth_F,Three_meth_Tot_three_meth_P,Worked_home_M,Worked_home_F,Worked_home_P,Did_not_go_to_work_M,Did_not_go_to_work_F,Did_not_go_to_work_P,Method_travel_to_work_ns_M,Method_travel_to_work_ns_F,Method_travel_to_work_ns_P,Tot_M,Tot_F,Tot_P
LGA10050,4,7,15,56,69,126,3,3,6,0,4,3,18,16,38,8908,8079,16987,524,580,1102,137,3,134,106,10,118,168,45,218,62,34,99,366,388,760,10351,9252,19601,3,0,3,0,0,0,0,0,0,7,5,8,0,0,0,4,0,4,11,7,17,0,0,0,0,0,0,4,0,4,5,7,13,0,3,4,8,10,19,87,51,141,106,71,176,4,0,6,0,0,0,8,3,11,11,3,14,273,452,723,786,1425,2208,98,82,181,11620,11284,22907
LGA10130,5,3,8,23,25,49,0,0,0,0,3,3,18,18,37,4057,3852,7906,370,427,796,136,18,151,89,16,102,96,25,117,61,37,91,350,312,663,5203,4728,9928,0,0,0,0,0,0,0,0,0,0,3,4,0,0,0,0,0,0,6,4,5,0,0,0,0,0,0,3,0,3,0,3,7,4,0,4,7,3,14,64,34,101,79,42,115,3,3,3,0,0,3,3,0,7,8,3,14,443,447,887,467,786,1254,59,68,129,6252,6076,12327
LGA10250,7,3,13,46,44,97,3,0,5,3,0,3,5,3,6,6127,5818,11946,343,448,788,195,6,202,91,15,108,155,62,213,77,42,117,238,311,548,7293,6752,14043,0,3,3,0,0,0,0,0,0,3,4,8,0,0,0,0,0,0,3,7,11,0,0,0,0,0,0,4,0,4,7,11,14,4,0,4,16,12,22,77,51,130,97,62,162,0,0,0,0,0,0,10,0,10,9,0,9,574,726,1302,672,1065,1737,110,104,210,8758,8711,17463
LGA10300,0,0,0,3,0,3,0,0,0,0,0,0,0,0,0,356,252,601,27,20,48,12,0,12,5,0,5,0,5,6,10,10,15,57,46,104,464,329,795,0,0,0,0,0,0,0,0,0,0,0,0,0,0,0,0,0,0,0,0,0,0,0,0,0,0,0,0,0,0,0,0,0,0,0,0,0,0,0,3,0,3,6,0,8,0,0,0,0,0,0,0,0,0,0,0,0,51,47,97,19,46,69,9,8,16,547,435,982
LGA10470,15,6,21,33,26,51,8,0,8,0,0,0,16,21,39,6669,6162,12835,447,514,962,197,7,209,55,6,61,68,13,85,55,26,83,365,326,685,7931,7104,15035,0,7,4,0,0,0,0,0,0,9,0,10,0,0,0,0,0,0,8,4,13,0,0,0,0,0,0,4,3,3,0,4,7,3,3,6,5,9,19,57,39,100,80,54,130,3,3,8,0,0,0,4,3,8,11,5,15,354,480,838,757,1189,1945,117,96,208,9245,8923,18165
LGA10550,5,6,12,22,30,54,0,0,0,0,0,0,0,6,6,4448,4117,8566,251,285,530,170,7,177,56,8,65,43,15,56,70,42,110,306,332,644,5367,4850,10219,0,0,0,0,0,0,0,0,0,0,3,4,0,0,0,0,0,0,4,6,8,0,0,0,0,0,0,0,0,3,3,8,9,0,0,0,3,9,11,50,22,77,58,39,94,0,0,0,0,0,0,5,4,11,3,4,8,466,510,973,697,982,1681,96,86,177,6689,6466,13153
LGA10600,4,0,3,11,0,10,0,0,0,0,0,0,3,0,3,1582,1448,3025,91,117,207,58,0,65,23,0,30,18,8,26,20,12,34,136,118,252,1943,1721,3658,3,0,3,0,0,0,0,0,0,0,0,0,0,0,0,0,0,0,4,0,4,0,0,0,0,0,0,0,0,0,0,0,0,0,0,0,0,0,3,18,6,24,24,14,33,3,0,3,0,0,0,0,0,0,3,0,9,260,253,516,214,384,593,34,44,80,2479,2414,4890
LGA10650,3,3,3,7,0,8,0,0,0,0,3,3,0,0,0,1080,995,2077,60,57,118,53,4,52,13,0,13,22,3,25,22,9,38,116,93,209,1383,1171,2553,0,0,0,0,0,0,0,0,0,0,0,0,0,0,0,0,0,0,0,0,0,0,0,0,0,0,0,0,0,0,0,0,0,0,0,0,0,0,0,14,0,15,14,0,15,0,0,0,0,0,0,0,0,0,0,0,0,178,144,324,120,217,338,28,27,59,1722,1561,3282
LGA10750,7154,6811,13962,2577,2750,5325,9,3,14,16,6,22,228,65,292,53713,38211,91922,3257,4416,7669,1462,18,1473,574,41,614,238,50,291,440,208,647,771,939,1717,70429,53515,123947,1974,2306,4285,8,5,12,20,26,48,1646,1240,2885,337,695,1028,113,46,156,4095,4315,8418,3,0,6,0,4,4,243,186,423,82,184,262,17,15,37,343,389,729,529,268,799,4970,4976,9948,629,716,1346,14,19,31,24,8,29,663,741,1406,1419,2423,3843,4085,6657,10743,913,675,1590,82472,68997,151468
LGA10800,0,0,3,56,6,61,0,0,0,0,0,0,3,0,0,707,639,1349,88,60,152,52,3,51,3,0,4,5,5,12,36,9,48,95,59,154,1051,787,1837,0,0,0,0,0,0,0,0,0,0,0,0,0,0,0,0,0,0,0,0,0,0,0,0,0,0,0,8,3,8,0,0,0,0,0,0,7,3,15,14,4,15,24,5,28,0,0,0,0,0,0,4,0,8,6,0,3,214,173,388,93,143,238,29,23,53,1414,1135,2541
LGA10850,3,0,4,8,5,14,0,0,0,0,0,3,0,0,0,1138,1024,2164,66,54,112,58,7,62,22,0,18,3,0,3,10,6,17,71,63,137,1378,1161,2536,0,0,0,0,0,0,0,0,0,0,0,0,0,0,0,0,0,0,0,0,0,0,0,0,0,0,0,0,0,0,0,0,0,0,0,0,0,0,0,6,5,13,6,7,16,0,0,0,0,0,0,0,0,0,0,0,3,157,139,296,141,193,333,15,20,40,1696,1529,3222
LGA10900,1546,1263,2806,55,72,127,3,0,3,4,3,7,37,27,67,11247,10463,21713,499,721,1221,352,9,360,166,16,179,95,24,120,116,51,171,449,464,916,14573,13115,27693,155,121,277,0,0,0,4,3,7,320,247,567,56,77,134,72,22,95,620,462,1085,0,0,0,0,0,0,5,5,15,4,4,9,3,0,3,10,9,27,115,72,186,744,547,1288,87,85,173,0,0,0,5,0,7,97,83,179,1089,1353,2440,1528,2498,4021,127,108,236,18157,17705,35860
LGA10950,0,0,0,41,15,52,0,0,0,0,0,0,0,0,0,358,312,669,34,21,56,18,0,15,11,0,7,9,3,10,6,0,5,44,50,98,514,405,923,0,0,0,0,0,0,0,0,0,0,0,0,0,0,0,0,0,0,0,0,0,0,0,0,0,0,0,0,0,3,0,0,0,0,0,0,0,0,3,6,0,6,5,3,10,0,0,0,0,0,0,0,0,0,0,0,0,75,59,130,36,47,86,15,7,23,646,529,1173
LGA11100,1095,1123,2216,1056,1414,2472,0,0,3,0,0,4,65,15,78,6474,4623,11098,380,695,1072,126,0,123,228,27,256,230,26,253,95,48,138,615,520,1135,10360,8486,18849,408,403,808,5,0,3,11,16,27,70,46,118,24,37,63,19,7,24,538,512,1049,3,0,3,7,3,8,59,75,135,21,77,94,13,15,29,104,167,271,74,44,116,717,722,1439,69,78,143,7,9,23,0,0,0,75,87,170,261,364,629,636,1037,1678,116,93,208,12176,10784,22963
LGA11150,0,0,0,0,0,3,0,0,0,0,0,0,0,0,4,288,257,554,32,42,68,13,0,16,4,0,7,7,3,9,8,10,17,74,83,158,434,401,836,0,0,0,0,0,0,0,0,0,0,0,0,0,0,0,0,0,0,0,0,0,0,0,0,0,0,0,0,0,0,0,0,0,0,0,0,0,0,0,7,0,7,7,0,7,0,0,0,0,0,0,4,0,4,4,0,4,38,42,82,24,36,61,6,11,17,512,490,1000
LGA11200,0,0,0,3,3,7,0,0,0,0,0,0,0,0,0,106,120,226,24,17,37,18,0,18,8,3,13,0,0,4,0,0,4,52,55,110,220,197,415,0,0,0,0,0,0,0,0,0,0,0,0,0,0,0,0,0,0,0,0,0,0,0,0,0,0,0,0,0,0,0,0,0,0,0,0,0,0,0,3,0,3,3,0,3,0,0,0,0,0,0,3,0,3,3,0,3,23,22,44,5,12,22,8,3,14,261,239,498
LGA11250,3,0,3,27,11,31,0,3,5,0,0,0,3,0,9,2468,2366,4836,180,232,415,35,0,36,48,0,48,32,5,34,15,11,25,170,159,321,2986,2781,5770,0,0,0,0,0,0,0,0,0,0,0,0,0,0,0,0,0,0,0,0,0,0,0,0,0,0,0,3,0,3,3,0,3,0,0,0,8,0,8,9,17,26,21,17,34,0,0,3,0,0,0,0,0,0,4,0,4,60,98,163,384,457,844,54,40,93,3507,3395,6902
LGA11300,2415,2406,4827,221,320,547,3,0,3,9,3,16,15,8,21,3907,2560,6466,170,363,529,119,0,119,71,3,77,62,7,70,47,24,74,341,487,829,7385,6190,13572,461,520,976,9,4,6,19,10,28,91,51,141,26,59,81,17,16,31,620,657,1276,0,0,0,0,0,0,11,11,23,5,4,15,0,7,6,17,21,43,38,34,73,676,711,1389,64,64,121,0,3,5,0,0,0,61,68,130,231,351,583,479,800,1283,124,88,218,8962,8212,17174
LGA11350,5,3,14,40,32,73,0,3,3,0,0,3,12,9,19,4089,3955,8048,218,257,471,120,7,129,86,11,95,198,135,334,79,50,135,283,289,572,5136,4757,9893,4,0,4,0,0,0,0,0,0,3,3,3,0,0,0,3,0,4,5,7,9,0,0,0,0,0,0,0,0,3,3,3,6,3,0,3,5,4,14,34,39,73,49,45,95,0,4,5,0,0,3,4,4,12,9,13,20,824,997,1819,582,909,1498,133,106,235,6731,6826,13557
LGA11400,0,3,3,3,7,13,3,0,3,0,0,0,0,3,3,2132,1808,3938,117,123,239,112,7,117,24,0,26,5,0,5,34,17,47,166,102,264,2599,2065,4658,0,0,0,0,0,0,0,0,0,0,0,0,0,0,0,0,0,0,0,0,3,0,0,0,0,0,0,0,0,0,0,0,0,0,0,0,0,0,0,17,3,17,18,3,22,0,0,0,3,0,3,0,5,5,3,4,10,347,302,647,218,372,591,48,54,103,3231,2794,6032
LGA11450,581,530,1117,108,147,257,0,0,0,0,3,4,13,5,21,15390,12748,28135,723,837,1562,561,7,562,124,6,133,49,10,65,108,54,159,192,185,375,17849,14534,32382,160,128,284,0,0,3,0,0,0,646,518,1166,49,94,144,12,0,10,867,741,1609,0,0,0,0,0,0,7,10,15,5,24,37,3,0,3,12,40,52,142,63,209,1029,848,1873,89,79,174,4,7,10,7,0,5,103,85,187,531,1004,1532,1291,2356,3647,207,182,387,20999,19015,40014
LGA11500,3953,3666,7621,256,405,665,4,0,4,3,4,7,75,27,102,24153,18111,42269,1632,1918,3547,744,11,757,257,14,270,84,20,98,159,82,238,375,428,811,31706,24691,56392,736,752,1488,5,3,11,18,12,26,812,704,1517,173,317,492,72,27,99,1814,1817,3634,0,0,0,0,0,0,5,20,23,34,51,91,3,4,8,50,80,129,217,122,339,2080,2020,4100,276,285,557,7,5,8,10,3,10,284,288,578,551,1000,1550,2183,3283,5459,435,319,760,37245,31594,68841
LGA11520,2993,2885,5878,1477,2002,3478,480,452,928,20,28,54,66,40,102,12238,9542,21778,437,973,1406,245,6,250,299,39,339,326,79,402,176,103,274,621,702,1329,19371,16856,36227,562,616,1182,36,28,66,10,14,26,181,140,325,34,94,128,45,8,55,876,906,1776,58,49,110,11,10,17,71,104,175,15,60,73,21,18,37,176,242,417,189,143,332,1241,1288,2527,133,109,236,25,28,47,14,3,18,168,135,303,878,1145,2024,1123,2156,3278,181,160,347,22958,21738,44699
LGA11570,10007,9501,19504,983,1774,2753,11,3,20,35,58,91,330,63,400,48414,30702,79112,2646,3811,6453,1537,17,1555,477,51,528,345,57,406,560,245,806,1298,1490,2787,66637,47778,114415,1671,1915,3582,23,11,39,78,81,162,1127,970,2093,242,485,729,129,65,191,3276,3521,6797,0,0,0,6,15,18,73,76,149,38,122,162,17,18,33,137,228,364,541,285,820,3953,4028,7977,401,430,831,20,13,31,18,5,25,437,449,883,1343,2494,3832,3816,5528,9348,1035,697,1736,77223,60974,138192
LGA11600,0,0,0,8,7,17,0,0,0,0,0,0,0,0,0,457,325,777,55,31,80,21,0,16,3,0,3,4,4,6,17,7,23,54,56,110,620,431,1049,0,0,0,0,0,0,0,0,0,0,0,0,0,0,0,0,0,0,0,0,0,0,0,0,0,0,0,0,0,0,0,0,0,0,0,0,0,0,0,9,7,16,9,7,12,0,0,0,0,0,0,0,0,0,0,0,0,105,80,181,32,64,99,21,16,35,798,593,1384
LGA11650,3141,2208,5346,611,824,1437,31,8,39,6,6,12,46,47,95,48232,42845,91077,3195,3192,6388,1478,33,1506,535,37,567,310,81,390,424,223,650,1162,1171,2326,59164,50681,109846,765,516,1278,14,6,19,9,12,19,1500,954,2451,172,251,426,142,38,181,2605,1780,4378,9,6,7,0,0,0,28,21,43,46,87,127,5,4,11,81,117,200,619,249,867,3308,2141,5450,465,284,743,14,14,30,27,9,37,507,303,814,2861,4254,7113,5512,9404,14916,729,728,1456,72088,67514,139593
LGA11700,0,0,0,0,3,3,0,0,0,0,0,0,0,0,0,130,99,228,16,16,34,8,0,8,10,3,10,3,0,3,10,4,18,66,52,111,230,179,413,0,0,0,0,0,0,0,0,0,0,0,0,0,0,0,0,0,0,0,0,0,0,0,0,0,0,0,0,0,0,0,0,0,0,0,0,0,0,0,3,3,8,3,3,8,0,0,0,0,0,0,0,3,6,0,3,6,60,37,96,9,18,24,9,4,21,325,241,564
LGA11720,11,13,22,51,38,84,6,0,7,0,0,0,10,12,21,8321,7115,15434,594,495,1089,261,5,269,76,9,87,30,3,30,55,25,87,194,194,387,9605,7913,17521,8,0,14,0,0,0,0,0,0,20,10,36,3,5,3,0,0,0,37,18,51,0,0,0,0,0,0,0,0,4,8,4,11,3,0,3,9,6,19,116,32,156,162,60,218,8,4,13,0,0,0,5,0,5,15,4,20,307,493,797,1158,1635,2787,148,133,282,11389,10236,21626
LGA11730,8,4,11,35,33,69,3,0,3,0,0,0,10,8,19,6109,5597,11708,407,452,867,268,5,276,79,6,89,131,58,185,96,39,135,420,363,781,7555,6569,14123,0,0,0,0,0,0,0,0,0,0,3,3,0,0,0,0,0,0,3,7,5,0,0,0,0,0,0,0,0,0,0,6,11,0,0,0,4,6,11,74,37,110,83,51,127,3,0,3,0,0,3,7,0,5,11,3,11,509,589,1100,762,1214,1976,126,96,225,9043,8521,17565
LGA11750,0,0,0,9,0,9,0,0,0,0,0,0,0,3,3,704,524,1230,61,56,117,25,3,25,17,0,19,10,3,18,16,10,24,59,67,128,911,669,1574,0,0,0,0,0,0,0,0,0,0,0,0,0,0,0,0,0,0,0,0,0,0,0,0,0,0,0,0,0,0,0,0,0,0,0,0,0,0,0,7,0,8,9,0,15,0,0,0,0,0,0,3,0,3,3,0,3,65,74,133,140,118,251,11,23,33,1136,875,2014
LGA11800,9,3,16,69,69,137,5,0,7,0,0,0,14,17,31,10689,10096,20784,771,1046,1811,350,13,359,178,20,203,182,54,231,103,78,182,430,426,855,12797,11825,24620,3,7,3,0,0,0,0,0,0,7,5,5,3,0,3,0,0,0,11,10,17,0,0,0,0,0,0,5,8,6,10,8,18,3,0,4,17,16,34,122,57,177,150,77,228,5,0,5,3,0,3,10,3,7,16,3,17,648,893,1543,1091,1800,2894,166,157,323,14869,14759,29620
LGA12000,0,0,0,6,0,5,0,0,0,0,0,0,0,0,0,577,514,1093,40,41,81,33,0,33,10,0,10,0,0,0,14,6,17,52,33,84,723,597,1323,0,0,0,0,0,0,0,0,0,0,0,0,0,0,0,0,0,0,0,0,0,0,0,0,0,0,0,0,0,0,0,0,0,0,0,0,0,0,0,0,3,3,0,3,3,0,0,0,0,0,0,0,0,0,0,0,0,108,91,194,56,112,174,17,16,28,904,821,1728
LGA12150,0,0,0,6,0,10,0,0,0,0,0,0,0,0,0,439,400,839,32,36,65,17,0,12,8,7,10,6,0,4,16,7,24,50,54,106,577,509,1085,0,0,0,0,0,0,0,0,0,0,0,0,0,0,0,0,0,0,0,0,0,0,0,0,0,0,0,0,0,0,0,0,0,0,0,0,0,0,0,3,3,4,0,3,7,0,0,0,0,0,0,0,0,3,0,0,3,121,88,210,30,70,94,18,6,31,746,673,1419
LGA12350,0,0,0,3,5,3,0,0,0,0,0,0,0,5,4,1703,1430,3133,130,143,272,94,5,97,25,3,30,15,0,15,20,9,33,133,100,236,2128,1695,3823,0,0,0,0,0,0,0,0,0,0,0,0,0,0,0,0,0,0,0,0,0,0,0,0,0,0,0,0,0,0,0,0,0,0,0,0,0,0,0,12,6,19,19,8,26,0,0,0,0,0,0,0,0,0,0,0,0,211,220,427,162,295,458,39,28,71,2562,2248,4811
LGA12380,7993,6775,14768,724,1071,1791,3,3,9,17,16,34,181,54,232,30394,16531,46924,1988,2478,4465,878,21,892,215,18,232,178,27,206,329,151,481,852,901,1754,43743,28038,71782,1482,1541,3023,10,7,22,37,29,68,684,443,1127,187,293,482,75,35,107,2474,2353,4819,0,0,0,0,0,0,49,59,111,19,71,91,10,3,18,78,135,212,342,124,464,2894,2606,5499,311,344,651,7,9,14,14,0,15,327,356,683,745,1496,2246,2357,3083,5436,736,451,1188,50803,36040,86838
LGA12700,4,4,6,8,0,8,0,0,0,0,0,0,3,4,7,1416,1183,2597,79,65,141,77,0,76,15,0,13,7,0,7,14,4,21,77,67,141,1693,1323,3018,0,0,0,0,0,0,0,0,0,0,3,7,0,0,0,0,0,0,0,3,7,0,0,0,0,0,0,0,0,0,0,0,0,0,0,0,0,0,0,25,4,24,20,7,30,0,0,3,0,0,0,0,0,0,0,0,3,168,180,346,158,272,436,25,27,57,2072,1811,3885
LGA12730,0,0,0,0,3,3,0,0,0,0,0,0,0,0,0,1379,1203,2580,80,100,175,48,0,46,9,0,10,21,11,31,23,11,28,106,100,210,1668,1424,3094,0,0,0,0,0,0,0,0,0,0,0,0,0,0,0,0,0,0,0,0,0,0,0,0,0,0,0,0,0,0,0,0,0,0,0,0,0,0,0,14,8,17,10,7,23,0,0,0,0,0,0,0,0,3,0,0,3,153,130,280,129,230,363,31,22,52,1995,1815,3812
LGA12750,3,0,4,43,31,72,0,0,0,0,3,3,5,3,14,4425,4275,8700,286,360,647,206,10,217,48,6,56,60,21,80,63,25,90,238,242,478,5376,4986,10365,3,0,3,0,0,0,0,0,0,0,0,5,0,0,0,0,0,0,5,0,7,0,0,0,0,0,0,0,0,0,3,6,10,0,3,3,3,10,12,40,16,59,53,29,80,0,0,0,0,0,0,0,0,0,0,4,3,356,449,812,622,918,1538,80,98,180,6492,6481,12976
LGA12850,2713,2808,5521,484,697,1180,9,0,8,8,8,17,47,23,78,27751,18196,45943,2022,2905,4928,1147,21,1168,145,16,157,120,17,143,242,102,347,483,717,1203,35178,25515,60687,659,782,1441,0,0,0,16,8,18,752,514,1265,141,305,446,29,13,43,1593,1626,3217,7,0,7,0,0,0,39,51,94,28,51,83,8,7,15,82,116,196,310,203,514,1993,1940,3930,226,258,485,5,5,7,3,4,5,236,266,503,560,1094,1654,1663,2484,4148,586,391,974,40212,31681,71899
LGA12870,0,0,3,6,5,7,0,0,0,0,0,0,0,3,4,1848,1456,3311,115,106,220,51,0,57,11,3,14,17,9,26,30,13,40,104,114,213,2190,1702,3898,0,0,0,0,0,0,0,0,0,0,0,0,0,0,0,0,0,0,0,0,0,0,0,0,0,0,0,0,0,0,0,0,0,0,0,0,0,0,0,17,12,29,17,12,29,0,0,0,0,0,0,0,0,0,0,0,0,190,181,370,218,361,588,40,47,91,2664,2300,4970
LGA12900,0,0,0,18,5,22,0,0,0,0,0,0,7,3,9,1411,1193,2602,111,90,198,61,0,64,17,0,17,4,3,14,27,12,36,106,78,178,1761,1395,3153,0,0,0,0,0,0,0,0,0,0,0,0,0,0,0,0,0,0,0,0,0,0,0,0,0,0,0,3,0,3,0,0,0,0,0,0,3,0,3,15,5,21,16,9,27,0,0,0,0,0,0,0,0,4,0,0,4,195,177,376,120,209,335,33,25,58,2136,1809,3944
LGA12930,7928,8119,16047,329,581,918,8,11,13,6,14,22,52,26,82,19925,13375,33303,844,1666,2506,422,6,429,214,20,234,125,23,147,192,95,288,912,1290,2199,30958,25226,56182,1131,1247,2374,13,9,23,59,58,114,610,479,1097,165,280,445,67,29,100,2046,2095,4146,0,0,0,0,0,0,25,31,56,14,35,47,0,9,7,43,77,119,152,92,243,2243,2266,4505,229,245,478,11,4,10,3,3,8,241,252,494,984,1330,2313,2062,3371,5440,346,254,596,36834,32704,69537
LGA12950,0,0,0,3,0,3,0,0,0,0,0,0,0,0,0,537,492,1030,39,32,73,28,0,28,13,0,13,8,0,4,18,3,21,63,62,129,700,598,1299,0,0,0,0,0,0,0,0,0,0,0,0,0,0,0,0,0,0,0,0,0,0,0,0,0,0,0,0,0,0,0,0,0,0,0,0,0,0,0,16,0,17,16,0,17,0,0,0,0,0,0,0,0,5,0,0,5,149,109,262,68,102,173,15,16,27,955,830,1783
LGA13010,3,0,4,6,0,10,0,0,3,0,0,0,8,3,8,977,935,1914,88,85,173,71,8,75,11,4,19,8,6,14,12,11,22,108,104,217,1303,1156,2458,0,0,0,0,0,0,0,0,0,0,0,0,0,0,0,0,0,0,3,0,3,0,0,0,0,0,0,0,0,0,0,0,0,0,0,0,0,0,0,14,8,24,17,9,27,0,0,0,0,0,0,0,0,0,0,0,0,201,158,359,114,194,312,45,27,73,1673,1552,3224
LGA13310,16,8,23,40,16,59,3,0,4,0,0,0,16,19,35,4760,4131,8892,394,394,790,184,9,190,56,3,59,24,8,32,44,16,66,222,187,402,5756,4794,10552,3,3,3,0,0,0,0,0,0,3,8,12,0,0,0,0,0,0,6,14,22,0,0,0,0,0,0,0,6,9,0,3,3,0,0,0,0,7,12,52,24,68,59,44,99,0,0,3,0,0,4,4,0,4,8,3,5,238,309,547,561,802,1361,89,64,152,6708,6013,12722
LGA13340,4,0,4,9,5,18,0,0,0,0,0,0,0,0,0,1521,1363,2888,74,68,146,88,0,87,18,3,21,7,4,13,40,12,57,124,98,220,1884,1554,3441,0,0,0,0,0,0,0,0,0,0,3,3,0,0,0,0,0,0,0,3,3,0,0,0,0,0,0,0,0,0,0,0,0,0,0,0,3,0,3,24,3,26,22,9,34,0,0,0,0,0,0,0,0,0,0,0,0,335,257,594,180,301,477,31,34,65,2460,2154,4614
LGA13450,3,3,5,4,8,15,0,0,0,0,0,0,10,13,20,4709,3867,8574,438,487,927,105,0,103,46,7,49,44,5,48,53,14,64,199,132,334,5613,4540,10149,0,0,0,0,0,0,0,0,0,3,0,3,0,0,0,0,0,0,3,0,3,0,0,0,0,0,0,4,3,7,0,0,0,0,0,0,4,3,7,50,21,72,54,24,77,0,0,0,0,0,0,0,0,0,0,0,0,233,231,463,322,533,856,77,97,167,6302,5419,11713
LGA13510,0,0,0,13,3,16,3,0,3,0,0,0,0,0,4,1531,1366,2895,145,107,251,65,3,70,27,5,31,22,3,19,30,10,45,115,122,234,1951,1628,3573,0,0,0,0,0,0,0,0,0,0,0,0,0,0,0,0,0,0,0,0,0,0,0,0,0,0,0,0,0,0,0,0,0,0,0,0,0,0,0,13,6,21,13,5,21,0,0,0,0,0,0,3,0,3,3,0,3,173,158,331,141,244,384,39,24,65,2318,2059,4382
LGA13550,3,0,4,58,20,79,0,0,0,0,0,0,9,11,16,1898,1609,3508,219,127,348,101,5,100,8,0,15,6,7,16,18,13,33,125,81,208,2446,1876,4318,0,0,0,0,0,0,0,0,0,0,0,0,0,0,0,0,0,0,0,0,0,0,0,0,0,0,0,27,0,25,0,3,3,0,0,3,27,4,31,30,3,35,59,9,62,0,0,0,0,0,0,0,0,0,0,0,0,198,220,421,206,294,502,33,35,67,2949,2428,5381
LGA13660,0,0,0,3,3,9,0,0,0,0,0,0,0,0,0,616,511,1131,27,34,59,52,7,62,12,0,16,4,3,7,26,10,41,87,73,163,838,655,1488,0,0,0,0,0,0,0,0,0,0,0,0,0,0,0,0,0,0,0,0,0,0,0,0,0,0,0,0,0,0,0,0,0,0,0,0,0,0,0,5,4,7,5,4,7,0,0,0,0,0,0,0,0,3,0,0,3,223,171,387,56,110,168,10,15,27,1129,947,2083
LGA13800,380,437,826,45,71,116,0,0,0,0,0,0,9,13,24,12203,10215,22422,650,626,1273,877,11,893,143,14,153,101,11,110,99,47,145,349,264,617,14861,11712,26576,52,58,109,0,0,0,0,0,0,212,237,449,42,36,76,13,0,18,328,334,658,0,0,0,0,0,0,11,16,24,0,6,8,3,0,3,17,22,36,158,64,217,492,418,917,47,47,97,0,0,0,7,4,7,52,50,104,644,1087,1729,950,1723,2676,173,157,324,17178,15154,32329
LGA13850,0,0,0,0,0,0,0,0,4,0,0,0,0,0,0,440,331,766,42,31,73,22,0,28,9,0,9,8,5,8,18,6,25,50,59,104,586,432,1023,0,0,0,0,0,0,0,0,0,0,0,0,0,0,0,0,0,0,0,0,0,0,0,0,0,0,0,0,0,0,0,0,0,0,0,0,0,0,0,3,0,6,3,0,6,0,0,0,0,0,0,0,0,0,0,0,0,49,61,105,56,69,129,17,10,27,714,578,1296
LGA13910,3,0,7,14,8,17,0,0,0,0,0,0,7,7,18,2552,2252,4798,208,166,375,173,13,186,32,3,33,10,0,13,53,21,71,219,200,419,3278,2670,5942,0,0,0,0,0,0,0,0,0,0,0,0,0,0,0,0,0,0,0,0,0,0,0,0,0,0,0,3,0,3,0,0,0,0,0,0,3,0,0,34,11,43,32,16,49,0,0,0,0,0,0,3,0,3,3,0,3,364,321,683,293,475,766,60,56,113,4027,3533,7563
LGA14000,6491,5195,11689,1307,1150,2456,3,5,7,10,4,11,41,19,63,18997,16115,35112,759,1435,2199,396,4,403,316,27,347,189,27,215,197,114,312,909,996,1911,29615,25105,54720,945,767,1710,8,4,14,8,7,19,1092,752,1848,205,303,511,127,37,162,2390,1875,4266,0,0,0,0,0,0,102,67,175,21,59,78,7,3,12,131,132,263,193,137,329,2718,2141,4863,306,239,541,6,6,11,16,7,17,328,251,579,1861,2257,4113,2135,3940,6069,262,186,451,36924,33872,70798
LGA14100,10,12,21,349,351,700,137,79,211,0,0,0,16,8,30,1884,1571,3449,74,130,200,22,0,23,42,3,50,34,9,41,16,9,32,75,73,146,2661,2241,4905,28,48,83,6,8,11,0,0,0,7,5,14,4,3,6,0,0,0,49,60,111,18,0,20,0,0,0,20,20,36,4,5,15,3,0,3,50,25,75,52,22,72,146,114,262,12,7,15,3,0,3,7,0,10,20,4,31,197,281,482,186,323,509,28,20,48,3242,2995,6240
LGA14170,9413,9599,19012,4159,5825,9986,423,309,731,719,708,1431,189,193,379,19264,15957,35225,900,1737,2636,333,6,343,999,201,1200,1902,728,2634,343,231,573,2323,2860,5181,40966,38361,79329,1666,1932,3591,70,46,124,157,128,286,308,279,583,81,166,247,194,116,314,2470,2669,5143,75,67,140,76,80,151,73,112,192,39,108,146,87,72,152,346,437,779,353,231,582,3167,3337,6506,355,271,628,47,46,89,29,15,44,431,334,764,2024,2592,4618,2811,4827,7631,416,314,732,49811,49760,99575
LGA14200,0,0,0,12,5,19,0,0,0,0,0,0,9,4,12,2248,1917,4169,194,201,400,94,7,97,40,3,39,18,3,18,28,20,46,128,122,247,2767,2293,5056,0,0,0,0,0,0,0,0,0,0,0,3,0,0,0,0,0,0,0,0,3,0,0,0,0,0,0,0,0,0,0,3,4,0,0,0,0,3,3,19,15,34,18,22,40,0,0,0,0,0,0,0,0,3,0,3,3,263,300,567,239,352,585,64,72,138,3353,3039,6393
LGA14300,0,0,3,4,5,6,0,0,0,0,0,0,0,0,0,764,688,1459,97,70,169,35,0,35,6,3,11,3,0,5,16,9,26,64,35,97,990,810,1799,0,0,0,0,0,0,0,0,0,0,0,0,0,0,0,0,0,0,3,0,3,0,0,0,0,0,0,0,0,0,0,0,0,0,0,0,0,0,0,5,0,3,9,0,8,0,0,0,0,0,0,5,0,5,5,0,5,128,118,246,92,136,226,21,14,34,1240,1076,2318
LGA14350,3,3,6,19,17,37,0,0,3,0,0,0,0,3,4,3281,3040,6315,232,274,507,151,5,159,39,3,43,31,8,40,36,22,59,197,177,375,3992,3556,7547,0,0,0,0,0,0,0,0,0,0,0,0,0,0,0,0,0,0,0,0,4,0,0,0,0,0,0,0,0,3,0,4,4,0,0,0,0,4,4,37,10,47,42,16,56,0,0,0,0,0,0,0,0,3,0,0,3,250,293,545,399,673,1078,117,114,230,4806,4660,9463
LGA14400,72,52,119,14,14,30,0,0,0,0,0,0,0,0,0,3517,2943,6458,160,194,353,77,4,79,31,3,29,17,11,25,32,14,47,136,140,277,4058,3367,7424,10,6,21,0,0,0,3,0,3,28,17,42,8,3,15,9,0,7,52,26,83,0,0,0,0,0,0,0,0,0,0,0,0,0,0,0,0,0,0,23,18,42,82,42,127,11,10,14,0,0,0,0,0,0,11,10,14,294,375,668,457,700,1160,43,43,89,4953,4534,9488
LGA14500,5491,4435,9925,613,524,1139,0,5,8,12,9,17,61,28,98,13878,11938,25815,495,1129,1620,131,7,136,263,11,270,279,45,325,179,106,283,557,689,1245,21956,18919,40872,747,604,1351,3,0,3,3,3,8,1105,753,1855,200,311,505,79,26,105,2140,1689,3828,0,0,0,0,0,0,52,33,86,11,24,29,6,0,9,70,58,124,137,87,221,2348,1829,4176,202,158,360,10,5,8,22,4,24,224,166,397,2083,2522,4603,1666,2896,4558,160,150,307,28441,26485,54920
LGA14550,3,3,5,9,7,17,0,0,0,0,0,0,0,0,0,1001,920,1926,72,59,127,51,0,56,13,0,18,6,0,7,21,13,39,106,82,184,1293,1083,2377,0,0,0,0,0,0,0,0,0,0,0,0,0,0,0,0,0,0,0,0,0,0,0,0,0,0,0,0,3,3,3,0,3,0,0,0,3,3,6,14,3,20,24,4,27,0,0,0,0,0,0,4,0,4,4,0,4,247,182,427,143,190,327,38,32,66,1742,1491,3239
LGA14600,0,0,0,19,7,23,0,0,0,0,0,0,0,0,0,808,676,1484,84,47,132,46,4,51,13,5,13,9,0,6,30,7,40,98,102,207,1098,852,1953,0,0,0,0,0,0,0,0,0,0,0,0,0,0,0,0,0,0,0,0,0,0,0,0,0,0,0,0,3,3,0,0,0,0,0,0,0,3,3,16,6,21,16,9,22,0,0,0,0,0,0,4,0,4,4,0,4,143,119,257,64,130,193,19,14,33,1347,1119,2472
LGA14650,265,188,450,403,401,801,4,0,4,4,5,7,40,20,62,32817,29306,62129,1806,1946,3758,876,20,898,463,48,519,288,50,335,222,105,321,618,602,1219,37807,32691,70502,73,42,119,0,0,0,0,0,0,122,86,207,26,21,45,19,0,22,245,152,392,0,0,3,0,0,0,23,39,65,33,40,76,8,3,12,66,85,149,358,119,480,663,359,1018,60,61,115,9,8,15,12,0,11,77,70,146,1259,2068,3329,3604,5973,9577,362,327,686,43772,41490,85264
LGA14700,643,569,1215,1756,1819,3573,108,49,160,0,3,3,32,22,51,4597,3767,8368,205,428,634,41,4,46,190,23,210,195,25,225,55,37,93,402,458,856,8226,7203,15431,301,278,575,12,6,18,0,0,0,89,64,156,12,31,46,16,13,29,437,389,825,6,4,11,0,0,0,29,35,66,15,41,57,24,14,33,71,93,169,68,43,110,578,524,1103,57,43,99,3,9,13,0,0,0,60,54,113,505,556,1055,478,1005,1482,50,52,104,9905,9389,19292
LGA14750,0,4,4,9,3,7,0,0,0,0,0,0,0,0,4,1904,1501,3405,145,129,272,34,0,34,14,0,14,25,8,34,18,11,24,114,88,207,2258,1740,3998,0,0,0,0,0,0,0,0,0,0,0,0,0,0,0,0,0,0,0,0,0,0,0,0,0,0,0,0,0,0,0,0,0,0,0,0,0,0,0,8,0,10,8,7,11,0,0,0,0,0,0,0,0,3,0,3,3,133,116,243,135,240,367,44,27,73,2578,2131,4705
LGA14850,3,3,6,53,48,101,0,4,3,0,0,3,6,19,25,6401,6240,12636,382,600,981,215,4,223,108,13,117,69,29,104,73,30,105,335,288,628,7652,7280,14929,0,0,0,0,0,0,0,0,0,0,4,3,3,0,3,0,0,0,3,3,8,0,0,0,0,0,0,0,0,0,6,7,13,3,4,8,5,12,18,64,39,105,75,59,131,3,0,5,0,0,0,3,0,4,11,4,10,552,564,1114,638,1143,1784,115,84,200,9043,9126,18168
LGA14870,33,27,53,14,9,24,0,0,0,0,0,0,15,12,21,2913,2454,5371,146,187,333,104,0,108,13,3,18,23,3,23,26,8,36,206,156,366,3487,2865,6353,3,5,4,0,0,0,0,0,0,6,3,10,0,0,3,0,0,0,14,11,24,0,0,0,0,0,0,0,0,3,0,0,0,0,0,0,3,3,4,30,14,41,44,23,66,5,4,9,0,0,0,0,0,0,4,5,9,146,211,356,371,530,904,54,51,111,4108,3692,7798
LGA14900,2841,2800,5641,526,784,1314,3,3,6,4,0,4,81,32,111,31902,22654,54561,1826,2335,4157,1224,10,1236,249,24,274,152,14,166,255,116,372,814,850,1661,39876,29630,69508,624,716,1341,4,0,4,13,10,22,1098,869,1968,129,344,482,36,17,52,1903,1955,3857,4,0,4,0,0,0,47,63,110,28,90,122,4,11,18,85,163,245,327,163,488,2315,2278,4596,269,291,558,7,9,13,14,0,10,289,297,584,884,1650,2530,2140,3469,5608,597,480,1080,46103,37806,83905
LGA14920,0,0,0,5,3,8,0,0,0,0,0,0,3,0,4,1008,825,1833,56,55,110,76,3,80,9,0,9,0,0,0,18,8,22,121,79,200,1291,970,2259,0,0,0,0,0,0,0,0,0,0,0,0,0,0,0,0,0,0,0,0,3,0,0,0,0,0,0,0,0,0,0,0,0,0,0,0,0,4,0,10,8,15,14,12,20,0,0,0,0,0,0,0,0,0,0,0,0,200,182,385,113,184,298,34,24,53,1644,1369,3013
LGA14950,0,0,0,0,3,3,0,0,0,0,0,0,0,0,0,389,360,745,23,14,39,26,0,25,3,0,3,0,0,3,16,4,16,55,50,104,512,432,939,0,0,0,0,0,0,0,0,0,0,0,0,0,0,0,0,0,0,0,0,0,0,0,0,0,0,0,0,0,0,0,0,0,0,0,0,0,0,0,4,0,6,4,0,6,0,0,0,0,0,0,0,0,0,0,0,0,136,71,205,44,80,121,5,6,17,701,592,1294
LGA15050,108,94,202,88,77,172,3,3,3,0,0,0,12,17,30,13674,11863,25533,872,780,1652,299,9,304,140,11,149,82,21,100,79,55,133,253,265,512,15626,13180,28805,33,54,89,0,0,0,0,0,0,30,18,49,3,9,10,9,0,13,81,86,167,0,0,0,0,0,0,10,8,15,5,11,17,3,0,3,14,14,33,180,75,248,276,173,445,29,47,76,0,3,3,3,5,8,38,53,86,406,764,1168,1602,2319,3925,135,121,257,18085,16610,34692
LGA15240,15,12,27,90,55,144,3,0,3,0,0,3,15,20,33,10306,9629,19933,702,820,1514,462,11,471,148,14,166,125,25,148,129,62,188,562,588,1145,12552,11225,23782,5,3,6,0,0,0,3,0,3,3,6,6,0,0,0,0,3,0,14,5,20,0,0,0,0,0,0,7,5,8,5,6,10,3,0,3,13,10,23,130,47,176,153,63,222,0,5,5,5,3,3,3,4,10,8,11,18,900,1046,1945,1412,2194,3603,234,242,472,15261,14773,30032
LGA15270,3,3,7,9,13,13,0,0,0,0,0,0,0,6,9,3529,2840,6368,331,233,567,143,16,156,47,4,46,20,4,28,31,10,39,192,232,425,4305,3366,7672,0,0,4,0,0,0,0,0,0,0,0,0,0,0,0,0,0,0,3,4,3,0,0,0,0,0,0,0,0,0,3,0,4,0,0,0,3,0,3,61,19,80,64,26,91,0,0,4,0,0,0,9,0,12,6,3,14,345,369,715,446,615,1056,86,64,144,5255,4438,9689
LGA15300,4,0,4,3,3,7,0,0,0,0,0,0,6,6,10,2049,1654,3704,120,159,276,112,3,111,22,3,23,10,6,20,41,18,52,190,143,333,2560,1988,4549,0,0,0,0,0,0,0,0,0,0,0,0,0,0,0,0,0,0,0,0,0,0,0,0,0,0,0,0,0,0,0,0,0,0,0,0,0,3,3,13,8,14,13,5,18,0,0,0,0,0,0,0,0,0,3,0,3,220,242,453,153,268,419,43,35,79,2981,2536,5521
LGA15350,44,33,74,1425,1520,2943,293,151,448,6,0,5,38,31,65,3055,2596,5650,133,268,409,20,0,20,115,21,133,94,30,124,62,31,92,263,367,632,5548,5053,10597,134,150,287,48,42,92,0,0,0,5,9,12,9,6,21,3,0,3,202,208,408,122,79,198,0,0,0,32,23,53,16,12,24,14,17,29,185,128,310,84,39,129,472,373,845,77,58,127,27,13,39,14,0,13,110,72,177,571,662,1229,379,671,1052,50,45,99,7123,6878,13999
LGA15520,3,0,4,18,9,25,0,0,0,0,0,0,0,0,0,1708,1523,3231,101,86,188,55,3,57,22,3,19,23,7,29,37,13,48,145,118,255,2105,1764,3863,0,0,0,0,0,0,0,0,0,0,0,0,0,0,0,0,0,0,0,0,0,0,0,0,0,0,0,0,0,0,0,0,0,0,0,0,0,0,0,23,3,27,21,3,27,0,0,0,0,0,0,0,0,0,0,6,3,299,228,523,194,303,493,38,39,76,2656,2340,4994
LGA15560,0,0,0,0,4,3,0,0,0,0,0,0,0,0,0,578,475,1051,42,29,66,28,0,30,5,0,3,5,0,6,13,3,14,88,52,140,757,567,1319,0,0,0,0,0,0,0,0,0,0,0,0,0,0,0,0,0,0,0,0,0,0,0,0,0,0,0,0,0,0,0,0,0,0,0,0,0,0,0,6,5,16,6,5,16,0,0,0,0,0,0,0,0,0,0,0,0,125,93,217,56,79,135,14,17,28,959,760,1716
LGA15650,3,3,9,9,9,12,4,0,4,0,0,0,4,0,4,2763,2091,4854,163,157,321,56,3,59,46,5,58,14,4,16,23,13,36,102,99,199,3183,2376,5560,0,0,0,0,0,0,0,0,0,3,0,3,0,0,0,0,0,0,3,0,3,0,0,0,0,0,0,0,0,0,0,0,3,0,0,0,3,0,6,15,11,34,22,19,43,0,0,0,0,0,0,0,0,0,0,3,3,110,163,273,380,389,770,50,34,82,3748,2986,6732
LGA15700,3,3,9,21,12,32,0,0,0,0,0,3,3,3,13,2145,2013,4155,117,151,266,124,4,126,36,7,42,12,0,13,26,12,38,102,111,215,2593,2318,4910,0,0,0,0,0,0,0,0,0,0,3,3,0,0,0,0,0,0,0,7,8,0,0,0,0,0,0,0,0,0,0,0,0,0,0,0,0,5,5,22,9,22,22,12,34,0,0,0,0,0,0,0,0,0,0,0,0,221,253,473,281,428,706,60,42,102,3178,3053,6229
LGA15750,3,0,3,44,15,60,0,0,0,0,0,0,0,0,3,2033,1657,3687,163,126,287,118,0,118,12,0,9,10,4,13,32,12,49,147,143,292,2557,1966,4527,0,0,0,0,0,0,0,0,0,0,0,0,0,0,0,0,0,0,0,0,0,0,0,0,0,0,0,9,0,12,0,0,0,0,0,0,9,0,13,17,6,19,26,7,34,0,0,0,0,0,0,0,0,0,0,0,0,225,261,486,220,310,529,46,37,78,3084,2576,5657
LGA15800,0,0,0,5,4,7,0,0,0,0,0,0,0,0,0,806,699,1506,57,50,104,32,0,32,8,3,7,8,0,5,25,7,27,64,98,162,1001,858,1858,0,0,0,0,0,0,0,0,0,0,0,0,0,0,0,0,0,0,0,0,0,0,0,0,0,0,0,0,0,0,0,0,0,0,0,0,0,0,0,9,0,17,10,0,18,0,0,0,0,0,0,0,0,0,0,0,0,118,96,215,77,120,195,16,19,36,1233,1096,2325
LGA15850,0,0,0,5,0,9,0,0,0,0,0,0,0,6,3,846,798,1645,60,46,106,50,3,52,9,3,11,6,0,13,25,4,36,87,70,161,1099,935,2032,0,0,0,0,0,0,0,0,0,0,0,0,0,0,0,0,0,0,0,0,0,0,0,0,0,0,0,0,0,0,0,0,0,0,0,0,0,0,0,6,8,17,7,3,17,0,0,0,0,0,0,0,0,0,0,0,0,172,125,300,85,111,198,18,20,45,1391,1199,2592
LGA15900,249,173,428,750,910,1663,34,38,67,3,8,6,55,56,113,25942,23395,49343,1484,1954,3438,374,10,389,509,99,608,1009,344,1350,215,102,310,1364,1501,2858,31993,28590,60582,53,41,87,0,0,0,3,0,4,66,41,106,9,14,24,34,9,43,166,101,265,12,9,24,0,0,0,36,65,102,40,58,100,15,23,36,106,159,269,353,204,563,622,464,1092,42,19,64,14,23,40,19,9,31,84,50,137,1054,1497,2555,3021,5099,8116,293,263,559,37065,35973,73034
LGA15950,3358,3365,6730,2917,3417,6337,344,272,612,0,8,4,119,97,217,6511,5682,12194,291,688,982,36,5,35,336,40,382,368,73,438,149,117,264,2142,2285,4426,16577,16043,32614,594,707,1301,101,110,212,10,6,17,51,36,90,24,56,77,57,32,88,838,942,1779,55,60,113,0,0,0,35,31,66,13,28,42,33,45,81,137,166,300,98,75,173,1078,1188,2259,153,137,291,14,16,30,13,8,16,184,161,345,1141,1257,2400,860,1721,2584,113,129,241,19948,20497,40445
LGA15990,164,130,298,7135,7399,14540,1557,1161,2719,8,7,20,156,90,248,38106,32601,70703,1776,2685,4463,952,13,966,1425,183,1610,1045,264,1311,452,250,700,2058,2318,4378,54846,47119,101958,728,669,1394,326,344,675,0,0,0,222,124,340,27,56,76,10,5,12,1311,1187,2500,347,271,614,0,0,0,398,366,764,152,249,399,84,63,145,984,947,1928,869,396,1272,3167,2532,5699,417,340,764,108,81,184,41,16,51,563,437,996,3903,5349,9255,3822,6880,10704,538,527,1068,66843,62839,129685
LGA16100,0,0,0,7,3,8,0,0,0,0,0,0,0,0,0,821,667,1493,44,48,89,48,5,54,7,3,8,4,0,4,15,5,18,52,47,95,1002,778,1774,0,0,0,0,0,0,0,0,0,0,0,0,0,0,0,0,0,0,6,0,6,0,0,0,0,0,0,0,0,0,0,0,0,0,0,0,0,0,0,6,4,5,11,5,11,0,0,0,0,0,0,0,0,0,0,0,0,113,97,206,83,126,210,21,18,39,1227,1017,2241
LGA16150,5,8,18,35,35,70,9,0,9,3,0,3,16,37,54,6648,6201,12842,528,576,1107,147,4,154,64,5,72,76,12,95,56,20,68,308,268,572,7900,7165,15058,0,0,0,0,0,0,0,0,0,4,0,3,0,0,0,0,0,0,4,0,8,0,0,0,0,0,0,4,0,4,0,0,0,0,0,0,4,3,10,59,34,93,67,37,107,0,3,3,3,0,3,3,0,10,6,9,13,272,406,679,704,1077,1781,84,80,163,9033,8772,17805
LGA16200,0,0,0,13,5,18,0,0,0,0,0,0,12,5,24,1977,1790,3771,201,157,354,82,0,83,27,4,29,13,6,21,32,19,47,188,148,329,2540,2130,4665,0,0,0,0,0,0,0,0,0,0,0,0,0,0,0,0,0,0,0,0,0,0,0,0,0,0,0,5,0,5,0,0,0,0,0,0,5,0,5,27,11,34,35,11,44,0,0,0,0,0,0,0,0,0,0,0,0,251,215,468,256,342,595,44,27,71,3125,2715,5840
LGA16260,8379,6433,14814,2592,2913,5512,82,56,136,14,11,30,121,45,166,32257,22517,54771,1288,2613,3900,600,8,606,508,49,549,360,91,452,331,153,486,1832,1930,3761,48370,36823,85192,2393,2270,4661,21,9,30,53,41,98,971,626,1592,192,398,595,128,53,181,3758,3397,7155,5,11,15,0,3,3,233,185,422,79,135,216,24,14,38,348,351,695,307,193,496,4405,3935,8342,498,474,974,21,8,34,11,0,11,531,486,1021,1550,2103,3651,2953,4614,7567,489,331,820,58301,48289,106593
LGA16350,2655,2699,5354,286,484,770,12,0,12,6,5,12,57,35,96,34960,28131,63086,2292,2379,4666,1700,24,1721,390,41,434,155,32,185,235,135,369,646,663,1307,43389,34623,78008,689,692,1379,0,0,0,19,3,21,1008,936,1943,152,288,436,71,23,96,1930,1948,3876,0,0,0,0,0,0,24,14,46,35,57,92,12,9,20,71,84,157,381,140,525,2383,2176,4557,292,267,564,0,3,7,13,7,18,308,278,588,979,1909,2888,2890,5144,8028,423,363,787,50373,44489,94859
LGA16380,6,5,13,49,64,111,4,0,4,0,3,3,19,24,42,10632,10208,20841,663,875,1536,335,12,345,201,18,220,124,27,153,119,59,182,433,466,905,12591,11771,24365,0,0,0,0,0,0,0,0,0,4,3,3,3,0,0,0,0,3,7,3,14,0,0,0,0,0,0,3,3,4,3,9,10,0,0,0,8,9,23,136,75,216,157,92,245,5,0,5,0,0,4,10,5,10,14,4,20,737,912,1646,1186,1883,3064,156,149,308,14840,14816,29655
LGA16400,14,14,30,114,108,219,3,9,15,3,0,4,9,11,18,10611,8868,19479,618,636,1254,319,4,321,153,6,161,96,13,112,89,50,135,366,319,685,12393,10044,22430,3,0,0,0,0,0,3,0,3,14,7,19,3,3,6,0,0,0,22,9,34,3,3,5,0,0,0,5,8,14,3,12,16,3,3,4,16,22,38,119,105,232,156,139,297,8,5,14,6,14,15,9,3,10,19,24,43,506,820,1320,1288,1914,3197,167,144,310,14530,13072,27602
LGA16490,6,5,14,127,144,268,7,3,10,3,3,8,22,25,47,11420,9828,21247,661,1061,1720,309,6,321,244,25,267,135,27,156,104,57,160,343,382,730,13376,11569,24947,0,3,3,0,0,0,0,0,0,9,3,12,0,4,4,0,0,0,9,13,14,0,0,0,0,0,0,28,40,63,9,27,36,4,3,13,43,71,118,142,93,237,188,173,370,4,3,6,6,0,8,8,0,7,20,3,18,435,649,1090,1052,1629,2680,158,136,294,15227,14164,29389
LGA16550,268,256,527,6511,8316,14825,7,0,11,6,4,8,100,99,203,16449,13030,29481,841,1605,2442,345,4,352,877,184,1059,1068,351,1418,268,154,414,1871,2451,4322,28605,26466,55073,1127,1124,2245,0,0,0,0,0,3,81,63,147,28,48,75,22,12,41,1259,1248,2504,11,13,19,30,47,77,158,205,363,60,105,168,112,69,181,378,438,815,216,130,353,1854,1812,3668,145,109,255,44,34,80,18,7,29,204,151,362,1303,1798,3101,2015,3478,5497,290,286,577,34284,33998,68276
LGA16610,0,0,0,16,11,35,0,0,0,3,0,3,3,7,7,2959,2658,5614,243,213,457,128,3,134,46,0,49,45,8,57,40,12,49,182,156,339,3674,3061,6735,0,0,0,0,0,0,0,0,0,0,0,0,0,0,0,0,0,0,0,0,0,0,0,0,0,0,0,0,0,0,0,3,3,0,0,0,0,3,4,38,14,50,35,16,55,0,0,0,0,0,0,0,0,0,3,0,3,228,233,464,333,544,871,74,66,133,4347,3919,8265
LGA16650,5962,5955,11923,478,730,1208,4,0,7,9,9,18,79,30,109,14825,9897,24727,700,1340,2038,389,7,402,257,26,281,181,33,210,194,92,288,666,820,1484,23738,18950,42693,1051,1277,2329,6,7,13,41,29,66,390,352,745,77,167,244,61,38,102,1632,1863,3499,3,0,3,0,0,0,38,27,67,12,46,54,4,3,6,57,78,135,139,75,214,1825,2017,3843,180,199,377,3,3,11,3,8,8,191,205,400,647,862,1510,1475,2340,3811,331,240,573,28205,24619,52827
LGA16700,3399,3364,6763,2647,3148,5800,107,92,199,0,3,7,44,44,87,15940,12108,28048,610,1380,1991,290,8,296,375,34,409,293,38,330,147,102,250,1194,1163,2357,25061,21480,46540,823,885,1708,22,9,28,13,14,22,284,178,466,56,136,198,39,20,65,1233,1245,2478,15,11,28,3,0,3,120,136,258,31,100,128,26,17,43,192,262,457,181,122,306,1604,1635,3240,173,147,318,22,19,34,6,3,11,198,167,363,1017,1311,2326,1575,2765,4346,227,195,429,29688,27556,57245
LGA16900,204,152,352,123,117,242,8,0,8,4,0,4,10,11,17,11679,10089,21766,731,726,1459,297,9,311,99,7,108,68,14,75,88,49,139,171,216,384,13473,11389,24865,23,30,51,0,0,0,0,0,0,100,58,157,10,14,20,12,0,12,146,98,243,0,0,0,0,0,0,3,5,3,5,11,18,3,6,8,9,20,26,106,45,153,262,165,429,17,12,36,3,0,3,4,0,4,30,15,43,283,550,830,1265,1924,3194,139,115,254,15454,14157,29606
LGA16950,48,50,98,70,48,112,3,0,4,3,3,6,20,28,44,13258,11609,24870,833,921,1756,469,5,478,192,13,204,204,52,257,178,69,247,598,544,1141,15882,13330,29215,10,11,23,0,0,0,0,0,0,28,26,54,3,7,12,0,0,0,45,41,86,0,0,0,0,0,0,8,4,11,4,3,12,4,3,6,13,9,28,121,58,180,178,112,288,15,6,19,0,0,0,10,0,9,26,10,31,828,1250,2083,1625,2591,4216,261,230,494,18797,17531,36330
LGA17000,7,3,7,11,11,26,0,0,0,0,0,0,8,3,11,4326,3246,7566,261,213,472,116,4,122,62,6,72,20,4,26,114,23,137,277,110,386,5199,3631,8834,0,3,3,0,0,0,0,0,0,11,3,12,0,0,0,0,0,0,12,5,18,0,0,0,0,0,0,3,0,3,0,0,0,0,0,0,3,0,3,69,18,84,79,23,108,0,3,4,0,0,0,4,0,4,6,3,3,238,283,516,588,666,1256,56,48,106,6163,4656,10822
LGA17040,10,12,26,22,25,50,3,0,3,0,0,0,3,9,14,3212,2762,5971,271,286,559,121,6,123,27,3,29,40,14,52,85,48,132,402,348,750,4202,3507,7711,3,0,3,0,0,0,0,0,0,25,14,42,5,10,18,0,0,0,33,23,61,0,0,0,0,0,0,0,3,5,3,3,3,0,0,0,8,3,10,43,20,65,85,49,139,20,8,24,0,0,0,4,4,3,20,12,31,407,405,804,437,606,1037,76,61,141,5225,4639,9860
LGA17080,6,3,13,8,4,8,0,0,0,0,0,0,3,3,4,2241,1758,3997,172,139,317,89,8,96,18,4,20,8,3,13,22,9,34,138,151,289,2705,2082,4791,0,0,0,0,0,0,0,0,0,0,0,0,0,0,0,0,0,0,0,0,0,0,0,0,0,0,0,0,0,0,0,0,0,0,0,0,0,0,0,25,8,28,25,8,35,0,0,0,0,0,0,4,0,3,4,0,7,253,222,481,235,346,582,56,47,102,3285,2709,5991
LGA17100,2746,2141,4885,183,211,390,0,0,0,0,0,6,22,9,26,5294,3272,8569,260,481,743,96,4,98,69,3,76,51,22,69,86,42,129,300,319,623,9109,6509,15620,578,583,1160,8,3,9,13,13,29,140,89,228,43,72,122,19,14,33,801,773,1574,0,0,0,0,3,3,12,11,18,3,11,13,6,3,5,21,28,47,55,27,84,876,831,1701,97,107,207,0,0,0,0,0,0,103,111,213,259,385,645,505,732,1235,116,93,206,10960,8658,19618
LGA17150,6510,6428,12937,246,291,537,8,5,18,5,8,10,60,61,121,37217,30998,68215,1552,2096,3651,1008,12,1029,436,23,459,349,74,419,297,144,447,980,1423,2410,48664,41577,90241,649,610,1257,10,9,26,23,23,41,1529,1325,2855,178,392,572,103,38,145,2497,2395,4894,0,0,0,0,0,4,17,30,47,14,26,41,3,9,15,38,61,106,370,192,563,2910,2652,5564,254,236,492,0,5,5,16,3,21,267,251,516,1953,3155,5107,3825,6699,10519,443,373,816,58058,54707,112765
LGA17200,10676,9112,19793,6671,7764,14433,42,30,81,338,367,705,564,477,1039,14096,9249,23343,966,1614,2582,144,3,146,1198,230,1425,2541,964,3501,788,388,1180,14983,13137,28120,53015,43328,96346,2074,2052,4123,33,21,57,112,128,243,146,82,225,70,80,149,262,171,442,2697,2543,5241,7,18,23,54,82,135,47,62,111,37,77,112,140,137,274,278,377,660,309,174,489,3291,3098,6390,368,307,676,45,48,93,30,15,46,442,374,819,2492,2342,4828,3318,4509,7827,567,476,1037,63126,54123,117252
LGA17310,6,3,11,56,46,104,4,3,10,0,0,0,29,16,39,9531,8830,18360,711,752,1455,428,11,438,165,16,181,75,14,87,98,43,139,491,396,882,11590,10122,21717,0,0,0,0,0,0,0,0,0,3,4,4,0,0,0,0,0,0,7,4,9,0,0,0,0,0,0,4,0,4,4,7,14,0,0,0,15,5,15,106,43,147,123,53,175,3,0,3,0,0,3,7,3,12,17,3,14,676,784,1460,860,1467,2330,155,143,304,13425,12572,25997
LGA17350,0,0,0,8,0,13,0,0,0,0,0,0,0,5,3,853,709,1558,60,48,106,39,0,39,13,0,13,14,0,16,12,0,21,81,98,181,1088,867,1957,0,0,0,0,0,0,0,0,0,0,0,0,0,0,0,0,0,0,0,0,0,0,0,0,0,0,0,0,0,0,0,0,0,0,0,0,0,0,0,11,8,15,11,10,17,0,0,0,0,0,0,0,0,0,0,0,0,140,137,275,77,147,227,26,17,38,1342,1173,2514
LGA17400,0,0,0,9,5,16,0,0,0,0,0,0,0,0,0,656,658,1316,38,48,86,63,3,70,18,0,16,7,0,7,25,9,36,71,61,134,885,794,1676,0,0,0,0,0,0,0,0,0,0,0,0,0,0,0,0,0,0,0,0,0,0,0,0,0,0,0,0,0,0,4,0,4,0,0,0,4,0,4,17,5,18,14,4,26,0,0,0,0,0,0,0,0,0,0,0,0,199,178,378,91,139,227,26,24,52,1220,1141,2361
LGA17420,494,385,883,4604,3928,8534,3,3,7,4,5,12,49,19,70,27470,22335,49804,1091,1815,2905,687,5,691,294,20,319,147,23,170,206,126,338,479,526,999,35528,29184,64714,480,397,874,0,0,0,0,0,3,504,305,816,33,74,113,12,3,14,1030,778,1815,0,0,4,0,0,0,517,424,943,68,174,245,32,7,39,621,609,1232,247,134,383,1903,1523,3428,201,166,366,31,19,53,11,4,13,237,193,432,2022,2858,4882,2158,4045,6210,273,240,507,42133,38046,80179
LGA17550,25,14,33,191,132,319,6,0,9,4,0,4,24,24,45,12743,11764,24510,729,864,1593,401,20,421,188,25,211,220,76,290,173,91,264,483,508,992,15179,13506,28683,3,7,10,0,0,0,0,0,0,39,22,59,0,0,0,3,3,3,43,29,71,0,0,0,3,3,6,5,14,18,9,11,27,3,3,11,20,32,58,147,60,208,215,117,329,12,8,20,14,10,20,11,0,11,40,11,48,960,1407,2370,1413,2409,3823,234,238,475,18032,17700,35731
LGA17620,4,3,3,11,5,18,0,0,0,0,0,0,0,0,0,2249,1847,4093,165,150,319,78,3,78,29,3,32,18,3,18,46,23,67,184,157,338,2780,2195,4981,0,0,0,0,0,0,0,0,0,0,0,0,0,0,0,0,0,0,4,0,3,0,0,0,0,0,0,0,0,0,0,0,0,0,0,0,0,4,4,29,7,35,35,11,43,0,0,0,0,0,0,0,0,0,3,0,3,239,273,511,304,361,665,51,54,102,3406,2889,6298
LGA17640,0,0,3,0,4,3,5,0,4,0,0,0,5,0,5,1073,912,1984,79,73,153,97,13,102,30,3,33,0,3,4,23,8,36,81,72,161,1396,1099,2495,0,0,0,0,0,0,0,0,0,0,0,0,0,0,0,0,0,0,3,0,3,0,0,0,0,0,0,0,3,3,0,3,3,0,0,0,0,4,4,23,6,30,29,13,36,0,0,0,0,0,0,0,0,0,3,0,4,332,222,554,144,243,386,28,25,58,1932,1601,3528
LGA17650,0,0,0,3,0,6,0,0,0,0,0,0,0,0,0,879,848,1724,53,60,117,43,3,43,26,0,26,12,0,8,8,6,19,65,50,111,1087,975,2060,0,0,0,0,0,0,0,0,0,3,0,3,0,0,0,0,0,0,3,0,3,0,0,0,0,0,0,0,0,0,0,0,0,0,0,0,0,0,0,8,7,12,8,7,14,0,0,0,0,0,0,3,0,3,3,0,3,150,141,290,88,140,229,19,21,36,1355,1276,2633
LGA17750,3,5,11,55,47,99,3,0,5,4,0,5,38,36,72,11260,10071,21337,840,878,1713,231,9,238,140,16,161,148,31,182,217,64,284,714,645,1356,13652,11812,25466,0,0,0,0,0,0,0,0,0,8,3,12,0,0,0,0,0,0,11,3,10,0,0,0,0,0,0,3,3,12,0,3,3,0,0,4,7,10,19,99,43,140,112,56,171,3,0,3,3,3,3,8,3,8,11,8,19,532,646,1180,925,1784,2707,153,137,297,15387,14447,29834
LGA17850,0,0,3,0,3,3,0,0,0,0,0,0,0,0,0,393,323,719,36,25,60,34,6,38,15,5,24,0,0,0,21,5,30,62,37,103,565,410,978,0,0,0,0,0,0,0,0,0,0,0,0,0,0,0,0,0,0,0,0,0,0,0,0,0,0,0,0,0,0,0,0,0,0,0,0,0,0,0,9,4,9,9,3,15,0,0,0,0,0,0,0,0,0,0,0,0,159,135,289,42,60,102,18,15,29,788,622,1414
LGA17900,0,0,0,0,5,8,0,0,0,0,0,0,0,0,0,619,523,1136,49,72,117,37,0,41,8,0,13,8,3,12,16,11,31,116,124,242,862,746,1602,0,0,0,0,0,0,0,0,0,0,0,0,0,0,0,0,0,0,0,0,3,0,0,0,0,0,0,0,0,0,0,0,0,0,0,0,0,0,0,9,3,12,9,5,18,0,0,0,0,0,0,0,0,0,0,0,0,142,115,257,50,82,133,25,16,40,1090,969,2060
LGA17950,0,0,0,0,0,0,0,0,0,0,0,0,0,0,0,371,313,679,23,16,42,24,5,25,6,3,4,0,5,4,17,3,19,44,41,80,480,378,863,0,0,0,0,0,0,0,0,0,0,0,0,0,0,0,0,0,0,0,0,0,0,0,0,0,0,0,0,0,0,0,0,0,0,0,0,0,0,0,5,0,3,5,0,3,0,0,0,0,0,0,3,0,3,3,0,4,95,79,178,32,59,85,8,10,16,622,530,1149
LGA18020,0,0,0,5,6,19,0,0,0,0,0,0,0,0,0,921,922,1849,67,63,131,80,4,87,28,12,43,3,3,5,32,8,42,149,141,290,1292,1161,2456,0,0,0,0,0,0,0,0,0,0,0,0,0,0,0,0,0,0,0,0,0,0,0,0,0,0,0,0,0,0,0,0,0,0,0,0,0,0,0,22,7,29,24,7,31,0,0,0,0,0,0,3,0,3,3,0,3,296,193,493,100,195,295,38,22,63,1754,1581,3335
LGA18050,1720,1707,3431,1202,1760,2960,195,111,306,8,7,16,97,79,174,7567,5879,13451,403,711,1113,122,3,123,793,187,977,626,216,839,137,104,245,897,1237,2134,13767,11990,25759,2131,2365,4495,13,3,24,0,3,4,116,90,203,59,69,127,59,45,107,2388,2572,4954,19,3,17,3,0,3,21,40,63,13,28,41,30,21,51,85,95,183,161,107,274,2637,2777,5411,176,159,331,12,9,23,10,3,13,197,171,368,945,1334,2283,777,1506,2281,173,150,324,18494,17930,36426
LGA18100,0,0,0,9,0,10,0,0,0,0,0,0,0,0,0,406,366,766,39,25,56,24,0,25,12,0,8,6,0,6,11,3,15,56,54,105,549,447,993,0,0,0,0,0,0,0,0,0,0,0,0,0,0,0,0,0,0,0,0,0,0,0,0,0,0,0,0,0,0,0,0,0,0,0,0,0,0,0,9,0,9,9,0,9,0,0,0,0,0,0,0,0,0,0,0,0,161,125,291,36,82,123,14,11,31,775,666,1437
LGA18200,0,0,0,12,3,21,0,0,0,0,0,0,0,0,0,958,858,1816,53,72,126,23,0,23,7,0,7,8,0,8,25,14,38,83,62,143,1177,1013,2187,0,0,0,0,0,0,0,0,0,0,0,0,0,0,0,0,0,0,0,0,0,0,0,0,0,0,0,0,0,0,0,0,0,0,0,0,0,0,0,18,0,18,18,0,18,0,0,0,0,0,0,0,0,0,0,0,0,157,124,274,102,139,244,40,24,64,1489,1305,2786
LGA18230,7,3,11,45,43,81,3,0,4,0,0,0,18,34,50,8255,7686,15936,594,766,1363,278,0,279,126,14,140,73,22,96,79,47,124,381,322,707,9858,8938,18796,3,0,5,0,0,0,0,0,0,3,0,3,0,0,0,0,0,0,8,4,10,0,0,0,0,0,0,3,5,10,0,4,4,0,0,3,3,10,12,84,44,127,90,58,156,5,0,3,0,0,0,5,0,5,13,3,11,482,496,984,699,1254,1956,122,124,245,11262,10882,22142
LGA18250,3642,3322,6968,2112,2006,4123,4,3,7,10,3,10,59,39,99,7540,5602,13141,330,758,1091,76,0,81,232,29,265,296,33,334,111,78,191,1335,1523,2858,15754,13403,29155,469,546,1018,3,0,3,6,3,9,138,86,221,32,75,105,45,21,64,687,732,1417,0,0,0,0,0,0,72,51,124,21,33,55,31,21,50,130,106,230,92,63,161,909,906,1814,86,70,151,15,8,23,5,4,8,101,81,181,1010,1247,2260,923,1754,2676,125,109,231,18815,17499,36309
LGA18350,156,106,263,46,53,96,6,3,3,4,3,4,9,11,21,7193,6316,13509,456,488,947,337,13,351,54,8,56,44,14,58,83,43,129,354,311,662,8744,7360,16101,12,4,19,0,0,0,0,0,0,93,49,142,14,8,24,12,0,11,124,65,194,0,0,0,0,0,0,3,3,3,3,10,15,0,0,0,4,15,22,80,40,120,209,125,329,16,12,24,0,0,0,0,5,6,13,18,30,810,1071,1878,810,1265,2077,110,113,221,10692,9947,20644
LGA18400,198,169,369,31,33,67,0,0,3,0,0,0,14,0,18,9202,7733,16935,487,378,863,615,17,634,61,5,65,20,9,23,61,25,86,183,159,339,10869,8539,19408,23,20,41,0,0,0,0,0,0,256,181,437,24,36,55,0,0,0,299,241,536,0,0,0,0,0,0,0,3,3,4,3,6,0,0,0,8,8,12,76,25,101,384,268,653,33,19,50,0,3,3,3,3,9,34,28,58,446,832,1279,878,1502,2385,146,120,274,12760,11297,24054
LGA18450,1730,1270,2994,696,886,1585,10,5,13,4,3,11,59,64,123,31612,26923,58537,1937,2361,4297,652,6,659,389,42,430,463,111,577,247,131,373,1255,1375,2631,39040,33171,72214,162,126,287,0,0,0,5,0,10,669,376,1041,82,111,193,75,19,92,988,637,1628,0,0,0,0,0,0,30,39,72,34,56,86,22,13,34,84,110,196,343,184,523,1421,924,2344,102,88,189,9,8,24,17,5,25,125,107,237,1202,1868,3066,3714,5893,9604,435,347,789,45941,42316,88251
LGA18500,1723,1649,3367,1014,1282,2300,472,280,750,3,3,4,143,100,246,5779,4639,10419,344,623,969,54,0,54,304,55,361,265,74,341,120,102,219,1052,1392,2443,11277,10213,21489,549,668,1216,54,28,79,0,4,3,79,64,148,24,45,66,43,17,57,747,819,1573,21,13,30,3,0,3,20,20,36,9,10,20,14,21,32,63,72,130,122,65,185,931,955,1886,106,90,192,8,8,21,3,8,9,114,105,219,1024,1338,2364,599,1199,1798,124,125,246,14070,13936,28005
LGA18710,0,0,0,33,39,69,3,0,3,0,0,0,0,3,3,2792,2465,5262,159,285,451,157,3,158,38,5,41,7,0,9,34,26,56,135,128,261,3362,2955,6315,0,0,0,0,0,0,0,0,0,0,0,0,0,0,0,0,0,0,0,0,3,0,0,0,0,0,0,12,14,27,4,12,16,3,0,3,14,23,39,40,16,51,52,43,93,0,0,0,0,0,0,4,0,7,4,0,5,308,335,639,345,584,926,45,43,91,4118,3961,8076
LGA19399,0,0,0,0,0,0,0,0,0,0,0,0,0,0,0,96,48,148,3,10,12,4,0,4,14,4,23,30,24,56,10,5,18,56,53,110,219,155,372,0,0,0,0,0,0,0,0,0,0,0,0,0,0,0,0,0,0,0,0,0,0,0,0,0,0,0,0,0,0,0,0,0,0,0,0,0,0,0,6,3,13,6,3,13,0,0,0,0,0,0,3,0,3,3,0,3,73,67,137,29,30,59,7,4,12,339,260,599
LGA19499,152,122,272,78,98,174,8,0,8,4,0,5,4,3,12,914,440,1355,125,98,221,36,0,36,13,4,21,33,6,39,68,34,106,190,164,352,1624,975,2603,57,38,95,0,0,0,0,0,0,11,7,18,0,10,11,4,0,4,79,49,128,0,0,3,0,0,0,0,0,0,3,0,4,0,0,4,8,3,11,19,6,21,101,55,158,15,11,24,0,0,0,0,0,0,18,7,25,60,51,112,190,163,360,46,29,74,2042,1291,3331
LGA19799,0,4,4,0,0,0,0,0,0,0,0,0,0,0,0,14,15,24,0,0,0,0,0,0,0,0,0,0,0,0,0,0,0,0,0,0,21,21,40,0,0,0,0,0,0,0,0,0,0,0,0,0,0,0,0,0,0,0,0,0,0,0,0,0,0,0,0,0,0,0,0,0,0,0,0,0,0,0,0,0,0,0,0,0,0,0,0,0,0,0,0,0,0,0,0,0,0,0,0,30,50,79,5,3,7,59,72,130
