LGA_CODE_2016,M_AgriForestFish_0,M_AgriForestFish_1_15,M_AgriForestFish_16_24,M_AgriForestFish_25_34,M_AgriForestFish_35_39,M_AgriForestFish_40,M_AgriForestFish_41_48,M_AgriForestFish_49over,M_AgriForestFish_hours_NS,M_AgriForestFish_Tot,M_Min_0,M_Min_1_15,M_Min_16_24,M_Min_25_34,M_Min_35_39,M_Min_40,M_Min_41_48,M_Min_49over,M_Min_hours_NS,M_Min_Tot,M_Mnfg_0,M_Mnfg_1_15,M_Mnfg_16_24,M_Mnfg_25_34,M_Mnfg_35_39,M_Mnfg_40,M_Mnfg_41_48,M_Mnfg_49over,M_Mnfg_hours_NS,M_Mnfg_Tot,M_EGW_WS_0,M_EGW_WS_1_15,M_EGW_WS_16_24,M_EGW_WS_25_34,M_EGW_WS_35_39,M_EGW_WS_40,M_EGW_WS_41_48,M_EGW_WS_49over,M_EGW_WS_hours_NS,M_EGW_WS_Tot,M_Cnstn_0,M_Cnstn_1_15,M_Cnstn_16_24,M_Cnstn_25_34,M_Cnstn_35_39,M_Cnstn_40,M_Cnstn_41_48,M_Cnstn_49over,M_Cnstn_hours_NS,M_Cnstn_Tot,M_WTrade_0,M_WTrade_1_15,M_WTrade_16_24,M_WTrade_25_34,M_WTrade_35_39,M_WTrade_40,M_WTrade_41_48,M_WTrade_49over,M_WTrade_hours_NS,M_WTrade_Tot,M_RTrade_0,M_RTrade_1_15,M_RTrade_16_24,M_RTrade_25_34,M_RTrade_35_39,M_RTrade_40,M_RTrade_41_48,M_RTrade_49over,M_RTrade_hours_NS,M_RTrade_Tot,M_AccomFoodS_0,M_AccomFoodS_1_15,M_AccomFoodS_16_24,M_AccomFoodS_25_34,M_AccomFoodS_35_39,M_AccomFoodS_40,M_AccomFoodS_41_48,M_AccomFoodS_49over,M_AccomFoodS_hours_NS,M_AccomFoodS_Tot,M_TransPostWhse_0,M_TransPostWhse_1_15,M_TransPostWhse_16_24,M_TransPostWhse_25_34,M_TransPostWhse_35_39,M_TransPostWhse_40,M_TransPostWhse_41_48,M_TransPostWhse_49over,M_TransPostWhse_hours_NS,M_TransPostWhse_Tot,M_InfoMedTelecom_0,M_InfoMedTelecom_1_15,M_InfoMedTelecom_16_24,M_InfoMedTelecom_25_34,M_InfoMedTelecom_35_39,M_InfoMedTelecom_40,M_InfoMedTelecom_41_48,M_InfoMedTelecom_49over,M_InfoMedTelecom_hours_NS,M_InfoMedTelecom_Tot,M_FinInsurS_0,M_FinInsurS_1_15,M_FinInsurS_16_24,M_FinInsurS_25_34,M_FinInsurS_35_39,M_FinInsurS_40,M_FinInsurS_41_48,M_FinInsurS_49over,M_FinInsurS_hours_NS,M_FinInsurS_Tot,M_RentHirREserv_0,M_RentHirREserv_1_15,M_RentHirREserv_16_24,M_RentHirREserv_25_34,M_RentHirREserv_35_39,M_RentHirREserv_40,M_RentHirREserv_41_48,M_RentHirREserv_49over,M_RentHirREserv_hours_NS,M_RentHirREserv_Tot,M_ProScieTechServ_0,M_ProScieTechServ_1_15,M_ProScieTechServ_16_24,M_ProScieTechServ_25_34,M_ProScieTechServ_35_39,M_ProScieTechServ_40,M_ProScieTechServ_41_48,M_ProScieTechServ_49over,M_ProScieTechServ_hours_NS,M_ProScieTechServ_Tot,M_AdminSupServ_0,M_AdminSupServ_1_15,M_AdminSupServ_16_24,M_AdminSupServ_25_34,M_AdminSupServ_35_39,M_AdminSupServ_40,M_AdminSupServ_41_48,M_AdminSupServ_49over,M_AdminSupServ_hours_NS,M_AdminSupServ_Tot,M_PubAdmiSafety_0,M_PubAdmiSafety_1_15,M_PubAdmiSafety_16_24,M_PubAdmiSafety_25_34,M_PubAdmiSafety_35_39,M_PubAdmiSafety_40,M_PubAdmiSafety_41_48,M_PubAdmiSafety_49over,M_PubAdmiSafety_hours_NS,M_PubAdmiSafety_Tot,M_EducTrain_0,M_EducTrain_1_15,M_EducTrain_16_24,M_EducTrain_25_34,M_EducTrain_35_39,M_EducTrain_40,M_EducTrain_41_48,M_EducTrain_49over,M_EducTrain_hours_NS,M_EducTrain_Tot,M_HealthCareSocA_0,M_HealthCareSocA_1_15,M_HealthCareSocA_16_24,M_HealthCareSocA_25_34,M_HealthCareSocA_35_39,M_HealthCareSocA_40,M_HealthCareSocA_41_48,M_HealthCareSocA_49over,M_HealthCareSocA_hours_NS,M_HealthCareSocA_Tot,M_ArtRecServ_0,M_ArtRecServ_1_15,M_ArtRecServ_16_24,M_ArtRecServ_25_34,M_ArtRecServ_35_39,M_ArtRecServ_40,M_ArtRecServ_41_48,M_ArtRecServ_49over,M_ArtRecServ_hours_NS,M_ArtRecServ_Tot,M_OthServ_0,M_OthServ_1_15,M_OthServ_16_24,M_OthServ_25_34,M_OthServ_35_39,M_OthServ_40,M_OthServ_41_48,M_OthServ_49over,M_OthServ_hours_NS,M_OthServ_Tot,M_ID_NS_0,M_ID_NS_1_15,M_ID_NS_16_24,M_ID_NS_25_34,M_ID_NS_35_39,M_ID_NS_40,M_ID_NS_41_48,M_ID_NS_49over,M_ID_NS_hours_NS,M_ID_NS_Tot
LGA10050,7,20,10,20,32,41,28,70,3,229,4,0,3,0,5,3,4,24,0,41,36,37,47,81,347,463,329,301,8,1646,4,3,3,8,40,36,26,25,4,151,50,60,48,104,307,576,271,418,17,1856,10,15,15,20,77,90,73,106,0,400,33,178,87,118,213,161,141,150,12,1089,19,215,76,74,117,87,80,128,11,810,28,42,51,78,141,147,96,239,9,832,0,6,5,9,35,33,25,23,3,148,3,3,11,8,26,53,22,36,0,164,6,10,6,4,18,22,14,45,3,133,11,25,20,51,84,125,61,123,3,510,6,43,25,50,74,63,26,50,8,335,35,18,30,56,253,182,126,120,10,822,13,42,33,50,124,122,78,136,10,609,18,34,61,101,157,135,65,105,12,682,5,22,11,6,18,23,15,17,0,107,7,40,31,31,116,114,71,110,5,513,16,35,29,34,107,107,40,86,100,547
LGA10130,23,36,63,48,157,136,80,357,11,925,3,0,0,3,4,5,10,22,0,52,5,9,6,23,56,58,28,49,3,241,3,0,3,7,23,27,11,10,0,79,24,29,26,37,111,175,93,136,11,641,3,12,5,3,19,18,18,52,3,137,21,124,62,63,124,74,48,73,10,603,15,127,49,48,48,35,26,81,12,433,3,32,18,22,24,33,30,62,5,230,3,6,0,4,21,11,5,8,0,62,0,8,0,6,26,24,16,26,0,105,0,6,8,3,7,6,5,17,0,58,4,33,16,30,71,58,34,75,3,328,3,39,31,18,32,27,21,15,3,197,19,27,20,23,143,55,56,37,5,389,21,93,42,54,246,155,81,175,14,872,14,41,45,72,82,69,26,57,3,401,0,8,4,6,9,8,8,10,0,59,9,12,6,9,57,36,35,46,4,218,11,18,4,13,28,33,17,29,41,210
LGA10250,13,56,52,56,68,107,40,137,4,534,17,0,0,3,0,11,11,55,0,107,5,20,33,45,149,114,64,114,3,557,6,3,3,10,39,25,12,14,0,113,46,60,88,161,222,395,129,270,24,1397,5,9,6,20,46,44,25,49,3,210,22,146,88,102,189,113,84,133,4,879,14,145,83,90,92,66,29,113,10,640,17,43,37,46,63,58,43,93,0,403,0,4,6,9,22,25,9,22,0,97,0,11,10,14,33,50,15,34,0,168,4,21,13,10,18,24,19,46,3,152,6,40,39,39,57,118,51,115,6,471,10,45,39,39,58,30,11,32,9,268,24,26,21,38,204,104,105,68,4,597,11,55,51,57,140,102,52,118,3,595,27,51,82,130,145,151,55,87,14,741,9,30,10,10,13,27,15,18,0,125,11,27,15,23,71,70,35,67,4,327,15,35,27,28,55,55,12,50,93,369
LGA10300,0,4,3,12,17,50,17,109,3,220,0,0,0,0,0,0,0,3,0,5,0,0,0,0,10,9,3,4,0,24,0,0,0,0,10,0,0,0,0,18,0,3,3,3,5,9,4,11,0,41,0,0,0,0,0,3,0,0,0,9,0,12,4,6,6,4,8,9,0,43,0,0,3,0,3,0,0,14,0,25,3,3,4,3,6,6,3,10,0,32,0,0,0,0,0,0,0,0,0,3,0,0,0,0,0,0,0,0,0,3,0,0,0,0,0,0,0,0,0,0,0,0,0,0,0,0,0,3,0,4,0,0,0,0,0,0,0,0,0,4,0,0,0,3,17,3,0,3,3,26,0,0,0,3,3,4,3,0,0,19,0,0,0,0,0,4,0,0,0,13,0,0,0,0,0,0,0,0,0,7,0,0,0,3,4,4,4,8,0,21,0,8,0,0,8,7,0,10,12,42
LGA10470,19,24,25,32,44,89,43,206,7,491,9,3,6,4,14,39,51,113,3,242,22,24,37,30,264,274,173,276,4,1105,3,0,4,11,52,51,14,29,0,170,32,39,40,63,228,362,184,334,24,1305,3,15,3,3,46,56,27,72,0,233,19,138,61,70,174,107,71,131,8,790,16,153,56,54,82,62,38,75,9,535,12,33,28,43,72,77,56,174,10,512,11,18,5,4,48,18,13,19,3,139,0,4,0,7,13,20,19,30,3,93,6,7,3,4,21,34,14,31,0,122,12,28,11,21,80,69,30,86,5,343,6,20,35,15,60,38,29,24,3,229,45,35,24,45,332,236,109,85,8,916,22,57,44,43,154,116,59,123,10,627,20,46,47,56,109,115,38,63,3,498,4,24,9,4,26,11,6,15,5,114,7,38,10,17,88,80,42,96,3,390,21,27,18,24,68,59,33,61,88,392
LGA10550,37,63,33,54,78,92,62,270,11,690,9,0,0,0,0,4,4,12,0,28,22,27,40,36,181,159,126,116,9,720,3,0,4,0,39,37,18,18,0,119,36,56,62,97,172,332,125,192,6,1083,3,11,15,13,45,28,23,24,0,176,18,90,67,71,123,58,60,98,4,590,29,128,50,89,91,58,41,105,18,605,14,24,30,30,30,45,34,95,4,317,0,8,8,4,13,13,11,8,0,58,0,3,4,3,11,7,4,12,0,48,0,11,5,8,8,9,6,19,3,72,9,44,20,34,18,45,30,57,3,259,14,47,25,28,21,28,12,18,3,183,30,18,10,21,176,62,50,35,3,411,14,34,26,27,37,56,21,48,0,269,24,30,47,69,85,62,31,49,3,406,10,17,10,11,22,27,6,15,0,113,8,20,18,20,53,58,31,52,4,257,6,22,28,13,47,42,18,42,76,298
LGA10600,9,29,14,30,16,27,21,99,9,248,3,0,0,0,4,3,0,15,0,27,14,19,18,24,65,48,23,27,0,227,0,5,0,3,8,4,4,4,0,30,11,46,46,55,69,81,29,73,5,412,0,0,3,10,10,14,3,8,3,55,3,36,12,26,36,12,18,35,5,187,3,42,11,28,18,17,11,29,0,155,3,7,11,19,20,11,9,37,5,118,0,0,0,6,11,12,3,3,0,37,3,0,4,3,5,3,4,4,0,26,0,0,3,3,4,4,3,14,0,33,3,15,18,13,12,22,8,27,0,109,3,28,18,9,6,12,4,9,0,97,0,4,7,12,60,28,16,13,4,146,3,18,14,23,25,24,17,28,0,158,6,15,21,41,30,19,17,27,3,175,7,3,9,11,6,4,0,4,0,44,0,4,8,12,21,16,12,18,0,98,5,13,9,6,8,15,3,12,14,89
LGA10650,24,23,14,37,21,78,34,220,11,463,3,0,0,0,0,0,0,0,0,3,10,4,10,3,34,39,34,44,0,175,0,0,0,4,11,6,3,4,0,40,11,3,9,11,22,56,19,53,4,187,0,4,0,4,4,18,15,19,3,68,0,20,4,4,20,12,8,26,0,100,4,12,12,13,15,10,8,34,5,107,8,12,12,10,8,15,8,50,4,136,0,0,0,0,3,0,0,0,0,5,0,3,0,0,0,0,0,3,0,5,0,0,0,0,0,0,0,0,0,3,0,0,0,7,3,9,3,7,0,32,0,7,0,0,0,0,3,10,0,20,3,3,0,3,29,20,12,9,0,77,0,13,0,3,7,9,7,10,0,47,0,4,4,4,12,9,3,10,0,50,0,0,0,0,6,3,5,0,0,17,0,6,3,3,16,17,9,31,0,90,12,4,0,4,14,17,4,6,26,86
LGA10750,9,29,30,29,91,86,44,65,4,377,4,0,3,5,42,42,20,38,7,158,136,221,258,283,2923,2269,1191,1381,81,8750,16,23,25,46,353,332,140,248,15,1194,175,352,473,636,1757,3142,1349,2359,194,10442,50,96,119,130,1409,1325,611,673,45,4455,171,985,788,675,1718,1442,682,974,110,7550,97,954,632,394,652,509,238,381,70,3934,185,354,452,649,2047,2172,1064,1951,166,9039,40,77,62,63,669,686,215,246,13,2070,92,68,88,144,1318,1411,407,473,34,4034,12,49,34,31,206,308,132,209,10,986,70,198,199,193,1235,1900,562,771,46,5160,53,248,282,296,691,607,200,241,46,2664,165,119,208,244,1811,1198,688,563,59,5042,39,374,186,214,685,538,219,344,27,2617,92,230,343,431,1308,1032,283,406,70,4193,27,130,75,88,170,178,64,105,10,846,53,171,189,176,803,834,413,579,44,3271,102,289,309,311,1233,1260,416,647,1111,5676
LGA10800,12,34,17,27,33,92,34,262,14,523,6,3,3,0,10,14,30,108,0,179,0,4,0,5,13,8,5,14,0,56,0,0,0,0,0,4,0,0,0,10,3,3,3,8,21,25,15,32,0,107,0,3,4,0,3,7,3,13,0,32,3,18,4,6,8,17,3,15,0,77,0,6,4,0,3,3,3,16,3,32,3,8,8,4,11,20,5,25,4,84,0,0,0,0,3,0,0,0,0,3,0,0,0,0,0,0,0,0,0,3,0,0,0,0,0,0,0,4,0,5,0,3,0,0,10,0,4,9,0,24,0,3,0,0,3,0,0,0,0,15,7,0,0,6,31,13,10,10,0,75,0,7,3,0,9,4,4,3,0,34,0,0,0,3,3,3,3,8,0,19,0,0,0,0,0,0,0,0,0,3,0,0,0,3,19,13,7,16,0,61,3,3,0,7,3,8,3,17,22,69
LGA10850,7,12,15,24,17,38,24,140,4,288,10,0,4,0,10,6,46,116,0,185,8,3,12,4,36,33,16,45,0,163,0,0,0,3,15,12,5,5,0,37,7,9,7,17,29,43,19,59,0,184,0,0,0,4,11,20,7,19,0,58,9,30,9,9,22,15,6,23,0,117,0,14,3,5,4,6,6,15,0,63,3,11,7,3,6,13,13,34,0,100,0,0,3,0,0,0,3,3,0,16,0,0,0,0,0,0,0,0,0,3,0,0,0,0,3,3,3,8,0,17,0,6,0,4,3,8,5,22,3,51,0,0,0,4,3,6,5,0,0,27,3,3,3,3,45,20,17,11,3,101,0,5,3,4,9,14,3,15,0,55,0,8,8,7,10,16,7,7,0,73,0,4,4,0,4,3,0,0,0,10,0,3,0,3,12,11,12,23,0,69,3,10,0,3,17,12,10,10,17,75
LGA10900,3,16,14,28,25,36,18,30,5,167,9,0,5,4,18,19,22,37,0,116,25,41,31,45,271,314,240,339,3,1321,9,3,3,11,96,92,62,81,6,357,40,98,127,175,280,737,352,718,34,2570,18,26,22,24,91,119,100,157,3,557,24,257,140,124,195,186,120,241,15,1310,32,273,166,147,150,110,88,167,19,1134,42,64,60,91,148,217,135,274,14,1052,3,30,23,31,70,107,41,93,3,389,13,18,27,26,101,155,72,127,5,540,0,23,18,22,34,52,45,84,0,281,29,126,77,103,147,269,153,320,13,1227,11,92,64,79,92,98,45,79,7,568,80,52,58,77,608,370,282,194,13,1733,43,201,125,129,320,310,198,372,21,1714,52,90,122,166,252,242,119,147,8,1198,9,87,52,60,73,78,39,48,6,455,18,49,39,61,112,149,72,144,11,661,21,66,47,36,133,191,61,134,105,798
LGA10950,0,8,8,10,18,27,10,109,9,192,0,3,0,0,6,11,47,72,0,139,0,0,0,0,5,9,0,4,0,19,0,0,0,0,3,4,0,0,0,13,0,0,4,3,5,11,6,14,0,46,0,0,0,0,0,0,4,0,0,8,0,3,0,0,13,0,3,11,0,31,0,0,3,0,0,0,0,4,0,11,4,0,3,4,4,3,3,5,0,34,0,0,0,0,0,0,0,0,0,3,0,0,0,0,0,0,0,0,0,0,0,0,0,0,0,0,0,0,0,0,0,0,0,0,0,0,0,3,0,9,0,0,0,3,0,0,0,0,0,3,0,3,0,3,26,11,6,3,0,60,0,0,0,0,3,3,0,5,0,19,0,0,0,0,0,3,0,3,0,12,0,0,0,0,3,0,0,0,0,5,0,0,0,0,0,4,4,5,0,16,0,0,3,4,5,9,0,3,11,30
LGA11100,0,5,3,3,0,0,3,3,0,14,0,0,0,0,3,5,0,5,0,24,10,20,33,25,181,188,92,103,6,651,4,4,3,7,33,31,15,21,0,123,34,53,71,69,163,458,170,390,28,1441,10,13,18,17,103,114,52,74,3,396,11,121,108,89,197,172,75,144,13,934,18,153,184,88,176,138,80,158,12,1001,45,65,113,135,291,350,176,292,19,1486,3,16,10,12,86,96,34,61,3,309,11,4,4,23,150,235,81,126,4,648,0,14,11,10,46,49,42,72,0,239,16,47,43,40,188,397,137,182,10,1058,8,40,77,42,79,86,44,72,11,462,40,12,16,24,269,228,175,180,12,957,9,92,35,29,119,94,43,68,7,501,10,42,44,54,140,137,36,71,9,543,7,26,36,20,37,60,22,35,6,242,6,29,29,31,93,142,47,93,8,481,8,41,42,53,96,154,42,91,139,655
LGA11150,0,3,3,3,10,17,7,57,3,110,0,0,0,0,0,5,0,3,0,8,0,0,0,3,0,0,3,3,0,9,0,0,0,0,3,8,0,0,0,15,0,4,0,4,4,5,8,10,0,40,0,0,0,0,0,3,0,3,0,8,3,3,0,3,3,7,0,10,0,40,0,0,4,4,0,4,5,10,0,27,0,0,0,0,0,0,0,0,0,8,0,0,0,0,3,3,0,0,0,13,0,0,0,0,0,0,0,0,0,0,0,0,0,0,0,0,0,0,0,0,0,0,0,0,0,3,0,0,0,4,0,0,3,5,3,3,0,0,0,12,4,0,0,0,29,13,20,19,0,84,0,0,3,6,10,11,0,3,0,39,0,0,0,4,10,12,0,4,0,38,0,0,0,0,3,9,0,0,0,10,0,4,3,3,3,8,0,3,0,24,0,4,3,6,0,4,0,4,10,30
LGA11200,0,3,4,7,8,8,8,52,0,88,0,0,0,0,0,0,0,4,0,4,0,0,0,0,0,0,0,0,0,0,0,0,0,0,0,0,0,3,0,4,0,0,0,0,3,8,0,4,0,19,0,0,0,0,0,0,0,0,0,0,0,0,0,3,0,0,0,4,0,10,0,0,0,0,0,0,0,3,0,10,0,0,0,0,0,0,0,4,0,8,0,0,0,0,0,0,0,0,0,0,0,0,0,0,0,0,0,0,0,5,0,0,0,0,0,0,0,0,0,3,0,0,0,0,0,0,0,0,0,0,0,0,0,0,3,0,0,0,0,6,0,0,0,3,16,13,4,3,4,39,0,0,0,5,3,5,0,6,0,27,0,0,4,0,5,7,0,5,0,21,0,0,0,0,0,0,0,0,0,0,0,0,0,0,3,7,0,0,0,10,3,0,0,0,0,0,0,0,6,11
LGA11250,5,3,10,6,14,16,8,27,0,85,29,3,10,11,36,50,137,389,16,682,9,0,3,5,23,35,11,27,0,118,6,3,0,3,50,35,6,18,0,119,17,20,17,22,63,76,18,70,6,317,0,12,0,3,19,12,21,35,0,96,17,51,29,27,81,49,24,60,0,344,4,71,26,43,34,23,15,27,4,246,15,21,14,23,42,33,17,50,9,226,3,0,0,3,26,7,5,0,0,42,0,6,3,0,5,11,0,5,0,23,0,4,0,5,3,3,0,4,0,22,4,6,3,4,7,12,7,9,0,61,3,15,3,14,16,6,9,4,0,76,10,10,7,9,119,44,38,30,5,270,3,8,15,16,29,22,20,41,0,155,10,5,17,20,73,90,15,26,3,266,3,4,5,3,7,3,3,5,0,30,5,17,9,12,32,38,13,24,0,158,10,12,3,13,27,17,18,26,45,167
LGA11300,0,0,3,4,4,4,0,8,0,28,0,0,3,0,3,7,0,3,0,18,4,24,30,27,123,104,44,56,5,416,0,0,0,0,17,25,10,10,0,61,18,39,78,74,120,275,117,226,20,975,4,11,26,13,87,92,39,47,3,324,15,110,160,67,170,120,53,92,9,790,19,143,326,116,168,115,51,108,21,1069,10,30,40,39,106,115,48,102,8,484,4,12,15,14,61,85,35,38,6,267,9,15,24,20,134,225,79,99,5,606,3,15,21,8,29,49,22,45,0,190,7,39,50,54,169,356,97,162,12,949,4,47,96,48,49,88,28,30,3,391,3,14,16,22,132,94,49,52,4,386,3,88,31,35,83,66,27,66,6,414,10,36,62,48,111,120,36,89,12,519,3,25,17,17,16,33,8,14,0,134,7,26,34,28,47,77,24,47,3,297,5,51,74,39,92,115,40,52,167,638
LGA11350,8,51,34,50,44,41,19,107,7,360,7,3,0,3,4,3,0,31,0,44,10,36,25,40,59,83,22,59,4,335,4,3,0,7,12,12,3,12,3,59,41,79,95,166,128,270,85,159,19,1044,3,13,20,14,23,41,13,24,0,165,15,108,64,87,73,69,51,71,6,541,15,128,124,125,97,100,49,123,13,764,19,21,35,40,38,29,24,60,6,264,3,7,14,9,11,27,13,24,0,120,5,8,5,9,10,24,7,22,0,101,4,12,12,17,9,28,15,32,0,129,13,65,44,56,50,97,43,99,3,480,9,67,36,39,31,45,13,36,9,279,13,8,9,17,105,61,21,21,3,251,17,62,62,54,60,67,32,59,8,427,15,65,70,112,94,82,32,51,4,528,6,35,21,33,24,21,14,32,0,185,8,21,26,30,42,43,19,32,3,233,20,52,33,45,45,64,24,57,77,416
LGA11400,28,41,40,49,60,144,74,374,12,818,3,3,4,4,14,12,41,91,4,174,14,4,13,6,76,79,59,76,8,326,3,0,0,5,14,11,7,12,0,50,12,7,19,37,75,118,49,101,4,421,0,3,4,3,15,22,16,22,0,84,3,23,6,15,19,35,18,30,3,149,6,25,17,8,3,10,3,18,0,89,8,12,10,23,14,19,17,48,4,148,0,0,0,0,0,11,3,3,0,19,0,0,0,3,0,6,3,5,0,26,0,0,3,4,0,4,3,11,0,30,0,0,8,0,20,20,20,38,0,99,3,8,7,5,13,9,5,13,3,54,7,9,0,5,77,41,33,28,3,214,3,14,8,8,18,28,9,20,0,110,8,6,9,12,29,18,17,29,3,124,0,0,3,0,4,3,0,3,0,18,4,4,3,7,17,31,26,37,0,124,6,10,3,3,16,29,16,32,29,155
LGA11450,0,32,20,12,27,45,16,68,5,229,11,0,0,0,32,25,23,77,0,179,33,43,41,37,500,520,394,572,18,2167,3,3,4,6,75,114,47,100,0,351,70,88,118,148,502,1287,599,1314,52,4170,17,19,18,22,181,265,178,280,8,989,42,200,119,143,348,341,204,373,26,1797,26,271,109,74,76,103,50,127,9,843,56,62,75,94,305,415,269,749,23,2046,3,18,4,8,73,85,52,68,3,319,14,15,21,25,152,220,93,132,3,675,3,16,18,7,61,93,52,106,3,360,14,37,47,36,141,259,118,293,10,949,16,47,45,45,104,130,47,80,5,514,59,36,35,39,486,346,260,218,15,1496,23,96,43,57,165,172,101,214,5,869,29,28,32,61,168,175,51,100,3,648,14,51,16,21,42,46,45,40,3,274,14,41,31,42,180,235,134,220,6,908,37,50,33,51,216,264,105,234,213,1202
LGA11500,0,12,19,7,37,25,11,26,0,129,6,0,4,3,32,24,13,26,0,119,75,117,155,166,1531,1127,694,730,45,4631,8,7,13,14,157,147,74,106,11,539,112,182,198,326,855,1637,691,1042,81,5117,26,39,37,69,485,501,242,267,14,1679,68,396,292,306,815,608,318,410,39,3265,54,475,254,206,353,218,133,161,26,1873,99,145,181,315,961,957,588,1088,65,4407,7,29,21,27,216,177,71,91,6,651,32,18,41,65,448,466,176,188,23,1460,10,26,18,15,111,119,73,116,0,489,29,91,90,65,396,557,166,289,27,1712,25,123,138,127,297,243,89,129,26,1200,91,82,74,112,850,533,380,254,31,2405,33,226,110,121,332,246,99,149,15,1336,51,102,149,185,483,399,120,154,19,1652,13,65,39,31,94,74,34,49,8,419,22,91,70,68,362,371,193,260,29,1465,58,130,127,155,627,590,217,281,508,2697
LGA11520,3,0,4,5,15,19,3,14,3,67,0,6,0,5,9,16,6,11,0,47,18,30,55,31,240,339,185,316,7,1218,7,3,3,3,40,69,13,41,3,183,54,98,143,149,247,776,297,787,32,2582,14,31,51,38,202,305,145,290,13,1085,43,199,176,128,241,350,170,361,22,1689,33,261,262,122,236,245,114,273,23,1564,28,62,73,93,190,246,159,262,15,1132,15,34,26,24,139,289,108,183,8,815,29,32,52,59,390,702,275,492,11,2052,8,35,34,61,99,230,101,205,11,792,52,126,156,136,480,1020,359,810,17,3164,12,68,106,80,117,162,75,143,4,761,42,22,36,50,311,338,196,212,12,1228,20,184,89,71,183,196,91,208,13,1057,27,63,89,105,236,320,149,280,11,1273,11,66,44,44,58,95,34,74,5,425,7,42,45,50,127,172,75,153,15,679,18,76,87,64,179,262,83,190,198,1157
LGA11570,0,18,14,11,41,34,15,24,7,164,3,7,7,5,4,15,10,21,0,72,99,269,338,326,2003,1561,684,876,81,6246,10,20,26,28,176,211,85,115,6,675,223,678,890,1067,1719,3576,1362,1937,260,11705,48,110,159,123,887,907,330,405,15,2978,132,997,992,673,1469,1141,523,883,127,6939,110,947,1065,641,927,718,352,611,97,5465,199,493,654,874,1645,1909,884,1670,160,8486,40,78,70,66,520,527,190,233,24,1757,68,62,99,144,913,1150,377,477,31,3320,4,56,63,54,232,340,138,235,13,1142,56,245,245,242,1048,1598,531,891,54,4907,61,338,460,331,616,535,160,236,42,2778,130,177,229,215,1328,880,555,422,58,3992,73,501,254,264,693,552,242,315,37,2927,69,262,326,344,861,851,251,434,34,3419,26,167,111,122,237,223,81,87,13,1066,57,275,268,286,703,835,369,508,56,3358,144,436,490,401,1062,1114,316,453,1398,5813
LGA11600,16,25,13,26,40,69,49,245,10,485,0,0,0,0,0,0,0,3,0,6,0,0,0,5,8,7,0,11,0,37,0,0,0,0,8,4,0,0,0,6,3,0,0,0,4,11,0,13,3,42,0,0,0,0,0,3,0,4,0,15,0,3,3,0,0,6,3,5,0,17,0,7,3,0,0,3,0,6,0,21,4,0,0,4,0,8,0,14,0,29,0,0,0,0,0,0,0,0,0,0,0,0,0,0,0,3,0,0,0,3,0,0,0,0,0,0,0,0,0,0,0,0,0,0,0,3,0,0,0,5,0,3,0,3,0,3,0,3,6,19,3,0,0,4,19,4,6,3,0,44,0,0,0,0,0,0,0,3,3,11,0,0,0,0,0,3,0,3,0,6,0,0,0,0,3,0,0,0,0,4,0,0,0,0,6,3,4,6,0,15,0,0,3,0,0,8,3,6,19,38
LGA11650,17,50,53,65,93,157,68,205,11,715,38,10,13,22,82,125,106,286,15,691,137,164,184,281,1722,1522,974,1312,52,6343,50,20,31,42,392,375,156,259,15,1340,322,501,660,1043,1972,4528,1592,3217,165,14004,34,66,67,96,493,597,294,556,18,2225,193,934,633,658,1215,1082,588,1002,68,6374,141,1234,552,498,602,500,299,522,62,4405,168,239,264,338,685,842,528,1059,59,4184,45,98,74,89,388,476,210,377,16,1777,65,42,64,92,522,658,273,462,21,2198,25,79,57,58,168,248,128,322,16,1100,73,235,238,252,606,1109,473,992,29,4017,75,354,250,289,448,511,142,300,35,2393,222,140,135,202,1646,1117,869,551,47,4923,87,338,221,245,563,659,327,558,20,3016,143,294,398,590,1044,1006,406,541,44,4466,32,221,101,109,194,185,90,195,19,1137,62,182,177,213,622,763,404,629,29,3078,91,229,205,208,666,794,264,559,692,3709
LGA11700,0,0,0,3,3,28,11,99,3,152,0,0,0,0,0,0,0,3,0,4,0,0,0,0,0,0,0,0,0,0,0,0,0,0,7,5,0,0,0,11,0,0,0,0,0,3,3,5,0,15,0,0,0,0,0,0,0,3,0,4,0,0,0,0,0,0,0,0,0,0,0,0,0,3,3,0,0,3,3,12,0,0,0,0,0,0,0,5,0,10,0,0,0,0,0,0,0,0,0,0,0,0,0,0,0,0,0,0,0,4,0,0,0,0,0,0,0,0,0,0,0,0,0,0,0,3,0,0,0,3,0,0,0,0,0,0,0,0,0,10,3,0,3,0,18,13,4,8,0,44,0,3,0,3,3,9,0,3,0,20,0,0,0,4,0,0,3,0,0,10,0,0,0,0,4,0,0,0,0,4,0,0,0,0,0,0,0,3,0,9,0,0,0,0,10,0,0,5,6,20
LGA11720,5,22,20,36,48,52,22,40,6,251,92,26,46,49,321,329,393,571,25,1856,30,34,38,67,294,350,192,207,13,1230,3,7,6,11,89,64,19,41,0,237,40,75,90,111,249,450,200,324,16,1560,7,6,3,18,72,82,56,66,3,313,22,94,81,79,167,122,83,106,11,769,18,225,83,72,121,66,59,137,13,798,24,41,56,52,105,115,83,202,9,684,0,3,3,3,19,19,3,7,0,64,9,0,3,3,18,10,12,21,0,83,4,12,4,11,34,36,14,38,0,139,6,15,20,22,56,106,43,68,4,348,20,50,44,54,78,65,29,58,3,398,27,27,35,38,154,118,100,51,4,549,6,32,26,29,51,47,27,43,5,275,14,39,37,58,106,94,32,49,4,441,4,27,16,13,20,21,7,23,0,136,15,25,34,29,146,151,94,137,4,637,27,45,39,49,109,124,42,79,106,624
LGA11730,28,69,63,85,64,127,72,313,26,838,13,0,0,3,5,4,8,53,3,92,22,36,31,37,228,177,130,120,7,792,11,0,0,21,52,46,15,21,3,172,51,100,95,137,220,291,112,329,13,1350,3,9,12,13,32,40,33,42,0,191,24,115,73,103,171,134,76,118,5,814,29,143,79,96,78,73,29,111,13,652,30,49,56,54,80,86,49,188,18,606,8,5,4,3,22,14,3,10,0,73,0,4,5,3,18,10,7,22,0,68,0,14,6,8,22,15,16,26,0,109,3,25,27,29,34,50,24,63,3,259,13,53,41,34,38,32,12,27,3,258,31,27,33,38,323,157,135,93,6,852,18,49,31,49,63,58,34,58,4,364,24,50,62,111,130,88,48,60,6,579,6,18,12,9,25,18,3,23,4,120,11,21,12,37,93,107,35,88,3,414,25,42,31,32,77,54,25,53,101,437
LGA11750,0,3,3,5,13,29,6,94,3,166,23,10,14,4,11,44,119,295,11,533,0,0,0,0,0,10,3,6,0,23,0,0,0,0,6,8,0,0,0,16,0,4,8,3,7,15,6,21,3,59,0,0,0,0,0,0,0,3,0,8,0,5,3,3,8,4,0,3,0,34,0,0,3,8,3,9,0,4,0,21,0,0,0,0,6,4,3,10,3,32,0,0,0,0,0,0,0,3,0,3,0,0,0,0,0,0,0,0,0,0,0,0,0,0,5,0,0,3,0,9,0,0,0,0,0,0,0,3,0,8,4,0,0,4,3,3,3,0,0,16,8,4,0,0,35,10,4,5,0,74,0,0,0,0,3,5,9,7,0,27,0,0,0,0,8,4,0,0,0,18,0,0,0,0,0,0,0,0,0,7,0,0,0,3,6,15,0,14,0,43,3,0,0,0,3,6,4,10,7,44
LGA11800,28,71,103,119,202,194,76,213,16,1022,6,0,3,0,3,11,15,51,3,100,11,29,38,62,214,181,85,146,5,779,5,4,3,11,52,53,30,34,5,198,65,132,128,203,426,628,299,683,28,2593,5,25,15,20,95,72,81,72,0,393,51,245,137,184,340,235,126,232,22,1583,38,330,122,177,189,120,92,162,24,1252,36,68,85,84,109,133,87,195,9,800,3,5,9,12,57,44,14,41,0,188,6,13,8,10,32,47,31,56,0,201,9,17,16,20,31,47,29,64,0,227,12,49,38,56,92,134,61,181,9,638,18,76,51,79,80,90,30,70,5,499,36,35,42,60,327,179,125,94,0,901,16,92,63,85,144,149,66,131,3,751,42,77,109,173,266,216,99,155,13,1144,7,53,24,17,47,29,20,30,6,238,18,58,29,48,146,161,73,119,6,658,23,65,59,58,123,120,50,85,134,706
LGA12000,6,12,17,10,15,27,21,155,8,270,0,0,0,0,0,0,0,6,0,9,0,0,3,5,16,25,6,18,0,76,0,0,0,0,3,4,0,3,0,11,3,10,8,7,9,19,18,22,3,101,0,3,0,0,8,23,4,11,0,50,3,13,0,0,6,13,6,7,0,50,0,3,0,0,0,3,4,3,3,21,3,8,0,5,7,11,7,22,0,55,0,0,0,0,0,0,0,0,0,6,0,0,0,0,0,4,0,0,0,10,0,0,0,0,0,0,0,5,0,10,0,0,3,0,3,0,5,8,0,17,0,0,0,0,0,4,0,0,0,5,3,3,4,0,29,18,7,3,0,69,0,5,3,3,10,3,3,8,0,44,0,0,0,3,5,4,3,7,0,19,3,3,0,0,0,0,0,0,0,6,0,0,3,3,4,11,3,6,0,32,3,3,3,3,7,12,3,13,6,52
LGA12150,9,13,15,21,18,56,25,175,9,335,0,0,0,0,0,0,0,3,0,3,0,0,0,0,0,0,0,0,0,3,0,0,0,0,6,0,0,0,0,7,4,3,0,3,9,21,8,10,3,62,0,0,0,0,3,3,3,10,0,20,0,0,3,9,10,9,3,3,0,31,0,4,0,0,0,0,0,11,0,18,3,3,3,3,6,9,0,8,0,43,0,0,0,0,0,0,0,3,0,4,0,0,0,0,0,0,0,0,0,0,0,0,0,0,0,0,0,0,0,3,0,0,0,0,0,0,0,3,0,8,0,4,0,0,0,0,0,0,0,13,7,0,3,3,17,11,16,3,0,58,0,3,3,4,7,0,6,7,0,24,0,4,3,8,15,6,3,0,0,34,0,0,0,0,0,0,0,0,0,6,0,0,0,0,7,9,0,4,0,26,4,0,0,3,5,3,3,7,14,48
LGA12350,17,30,32,36,51,112,68,235,10,596,3,0,0,0,0,0,0,18,0,26,7,6,11,8,118,57,28,66,3,305,0,3,0,4,14,15,3,8,0,45,9,17,14,25,49,63,29,49,0,262,3,4,0,6,17,27,24,30,0,113,9,17,11,12,48,21,24,37,4,182,3,37,16,11,17,10,3,24,0,125,6,6,15,6,10,26,12,52,0,144,0,0,0,0,0,3,0,3,0,8,0,0,0,3,0,5,3,3,0,17,0,3,0,3,0,13,0,3,0,18,3,3,3,3,12,8,7,13,3,52,0,14,8,6,8,10,3,10,0,52,4,4,4,3,70,24,18,13,0,153,3,5,12,11,16,18,9,21,0,101,3,14,9,12,26,24,8,11,3,105,4,7,4,0,6,5,5,3,0,34,0,3,7,11,23,33,16,25,0,112,3,7,5,4,23,16,11,14,27,117
LGA12380,0,8,19,16,31,29,16,20,3,144,0,0,0,3,16,14,11,17,0,65,57,140,265,220,1518,1088,499,544,54,4386,7,11,17,8,142,159,50,74,6,465,148,534,700,775,1299,2483,992,1137,214,8283,31,77,133,85,643,590,258,258,20,2091,78,598,743,419,1032,823,326,469,66,4557,56,629,879,367,676,475,224,350,68,3724,75,254,369,434,945,998,435,848,95,4450,16,47,36,45,405,351,73,109,19,1101,47,51,64,109,711,855,233,237,32,2336,9,36,44,39,126,175,69,102,16,610,38,155,144,141,829,1334,307,421,35,3405,30,252,397,231,461,344,117,143,39,2010,52,107,152,154,796,523,276,195,25,2280,33,226,135,117,411,310,104,153,16,1500,66,139,232,234,734,588,192,251,34,2468,11,90,60,62,126,135,36,38,8,556,19,148,196,142,435,436,178,261,31,1849,86,343,425,327,823,842,266,311,1093,4519
LGA12700,11,22,31,27,24,41,21,102,9,275,10,6,4,4,14,18,24,60,0,141,3,12,10,9,38,45,28,39,3,188,0,0,0,3,24,22,9,9,0,72,11,21,21,31,46,126,41,89,7,398,0,3,0,3,8,12,3,13,0,41,7,19,19,9,22,22,7,15,3,123,0,16,6,4,8,0,0,12,0,53,6,5,14,14,20,22,15,50,4,151,0,0,0,3,3,0,3,0,0,12,0,0,0,3,4,8,0,3,0,14,3,3,0,3,0,8,4,4,0,22,0,13,9,11,13,18,10,23,0,99,3,10,6,8,3,16,3,3,0,43,5,0,0,3,42,28,8,9,0,102,5,12,4,6,10,11,3,15,0,74,4,8,6,9,3,10,7,10,0,51,0,0,0,3,0,3,0,3,0,11,6,8,3,9,27,24,8,31,0,110,3,4,7,7,17,16,11,14,19,98
LGA12730,15,17,23,25,41,67,36,225,0,459,0,0,0,0,0,0,0,3,0,8,3,5,10,28,31,65,36,34,3,219,0,0,0,0,28,28,5,15,0,75,10,0,11,11,43,79,35,56,3,248,0,4,0,3,11,26,13,13,0,65,0,25,12,10,27,23,14,8,3,123,3,29,6,15,4,13,4,20,0,96,8,10,16,3,17,26,17,34,0,136,0,0,0,0,4,0,3,3,0,10,3,0,0,0,4,4,3,11,0,21,0,0,0,0,0,0,3,3,0,16,4,5,0,3,14,15,5,17,0,63,0,9,3,3,3,0,0,3,3,26,10,3,5,6,61,26,8,11,0,121,5,10,3,3,6,7,0,11,0,46,6,5,5,8,16,10,0,17,0,71,3,0,0,3,3,0,0,0,0,15,3,5,0,5,7,23,15,18,3,82,4,10,3,12,9,18,10,9,21,90
LGA12750,10,25,23,33,34,46,15,80,0,270,3,0,3,5,3,7,0,17,0,37,4,24,21,19,85,79,37,45,3,319,3,10,9,11,47,32,15,7,0,131,50,70,77,130,218,351,136,185,29,1252,3,12,8,16,27,29,12,20,0,123,19,133,76,99,160,83,48,125,12,759,19,126,84,88,81,54,36,102,14,611,15,37,34,44,32,53,37,88,0,346,3,5,3,8,22,12,3,12,0,68,4,3,3,5,7,10,9,8,0,51,3,6,9,14,11,13,5,14,0,77,9,34,24,30,20,51,24,55,3,247,10,66,28,39,24,33,13,22,5,244,30,24,31,24,204,78,89,53,0,549,10,41,35,32,40,51,30,49,3,292,16,29,60,81,76,45,14,50,6,385,3,23,12,15,30,22,12,8,3,128,6,29,17,34,44,69,27,58,5,283,14,39,23,33,46,57,18,35,60,323
LGA12850,9,29,35,16,57,43,23,38,3,251,4,0,0,3,18,12,3,31,0,80,84,252,245,259,2116,1342,595,768,95,5742,8,20,8,9,147,121,46,61,7,426,128,399,477,547,1167,1912,799,1068,126,6622,28,87,96,84,620,491,173,194,19,1782,60,531,410,377,847,636,304,411,59,3639,37,497,375,261,312,274,125,238,44,2169,83,212,229,311,935,819,416,727,81,3819,7,35,29,26,254,206,60,59,9,683,21,19,45,63,439,454,146,141,19,1353,8,22,26,32,125,157,46,98,4,513,24,132,108,98,417,546,166,292,14,1788,21,192,164,145,313,221,76,94,29,1258,37,81,62,83,540,277,166,132,16,1405,17,201,111,110,233,194,67,93,18,1047,29,124,139,144,387,310,100,167,24,1422,23,68,51,48,94,86,19,30,9,432,12,133,144,152,436,423,212,270,24,1803,72,332,292,263,920,709,212,258,916,3975
LGA12870,24,21,16,22,49,137,68,258,14,610,0,0,0,0,0,3,0,0,0,5,21,7,4,20,110,147,50,40,3,411,0,0,0,0,9,11,7,6,0,30,12,16,14,29,39,135,40,54,3,347,0,4,3,3,18,21,10,18,0,82,9,42,17,19,34,18,11,32,0,181,5,26,11,11,16,14,8,32,0,114,10,12,13,12,16,22,19,85,6,204,3,0,0,0,0,0,0,0,0,5,0,0,0,0,0,0,0,0,0,7,0,0,0,0,3,3,0,5,0,11,0,9,7,0,7,9,8,12,3,54,0,18,8,5,10,8,4,15,0,72,8,4,11,3,47,25,26,17,0,146,3,6,8,3,12,4,9,15,0,68,3,5,4,14,8,6,0,3,3,46,0,9,4,5,7,3,5,9,0,39,5,9,6,3,29,15,15,24,3,119,6,12,5,3,9,31,8,23,27,128
LGA12900,11,27,13,24,38,82,56,257,12,527,3,0,0,0,3,10,27,45,0,102,0,3,4,3,39,39,28,23,4,143,0,0,0,0,11,9,3,8,0,37,9,10,17,23,35,81,25,44,6,244,3,3,8,0,13,31,15,17,0,99,7,18,13,16,44,39,21,30,0,198,0,25,6,11,10,10,3,19,3,85,6,11,10,10,9,22,18,33,0,125,0,0,0,0,0,0,0,0,0,3,3,0,0,0,3,6,3,4,0,20,0,5,0,0,0,3,0,7,0,15,0,0,3,3,10,9,4,13,0,39,0,0,3,0,6,9,0,0,3,24,3,3,0,7,40,21,19,14,3,111,0,3,3,6,19,14,10,34,0,91,4,3,7,4,26,6,3,3,3,59,0,4,0,0,0,7,0,3,0,13,4,5,3,3,21,22,12,24,3,84,3,4,0,7,19,17,16,13,30,116
LGA12930,0,7,7,9,15,27,4,19,0,97,0,3,0,3,5,16,5,13,0,50,26,73,144,106,643,620,273,396,21,2306,7,4,13,11,78,101,59,62,5,339,95,181,314,279,559,1255,539,956,86,4252,16,57,52,72,367,421,160,242,9,1398,53,486,494,320,646,570,253,432,28,3280,61,569,786,357,600,424,198,376,47,3432,78,140,188,274,674,747,401,638,36,3183,25,53,39,34,252,296,106,140,0,940,47,49,61,85,545,803,300,466,14,2363,18,44,46,43,125,228,107,188,4,805,35,179,191,159,669,1254,388,721,24,3616,31,151,246,149,248,287,86,151,25,1369,67,38,84,71,592,430,257,241,25,1809,41,332,136,104,308,256,111,181,14,1482,42,143,223,225,464,513,160,308,17,2100,20,91,46,61,102,127,34,57,5,542,14,86,103,97,291,326,130,269,20,1338,45,140,199,130,360,449,122,201,478,2130
LGA12950,8,15,16,19,16,51,21,224,9,377,0,0,0,0,0,0,0,6,0,8,0,0,3,0,12,7,5,7,0,28,0,0,0,0,6,10,3,0,0,24,0,3,3,12,11,16,4,17,4,70,0,3,0,0,5,4,9,11,0,26,0,11,11,3,13,10,4,7,5,61,0,10,3,6,3,0,0,10,0,36,0,5,10,0,7,10,0,22,4,54,0,0,0,0,0,0,0,0,0,3,0,0,0,0,0,0,0,0,0,3,0,0,0,0,0,0,0,0,0,0,0,0,0,0,0,0,0,3,0,10,0,7,0,4,3,0,0,0,0,13,5,0,3,3,27,17,6,14,3,77,0,0,0,5,5,4,0,8,0,26,3,7,0,8,14,8,4,3,0,46,0,0,0,0,0,0,0,0,0,5,4,3,0,0,13,11,3,10,0,43,3,0,0,5,0,6,3,6,8,36
LGA13010,14,24,28,24,21,73,40,205,5,436,4,0,0,0,0,3,0,10,0,15,0,3,0,3,28,11,6,10,0,70,0,0,3,0,10,5,3,7,0,30,5,17,17,8,31,47,20,41,4,191,0,0,0,3,3,8,9,19,0,41,0,10,12,12,21,25,12,21,3,120,0,29,22,9,12,5,4,18,3,107,0,13,9,6,12,15,4,29,0,91,0,0,0,0,0,3,3,0,0,8,0,0,0,0,3,3,0,4,0,13,0,0,0,0,3,3,0,3,0,10,0,0,0,0,4,5,9,5,0,23,5,7,11,4,4,3,3,0,0,42,8,3,5,3,67,17,23,10,0,139,0,3,9,10,12,11,10,11,0,64,0,0,9,11,20,10,8,6,0,67,3,3,0,0,10,0,0,4,0,26,0,10,7,8,16,25,9,18,3,91,0,11,14,5,15,7,8,10,23,93
LGA13310,11,17,26,39,33,62,31,120,3,339,3,0,3,4,20,39,32,79,5,183,13,12,25,25,155,132,75,118,8,555,8,6,4,0,38,32,25,28,0,137,24,35,44,53,176,292,144,284,17,1066,3,3,6,9,37,30,27,56,0,167,14,72,51,69,154,87,47,105,7,605,8,106,50,47,51,34,22,44,10,368,28,20,28,49,93,62,51,193,9,536,4,6,4,4,17,18,10,10,0,60,3,3,0,4,12,11,7,14,0,66,8,7,0,10,17,20,9,27,0,85,6,19,15,12,41,43,22,49,4,211,3,26,12,25,33,36,9,14,4,175,31,13,17,27,325,203,86,82,7,803,7,23,21,37,52,52,25,42,7,257,16,22,32,42,112,69,26,49,4,375,0,18,8,8,8,5,8,14,0,80,7,22,15,13,78,79,30,72,0,307,18,21,17,24,47,52,27,63,62,319
LGA13340,19,39,29,45,31,114,57,373,11,716,0,0,0,0,3,8,6,11,0,26,10,6,3,15,66,49,46,46,5,250,3,3,0,0,4,10,0,4,3,23,17,9,9,20,48,80,42,82,3,322,0,0,0,4,9,24,14,27,0,73,3,31,10,5,14,21,14,28,0,140,3,21,10,7,5,6,3,13,0,64,11,14,12,11,21,21,12,64,4,173,0,0,0,0,0,7,3,0,0,8,0,0,0,0,3,3,0,9,0,18,0,0,0,4,0,3,3,4,0,11,4,0,5,4,7,13,6,25,3,67,0,3,5,7,10,7,4,8,0,42,5,0,3,6,50,33,22,25,4,151,3,11,8,6,20,22,12,9,0,90,3,7,3,6,15,9,3,10,0,56,0,0,4,0,3,3,0,0,0,15,0,3,12,4,17,25,19,26,0,110,11,10,6,3,12,14,11,18,22,112
LGA13450,40,62,60,77,144,185,95,343,12,1011,0,0,0,0,0,0,0,13,3,22,34,41,51,57,434,449,225,193,11,1494,0,0,3,3,62,37,15,18,0,144,15,21,21,29,141,180,89,195,16,699,6,10,3,6,36,68,40,45,3,219,18,90,28,47,125,82,57,94,6,546,4,60,23,17,42,16,24,37,3,228,7,12,16,20,33,46,29,82,6,251,0,3,0,3,9,6,7,8,0,39,0,3,0,3,9,11,7,19,0,47,0,0,9,0,11,12,8,16,0,59,4,3,5,10,26,38,22,45,0,160,8,11,11,14,29,25,11,25,0,131,11,4,8,9,111,34,36,39,8,258,5,8,10,13,36,29,24,28,0,152,6,8,14,16,63,48,14,31,0,199,3,7,0,0,8,3,3,3,0,26,3,12,3,14,76,63,41,65,3,271,9,23,25,22,69,75,27,31,50,340
LGA13510,12,13,31,42,36,90,44,227,7,506,0,0,0,0,0,0,0,9,0,17,3,5,15,34,141,70,43,47,5,373,0,0,3,6,7,17,9,3,0,51,9,8,12,19,39,69,26,53,9,248,3,5,0,4,7,13,3,13,0,57,5,9,9,8,32,27,10,19,5,135,3,19,7,15,5,9,3,20,4,86,8,15,20,14,27,31,18,73,5,213,0,0,0,0,0,4,0,0,0,9,0,0,0,0,5,5,0,3,0,11,0,0,0,0,0,4,3,4,0,12,0,7,4,5,9,11,7,16,0,62,0,6,3,8,0,13,0,3,0,38,11,3,7,9,59,30,19,14,5,153,3,6,8,7,11,12,6,26,0,77,0,0,14,10,16,9,3,5,0,54,0,3,3,0,6,9,0,3,0,26,0,9,3,3,11,15,11,16,0,70,3,16,11,7,19,15,9,20,30,130
LGA13550,17,18,30,32,30,89,49,272,14,542,25,13,5,18,41,71,100,354,6,641,6,0,3,10,52,54,37,41,7,210,0,0,3,3,14,11,0,7,0,43,7,11,12,26,37,62,26,77,4,249,0,3,0,3,10,25,21,35,0,109,3,24,6,12,30,30,17,30,0,154,3,44,20,8,11,8,3,25,3,119,9,10,5,13,19,17,19,46,0,138,0,0,0,0,4,0,0,0,0,10,0,0,0,0,3,3,0,3,0,10,0,0,0,5,3,5,8,12,3,34,0,0,0,3,19,16,7,29,0,75,0,10,6,4,8,4,4,15,0,54,0,4,8,7,56,19,24,11,0,136,0,8,3,10,10,4,6,17,0,62,0,3,3,10,13,12,7,11,4,66,0,0,0,3,7,0,0,6,0,15,6,10,5,3,31,45,18,36,0,148,6,8,8,6,21,23,9,23,25,133
LGA13660,17,21,15,31,29,100,43,332,3,587,0,0,0,0,0,4,4,4,0,12,0,0,3,0,15,12,3,10,0,42,0,0,0,0,5,3,0,3,0,13,7,5,0,3,12,17,10,19,0,81,0,0,3,0,0,3,0,11,0,17,0,0,0,9,12,4,3,8,0,41,0,3,3,6,0,3,0,10,0,28,6,11,0,12,0,3,0,20,3,51,0,0,0,0,0,0,0,0,0,3,0,0,0,0,0,3,0,0,0,3,0,0,0,0,0,0,0,3,0,3,0,0,0,3,0,0,0,0,0,10,0,0,0,0,0,0,0,3,0,9,3,5,0,3,45,16,19,9,4,99,0,0,0,0,3,5,4,11,0,29,0,3,0,3,7,3,5,3,0,16,0,0,0,0,4,0,0,0,0,5,0,7,0,0,6,8,3,3,0,38,3,0,0,3,5,7,3,12,13,41
LGA13800,11,50,36,52,74,114,41,198,19,592,3,3,4,0,9,15,16,49,0,102,39,31,52,66,365,391,275,444,14,1678,9,3,11,6,65,91,53,109,4,341,77,124,151,206,465,1237,503,1327,70,4153,13,18,14,22,127,167,95,179,5,642,34,142,109,101,204,225,127,275,22,1232,25,171,101,74,72,43,43,90,11,630,27,40,57,68,149,229,133,448,19,1168,4,11,10,18,60,59,67,60,0,291,5,8,11,16,52,92,26,70,0,284,0,17,9,14,24,51,39,69,0,218,12,38,36,40,80,162,81,203,4,666,5,52,32,48,70,105,40,76,5,442,45,27,34,35,383,326,267,192,11,1321,18,78,44,56,125,142,65,134,8,667,17,27,44,64,111,111,37,82,4,506,7,46,33,27,37,46,24,52,0,268,13,48,25,48,112,243,130,271,4,898,24,56,48,66,186,223,86,221,173,1088
LGA13850,3,11,3,6,19,36,10,112,5,212,0,0,0,0,0,0,0,0,0,0,0,0,0,0,3,4,8,8,0,24,0,0,0,0,0,6,3,0,0,10,12,3,7,5,25,24,13,35,3,119,0,0,0,0,0,0,0,11,0,18,0,13,3,8,11,7,4,14,0,59,0,7,0,0,6,0,0,9,0,28,0,4,3,0,3,11,3,10,0,31,0,0,0,0,0,0,0,0,0,8,0,0,0,0,0,0,0,0,0,3,0,0,0,0,0,0,0,0,0,4,0,0,0,0,0,3,0,8,0,13,0,3,0,3,0,0,0,0,0,14,3,0,4,7,29,6,12,3,0,66,3,0,0,0,7,3,0,6,0,16,0,0,0,0,6,5,0,0,0,14,0,0,0,0,3,0,0,0,0,7,0,0,0,0,0,7,3,9,0,22,3,7,3,4,9,12,3,5,12,51
LGA13910,32,48,65,74,132,197,126,457,21,1145,0,3,0,0,8,11,10,31,0,64,7,13,8,35,71,60,37,40,9,270,3,0,0,13,20,24,5,3,0,62,15,22,23,32,80,142,52,134,8,510,0,8,3,8,22,35,29,37,0,143,7,45,21,34,75,51,41,50,4,322,0,36,20,7,15,4,3,35,0,132,11,13,22,22,21,46,29,85,5,253,0,0,0,0,8,3,3,3,0,19,0,0,0,0,4,8,9,8,3,31,0,3,3,3,5,0,3,14,0,36,5,10,0,10,7,23,14,18,0,83,0,18,3,8,11,8,4,10,0,56,15,0,8,7,103,44,34,25,0,232,3,19,9,5,18,20,7,32,0,124,8,8,8,9,25,21,14,16,0,112,0,12,0,0,5,3,0,6,0,30,5,12,3,9,45,33,22,35,3,166,6,22,11,14,35,34,13,30,47,221
LGA14000,5,26,23,26,40,45,34,86,0,293,3,0,6,3,14,23,9,37,0,94,31,69,71,67,443,569,338,519,8,2128,11,6,7,9,112,142,59,78,0,419,82,143,223,245,423,1238,464,1135,46,4005,17,63,50,70,366,552,275,446,14,1847,66,528,312,221,466,540,250,492,37,2918,57,490,265,173,240,227,131,225,22,1822,43,82,82,104,239,372,179,333,13,1457,23,59,44,60,345,593,223,341,13,1690,48,66,61,120,530,1011,449,640,16,2941,6,39,26,31,79,175,98,190,3,653,69,245,223,262,808,1920,735,1242,34,5543,29,141,133,136,191,283,109,161,12,1200,66,66,51,55,643,482,320,296,9,1990,36,412,188,157,375,405,207,448,23,2258,31,220,242,241,479,517,185,328,16,2269,22,136,73,34,81,98,45,61,9,569,22,67,83,91,215,298,155,284,11,1224,34,135,86,89,245,374,125,249,265,1608
LGA14100,0,0,3,3,5,0,0,3,0,16,4,0,0,0,0,3,0,8,0,15,3,7,6,4,22,35,23,56,0,156,0,0,3,0,3,6,0,12,0,24,0,16,14,26,18,75,30,109,4,292,0,3,4,12,21,49,21,60,0,166,16,34,23,11,25,34,19,66,3,226,4,42,18,21,9,19,10,39,0,163,3,16,7,4,15,33,11,33,0,124,3,6,6,3,18,21,11,24,0,98,3,11,9,10,27,87,37,134,3,327,3,8,11,9,11,28,16,52,0,139,12,26,20,15,46,121,57,206,7,516,4,9,5,9,4,12,5,25,0,79,11,6,3,0,23,30,15,44,0,128,9,33,12,3,17,30,23,54,0,187,7,15,29,24,22,62,19,98,3,290,0,12,7,7,5,11,8,12,0,60,0,6,8,9,15,20,15,22,0,82,3,10,3,6,16,40,11,36,26,152
LGA14170,0,13,14,4,13,23,11,22,4,106,0,3,3,0,10,18,15,39,0,85,38,55,107,99,481,666,332,478,18,2278,11,8,7,17,97,119,72,79,3,418,80,119,264,244,424,1248,590,1285,61,4321,14,46,63,63,287,460,238,376,8,1552,48,401,419,361,631,595,345,569,42,3412,72,489,737,408,523,504,315,657,42,3753,77,132,161,210,444,526,303,465,37,2349,42,91,119,162,536,764,381,726,13,2838,89,55,69,137,608,1232,592,1090,20,3899,12,48,40,43,117,221,148,297,5,924,128,278,331,369,923,2177,1015,2170,40,7419,20,121,221,153,299,400,183,281,14,1689,102,71,82,109,925,667,460,426,15,2866,80,540,279,281,702,692,401,682,40,3688,73,187,236,310,643,764,267,469,38,2989,38,237,160,201,181,287,164,263,14,1543,20,120,91,127,272,347,175,258,24,1439,42,157,175,123,293,516,176,353,420,2258
LGA14200,12,39,23,28,39,92,49,302,8,587,4,0,0,0,3,11,0,19,0,43,20,20,12,133,185,77,46,61,12,555,0,0,0,4,22,28,6,7,0,73,6,22,24,32,67,98,58,91,4,398,0,6,4,7,27,29,21,25,0,125,18,39,22,22,90,53,35,36,0,319,7,37,21,14,15,11,3,15,0,122,0,11,20,7,7,11,3,38,7,121,0,0,3,0,9,4,0,3,0,24,0,0,0,0,8,6,5,6,3,25,0,0,0,0,0,7,3,13,0,24,3,8,4,3,9,14,8,17,0,63,3,19,3,4,13,17,6,5,3,72,8,3,0,3,104,31,45,19,4,225,7,11,10,12,19,15,14,31,0,127,3,12,17,25,30,22,7,16,3,128,0,5,0,0,7,4,0,0,0,14,0,4,8,5,42,33,12,27,3,149,6,10,7,13,31,24,11,20,49,166
LGA14300,4,14,12,13,15,32,17,142,4,262,0,0,0,0,0,0,3,3,0,4,0,4,4,13,63,49,29,23,8,199,0,0,0,0,3,4,3,0,0,16,5,0,9,3,13,37,15,22,3,118,0,4,0,3,3,9,4,9,0,33,0,12,4,12,7,5,0,7,0,49,0,7,4,8,3,3,3,6,0,37,12,9,5,14,38,25,16,32,0,156,0,0,0,0,0,0,0,0,0,4,0,0,0,0,3,0,3,0,0,10,0,0,0,0,0,5,0,4,0,7,0,0,0,3,9,4,4,10,0,37,0,3,0,6,3,4,0,0,0,17,9,3,7,4,56,26,24,11,3,144,0,3,3,0,8,4,3,3,0,29,0,3,4,4,12,3,0,6,0,30,0,3,0,0,0,0,0,3,0,10,0,3,3,0,16,12,8,11,0,49,0,0,0,3,18,7,4,9,9,45
LGA14350,21,45,40,37,39,50,20,131,10,392,3,0,0,0,3,9,3,15,0,32,17,14,27,47,129,74,77,56,4,448,0,0,0,4,33,12,6,11,0,75,20,39,76,69,143,172,74,185,17,814,0,4,4,4,19,15,16,23,3,94,26,75,47,53,127,57,49,66,12,510,21,101,48,33,56,29,18,44,9,351,9,31,42,31,63,48,31,81,12,346,3,0,0,0,3,9,0,0,0,19,0,4,0,3,4,8,4,5,0,27,0,8,3,3,3,13,5,15,0,45,3,10,9,11,20,23,15,39,3,129,4,30,31,30,27,16,6,16,9,163,24,8,18,21,137,75,52,29,8,365,18,29,14,29,34,46,20,35,6,229,13,16,41,49,52,54,20,33,3,289,4,7,3,7,11,6,5,5,3,45,10,15,10,13,46,33,20,34,3,189,14,15,13,19,29,29,16,29,76,242
LGA14400,5,17,7,13,15,18,5,40,0,120,9,3,0,0,36,21,27,56,0,157,12,16,6,20,58,67,61,93,0,341,5,0,0,3,23,17,22,9,0,81,24,47,57,64,112,305,104,219,18,950,0,3,0,0,14,18,18,36,0,98,8,63,24,32,45,44,22,52,0,295,3,128,37,19,48,34,19,55,4,355,8,24,24,26,42,29,28,89,3,268,0,3,3,8,12,9,7,11,0,53,3,10,3,3,15,33,16,13,0,98,4,8,7,4,10,10,6,12,0,62,4,26,27,16,54,71,28,77,0,307,4,18,19,18,14,30,18,17,0,133,28,10,15,15,152,106,135,62,0,519,21,44,38,24,72,79,27,70,10,373,11,23,21,35,63,79,38,49,0,319,4,19,13,3,9,13,3,8,0,77,3,10,3,8,29,41,14,39,0,150,11,22,16,10,16,33,15,36,31,185
LGA14500,0,12,10,5,11,14,12,30,0,108,5,0,4,5,6,31,26,53,0,126,20,60,49,53,160,272,199,449,7,1267,8,4,4,6,35,69,23,70,3,214,49,80,98,132,179,470,234,647,23,1907,20,54,52,45,181,426,197,463,6,1445,40,471,235,146,230,319,169,414,15,2045,38,364,162,117,133,158,79,249,18,1314,27,61,48,60,118,231,103,233,11,876,16,73,47,30,174,437,174,352,11,1317,41,116,113,158,366,950,527,1267,18,3550,12,64,52,48,68,207,96,244,3,790,86,342,286,259,511,1545,660,1873,33,5583,13,75,67,72,85,139,70,180,7,706,28,51,29,37,249,285,177,232,5,1096,41,433,143,83,210,229,140,287,14,1575,53,179,179,183,253,427,240,608,16,2135,13,124,37,42,33,69,36,71,6,426,11,62,50,49,77,149,88,186,6,673,23,105,81,70,129,304,99,290,178,1284
LGA14550,13,33,36,28,27,61,32,193,5,423,0,0,0,0,5,0,0,9,0,22,7,3,13,20,47,51,25,34,4,199,0,0,0,0,7,9,0,9,0,30,10,10,19,26,37,40,27,64,3,232,0,3,0,4,12,13,9,5,0,56,4,36,8,17,13,23,13,32,0,138,3,9,4,3,6,6,3,10,0,46,6,6,13,6,8,15,5,22,0,75,0,0,0,3,3,0,3,3,0,16,0,0,0,0,0,0,0,0,0,4,0,3,3,0,0,0,0,5,0,13,0,5,3,8,11,11,3,3,0,40,4,4,3,0,0,5,0,0,0,30,0,3,3,4,36,16,3,7,0,79,0,15,13,12,13,7,3,10,0,72,8,6,19,12,23,10,7,7,0,97,0,7,0,0,0,4,3,3,0,17,0,3,0,3,3,11,4,16,0,49,3,13,3,3,14,23,3,17,28,111
LGA14600,9,16,14,28,36,83,35,290,14,529,3,0,0,0,4,3,5,37,3,59,0,0,0,0,6,31,22,26,3,97,0,3,0,0,8,13,0,0,0,33,6,0,0,6,10,25,15,24,4,84,5,0,0,3,3,19,6,11,0,44,3,11,3,4,9,4,11,14,0,59,0,3,3,3,4,6,0,14,0,34,3,7,6,5,8,4,4,11,3,52,0,0,0,0,0,0,3,0,0,3,0,0,0,0,3,0,0,0,0,3,0,0,0,0,0,0,0,0,0,3,0,0,0,3,6,3,3,3,0,22,0,0,3,0,0,3,0,5,0,9,4,3,4,3,15,34,17,11,0,97,0,5,0,5,3,14,3,6,0,43,5,3,3,3,9,4,5,8,3,45,0,0,0,3,0,0,3,3,0,11,0,0,3,0,8,18,9,15,0,47,3,3,8,4,3,11,9,21,20,78
LGA14650,12,16,17,23,34,46,21,42,6,218,96,28,36,45,338,426,442,582,19,2014,89,94,97,159,1132,1193,785,805,38,4382,50,23,21,44,345,310,139,165,3,1096,185,277,366,535,1258,2446,866,1747,72,7764,25,45,37,62,279,329,219,332,9,1347,107,605,376,311,710,531,351,530,36,3551,71,820,310,272,277,228,156,257,24,2429,119,170,132,194,446,543,417,801,30,2865,17,54,23,28,100,130,62,89,0,506,21,33,20,37,228,283,120,210,6,960,15,39,27,28,82,128,98,166,7,592,46,153,130,156,376,600,313,566,24,2363,49,192,120,177,236,280,103,146,12,1311,120,107,95,135,961,654,443,282,25,2808,73,300,170,175,399,401,243,386,17,2159,90,174,293,355,656,687,251,371,26,2898,17,153,45,58,70,73,38,62,11,532,52,109,96,104,434,496,299,393,9,1998,67,106,82,97,366,448,144,298,357,1979
LGA14700,0,8,3,0,0,7,9,9,0,30,0,5,0,0,0,10,0,7,0,34,3,17,14,11,66,105,69,123,5,420,0,0,6,0,10,25,13,17,0,73,9,19,28,39,54,177,88,250,7,676,7,15,12,11,57,137,61,93,4,386,20,98,80,62,96,132,62,148,12,710,16,103,94,30,66,63,48,109,5,536,10,19,24,23,49,79,27,83,8,321,7,22,23,14,111,161,68,155,3,557,20,22,28,46,124,336,184,402,10,1169,4,16,5,12,29,67,41,113,0,280,20,80,84,88,241,586,240,613,9,1962,3,27,28,18,46,59,42,61,0,283,14,16,4,18,93,95,64,86,3,392,11,101,41,33,80,85,66,119,4,548,11,51,58,60,94,163,65,178,8,684,3,23,14,20,19,29,17,44,0,167,3,16,14,18,44,53,26,59,0,241,6,20,28,15,57,118,39,94,62,447
LGA14750,18,25,17,26,44,97,45,158,3,428,0,0,0,0,0,0,7,23,0,31,20,14,3,15,121,233,78,105,11,597,11,0,0,0,38,36,17,17,3,114,10,6,7,9,42,80,41,57,6,249,3,9,7,0,9,26,12,20,3,83,0,17,10,12,29,20,13,18,0,114,0,28,13,11,9,10,5,15,4,95,9,9,3,7,19,32,20,59,0,162,0,0,0,0,0,0,5,3,0,11,0,0,0,0,5,3,3,3,0,10,0,0,0,0,4,3,0,3,0,15,0,6,3,5,21,11,6,13,0,66,0,7,9,3,10,11,3,9,0,52,3,4,0,11,60,21,9,12,7,128,7,9,6,15,22,27,17,26,3,129,3,0,3,3,11,11,4,16,0,54,0,0,0,0,0,4,0,3,0,13,0,6,4,8,18,23,13,25,0,93,4,9,5,7,16,38,10,15,38,139
LGA14850,9,80,69,96,128,114,49,219,17,778,7,0,0,4,4,12,4,39,0,78,15,19,21,62,189,196,99,126,15,743,4,3,0,4,44,31,10,20,0,122,22,60,83,120,212,278,127,196,17,1119,3,9,11,14,70,52,39,49,3,248,33,155,89,135,213,127,106,158,5,1031,12,144,68,68,78,48,39,63,9,523,15,41,38,64,45,54,55,129,11,448,0,13,5,7,21,13,10,15,0,94,3,6,3,6,21,43,19,24,0,123,7,13,7,12,16,13,12,34,0,114,7,37,32,44,61,75,28,81,4,375,15,51,36,43,40,52,6,25,9,277,13,25,34,32,230,79,68,56,3,549,17,65,46,66,163,111,59,100,7,634,28,81,97,161,193,147,45,96,5,856,5,39,5,15,9,15,8,20,0,114,3,26,26,31,107,94,53,75,3,419,19,30,30,30,73,74,21,48,85,403
LGA14870,6,9,19,7,4,27,9,66,0,148,23,4,8,17,87,208,132,166,10,662,3,7,13,18,64,97,52,57,3,312,8,0,9,10,120,45,31,33,3,257,13,20,25,30,83,107,50,105,5,443,0,3,3,3,19,34,25,20,0,109,4,39,18,34,70,41,23,44,9,271,13,60,28,36,39,26,16,35,6,261,16,10,25,22,37,52,28,79,3,266,0,0,0,0,15,7,3,5,0,34,3,4,3,7,10,10,3,8,0,49,0,3,0,0,6,12,12,24,0,56,4,7,5,11,12,25,9,22,0,100,0,11,18,13,17,8,3,19,0,94,18,11,16,28,169,74,41,29,4,385,8,13,10,11,16,12,5,22,0,93,3,8,21,20,32,18,14,13,0,130,3,11,0,3,10,4,5,6,0,47,8,6,11,15,41,43,15,33,0,172,8,14,16,13,39,50,5,32,41,215
LGA14900,9,29,25,51,48,65,31,113,7,384,0,3,0,5,26,25,10,32,0,105,81,161,157,198,1766,1414,685,878,68,5412,19,7,13,17,124,174,52,98,7,508,135,322,404,476,1099,2396,911,1422,155,7327,27,55,67,70,556,613,246,339,27,2007,75,486,396,364,880,738,320,563,56,3875,57,568,321,205,337,290,133,260,37,2203,118,245,246,387,1101,1090,557,1271,81,5095,18,39,33,39,238,279,75,111,10,839,25,23,42,56,515,571,185,220,18,1670,4,20,21,27,128,166,72,133,11,587,40,91,91,104,464,708,233,403,25,2161,37,143,127,141,353,292,96,128,20,1339,96,110,76,131,862,852,495,551,38,3217,29,187,95,116,356,306,122,197,17,1418,33,122,122,196,547,534,154,257,24,1990,13,79,41,50,90,109,43,96,12,527,31,128,115,120,458,512,209,341,32,1960,63,223,173,210,730,750,234,340,753,3485
LGA14920,12,19,20,31,45,100,55,249,4,526,5,3,0,4,13,10,16,40,0,91,0,0,4,3,16,26,10,18,0,81,0,0,0,0,7,12,4,3,0,23,3,9,7,21,24,44,19,33,4,166,0,0,4,3,8,4,9,15,0,45,0,14,9,0,17,12,16,12,3,82,3,10,6,9,4,0,3,8,0,47,8,6,5,10,32,35,20,43,5,178,0,4,0,0,0,0,0,0,0,8,0,0,0,0,0,0,0,4,0,7,0,0,0,0,4,0,0,0,0,8,0,4,3,0,5,6,4,6,0,25,0,3,3,5,3,3,0,4,0,17,4,0,5,0,34,9,23,7,0,90,3,7,9,0,7,7,0,14,0,46,0,0,3,5,18,8,4,5,0,44,0,7,0,0,3,0,0,3,0,14,0,3,3,3,18,9,3,9,0,49,7,10,3,9,13,13,9,14,25,99
LGA14950,6,9,6,18,12,32,26,174,3,287,0,0,0,0,0,0,0,0,0,3,0,0,4,3,3,9,7,6,0,34,0,0,0,0,4,6,4,0,0,17,4,3,7,0,9,21,4,13,0,62,0,0,5,0,5,3,0,0,0,13,0,0,3,0,3,4,9,10,0,34,0,0,4,0,4,0,3,7,0,18,0,9,0,0,7,19,7,22,3,73,0,0,0,0,0,3,0,0,0,3,0,0,0,0,0,0,0,0,0,0,0,0,0,0,0,0,0,0,0,3,0,0,4,0,0,3,0,0,0,5,0,0,0,0,6,0,0,0,0,9,0,3,0,8,17,10,10,9,0,55,0,0,0,0,7,0,0,3,0,7,0,3,7,0,12,3,0,4,0,24,0,0,0,0,0,0,0,0,0,0,0,0,0,0,5,7,3,4,0,21,3,3,0,0,3,0,0,3,4,22
LGA15050,8,14,17,22,57,58,36,65,8,280,74,22,44,53,295,348,526,824,27,2217,54,58,54,57,486,520,355,349,14,1940,13,3,8,12,123,107,46,81,0,399,54,86,107,149,387,761,328,674,30,2584,8,20,13,15,115,118,98,141,4,532,33,240,149,139,281,234,164,212,11,1470,22,355,119,102,108,85,46,116,6,958,47,67,65,87,180,206,167,377,14,1216,0,11,6,11,36,41,19,26,4,148,13,11,7,9,71,65,30,58,3,274,8,17,18,10,41,36,40,81,4,246,11,47,37,45,124,212,121,197,3,804,15,59,42,55,99,96,40,84,8,502,40,35,40,36,384,291,195,146,9,1174,21,55,45,63,123,119,58,131,4,616,21,60,61,97,192,179,65,85,14,770,6,43,17,17,21,22,10,23,3,153,17,52,39,42,200,201,125,242,4,919,17,50,45,44,156,201,71,137,147,865
LGA15240,42,94,84,114,100,147,87,438,19,1135,30,6,6,10,32,31,53,142,0,310,129,55,56,80,314,259,169,208,26,1295,23,7,6,16,130,80,59,67,10,381,92,163,209,257,364,697,234,515,50,2579,20,13,16,22,63,73,46,72,0,330,54,284,151,169,304,205,150,230,30,1576,37,316,135,152,177,94,71,163,17,1158,52,76,83,89,121,135,87,270,16,920,4,16,10,15,26,40,9,25,0,139,4,9,13,9,26,46,17,29,3,160,3,25,12,5,27,44,30,57,0,204,12,58,40,54,70,93,39,131,6,488,23,100,70,82,79,73,23,53,11,533,37,35,31,44,310,119,119,64,9,758,29,73,59,79,129,112,63,96,10,645,41,81,118,178,228,204,63,135,16,1063,12,38,20,15,44,26,15,25,3,202,20,44,46,41,144,162,69,139,9,674,23,55,45,59,121,109,58,66,174,706
LGA15270,15,29,40,55,61,107,53,244,5,614,57,8,15,26,105,182,316,584,12,1319,3,16,14,12,64,49,29,67,3,259,0,6,6,0,25,28,11,3,0,86,27,36,37,52,96,185,80,145,18,679,3,9,3,5,30,29,10,42,0,130,5,52,27,34,80,56,46,61,3,364,9,58,28,19,27,24,17,57,6,249,6,17,22,18,28,28,18,45,3,189,0,0,0,0,6,10,4,12,0,34,4,6,0,0,3,6,6,4,0,27,0,3,0,3,3,12,6,25,0,52,3,13,10,6,9,19,13,44,3,125,0,23,14,12,5,16,9,15,0,84,13,5,3,16,91,45,31,25,3,238,3,13,16,15,20,26,23,37,0,159,12,6,6,19,32,27,10,28,0,141,4,13,0,4,12,7,3,10,0,53,3,11,11,16,35,55,29,104,3,258,13,13,12,13,29,23,12,36,33,179
LGA15300,33,21,30,38,65,152,85,599,16,1045,0,0,0,0,3,4,0,8,0,19,0,7,0,5,28,21,13,46,0,115,0,0,0,0,16,19,0,5,4,42,15,7,10,20,49,71,43,83,11,302,0,4,0,3,25,29,19,35,0,119,4,19,4,12,39,36,18,45,10,180,0,11,11,13,22,13,11,25,6,114,5,7,3,15,30,23,20,37,6,145,0,0,0,0,8,0,0,0,0,13,0,0,3,0,3,11,11,17,0,39,0,0,0,0,4,10,0,3,0,20,3,0,0,4,13,19,6,31,0,77,0,9,3,3,11,12,4,14,0,52,9,0,3,0,68,35,35,25,3,181,0,6,5,11,20,10,11,27,0,86,0,4,9,7,24,17,6,15,0,88,0,6,0,0,3,0,4,5,0,19,4,5,9,9,24,40,14,41,0,152,4,11,6,8,30,26,17,31,34,166
LGA15350,0,4,6,0,0,8,0,9,0,32,0,7,0,0,0,16,3,11,0,38,0,11,13,16,42,47,25,88,0,238,0,0,0,0,3,11,7,14,0,40,10,20,29,23,29,90,56,185,6,450,0,18,14,12,26,63,38,72,0,233,6,54,41,32,50,69,30,87,8,368,16,83,65,38,41,44,27,82,4,405,7,13,18,24,29,47,20,51,3,192,0,10,17,14,41,71,36,98,3,285,17,44,45,46,90,239,147,562,5,1186,3,23,19,10,24,63,28,127,3,296,22,112,77,69,111,368,181,610,16,1567,4,15,13,11,19,38,16,48,0,176,8,8,3,7,46,66,64,75,6,283,9,81,20,18,33,63,28,54,5,303,10,26,36,31,55,76,42,117,6,407,3,18,19,9,12,31,12,33,0,150,0,14,11,17,14,20,14,43,3,136,7,26,23,25,22,74,23,92,43,327
LGA15520,23,34,18,37,41,119,61,368,9,701,0,0,0,0,0,0,0,6,0,16,9,10,11,15,52,47,38,56,3,243,3,4,0,3,5,14,14,19,0,60,19,12,10,16,57,106,53,85,12,362,3,6,3,3,11,22,11,25,0,82,4,24,12,13,22,27,20,42,3,157,10,43,18,18,39,28,21,58,4,233,9,7,6,20,22,13,18,44,4,139,0,3,0,0,0,4,0,0,0,10,0,0,0,0,3,6,3,3,0,21,0,0,0,0,0,3,3,15,3,26,3,3,7,7,4,9,6,20,0,68,4,3,4,4,4,8,0,7,0,34,3,4,5,0,46,51,18,13,0,143,0,0,4,5,13,8,14,18,0,68,0,3,8,11,14,8,8,12,0,71,5,0,0,6,15,5,3,4,0,44,3,9,5,6,12,24,7,14,0,75,0,0,4,6,22,16,9,20,20,105
LGA15560,27,19,15,12,34,73,37,213,11,447,0,0,0,0,0,0,0,0,0,3,0,5,0,4,25,20,11,11,0,77,0,0,0,0,5,6,3,0,0,21,0,5,0,9,23,17,10,24,0,95,0,0,0,0,0,8,3,8,0,17,0,3,4,3,3,4,3,7,0,36,0,4,3,0,3,0,0,0,0,20,4,4,0,4,3,8,7,13,0,39,0,0,0,0,0,0,0,0,0,3,0,0,0,0,0,0,0,3,0,6,0,0,0,0,0,0,0,0,0,0,0,0,0,0,3,3,3,3,0,13,0,0,0,0,0,0,0,0,0,3,0,0,0,0,31,3,8,0,0,50,0,0,0,0,5,0,0,12,0,16,0,3,0,3,5,7,5,4,0,25,0,0,0,0,0,8,0,0,0,7,0,7,0,0,9,17,3,12,3,39,0,0,3,6,6,6,4,10,4,43
LGA15650,12,15,8,20,49,71,32,90,8,296,46,12,22,45,159,155,352,421,20,1249,7,11,8,11,47,33,36,36,0,187,8,0,5,8,113,49,34,42,4,264,8,13,18,23,32,70,34,84,6,279,3,3,4,3,19,24,37,44,0,143,7,20,22,15,39,41,17,19,0,179,3,47,21,17,16,9,11,23,3,143,8,12,8,12,23,15,14,43,3,144,0,8,0,0,3,7,0,0,0,18,0,0,0,0,0,3,0,3,0,14,0,0,0,0,9,0,11,9,0,34,0,3,5,0,10,16,11,20,0,71,6,9,7,21,10,19,26,23,0,120,7,4,9,8,47,24,23,16,3,144,0,8,3,5,16,10,3,16,0,64,0,6,8,0,10,15,4,14,0,58,0,3,0,0,0,4,8,6,0,24,9,3,5,11,35,35,19,38,0,151,9,8,5,6,20,19,17,21,43,153
LGA15700,3,27,27,23,21,31,22,100,5,270,0,0,0,0,4,3,4,11,0,23,10,9,19,18,87,49,25,28,9,257,4,0,0,0,11,7,0,0,0,28,28,53,68,63,75,146,54,198,16,694,3,11,6,3,12,12,7,9,0,62,13,46,27,33,77,24,30,39,4,286,4,62,32,31,26,11,17,28,3,217,4,12,25,18,19,25,14,38,7,173,3,6,0,0,11,3,3,5,0,25,0,3,5,0,10,0,0,3,0,16,0,6,0,0,5,6,3,6,0,29,4,7,9,8,16,22,13,31,3,114,11,21,20,15,11,18,7,10,0,105,10,13,14,11,73,27,18,14,3,188,5,11,18,31,25,30,18,30,3,171,15,20,23,35,53,26,14,24,8,217,3,11,3,3,5,7,0,0,0,31,0,14,7,7,32,28,16,20,0,125,6,16,10,13,17,8,6,23,39,133
LGA15750,28,21,26,29,61,179,60,406,18,831,10,5,3,11,22,32,54,146,0,276,0,3,7,3,31,32,13,36,0,122,8,0,4,7,21,17,3,0,0,66,14,17,11,13,46,78,33,69,3,287,0,3,3,5,15,34,12,21,0,91,4,24,13,18,28,20,26,29,0,169,4,49,8,15,17,14,5,25,3,136,11,17,11,15,35,35,13,52,8,196,0,0,0,3,0,4,0,3,0,16,0,0,0,0,4,5,0,3,0,18,0,5,0,0,3,3,3,8,0,19,4,4,6,4,41,23,8,20,0,110,0,7,7,7,10,15,4,9,3,59,7,4,0,3,71,31,28,19,0,167,3,8,14,7,12,14,8,16,0,83,0,3,12,10,10,22,0,10,0,64,4,0,0,0,7,3,4,3,0,25,3,7,3,0,23,54,29,35,0,157,10,9,9,13,24,42,4,26,37,175
LGA15800,10,11,11,16,21,60,57,139,7,330,0,0,0,0,0,0,0,3,0,6,0,4,0,3,37,77,24,35,0,176,3,0,0,0,5,4,0,0,0,23,10,6,9,9,31,37,21,27,3,155,0,0,0,0,5,16,7,10,0,39,3,16,0,4,11,11,4,7,0,62,0,9,3,6,4,7,3,20,0,49,3,7,3,7,7,14,8,26,0,74,0,0,0,0,0,0,3,0,0,4,0,0,0,0,0,0,0,0,0,3,0,0,0,0,0,0,0,4,0,8,0,0,0,0,3,4,0,5,0,18,0,3,3,3,4,3,0,4,0,17,0,3,0,4,47,5,19,13,0,103,3,0,8,3,5,0,5,3,0,29,4,3,3,3,5,3,4,0,0,27,0,0,0,0,0,0,0,6,0,14,0,3,8,0,4,13,6,12,0,43,4,3,0,3,7,16,4,7,15,56
LGA15850,15,33,19,21,47,88,53,241,15,528,4,0,0,0,0,0,6,14,0,33,3,4,7,0,14,14,11,13,0,59,0,0,0,4,9,6,0,8,0,26,9,5,3,4,23,37,16,40,0,136,0,0,3,3,9,6,6,10,0,37,0,7,7,0,19,10,10,14,3,70,0,10,3,4,3,3,3,8,0,31,3,4,9,13,18,14,10,40,3,112,0,0,0,0,0,0,0,0,0,0,0,0,0,0,0,0,0,0,0,3,0,0,0,0,0,0,0,0,0,3,3,0,0,0,8,8,6,11,0,32,0,3,3,3,3,3,0,4,0,16,0,0,0,7,28,12,13,6,0,73,0,3,0,8,6,8,3,5,0,39,0,0,0,4,12,5,0,7,0,26,0,0,0,0,3,0,0,3,0,8,0,0,0,3,16,10,10,20,6,63,5,0,3,3,10,21,8,8,14,75
LGA15900,6,17,24,21,52,50,21,34,3,233,33,16,28,32,204,245,254,405,14,1227,62,80,106,106,812,865,508,540,17,3093,9,12,11,30,210,237,100,141,0,751,112,165,223,318,740,1475,566,1163,46,4814,17,36,24,54,204,259,141,228,7,972,87,582,371,312,504,416,246,403,41,2949,76,860,363,351,312,255,178,373,45,2817,100,129,119,143,404,381,323,519,26,2141,13,31,37,41,122,123,72,95,0,525,13,24,26,48,266,246,131,165,3,927,11,48,20,47,80,110,62,180,3,560,65,171,134,180,475,800,390,718,16,2947,26,150,115,138,170,196,91,101,8,990,102,129,82,93,854,670,484,380,17,2813,57,363,177,189,467,454,283,391,18,2392,123,216,299,454,704,759,280,539,40,3418,18,145,73,65,65,86,31,82,6,571,26,89,70,116,311,325,174,303,11,1423,40,110,69,95,265,291,112,214,291,1490
LGA15950,0,13,9,7,3,18,10,12,0,65,0,0,3,3,3,17,14,34,0,77,12,18,23,14,103,193,104,224,0,695,7,3,5,0,28,52,21,31,0,146,31,36,64,51,104,316,193,438,5,1230,11,20,35,17,125,234,138,212,3,792,20,84,105,81,135,235,123,198,13,992,20,118,161,101,128,145,105,269,7,1048,23,19,54,46,97,157,68,140,8,613,14,33,22,27,181,362,194,314,5,1157,52,68,62,82,335,746,433,991,17,2786,10,24,22,33,56,122,76,225,6,567,64,195,175,177,490,1403,687,1423,23,4645,12,44,45,44,87,143,89,142,3,608,28,24,24,29,200,234,157,197,10,902,19,138,67,64,162,181,104,206,4,940,23,67,84,91,152,233,108,252,10,1029,3,41,38,45,52,106,54,82,8,423,9,24,28,28,65,80,50,96,7,391,20,56,51,46,81,192,73,196,122,830
LGA15990,9,28,22,31,22,71,20,60,3,257,9,11,9,6,12,38,13,64,0,165,67,123,130,131,706,882,521,1058,26,3647,10,19,11,24,116,168,70,146,3,576,187,305,496,631,1027,3226,1257,2767,114,10010,38,121,95,84,453,794,483,844,21,2931,123,861,565,436,852,883,481,1046,50,5297,104,874,539,361,405,471,329,781,48,3909,98,165,204,237,396,577,341,592,27,2627,49,190,93,133,339,723,364,809,17,2715,96,154,134,173,518,1422,821,1836,31,5191,18,105,81,87,109,389,205,618,12,1630,147,452,465,463,840,2551,1327,3160,63,9464,59,226,246,239,314,568,228,470,26,2376,121,108,82,99,840,664,614,494,22,3050,78,527,231,232,397,609,310,588,25,2991,73,248,248,311,551,530,274,558,30,2826,33,256,105,126,186,270,113,258,20,1367,43,158,139,175,330,566,307,541,16,2283,90,224,180,206,418,838,311,765,490,3527
LGA16100,9,23,14,17,25,39,18,133,3,279,0,0,0,0,0,0,4,8,0,14,9,3,3,9,79,50,51,49,3,260,0,0,0,0,0,8,3,3,0,15,3,10,3,13,17,37,18,43,3,138,0,0,0,0,3,0,6,3,0,13,3,18,6,4,3,3,0,12,0,52,0,9,0,3,4,0,0,11,0,28,4,4,3,0,8,12,5,43,0,76,0,0,0,0,0,0,0,0,0,4,0,0,0,0,0,3,3,3,0,4,0,0,0,0,0,0,0,3,0,8,0,4,3,6,5,11,0,13,0,36,0,3,0,3,0,4,0,3,0,10,0,6,3,4,31,19,9,9,0,83,3,3,4,3,4,3,0,4,0,31,0,3,4,0,8,4,0,0,0,19,0,0,0,0,3,0,0,0,0,13,0,3,0,0,4,8,13,4,0,37,5,3,4,0,24,13,12,29,19,102
LGA16150,12,25,25,22,31,44,34,76,0,281,26,3,7,13,44,47,182,455,13,797,20,15,18,29,186,176,121,185,11,755,11,0,3,4,43,41,20,20,0,132,33,46,40,69,200,329,162,321,14,1222,15,15,4,6,50,54,37,79,3,270,29,99,61,78,167,120,114,144,13,818,19,128,60,51,85,67,35,83,10,521,19,29,32,45,71,78,59,187,13,532,0,3,4,5,16,28,16,28,0,97,4,6,3,12,26,28,17,42,0,134,3,6,6,8,10,14,15,42,0,99,9,6,31,31,60,77,52,92,0,362,3,30,25,34,33,53,25,36,0,238,18,24,12,29,212,135,113,83,3,634,12,46,21,40,105,88,65,98,3,470,29,45,40,86,193,242,64,117,7,838,4,13,0,3,16,17,3,11,0,71,6,25,16,14,67,98,60,128,4,432,8,21,12,16,67,58,31,55,72,339
LGA16200,11,19,22,39,32,77,48,253,3,506,11,5,3,4,29,26,158,119,20,378,0,5,0,9,35,35,33,47,0,173,0,0,0,0,21,16,16,8,0,60,9,8,12,14,46,68,35,72,0,269,3,5,0,3,11,29,20,28,3,90,5,33,22,20,50,44,24,41,3,247,0,43,17,17,21,12,5,36,4,156,12,19,30,23,66,39,37,69,3,294,0,0,0,0,3,5,3,6,0,17,0,4,0,0,8,6,4,0,0,21,0,0,0,0,3,0,4,6,0,22,0,0,0,3,18,3,5,21,0,58,5,11,6,11,12,7,3,10,0,65,10,3,4,4,91,25,52,25,0,216,6,16,11,10,15,24,20,21,0,115,13,9,10,15,34,29,4,15,0,121,0,0,0,0,3,3,3,3,0,21,8,11,4,6,19,42,24,44,0,148,10,9,6,6,17,35,15,20,36,146
LGA16260,3,11,15,9,19,35,10,19,0,124,3,3,0,0,26,23,7,25,0,93,40,103,180,132,1086,1128,554,689,22,3932,15,7,8,18,184,237,56,103,5,626,99,268,386,428,832,1876,746,1348,80,6069,36,68,101,94,799,956,371,489,16,2927,108,579,605,430,1037,1002,414,622,57,4849,79,589,684,313,579,478,230,399,47,3394,114,163,260,275,717,865,419,734,43,3582,38,61,50,64,641,778,217,252,10,2101,62,84,89,130,1115,1680,442,574,34,4200,12,60,56,62,176,318,122,237,3,1057,107,259,254,274,1447,3520,736,1043,55,7683,28,239,302,250,403,445,142,180,36,2039,98,91,89,108,1058,895,459,411,30,3248,57,525,220,163,580,508,236,420,21,2731,75,227,307,343,929,852,276,479,26,3514,21,153,74,77,128,175,55,116,8,806,28,142,147,146,393,489,231,338,23,1941,59,229,271,184,635,802,225,356,611,3374
LGA16350,6,26,34,34,73,83,41,125,8,428,3,0,3,3,16,24,15,82,0,152,99,112,103,156,1450,1357,880,1177,54,5392,22,17,15,15,251,274,141,286,9,1025,169,243,303,464,1372,2916,1235,2585,135,9421,39,46,49,72,559,671,352,559,22,2373,99,469,373,322,916,872,439,711,46,4253,60,657,314,230,270,269,134,235,35,2196,96,170,199,300,932,1089,636,1707,74,5207,15,30,22,29,212,206,106,149,11,786,48,25,23,57,462,537,210,321,13,1693,17,33,28,16,112,199,81,215,3,711,40,100,70,83,409,623,266,430,20,2040,35,141,134,123,372,311,132,193,17,1456,126,68,92,116,1164,856,610,424,32,3485,37,202,129,146,382,382,172,266,14,1728,53,117,136,188,533,469,152,216,21,1892,20,130,61,39,106,115,61,93,6,638,27,108,83,97,442,599,317,495,28,2198,72,149,139,149,671,742,287,551,527,3293
LGA16380,16,37,36,43,72,85,48,191,13,540,12,4,4,0,13,16,16,57,0,119,16,45,38,49,261,169,95,156,6,838,18,4,9,31,172,177,72,89,5,578,87,129,172,214,409,792,312,667,41,2811,8,19,16,26,84,82,72,103,4,411,29,221,113,161,310,215,121,237,14,1427,48,260,101,173,165,117,80,172,16,1121,42,81,86,91,113,104,77,250,17,867,3,16,3,11,35,25,14,24,0,131,4,10,6,15,47,67,23,72,5,243,3,19,10,9,35,41,30,86,0,233,12,53,36,59,64,130,54,170,6,582,23,90,54,80,80,102,33,45,6,517,43,34,27,55,308,182,123,99,10,882,22,83,56,82,180,170,88,145,7,838,42,82,107,221,260,256,98,139,8,1216,10,52,14,23,32,28,25,29,0,215,15,41,38,36,148,154,82,136,10,658,24,56,19,53,94,89,43,89,137,603
LGA16400,17,23,22,22,31,49,21,96,6,281,30,3,9,19,83,63,91,167,7,472,41,45,35,64,449,377,265,256,16,1542,6,3,10,8,56,59,21,42,0,207,68,102,144,176,356,735,258,541,31,2417,6,13,18,23,83,76,55,104,4,380,52,224,123,134,169,144,101,164,12,1127,35,266,114,114,129,113,58,123,20,968,47,63,66,100,163,213,155,356,17,1185,0,14,0,7,29,21,17,11,0,109,7,21,5,9,44,41,27,25,0,181,6,18,12,12,34,47,29,58,0,208,9,48,40,56,119,170,82,132,3,668,18,82,42,64,75,99,27,45,10,464,77,36,37,60,524,454,336,215,18,1758,18,64,37,46,82,106,40,74,4,471,24,41,58,59,133,104,44,64,6,543,3,25,17,20,33,22,8,16,4,154,14,35,31,36,142,153,94,169,5,677,22,63,34,48,123,152,58,101,137,741
LGA16490,13,34,22,24,20,59,20,130,10,333,3,0,0,0,3,11,13,35,0,62,22,33,17,26,175,190,127,180,15,792,8,3,6,7,60,66,30,57,3,228,56,67,83,124,383,832,405,679,38,2652,9,9,13,14,79,75,52,89,3,338,33,184,90,120,226,151,116,158,3,1085,15,204,77,80,113,99,47,97,13,738,40,31,30,69,138,157,82,210,9,763,4,12,12,12,78,64,25,39,0,252,0,4,3,4,28,44,22,22,3,138,3,5,6,0,31,46,30,66,0,192,25,55,41,43,212,293,158,222,9,1062,14,39,30,40,101,69,35,58,3,384,145,58,68,104,885,985,613,689,33,3584,25,70,37,37,137,143,44,99,9,597,15,45,43,72,140,93,46,72,3,533,5,40,10,17,52,21,21,29,3,197,15,37,22,38,110,135,94,132,6,590,19,46,26,35,127,133,52,120,142,707
LGA16550,4,5,12,11,10,12,8,21,0,84,4,0,6,4,11,12,5,30,3,71,27,45,51,46,210,364,191,313,7,1255,3,10,3,9,70,98,43,56,3,296,91,115,247,209,414,1341,510,1354,53,4331,19,42,45,27,171,272,126,255,3,953,59,357,293,183,320,338,179,383,30,2143,40,404,420,224,297,295,184,409,46,2315,72,103,131,200,348,543,243,426,28,2100,21,60,55,66,204,361,152,346,10,1272,48,40,48,98,379,794,380,834,10,2627,8,43,45,40,99,222,88,261,6,818,63,201,210,212,502,1252,595,1317,27,4369,23,110,128,122,177,262,130,199,12,1170,81,70,60,81,537,562,387,420,26,2221,57,542,169,136,522,545,218,453,34,2679,53,164,157,177,414,520,197,444,13,2142,16,165,81,104,127,197,105,182,13,1000,17,74,81,79,148,216,97,224,7,936,36,99,111,74,165,355,111,284,254,1495
LGA16610,8,40,40,64,57,76,41,157,13,500,5,0,0,3,3,11,3,26,0,55,26,13,48,175,209,242,95,96,14,920,0,0,0,4,22,18,10,14,0,71,22,26,36,47,79,121,47,87,3,464,0,3,9,11,20,25,19,27,3,117,7,58,36,40,73,47,32,50,0,342,8,92,22,26,33,18,16,29,3,243,12,21,22,25,40,51,25,110,3,308,0,0,3,0,5,0,10,4,0,24,0,0,0,0,3,0,0,0,0,19,0,3,3,0,0,8,5,15,0,39,0,13,8,12,12,13,5,19,3,94,3,23,3,18,17,15,5,16,4,98,10,15,9,19,121,35,42,28,7,275,3,20,16,23,23,34,19,23,3,156,5,14,21,38,41,27,13,16,0,176,3,9,3,12,12,8,0,7,3,53,0,14,10,9,26,38,23,39,0,173,13,16,6,26,28,37,14,32,58,228
LGA16650,0,3,3,7,12,7,6,8,0,44,0,0,0,0,3,3,3,11,0,27,32,45,120,77,401,396,166,249,11,1495,4,3,7,4,55,53,18,64,0,212,71,148,337,254,468,1009,411,680,66,3435,14,36,47,44,244,292,128,167,9,977,58,276,355,220,525,393,198,323,41,2392,47,345,699,271,566,396,188,324,40,2876,93,123,228,297,627,691,348,598,41,3043,12,30,24,25,196,195,76,109,10,674,29,28,30,43,424,595,192,269,5,1611,9,28,19,33,87,142,66,100,11,497,45,119,128,121,465,968,252,450,19,2566,25,111,252,109,247,225,83,111,17,1181,62,44,59,79,492,327,200,174,23,1464,19,159,97,77,256,213,95,137,18,1066,28,83,151,154,367,370,109,168,18,1457,9,64,37,44,91,93,32,71,4,452,18,63,99,78,211,237,112,195,12,1024,40,96,168,93,286,371,84,161,385,1701
LGA16700,3,6,3,8,12,12,4,7,0,57,4,3,0,0,3,14,14,10,0,50,31,37,60,67,433,473,217,316,13,1643,5,0,8,6,64,83,29,51,3,243,63,117,169,163,362,869,374,774,39,2927,12,43,55,33,393,478,198,304,5,1517,51,393,290,224,483,463,205,366,25,2489,49,382,325,193,285,306,157,312,36,2039,34,77,86,124,250,333,185,273,18,1370,20,63,48,34,363,513,167,236,15,1453,41,33,47,83,500,808,300,437,23,2275,9,31,42,33,118,175,90,147,7,654,59,164,160,176,747,1496,485,750,29,4062,25,108,136,131,165,208,72,115,11,973,44,37,48,50,500,396,219,145,11,1447,31,330,155,109,322,301,149,241,10,1650,43,153,157,188,396,417,184,252,16,1801,15,96,56,54,60,102,27,77,5,482,16,78,82,85,185,245,131,186,9,1025,20,99,96,68,233,389,103,226,278,1521
LGA16900,4,9,4,9,10,18,6,23,0,87,36,7,5,11,187,120,105,161,3,641,56,26,45,50,434,441,393,320,17,1782,8,0,11,12,98,74,41,67,0,317,74,88,132,194,479,969,365,650,38,2987,9,13,12,21,97,102,77,106,0,442,36,184,114,143,292,216,117,217,13,1334,21,262,106,94,108,92,48,94,9,826,64,75,77,86,213,212,165,374,23,1285,4,9,0,10,39,47,18,30,3,167,4,7,6,11,71,76,26,47,0,253,5,10,12,12,35,48,24,71,3,207,15,24,30,23,106,145,75,138,8,562,15,60,32,49,97,114,34,47,3,449,40,22,38,62,368,231,206,118,9,1095,16,72,35,51,132,97,58,85,7,555,37,55,74,105,194,187,52,64,10,782,4,38,19,23,16,32,9,16,0,158,15,29,25,46,163,206,102,144,4,742,32,39,38,47,158,180,58,119,134,796
LGA16950,25,52,41,56,57,57,37,190,14,523,6,3,0,0,30,21,19,74,0,152,29,71,66,72,328,311,217,291,16,1403,4,6,11,14,136,78,56,32,5,346,85,168,204,327,558,1060,382,731,64,3587,8,19,27,32,83,63,42,83,3,363,34,309,160,200,337,229,178,251,22,1724,61,378,196,186,171,164,91,213,28,1482,39,95,88,98,134,139,90,256,15,961,3,18,11,17,37,41,7,20,3,167,6,15,7,16,26,46,28,32,0,178,0,31,13,16,19,45,21,75,0,226,23,86,44,65,92,196,70,170,8,750,29,127,88,123,149,79,53,61,17,723,94,49,59,74,701,515,641,339,24,2491,23,95,68,80,100,143,66,149,6,738,44,95,140,161,217,177,77,124,16,1053,7,51,24,35,53,36,22,42,4,271,23,51,43,64,149,159,100,157,13,754,42,86,57,50,137,158,54,104,204,886
LGA17000,3,15,11,24,29,37,11,121,7,261,92,21,47,61,239,284,546,776,34,2091,7,3,17,14,64,85,56,93,3,349,5,0,10,9,103,52,46,39,0,250,19,13,27,37,81,152,73,145,10,555,8,6,3,0,24,33,29,68,0,171,8,52,34,23,67,19,26,34,0,265,7,101,28,18,31,20,9,31,6,253,4,27,25,21,22,30,20,79,3,239,0,8,0,0,4,6,3,9,0,24,0,0,0,0,8,6,7,5,0,25,5,7,3,0,0,10,10,17,0,59,0,11,8,7,23,24,10,42,0,133,6,18,11,26,27,23,23,47,6,183,8,13,7,10,58,97,104,221,13,527,5,13,5,9,22,13,11,43,0,132,6,13,5,14,7,10,13,22,0,86,0,9,5,3,4,3,0,4,0,31,12,13,9,18,49,75,47,87,5,308,4,7,7,21,31,38,18,51,49,229
LGA17040,22,28,35,52,68,111,54,319,13,712,4,0,0,0,3,4,4,20,0,35,5,16,23,21,34,39,45,48,7,236,11,4,3,9,74,55,46,42,0,253,33,27,36,59,88,173,86,159,13,666,0,6,10,4,12,30,16,36,0,113,7,35,28,32,71,39,35,93,3,343,3,71,54,68,73,69,66,215,7,623,7,16,25,22,26,46,23,85,4,239,0,8,4,0,3,13,6,3,0,53,0,0,0,0,3,6,4,8,0,24,4,9,6,5,11,23,7,30,6,111,3,22,16,8,26,34,18,43,0,172,5,25,9,34,19,21,3,17,3,126,24,9,9,16,176,107,50,75,8,472,4,29,16,16,38,21,19,39,3,182,11,7,17,17,25,24,8,26,5,125,7,15,12,24,66,51,41,89,0,311,0,10,4,10,37,51,30,51,6,199,11,18,7,12,35,35,27,31,54,219
LGA17080,21,39,35,63,78,136,57,322,21,769,0,0,0,0,0,4,0,8,0,16,28,12,21,10,135,103,137,233,14,690,8,0,0,8,26,33,25,36,3,134,9,18,22,25,44,63,37,96,4,317,0,5,0,0,4,3,9,12,3,38,3,21,12,8,27,27,13,28,3,151,3,26,17,8,7,12,12,30,5,115,7,7,9,9,9,27,10,95,7,187,0,0,0,0,0,0,4,5,3,13,0,3,0,0,0,3,0,3,0,6,0,0,0,0,0,3,0,0,0,12,0,3,3,4,7,6,4,20,0,51,4,12,5,4,25,8,11,19,0,103,12,11,7,8,79,35,27,23,3,190,4,5,0,12,14,16,12,22,0,81,3,3,11,4,27,7,3,9,3,74,3,3,3,3,8,5,3,4,0,33,7,9,0,6,20,20,13,24,0,105,12,9,12,9,24,27,21,44,48,204
LGA17100,0,3,7,5,8,6,3,0,0,27,0,0,0,0,3,5,0,6,0,15,5,13,31,23,157,134,68,68,4,511,0,0,4,0,22,16,10,20,0,72,22,64,92,88,130,324,118,227,19,1085,10,19,28,16,123,149,40,82,3,483,11,109,175,97,210,184,67,136,17,1005,20,128,229,100,151,145,47,114,16,942,17,20,63,62,133,148,62,120,11,642,9,12,7,14,71,129,26,37,3,303,10,15,17,32,238,317,82,116,11,839,3,23,16,11,33,59,16,39,4,201,26,54,61,72,247,685,135,185,14,1465,7,38,95,53,83,99,22,30,12,438,17,20,8,17,154,134,71,93,3,521,3,94,38,20,78,94,18,41,7,398,9,65,98,73,162,206,99,186,10,909,3,15,15,13,18,24,10,12,0,119,3,21,22,16,71,78,31,56,5,320,16,50,86,42,114,146,38,58,143,690
LGA17150,7,19,6,9,20,27,10,30,0,136,17,4,4,0,23,26,17,74,0,170,73,108,150,161,779,1096,702,1113,26,4213,10,15,21,24,217,278,122,204,11,901,180,272,369,522,1095,3224,1358,2988,109,10121,36,50,82,86,378,656,340,645,19,2293,105,788,415,327,672,731,486,883,35,4454,71,846,361,260,286,320,222,482,32,2885,212,192,205,321,822,1226,767,1334,59,5139,24,60,39,57,263,378,160,297,9,1300,67,72,55,102,470,952,495,914,22,3148,10,72,58,48,124,268,156,409,5,1147,73,265,239,235,613,1458,691,1471,21,5057,32,155,106,144,254,398,168,308,17,1582,183,112,117,147,1248,1001,798,687,38,4331,68,362,167,188,440,528,292,500,18,2560,43,199,176,234,474,577,279,409,23,2411,23,198,79,93,173,190,120,198,10,1091,37,133,113,157,384,625,279,590,26,2348,62,154,130,151,398,674,247,536,435,2788
LGA17200,7,8,9,9,15,28,18,27,3,121,10,3,4,5,12,29,18,57,0,138,19,59,129,69,302,469,246,428,5,1730,11,9,18,9,73,116,35,66,4,336,80,96,318,149,349,955,483,1069,36,3532,26,43,104,48,310,486,189,375,21,1603,62,346,623,347,767,689,412,618,42,3901,134,796,2327,596,943,903,623,1304,90,7704,77,130,243,259,407,544,297,477,24,2454,54,94,127,135,585,989,510,800,14,3318,128,98,104,160,1022,1829,822,1851,31,6036,23,70,98,84,170,352,188,395,8,1390,201,359,426,409,1346,3375,1611,3218,60,10993,48,166,468,125,362,554,254,452,20,2451,115,84,84,104,908,911,671,970,44,3888,93,579,304,225,786,777,310,683,48,3813,100,220,284,282,544,781,355,675,19,3264,40,185,191,179,267,449,171,379,19,1880,39,137,142,133,332,307,176,288,14,1577,72,172,350,141,341,632,217,512,568,3001
LGA17310,35,79,49,96,129,231,122,488,17,1246,12,3,3,7,17,35,42,140,8,264,26,38,40,86,349,474,228,240,19,1480,8,4,0,15,72,67,21,24,3,222,63,54,54,94,331,487,262,435,16,1797,18,15,3,14,97,150,106,142,4,541,29,172,92,100,249,182,135,197,11,1164,25,173,74,83,77,84,35,123,8,682,17,47,59,77,154,155,135,335,17,1000,4,4,3,13,33,25,18,28,3,142,3,5,4,12,29,69,33,43,0,200,0,13,6,10,19,40,24,51,0,164,7,29,21,19,71,92,52,97,0,387,6,41,40,50,69,86,31,45,4,372,34,31,20,30,355,179,136,130,6,931,12,46,31,48,134,133,57,146,9,621,28,38,55,83,203,180,66,92,7,767,0,36,12,7,20,14,15,13,0,124,13,27,24,33,151,142,79,149,10,623,27,50,28,36,131,142,57,96,138,702
LGA17350,16,9,19,24,32,66,40,188,12,400,0,0,0,0,0,3,4,8,0,14,0,4,3,7,3,13,10,19,0,59,3,0,5,0,12,16,8,3,0,42,9,8,4,8,16,43,23,29,4,129,3,0,0,0,5,17,16,12,0,58,3,21,3,9,15,16,22,11,3,103,0,10,6,3,7,8,3,15,0,58,6,4,8,9,18,16,8,30,4,96,0,0,0,0,0,0,3,0,0,6,0,0,0,0,0,3,3,0,0,6,0,0,0,0,3,0,0,0,0,7,0,3,0,4,11,4,3,9,0,36,0,3,0,0,0,6,0,3,0,18,3,3,0,3,38,11,16,11,0,78,3,5,3,8,7,6,5,7,0,45,0,3,3,3,5,7,0,12,0,37,0,0,0,0,0,0,3,5,0,10,0,4,3,0,9,19,11,12,3,65,0,0,4,8,9,6,0,12,22,61
LGA17400,3,16,22,34,24,54,27,179,9,368,3,0,0,0,3,8,9,5,0,30,4,5,4,4,7,11,0,10,3,51,0,0,0,0,5,8,0,0,0,18,5,13,14,10,24,24,9,53,7,165,0,5,3,3,0,3,0,7,0,24,0,20,4,7,13,8,4,21,3,86,3,14,3,3,4,5,4,12,5,52,4,9,14,6,10,18,6,21,0,79,0,0,0,0,0,0,0,0,0,3,0,0,0,0,0,0,0,0,0,4,0,0,0,4,0,3,0,6,0,14,3,3,4,3,3,3,0,10,0,25,0,3,0,0,0,0,0,3,0,13,3,4,0,3,42,12,8,14,0,93,0,7,4,9,5,8,3,13,0,46,4,5,3,3,10,6,0,9,0,47,0,0,0,0,3,0,0,0,0,11,0,3,5,3,6,3,3,7,0,33,6,6,5,3,8,15,0,3,16,54
LGA17420,10,20,15,24,42,40,39,84,6,289,3,6,5,0,16,30,15,42,0,118,55,91,102,99,614,850,456,960,18,3252,14,5,6,14,119,207,78,117,3,570,107,216,233,306,661,1757,721,1897,66,5961,32,70,62,90,419,727,358,688,11,2455,80,685,424,254,522,700,306,853,23,3850,30,524,257,168,181,232,142,296,32,1853,42,120,89,123,306,506,248,517,28,1972,13,57,45,34,287,448,182,288,6,1374,55,65,66,128,522,1010,388,666,28,2937,18,55,44,43,105,261,108,308,11,950,55,238,199,226,660,1568,540,1284,26,4795,22,111,102,111,190,248,89,201,13,1091,67,58,62,77,680,577,333,345,9,2211,35,400,160,125,317,347,205,362,4,1966,30,186,183,194,475,590,215,426,10,2307,20,144,51,51,74,96,39,99,3,580,24,100,83,101,233,391,180,425,15,1551,33,120,70,107,289,548,163,429,294,2066
LGA17550,21,56,49,80,78,86,41,215,24,659,25,3,0,3,12,18,19,165,6,252,30,46,37,90,256,266,154,252,13,1135,4,8,6,13,72,69,48,47,6,272,81,153,177,318,524,997,409,848,49,3565,7,23,19,20,93,103,55,112,3,433,37,280,183,235,325,210,147,263,25,1707,43,373,181,234,230,174,101,212,16,1566,37,92,111,129,137,141,92,295,10,1046,8,21,16,21,51,45,14,50,0,211,3,24,10,12,32,55,19,61,4,223,11,29,18,27,51,65,26,82,3,318,14,89,49,62,97,167,99,194,6,783,21,100,74,92,102,111,39,74,9,629,60,39,34,62,402,215,128,119,11,1070,17,103,79,111,175,194,78,149,5,908,43,99,112,220,267,223,79,133,10,1176,10,58,38,44,72,58,31,45,8,361,13,55,43,64,130,165,67,176,8,717,36,67,67,71,130,174,78,162,213,1002
LGA17620,21,33,29,50,84,140,83,308,11,744,26,4,24,45,76,73,157,228,12,645,0,8,4,29,98,32,22,38,0,237,3,0,0,6,47,15,13,10,3,100,3,15,26,34,41,93,35,87,6,343,3,3,0,4,20,15,15,29,3,89,9,31,16,12,14,20,13,45,9,158,6,39,18,18,13,9,6,26,0,135,8,7,11,6,24,29,7,37,0,131,0,3,0,0,0,6,3,3,0,18,0,0,0,0,3,3,0,7,0,16,3,3,5,4,8,11,0,4,0,32,0,3,3,6,13,17,10,28,3,79,0,8,0,4,8,12,7,12,0,61,3,3,3,3,65,33,31,5,3,151,6,8,13,12,12,15,13,26,4,103,4,8,7,6,10,12,0,9,0,53,0,3,3,3,10,16,10,10,0,58,3,4,0,3,24,38,11,31,4,124,7,13,3,10,22,34,6,22,24,134
LGA17640,7,30,41,51,55,106,51,312,17,669,0,0,0,0,4,0,0,6,0,11,0,0,6,9,22,19,0,14,3,73,0,0,0,3,5,11,3,6,0,34,7,8,4,21,25,87,27,64,3,245,3,0,0,5,4,6,4,9,0,42,0,11,7,12,14,9,8,22,0,77,3,20,9,10,3,4,3,11,0,60,3,10,9,6,7,25,11,55,0,121,0,0,0,4,0,3,0,3,0,14,0,0,0,0,0,3,0,3,0,7,0,5,0,0,0,3,3,6,0,18,0,7,3,4,9,20,11,20,0,69,0,3,3,6,4,7,0,0,0,23,10,7,7,11,76,45,27,26,0,196,0,5,5,0,12,14,3,12,0,59,3,3,4,0,9,8,8,10,0,41,0,3,3,0,3,4,4,3,0,19,0,4,4,9,15,14,8,15,0,70,5,16,0,3,8,5,6,12,16,69
LGA17650,11,10,9,11,41,62,21,146,3,324,0,0,0,0,0,0,3,0,0,3,3,0,0,4,14,19,3,16,3,66,0,0,0,0,5,4,0,0,0,18,3,11,11,18,41,65,22,28,7,195,0,3,0,3,7,5,6,10,0,39,7,15,14,4,20,4,10,10,3,86,0,10,6,9,7,6,6,16,0,62,5,3,10,3,7,13,4,16,0,64,0,3,0,0,5,0,0,5,0,13,0,0,0,0,0,3,0,6,0,11,0,0,0,0,0,0,0,9,0,16,3,6,0,6,6,7,3,12,0,40,0,7,5,0,4,5,3,6,0,21,4,11,3,7,44,17,15,15,0,118,3,12,7,13,31,14,3,20,3,111,0,3,10,8,14,8,0,8,0,60,0,0,0,0,3,0,3,3,0,13,0,4,8,3,8,5,11,12,0,44,0,4,3,4,9,11,3,4,14,58
LGA17750,19,47,72,59,66,150,80,374,16,874,0,0,0,0,3,4,4,38,0,54,40,35,19,78,474,432,217,247,15,1555,10,3,8,12,96,68,45,41,3,289,40,62,61,102,363,667,291,486,22,2094,7,25,19,19,99,165,97,141,4,569,34,261,96,118,270,193,184,205,25,1391,12,214,87,73,110,79,47,131,16,776,30,40,54,57,175,162,120,326,17,971,0,12,4,3,39,37,35,37,0,169,7,5,8,14,42,56,40,50,0,214,0,10,3,5,25,33,23,51,0,151,10,33,37,27,115,113,78,143,8,572,13,37,35,46,86,73,23,49,0,363,80,46,39,33,500,410,306,504,21,1938,23,77,54,64,237,209,104,171,14,964,23,43,58,102,253,195,80,151,7,908,7,36,8,11,20,22,11,29,0,153,13,25,23,31,155,193,100,155,8,694,25,43,28,30,131,156,54,97,126,684
LGA17850,9,19,18,26,24,85,42,206,5,428,0,0,0,0,5,0,0,3,0,7,0,0,0,0,0,5,4,4,0,18,0,0,0,0,3,3,0,0,0,8,0,3,3,4,3,16,8,14,0,59,0,0,0,0,0,4,3,6,0,12,0,0,3,8,4,4,3,7,0,30,0,0,0,0,0,0,0,5,0,13,0,0,0,7,4,3,3,20,0,34,0,0,0,0,0,0,0,0,0,3,0,0,0,0,3,0,0,0,0,8,0,0,0,0,0,3,0,0,0,8,0,0,0,3,4,0,3,4,0,18,0,3,0,0,0,0,0,0,0,9,4,0,0,0,13,7,7,3,0,40,0,3,0,3,5,3,0,6,0,21,3,0,4,3,0,3,3,4,0,21,0,0,0,0,0,3,0,0,0,6,0,4,0,3,0,7,5,4,0,29,0,3,0,0,0,4,0,10,3,22
LGA17900,10,15,12,14,12,54,31,262,4,412,4,6,3,5,3,6,3,10,0,45,0,0,0,3,10,5,4,5,0,29,0,0,0,0,3,6,0,0,0,12,4,5,6,3,8,15,3,18,0,64,0,0,0,3,0,3,0,7,0,16,3,3,11,9,6,3,11,9,0,57,0,11,8,11,5,4,5,7,0,62,0,3,3,0,4,4,4,8,0,24,0,0,0,0,0,3,0,0,0,4,0,0,0,0,0,0,0,0,0,0,0,0,0,0,0,0,0,0,0,3,0,3,4,0,3,3,0,8,0,19,0,9,0,4,0,3,0,3,3,24,3,4,3,0,52,19,10,14,0,107,0,8,0,5,14,8,0,15,0,45,0,3,5,0,16,12,4,8,0,54,0,0,3,0,0,0,0,0,0,13,0,6,0,3,6,8,4,6,0,36,4,8,7,3,6,5,3,6,23,64
LGA17950,13,9,6,20,20,66,27,165,3,342,0,0,0,0,0,0,0,4,0,6,0,0,0,0,6,3,3,0,0,11,0,0,0,3,3,8,0,3,0,22,3,0,5,0,4,10,4,16,0,38,0,0,0,0,3,9,7,7,0,20,0,0,3,0,0,12,3,4,0,27,0,3,0,0,0,0,0,8,0,12,0,3,0,0,3,0,0,3,0,12,0,0,0,0,0,0,0,0,0,0,0,0,0,0,0,0,0,0,0,3,0,0,0,0,0,0,0,0,0,3,0,0,0,0,0,0,0,3,0,8,0,0,0,0,0,0,0,0,0,7,0,0,3,0,24,3,8,3,0,51,0,0,0,0,3,7,0,3,0,12,0,0,0,0,0,3,0,3,0,6,0,0,0,0,0,0,0,0,0,3,0,0,0,0,7,11,3,3,0,29,0,0,0,0,4,4,0,3,3,16
LGA18020,17,33,32,43,44,91,66,346,11,685,0,0,0,3,3,0,13,14,0,33,0,0,0,3,20,18,6,11,0,54,0,0,3,3,3,9,3,4,0,30,3,3,7,8,20,30,11,35,0,128,0,0,0,0,3,11,3,15,0,32,3,14,7,18,20,14,5,21,3,108,3,9,3,4,3,9,3,18,0,44,7,7,8,14,7,20,7,29,0,96,0,0,0,0,4,0,3,3,0,9,0,0,3,0,0,0,0,0,0,3,0,0,0,0,0,3,0,3,0,10,3,0,3,5,9,4,3,5,0,34,0,0,0,0,0,4,5,0,0,10,5,3,3,3,55,33,42,14,4,171,3,4,10,10,18,15,5,15,0,71,0,5,0,4,10,17,3,11,0,61,0,0,0,0,3,3,3,3,0,14,3,3,0,7,7,24,5,22,0,66,3,10,3,3,8,16,8,9,25,88
LGA18050,0,0,3,0,6,13,3,13,0,48,3,0,7,0,0,5,0,20,0,44,5,12,32,35,66,143,77,189,5,566,0,3,8,3,24,37,10,23,3,103,33,47,189,111,155,592,254,555,29,1957,6,21,18,15,59,146,81,196,0,563,22,124,93,75,137,215,109,232,12,1020,12,148,235,139,147,201,140,328,19,1369,21,40,76,76,90,144,96,138,3,676,16,33,31,43,124,263,141,301,4,959,30,34,30,67,169,477,310,834,14,1966,7,30,20,27,51,132,58,239,3,571,48,117,125,142,274,954,487,1230,28,3404,13,53,73,63,89,209,93,177,6,775,15,22,30,21,166,171,119,130,5,678,14,158,81,58,144,167,83,166,10,883,28,60,70,76,152,236,88,266,7,982,13,50,38,52,54,102,63,128,8,503,10,41,33,48,62,91,44,98,4,432,15,71,75,54,76,233,82,234,160,998
LGA18100,6,15,19,25,22,65,32,192,11,381,0,0,0,0,0,0,0,5,0,10,0,0,0,3,4,7,7,4,0,24,0,0,0,0,0,3,3,0,0,4,4,7,6,3,10,16,8,14,4,69,0,0,0,0,3,14,3,3,0,24,0,4,0,0,4,3,4,6,3,27,0,3,3,0,0,0,3,6,0,18,0,0,0,3,6,4,5,9,3,33,0,0,0,0,0,0,0,0,0,8,0,0,0,0,0,0,0,0,0,3,0,0,0,0,0,0,0,0,0,0,0,0,0,3,0,4,0,3,0,13,0,3,0,0,3,0,0,0,0,7,0,3,0,3,24,6,9,4,0,48,0,0,0,0,0,5,3,7,0,19,0,0,0,0,0,3,0,3,0,16,0,0,0,0,0,0,0,0,0,3,0,3,0,0,6,4,3,10,3,30,3,3,4,3,9,5,3,3,12,39
LGA18200,15,19,15,40,48,57,39,174,13,415,0,3,0,0,3,7,3,28,0,43,0,0,0,8,24,23,12,22,0,87,3,0,0,0,19,17,7,0,0,55,0,5,4,10,21,46,24,42,3,162,0,0,3,3,6,3,11,15,0,43,6,21,8,4,18,7,11,13,7,95,3,8,11,10,5,7,6,17,0,74,3,5,7,12,12,16,14,36,4,95,0,0,0,0,4,3,0,0,0,11,0,0,0,0,0,0,3,4,0,11,0,0,0,0,0,8,0,0,0,13,0,0,0,3,3,6,3,11,0,30,0,6,8,4,6,8,0,16,0,40,0,0,5,0,25,22,16,12,0,79,0,3,5,3,8,8,10,11,0,42,0,8,4,3,14,4,7,5,3,48,0,4,0,3,3,3,0,0,0,12,4,3,3,3,10,11,8,11,3,50,3,3,6,6,16,14,8,8,21,84
LGA18230,14,46,38,54,60,134,72,411,12,847,13,9,0,0,7,12,42,137,0,227,14,33,28,57,239,303,116,181,16,990,7,0,0,7,59,65,32,36,3,217,36,35,54,68,297,468,247,434,22,1665,7,19,9,22,103,124,83,125,3,501,24,99,67,86,313,144,114,185,8,1036,12,153,62,53,104,71,39,106,11,627,32,39,49,46,110,108,86,233,10,714,3,8,11,5,28,20,13,29,0,122,8,5,7,8,18,46,25,52,0,171,0,7,4,3,16,25,21,41,0,122,10,23,12,19,77,101,49,135,4,422,8,24,21,39,67,54,15,42,3,266,40,23,17,29,320,217,123,102,5,882,9,38,33,62,120,87,50,93,6,493,23,27,37,55,202,175,59,113,11,703,3,32,5,7,55,37,14,30,0,185,14,21,23,31,140,133,72,137,3,569,17,27,29,20,86,110,40,73,117,523
LGA18250,0,10,4,5,4,9,3,16,0,51,0,3,0,0,3,23,13,21,0,68,5,21,27,21,121,204,86,181,3,682,4,6,3,3,17,39,13,33,0,121,21,55,64,76,120,314,132,370,11,1163,12,18,24,28,132,315,109,193,0,831,27,199,135,110,211,232,113,212,9,1250,26,188,226,120,147,189,94,227,16,1234,20,35,43,55,106,174,92,124,3,651,20,38,39,38,169,323,151,238,4,1016,42,48,54,77,268,721,360,824,12,2410,3,30,29,31,60,152,77,168,4,554,70,165,134,136,451,1212,530,1144,22,3856,10,45,89,58,84,141,53,104,3,586,19,25,25,33,155,200,92,102,3,654,14,217,77,60,127,170,66,172,3,916,23,97,93,99,169,269,104,274,7,1123,0,61,25,29,38,62,27,52,3,299,8,48,40,38,75,95,58,115,3,472,11,44,73,36,102,198,60,196,150,872
LGA18350,8,41,37,38,47,102,36,149,4,467,3,0,3,3,42,30,37,76,0,192,17,27,29,29,261,247,188,270,6,1074,4,0,5,7,41,42,12,34,0,153,36,66,98,130,231,513,233,445,25,1778,6,15,7,18,47,68,28,101,0,297,22,136,59,88,130,132,81,157,7,807,17,214,77,94,85,89,60,121,9,772,30,23,56,67,94,112,77,226,6,699,3,14,11,11,22,31,13,30,0,137,9,21,13,14,27,61,28,69,0,242,7,16,11,17,18,36,24,67,0,186,17,70,44,60,80,140,69,223,3,711,17,53,50,51,52,82,33,49,10,390,23,22,22,19,166,101,93,82,4,531,23,60,41,39,76,114,66,133,3,551,15,44,51,66,117,93,40,102,3,527,5,23,17,19,29,23,15,29,0,158,6,22,36,30,62,84,60,119,3,421,25,61,40,31,79,103,49,109,95,599
LGA18400,5,32,17,34,40,64,33,112,6,340,22,0,3,5,91,74,57,113,4,374,28,30,36,48,316,291,236,408,14,1401,5,3,8,7,59,89,34,81,9,283,50,87,90,124,372,861,408,992,51,3027,10,18,8,17,72,121,81,146,4,485,16,122,80,67,145,147,95,191,15,872,15,137,46,42,33,34,22,51,6,391,40,45,44,59,143,224,135,438,20,1143,0,7,4,9,24,31,16,23,0,113,14,3,3,8,46,66,24,60,0,229,9,6,9,6,28,52,18,64,0,203,12,27,31,25,58,126,55,141,4,479,9,36,28,34,54,65,28,56,3,309,29,16,21,18,252,181,140,114,15,785,18,51,36,37,75,104,61,105,6,498,12,12,27,30,80,83,25,38,3,313,0,34,9,9,23,30,11,23,3,153,16,30,17,18,92,166,89,180,6,626,29,35,24,35,111,176,61,153,127,749
LGA18450,10,17,21,24,25,28,10,44,5,183,80,22,17,30,534,270,285,375,11,1621,99,83,125,161,987,1015,853,828,37,4181,15,17,19,32,214,209,97,149,9,752,186,229,314,472,1099,2218,880,1572,99,7063,30,48,56,42,280,320,187,297,9,1271,89,673,404,324,641,535,306,519,46,3526,83,956,418,335,306,264,154,337,31,2878,118,166,187,274,576,616,444,834,52,3267,19,42,35,39,130,198,105,118,0,674,45,48,39,61,358,428,179,262,6,1411,17,32,41,38,70,137,74,156,4,583,56,180,160,178,504,781,367,702,22,2952,40,189,136,147,261,257,83,157,20,1289,136,118,114,180,1255,656,563,394,40,3462,81,493,234,250,763,608,298,506,35,3266,118,173,257,296,606,693,255,398,25,2822,23,171,62,64,124,110,44,88,14,710,42,107,91,121,407,504,216,375,14,1879,59,128,142,117,374,451,164,301,412,2144
LGA18500,0,3,0,12,3,14,3,19,0,62,3,5,0,3,3,8,0,16,0,43,6,24,29,24,42,76,53,145,3,392,0,0,3,0,12,19,7,24,0,64,15,29,48,49,78,206,88,338,16,858,7,19,21,25,46,122,71,166,4,483,11,104,74,70,81,122,78,212,4,753,20,110,112,75,85,98,73,237,0,806,12,31,33,47,30,85,50,96,7,406,3,18,20,16,57,175,84,186,5,576,24,63,65,80,146,431,251,1060,17,2138,15,47,36,45,38,154,82,279,4,704,41,153,132,151,183,634,302,1196,24,2808,8,35,26,23,52,107,47,132,0,433,10,9,15,21,99,128,83,145,3,510,5,124,44,48,86,99,60,160,8,639,24,68,76,108,103,204,93,349,9,1025,6,51,34,37,45,68,29,116,3,390,6,26,24,28,43,65,21,70,0,274,10,52,51,49,66,140,51,181,98,698
LGA18710,10,28,40,33,37,83,39,146,7,427,0,0,0,3,3,3,0,6,0,19,5,11,3,7,18,26,15,32,0,123,4,0,3,3,41,23,9,21,0,116,13,28,24,41,85,218,91,200,17,717,0,3,0,0,12,24,9,35,0,85,9,31,16,23,35,44,29,43,6,239,8,71,18,27,21,18,10,35,4,215,3,8,13,9,27,24,10,64,0,171,3,3,4,4,13,19,5,16,0,66,5,0,0,3,10,10,6,11,3,47,3,0,0,3,10,12,9,16,0,50,12,9,14,23,51,81,50,69,4,312,4,7,10,9,19,13,11,21,0,92,35,10,15,30,209,184,118,120,13,743,3,14,8,18,48,34,16,25,3,173,3,11,13,10,26,15,12,22,0,124,0,8,4,0,7,17,3,14,0,52,4,8,3,19,31,49,20,37,0,173,8,11,7,12,27,27,13,44,41,185
LGA19399,4,4,0,7,4,13,13,107,3,152,0,0,0,0,0,0,0,0,0,3,0,0,0,0,0,0,0,0,0,5,0,0,0,0,0,0,0,0,0,0,0,0,0,0,0,3,0,14,0,20,0,0,0,0,0,0,0,3,0,3,0,0,0,3,0,0,0,0,0,7,7,6,4,3,0,5,3,13,0,45,3,4,0,0,0,0,0,4,0,14,0,0,0,0,0,0,0,0,0,0,0,0,0,0,0,0,0,0,0,0,0,0,0,0,0,0,0,0,0,0,0,0,0,0,0,0,0,0,0,0,0,0,0,0,0,0,0,0,0,13,0,0,0,3,11,15,9,3,0,36,0,0,0,0,0,0,0,0,0,3,0,0,0,0,0,0,0,0,0,3,0,0,0,3,4,0,3,0,0,9,0,0,0,0,3,0,0,0,0,6,0,0,0,0,0,0,0,9,6,20
LGA19499,0,7,9,17,8,9,9,20,3,79,3,0,0,0,5,3,8,12,0,30,4,6,8,7,37,26,21,13,5,134,0,0,3,3,3,4,0,4,0,23,12,24,37,35,49,97,38,55,17,359,4,0,0,0,9,13,3,7,0,48,14,3,9,11,27,28,11,12,3,119,3,20,41,21,37,32,7,31,3,191,10,9,11,11,23,23,14,40,6,152,0,0,5,0,13,3,0,8,0,30,0,0,3,3,11,12,3,8,0,42,0,0,0,0,3,6,5,7,0,26,11,6,16,11,16,45,8,21,0,135,5,15,11,13,13,16,6,4,0,84,10,8,5,3,16,26,23,35,6,134,3,15,3,5,13,9,3,6,0,61,4,0,14,13,18,15,8,7,3,83,3,10,4,6,14,6,3,7,3,62,0,5,5,8,12,20,3,9,0,71,7,20,11,8,23,32,12,22,50,174
LGA19799,0,0,0,0,0,0,0,0,0,3,0,0,0,0,0,0,0,0,0,0,3,0,0,0,0,0,0,0,0,3,0,0,0,0,0,0,0,0,0,0,0,0,0,0,0,0,0,0,0,4,3,0,0,0,0,0,0,0,0,0,0,0,0,0,0,0,0,0,0,0,0,0,0,0,0,0,0,0,0,3,0,0,0,0,0,0,0,4,0,3,0,0,0,0,0,0,0,0,0,0,0,0,0,0,0,0,0,0,0,3,0,0,0,0,0,0,0,0,0,3,0,0,0,0,0,0,0,0,0,0,7,0,0,0,0,0,0,0,0,7,0,0,0,0,0,0,0,0,0,3,0,0,0,0,0,0,0,0,0,3,0,0,0,0,0,0,0,0,0,7,0,0,0,0,0,0,0,0,0,4,0,0,0,0,0,0,0,0,0,0,0,0,0,0,0,0,0,0,0,11
